"company_id","legal_name","ort","plz","tier","verfahren_12m","cpv_kurz","proof_url"
"converge technology solutions germany","Converge Technology Solutions Germany GmbH","Mainz","55129","A","21","30000000;30200000;30210000","https://oeffentlichevergabe.de/api/notices/6bf29cbb-a609-495f-b6aa-a8850aebd285?format=pdf"
"ey consulting","EY Consulting GmbH","Stuttgart","70629","A","17","72000000;72200000;72222300","https://oeffentlichevergabe.de/api/notices/e50e0e91-ed22-4be2-9781-780d01109e9a?format=pdf"
"p und i personal und informatik","P&I Personal & Informatik AG","Wiesbaden","65205","A","14","48000000;48219300;48450000","https://oeffentlichevergabe.de/api/notices/f77c3e6b-5f3f-4e2a-8022-8a94c4c80838?format=pdf"
"vodafone","Vodafone GmbH","Düsseldorf","40549","A","13","48200000;48517000;64000000","https://oeffentlichevergabe.de/api/notices/c7d6f844-1d7b-4e97-9950-2fa262b6eb25?format=pdf"
"deutsche telekom business solutions","Deutsche Telekom Business Solutions GmbH","Bonn","53227","A","11","32400000;32424000;48000000","https://oeffentlichevergabe.de/api/notices/bf9578c8-806b-4aa6-b457-e65329348cc0?format=pdf"
"vision consulting","VISION Consulting GmbH","Stuttgart","70178","A","8","72000000;72200000;75110000","https://oeffentlichevergabe.de/api/notices/7d055956-388c-49a1-974d-10a864ccf526?format=pdf"
"msg for banking","msg for banking AG","Frankfurt am Main","60549","A","7","48812000;72000000;72200000","https://oeffentlichevergabe.de/api/notices/9225760f-a490-41f3-9ac4-93956f5ca8e4?format=pdf"
"prowise","Prowise GmbH","Köln","50667","A","7","30200000;30231300;32322000","https://oeffentlichevergabe.de/api/notices/80fd82c7-2d9f-4e3f-995c-b4b94c0240d6?format=pdf"
"seibert solutions","Seibert Solutions GmbH","Wiesbaden","65185","A","7","48000000;48100000;48200000","https://oeffentlichevergabe.de/api/notices/ddc8869f-0a92-443c-8cae-2ecd909e1629?format=pdf"
"lur sl","Lur SL GmbH","Leuterod","56244","A","6","30195000;30200000;30213000","https://oeffentlichevergabe.de/api/notices/cf3034b6-e48b-4b97-8563-f2707572545a?format=pdf"
"scheer","Scheer GmbH","Saarbrücken","66123","A","6","30200000;48000000;48100000","https://oeffentlichevergabe.de/api/notices/b31abced-e33f-4e2f-a8a8-15148175953e?format=pdf"
"telefonica germany gmbh und co","Telefónica Germany GmbH & Co. OHG","München","80992","A","6","30213200;32250000;32252110","https://oeffentlichevergabe.de/api/notices/6cdde90a-d861-474d-8244-d7db95d52f9b?format=pdf"
"the mathworks","The MathWorks GmbH","Ismaning","85737","A","6","48000000;48100000;48460000","https://oeffentlichevergabe.de/api/notices/10220f26-9d3a-45fd-9dde-0d49623dc2ba?format=pdf"
"convit","Convit GmbH","Cologne","51063","A","5","72000000;72212310;72212311","https://oeffentlichevergabe.de/api/notices/3a9bb4f4-55dd-489c-a1c1-4a9123185abe?format=pdf"
"itec systems","itec systems AG","Düsseldorf","40211","A","5","72000000;72250000;72253200","https://oeffentlichevergabe.de/api/notices/4c384772-5a79-4a49-9974-774d719f8a2b?format=pdf"
"pricewaterhousecoopers gmbh wirtschaftspruefungsgesellschaft","PricewaterhouseCoopers GmbH Wirtschaftsprüfungsgesellschaft","Frankfurt am Main","60327","A","5","72000000;72200000","https://oeffentlichevergabe.de/api/notices/c2ff1dc1-96e2-4e40-927e-6601a81c68f6?format=pdf"
"pricewaterhousecoopers gmbh wpg","PricewaterhouseCoopers GmbH WPG","Frankfurt am Main","60327","A","5","48100000;51600000;72000000","https://oeffentlichevergabe.de/api/notices/073f4b78-5ac0-4f7e-b541-c9b4efb6cab2?format=pdf"
"schmidt + partner","Schmidt + Partner GmbH","Hürth","50354","A","5","72000000;75110000","https://oeffentlichevergabe.de/api/notices/bc6bf89f-41a9-434d-a805-c0767738c774?format=pdf"
"visunext","Visunext SE","Emsdetten","48282","A","5","30000000;30200000;30210000","https://oeffentlichevergabe.de/api/notices/abf09114-ce35-4a0a-a998-cb540afac310?format=pdf"
"x-tention informationstechnologie","x-tention Informationstechnologie GmbH","Heidelberg","69124","A","5","48000000;48100000;72000000","https://oeffentlichevergabe.de/api/notices/818806e5-7126-4931-b0b6-dce8cc6d206a?format=pdf"
"1 und 1 versatel","1&1 Versatel GmbH","Düsseldorf ","40468 ","A","4","32571000;64200000;64210000","https://oeffentlichevergabe.de/api/notices/c8235b35-56c8-4ee4-a5ec-5c088d866e25?format=pdf"
"bechtle network und security solutions","Bechtle Network & Security Solutions GmbH","Ettlingen","76275","A","4","48000000;48730000;48731000","https://oeffentlichevergabe.de/api/notices/dc4b14a0-653c-406c-b3c3-17c898859e9c?format=pdf"
"bettermarks","bettermarks GmbH","Berlin","10997","A","4","39162000;48000000;48190000","https://oeffentlichevergabe.de/api/notices/f138baf3-96c5-4908-8611-5d30a2178506?format=pdf"
"fraunhofer-institut fuer verkehrs-und infrastruktursysteme ivi","Fraunhofer-Institut für Verkehrs- und Infrastruktursysteme (IVI)","Dresden","01069","A","4","72000000;72500000;73000000","https://oeffentlichevergabe.de/api/notices/80017f1e-2943-4d9a-8fe0-e0f3e2a6db77?format=pdf"
"samedi","samedi GmbH","Berlin","10247","A","4","48100000;48180000;72212180","https://oeffentlichevergabe.de/api/notices/93b6dfb3-ec96-4eb1-b3cc-ad84f07407ac?format=pdf"
"the i-engineers","the i-engineers GmbH","Münster","48155","A","4","48000000;48180000;72212180","https://oeffentlichevergabe.de/api/notices/679d0c5a-6fbd-425e-bb97-2d61873e176a?format=pdf"
"wolters kluwer deutschland","Wolters Kluwer Deutschland GmbH","Hürth","50354","A","4","48000000;72000000;72200000","https://oeffentlichevergabe.de/api/notices/c040961b-5586-45fa-9531-c76a96f3d2f1?format=pdf"
"brainlab sales","BrainLAB Sales GmbH","München","81829","A","3","33100000;48180000","https://oeffentlichevergabe.de/api/notices/b4a6d968-bcb2-4fc5-b724-82c721d45018?format=pdf"
"cnt management consulting","CNT Management Consulting GmbH","Mainz","55116","A","3","72000000;72200000;72212451","https://oeffentlichevergabe.de/api/notices/4521abd6-3264-4409-94fd-efc81903bc14?format=pdf"
"digotex","DIGOTEX GmbH","Niederfischbach","57572","A","3","48100000","https://oeffentlichevergabe.de/api/notices/0e91c326-7fe0-4c73-b8d6-265b7d948270?format=pdf"
"evoila germany","evoila Germany GmbH","Mainz","55129","A","3","48000000;72000000;72220000","https://oeffentlichevergabe.de/api/notices/bfec1606-9b92-44c1-bcec-dd31c36b056f?format=pdf"
"h und g hansen und gieraths edv vertriebsgesellschaft","H&G Hansen & Gieraths EDV Vertriebsgesellschaft mbH","Bonn","53111","A","3","30100000;30210000;30213100","https://oeffentlichevergabe.de/api/notices/7c431a09-f86e-4e0c-bce2-e41caf5c84ba?format=pdf"
"h und g hansen und gieraths edv vetriebsgesellschaft","H&G Hansen & Gieraths EDV Vetriebsgesellschaft mbH","Bonn","53111","A","3","30210000;48000000;48200000","https://oeffentlichevergabe.de/api/notices/07b7c138-e147-492e-b622-69aa3265b147?format=pdf"
"hugo hamann","Hugo Hamann GmbH & Co. KG","Kiel","24105","A","3","30200000;30232100;79820000","https://oeffentlichevergabe.de/api/notices/909bbec0-8267-4fba-843e-4a57da1833cc?format=pdf"
"iqul","IQUL GmbH","Bergisch Gladbach","51429","A","3","72000000;72260000;72268000","https://oeffentlichevergabe.de/api/notices/5132823c-816c-44d0-b806-fd392e4c2f15?format=pdf"
"iris-gmbh infrared und intelligent sensors","iris-GmbH infrared & intelligent sensors","Berlin","12439","A","3","30144300;30237475;34000000","https://oeffentlichevergabe.de/api/notices/fda835a3-7d64-42f3-be3f-3668c903deb5?format=pdf"
"it professionals","IT Professionals Aktiengesellschaft","Frankfurt am Main","60313","A","3","72000000;72200000","https://oeffentlichevergabe.de/api/notices/e705ec63-3485-4770-bab6-d87649455aee?format=pdf"
"jurec-it social und green remarketing","JuRec-IT Social & Green Remarketing GmbH","Landau","76829","A","3","48000000;72000000;72260000","https://oeffentlichevergabe.de/api/notices/57518340-7403-41e4-9590-329a5294c0b5?format=pdf"
"keysight technologies deutschland","Keysight Technologies Deutschland GmbH","Boeblingen","71034","A","3","48000000;48321000;48900000","https://oeffentlichevergabe.de/api/notices/4194a2cc-327a-488e-89f0-2c3dc7338dd2?format=pdf"
"mckinsey und company inc","McKinsey & Company, Inc.","Düsseldorf","40476","A","3","72000000;72221000;79400000","https://oeffentlichevergabe.de/api/notices/d3c1f076-3b35-43c3-a678-95b5d0704282?format=pdf"
"pit-cup","pit-cup","Heidelberg","69115","A","3","72000000;72200000;72210000","https://oeffentlichevergabe.de/api/notices/844c079f-2f40-41f5-80aa-a80e6312b9c2?format=pdf"
"primeline solutions","primeLine Solutions GmbH","Bad Oeynhausen","32549","A","3","30200000;30210000;30234000","https://oeffentlichevergabe.de/api/notices/a23322ef-3188-4752-8d48-f3b0ce99eda6?format=pdf"
"red commerce","Red Commerce GmbH","Köln","50670","A","3","72000000;72224000;75131000","https://oeffentlichevergabe.de/api/notices/7ad5de8b-a9bf-4637-bec3-d0bc89f953ff?format=pdf"
"sauter-cumulus","Sauter-Cumulus GmbH","Saarlouis","66740","A","3","45212225;45300000;48921000","https://oeffentlichevergabe.de/api/notices/1f576d7d-1dc2-4fa6-b125-3a94841b9977?format=pdf"
"serrala group","Serrala Group GmbH","Norderstedt","22848","A","3","48000000;48440000","https://oeffentlichevergabe.de/api/notices/4031e9d3-ad23-4895-9d93-49320d0c3097?format=pdf"
"tuev informationstechnik gmbh unternehmensgruppe tuev nord","TÜV Informationstechnik GmbH Unternehmensgruppe TÜV NORD","Essen","45307","A","3","72000000;72800000","https://oeffentlichevergabe.de/api/notices/ca7850c5-ea16-4703-912d-9e56f6af8e03?format=pdf"
"valantic business analytics","valantic Business Analytics GmbH","Hamburg","20097","A","3","48000000;72000000","https://oeffentlichevergabe.de/api/notices/8b1e4b2c-8f4b-40fa-bc84-65a554a70181?format=pdf"
"t-systems international","T-Systems International GmbH","Bonn","53113","B","26","34632000;34946120;48000000","https://oeffentlichevergabe.de/api/notices/a737e90a-56d0-46d0-94fe-1f3ecefb73dc?format=pdf"
"bearingpoint","BearingPoint GmbH","Frankfurt am Main","60327","B","24","48100000;72000000;72140000","https://oeffentlichevergabe.de/api/notices/77881637-3dcf-4da9-84bd-805b398a7bf8?format=pdf"
"deloitte consulting","Deloitte Consulting GmbH","Düsseldorf","40476","B","23","48000000;48814400;72000000","https://oeffentlichevergabe.de/api/notices/a1ca6b5d-085e-4d51-b9c7-e64a240e89fa?format=pdf"
"accenture","Accenture GmbH","Kronberg im Taunus","61476","B","21","48000000;48920000;51600000","https://oeffentlichevergabe.de/api/notices/a1ca6b5d-085e-4d51-b9c7-e64a240e89fa?format=pdf"
"eviden germany","Eviden Germany GmbH","Düsseldorf","40547","B","17","48000000;48100000;72000000","https://oeffentlichevergabe.de/api/notices/fba793b4-eba9-4fe2-805e-db4e0f2b47ad?format=pdf"
"h und g hansen und gieraths it solutions","H&G Hansen & Gieraths IT Solutions GmbH","Bonn","53111","B","14","30200000;30210000;30211000","https://oeffentlichevergabe.de/api/notices/cb08b63d-6737-441b-be90-c0fcc03798f4?format=pdf"
"ntt germany","NTT Germany AG & Co. KG","Bad Homburg","61352","B","14","30210000;30230000;32424000","https://oeffentlichevergabe.de/api/notices/d1969de6-2bdf-4207-a8ef-3fe41bb861d3?format=pdf"
"arktis it solutions","Arktis IT solutions GmbH","Berlin","13581","B","13","30000000;30200000;30210000","https://oeffentlichevergabe.de/api/notices/b9738c05-66ef-42d8-8dcb-4adb8c5c8f07?format=pdf"
"sear","SEAR GmbH","Rostock","18106","B","10","48000000;71000000","https://oeffentlichevergabe.de/api/notices/421c6e61-d288-4d14-a63e-009c5e8fce21?format=pdf"
"sva","SVA GmbH","Wiesbaden","65205","B","9","30200000;30210000;30233000","https://oeffentlichevergabe.de/api/notices/fd1dfc49-c901-498c-859c-3525c3aa4c52?format=pdf"
"interflex datensysteme","Interflex Datensysteme GmbH","Stuttgart","70567","B","7","48450000;48900000;72000000","https://oeffentlichevergabe.de/api/notices/6416b5cc-b065-4867-bfe4-c13477472f82?format=pdf"
"voquz public","VOQUZ Public GmbH","Ismaning","85737","B","6","72000000;72600000;79620000","https://oeffentlichevergabe.de/api/notices/fe71659d-1a5c-483e-9a2d-d70d66e5df26?format=pdf"
"top itservices","top itservices AG","Unterhaching","82008","B","5","72000000;72220000;72250000","https://oeffentlichevergabe.de/api/notices/a1ca6b5d-085e-4d51-b9c7-e64a240e89fa?format=pdf"
"acp techrent","ACP TechRent GmbH","Wien","1230","B","4","30200000;30210000;30213200","https://oeffentlichevergabe.de/api/notices/b492d34d-211b-4b4b-a30c-feebe8a305bb?format=pdf"
"bananaglue","BananaGlue GmbH","Berlin","10997","B","4","48000000;72212100;72260000","https://oeffentlichevergabe.de/api/notices/c56f804d-90f8-483b-893f-5341ffd9f8a2?format=pdf"
"bredex","Bredex GmbH","Braunschweig","38100","B","4","72000000;75110000","https://oeffentlichevergabe.de/api/notices/430cfdcf-db03-4791-9102-7496c00bbeaa?format=pdf"
"iteratec","iteratec GmbH","München","81669","B","4","72000000;72200000;72211000","https://oeffentlichevergabe.de/api/notices/b814a13f-b857-405e-975e-bd4aa4e0c7e8?format=pdf"
"pwc solutions","PwC Solutions GmbH","Frankfurt","60327","B","4","48000000;48984000;72000000","https://oeffentlichevergabe.de/api/notices/2ccf65e9-4c2a-42e7-906f-229da1f14098?format=pdf"
"asknet solutions","Asknet Solutions AG","Karlsruhe","76131","B","3","48000000;48218000;72268000","https://oeffentlichevergabe.de/api/notices/9ec77302-7e92-4375-82d7-abdac2a6724a?format=pdf"
"ey-parthenon gmbh wirtschaftspruefungsgesellschaft","EY-Parthenon GmbH Wirtschaftsprüfungsgesellschaft","Stuttgart","70629","B","3","72000000","https://oeffentlichevergabe.de/api/notices/82bbbf19-e1d3-41eb-b038-341b13b1af13?format=pdf"
"quentic","Quentic GmbH","Berlin","10247","B","3","48000000;48420000;72000000","https://oeffentlichevergabe.de/api/notices/be49616d-0cd5-4441-ab97-05b01f692fb3?format=pdf"
"valantic enterprise solutions","valantic Enterprise Solutions GmbH","Norderstedt","22848","B","3","48000000;72000000","https://oeffentlichevergabe.de/api/notices/691fc99c-5078-4113-9278-3532988a8998?format=pdf"
"1 und 1 versatel deutschland","1&1 Versatel Deutschland GmbH","Düsseldorf","40468","B","2","32561000;72410000;72700000","https://oeffentlichevergabe.de/api/notices/d6cf18f1-2988-4e2b-a88d-b79d0445aa33?format=pdf"
"aagon","Aagon GmbH","Soest","59494","B","2","48000000;72260000","https://oeffentlichevergabe.de/api/notices/2f048390-5a0d-4d36-aa0d-5c6d38fb5f3a?format=pdf"
"aki","AKI GmbH","Meerbusch","40607","B","2","48000000;72267000","https://oeffentlichevergabe.de/api/notices/44e88098-c296-4612-b05d-8765c557692e?format=pdf"
"alten","ALTEN GmbH","Coburg","96450","B","2","72000000;72200000;72212100","https://oeffentlichevergabe.de/api/notices/bb53b292-a02b-43b7-a566-5a7f7de0ed7e?format=pdf"
"amisol","Amisol GmbH","München","80534","B","2","64210000","https://oeffentlichevergabe.de/api/notices/2b1b04c8-0533-46c2-96d7-eff0c3ddcb1d?format=pdf"
"avanade deutschland","Avanade Deutschland GmbH","Kronberg","61476","B","2","72200000;72260000;72262000","https://oeffentlichevergabe.de/api/notices/9ced7fc5-0583-4b3e-a6a9-8832a43607aa?format=pdf"
"avl deutschland","AVL DEUTSCHLAND GMBH","Wiesbaden","55252","B","2","30210000;50532000;72250000","https://oeffentlichevergabe.de/api/notices/1d33e7e0-b84d-4e58-a076-13c12a0438dd?format=pdf"
"avodaq","avodaq AG","Hamburg","20097","B","2","30200000;32232000;48000000","https://oeffentlichevergabe.de/api/notices/2cd3de5b-c9c5-4033-88ac-51b8768f95df?format=pdf"
"b und dt buerofachhandel und datentechnik","B&DT Bürofachhandel und Datentechnik GmbH","Erfurt","99091","B","2","30195000;30213200;39292000","https://oeffentlichevergabe.de/api/notices/e2de3c71-659e-4b3f-9a1e-ffb74e170181?format=pdf"
"b telligent deutschland","b.telligent Deutschland GmbH","München","80807","B","2","48000000;72000000","https://oeffentlichevergabe.de/api/notices/42eb6866-f301-4f6c-9ec3-15685ec11d5c?format=pdf"
"be shaping the future-performance transformation digital","Be Shaping The Future - Performance, Transformation, Digital GmbH","München","81541","B","2","72200000;72220000;72250000","https://oeffentlichevergabe.de/api/notices/99231e8b-347e-415a-90f5-68777e5f179d?format=pdf"
"boston server und storage solutions","Boston Server & Storage Solutions GmbH","Feldkirchen","85622","B","2","48820000","https://oeffentlichevergabe.de/api/notices/fc9660aa-33da-4140-a33d-4e2b9a961873?format=pdf"
"c-trace","c-trace GmbH","Bielefeld","33605","B","2","48000000;48100000;72260000","https://oeffentlichevergabe.de/api/notices/570d1a02-31a3-4a73-a233-38f65964459e?format=pdf"
"cancom gmbh nord/ost","CANCOM GmbH Nord/Ost","Jettingen-Scheppach","89343","B","2","48000000;50320000;51610000","https://oeffentlichevergabe.de/api/notices/89337ed4-3164-4097-9e6b-97830c481faf?format=pdf"
"communardo","Communardo GmbH","Dresden","01129","B","2","48000000;48100000","https://oeffentlichevergabe.de/api/notices/6fea24d1-4923-459a-bd21-a50b9ca48a35?format=pdf"
"consulting4it","Consulting4It GmbH","Waldbronn","76337","B","2","48000000","https://oeffentlichevergabe.de/api/notices/54913367-e995-4375-a502-cb8736adfbf2?format=pdf"
"coremedia","CoreMedia GmbH","Hamburg","20459","B","2","48000000;48220000;72267000","https://oeffentlichevergabe.de/api/notices/40cf89e1-2748-4b39-979c-71efc4103034?format=pdf"
"datagroup rhein-main","DATAGROUP Rhein-Main GmbH","Ingelheim","55218","B","2","72000000","https://oeffentlichevergabe.de/api/notices/82f9cbbf-4928-4e73-9cc7-4d5a58075116?format=pdf"
"datawin","DATAWIN GmbH","Ergolding","84030","B","2","30216110;30230000","https://oeffentlichevergabe.de/api/notices/bf5fc7ca-5891-4e98-84b7-fbee162dbf49?format=pdf"
"deutsche telekom bs","Deutsche Telekom BS GmbH","Kiel","24116","B","2","48100000;64210000;72000000","https://oeffentlichevergabe.de/api/notices/94b82415-06d0-4fca-aaa1-2c08c6394c18?format=pdf"
"deutsches zentrum fuer luft-und raumfahrt","Deutsches Zentrum für Luft- und Raumfahrt e.V.","Köln","51147","B","2","72200000;72265000;72267000","https://oeffentlichevergabe.de/api/notices/3a40eb4d-d597-403b-85ff-b8fd0ba39015?format=pdf"
"digital services 42","Digital Services 42 GmbH","Auenwald","71549","B","2","48000000;48811000;72250000","https://oeffentlichevergabe.de/api/notices/7bceaf5f-bea3-437b-a196-dd19d75c4aaa?format=pdf"
"dirk hallen datensysteme","Dirk Hallen Datensysteme e.K.","Velbert","42553","B","2","30210000;30236100;48219500","https://oeffentlichevergabe.de/api/notices/339be844-79d6-4d42-9a5a-f357f17e5c54?format=pdf"
"doctolib","Doctolib GmbH","Berlin","10961","B","2","48000000;48100000;72000000","https://oeffentlichevergabe.de/api/notices/f7bb5634-b376-4df8-93c0-cc3066953fe2?format=pdf"
"dps engineering","DPS Engineering GmbH","DE","70771","B","2","48610000;48612000;72200000","https://oeffentlichevergabe.de/api/notices/3a81323a-f5c9-40d7-b245-df2f0f6fc268?format=pdf"
"ebf-edv beratung foellmer","EBF - EDV Beratung Föllmer GmbH","Köln","50988","B","2","48000000;72200000","https://oeffentlichevergabe.de/api/notices/c5e60709-5e00-4ad4-9fe6-f0a07c6fab68?format=pdf"
"ebsco information services","EBSCO Information Services GmbH","Berlin","12099","B","2","48000000;64216200","https://oeffentlichevergabe.de/api/notices/551776f6-9283-4f94-8380-b20fad7b17a0?format=pdf"
"eislebener tele-funk","Eislebener Tele-Funk GmbH","Lutherstadt Eisleben","06295","B","2","32000000;48000000","https://oeffentlichevergabe.de/api/notices/6eed375a-5cb3-4ea3-8c0e-467f90e25ca1?format=pdf"
"elis","Elis GmbH","Hamburg","22761","B","2","48000000;48921000","https://oeffentlichevergabe.de/api/notices/a357d484-d85c-48ef-9361-d6e56220c607?format=pdf"
"epi-use","EPI-USE GmbH","Hanau","63452","B","2","72000000;72200000","https://oeffentlichevergabe.de/api/notices/2e389d5a-f8fc-4bd6-a644-f71718769d6e?format=pdf"
"erich schmidt verlag","Erich Schmidt Verlag GmbH & Co. KG","Berlin","10785","B","2","72000000","https://oeffentlichevergabe.de/api/notices/76b9ed0b-c888-495c-b078-7c6ba49d9a4e?format=pdf"
"esg elektroniksystem-und logistik-gmbh","ESG Elektroniksystem- und Logistik-GmbH","Fürstenfeldbruck","82256","B","2","48000000;72000000;72267000","https://oeffentlichevergabe.de/api/notices/764412f7-6d15-47fd-bec2-00634a65259f?format=pdf"
"european dynamics deutschland","EUROPEAN DYNAMICS Deutschland GmbH","Berlin","10717","B","2","72200000;72250000;72267000","https://oeffentlichevergabe.de/api/notices/8c778fd7-d43e-481b-a4d3-20224bb15213?format=pdf"
"european dynamics s a","EUROPEAN DYNAMICS S.A.","Athen","151 25","B","2","48000000;72000000;72212100","https://oeffentlichevergabe.de/api/notices/d113f683-73c9-445f-9371-b79e21d2aca6?format=pdf"
"ewetel","EWETEL GmbH","Oldenburg","26133","B","2","64214400","https://oeffentlichevergabe.de/api/notices/4960b569-cf2f-49f5-a311-eaf409b5ecb5?format=pdf"
"ey strategy und transactions","EY Strategy & Transactions GmbH","Stuttgart","70629","B","2","48400000;48445000;72000000","https://oeffentlichevergabe.de/api/notices/e6c99e34-6bf3-4946-a561-0b11423e3f6c?format=pdf"
"fabasoft deutschland","Fabasoft Deutschland GmbH","Frankfurt am Main","60549","B","2","48000000;72250000","https://oeffentlichevergabe.de/api/notices/cb815f88-3cd8-4dd1-a1aa-f5ff20d735e2?format=pdf"
"finanz informatik","Finanz Informatik GmbH & Co. KG","Frankfurt a. M.","60486","B","2","48000000;72000000;72263000","https://oeffentlichevergabe.de/api/notices/06c00584-6d78-4e41-b908-5a47823f4f7e?format=pdf"
"finanz informatik solutions plus","Finanz Informatik Solutions Plus GmbH & Co. KG","Frankfurt am Main","60486","B","2","72200000","https://oeffentlichevergabe.de/api/notices/c8e92894-a4ca-444d-9145-37e0addbf708?format=pdf"
"fincon reply","Fincon Reply GmbH","Hamburg","22767","B","2","72000000","https://oeffentlichevergabe.de/api/notices/5852aade-b312-4d2e-a761-ed7281f66ccd?format=pdf"
"fsas","Fsas GmbH","Hannover","30539","B","2","30233000;32424000;48820000","https://oeffentlichevergabe.de/api/notices/23e23860-5a07-4845-93aa-882e4c32d6dc?format=pdf"
"fujitsu","Fujitsu","Stuttgart","70567","B","2","30210000;72000000;72220000","https://oeffentlichevergabe.de/api/notices/b33c11bd-3595-4177-b7c8-36d1b7bc9a29?format=pdf"
"gantner electronic gmbh deutschland","GANTNER Electronic GmbH Deutschland","Bochum","44809","B","2","30142000;30142200;30200000","https://oeffentlichevergabe.de/api/notices/1dd0cb59-e646-4477-b729-381aaef77104?format=pdf"
"get it live","get it live GmbH","Karben","61184","B","2","48100000","https://oeffentlichevergabe.de/api/notices/6045fed5-3c7d-4fa2-b153-d82dbfdc5949?format=pdf"
"gft technologies","GFT Technologies SE","Stuttgart","70567","B","2","72000000;72200000;72240000","https://oeffentlichevergabe.de/api/notices/1de94a0b-2df5-475a-b4f5-7fce8f0bbae8?format=pdf"
"glasfaser plus","Glasfaser Plus GmbH","Köln","51063","B","2","64210000","https://oeffentlichevergabe.de/api/notices/b08ac5f3-f96d-439d-8249-70a9456c94fe?format=pdf"
"governikus","Governikus GmbH & Co KG","Bremen","28359","B","2","72000000;72210000;72220000","https://oeffentlichevergabe.de/api/notices/ebe770a1-b2e0-4607-9a5b-aad2325d415f?format=pdf"
"h und g hansen und gieraths edv vertriebs","H&G Hansen & Gieraths EDV Vertriebs GmbH","Bonn","53006","B","2","30213200;50300000;50310000","https://oeffentlichevergabe.de/api/notices/9d9d34a5-eb7e-4d27-b29d-b7825b934710?format=pdf"
"hewlett packard","Hewlett Packard GmbH","Böblingen","71034","B","2","30233100;30234000;48820000","https://oeffentlichevergabe.de/api/notices/da6d2ed7-ce34-42f0-903c-1529b5e14dbb?format=pdf"
"hiscout","HiScout GmbH","Berin","12163","B","2","48000000;72266000","https://oeffentlichevergabe.de/api/notices/aa282b57-8c21-4e21-9bf8-18d680d14245?format=pdf"
"ica traffic","ICA Traffic GmbH","Dortmund","44149","B","2","48000000;48100000;72220000","https://oeffentlichevergabe.de/api/notices/ca8d9ac4-6c08-445e-aafc-f255ba8eead4?format=pdf"
"ideri","IDERI GmbH","Ostfildern","73760","B","2","48000000;72000000;72268000","https://oeffentlichevergabe.de/api/notices/f45bd82e-cd0b-4e38-9a58-f4b7eb949c57?format=pdf"
"if-tech","IF-Tech AG","München","81829","B","2","30210000;48000000","https://oeffentlichevergabe.de/api/notices/944dac8a-e9fa-4615-9bb9-4fa7cc78838f?format=pdf"
"ihp","IHP GmbH","Frankfurt (Oder)","IHP GmbH","B","2","48000000;72000000","https://oeffentlichevergabe.de/api/notices/701dac0d-9f60-4eae-9d58-612ce245b9d7?format=pdf"
"innovas","innovas GmbH","Köln","50668","B","2","48610000;48613000;48614000","https://oeffentlichevergabe.de/api/notices/b7a422a8-2a3d-476f-a0e3-5c0e533c3c34?format=pdf"
"institut der deutschen wirtschaft koeln","Institut der deutschen Wirtschaft Köln e.V.","Köln","50668","B","2","48000000;72000000;72413000","https://oeffentlichevergabe.de/api/notices/47f27639-91c9-4a76-b16c-44e2f0307b61?format=pdf"
"iron mountain deutschland","Iron Mountain Deutschland GmbH","Hamburg","22525","B","2","72000000;72252000;72512000","https://oeffentlichevergabe.de/api/notices/01855541-f26d-4256-983b-25eb519cc5af?format=pdf"
"iserv","IServ GmbH","Braunschweig","38104","B","2","48000000;48100000","https://oeffentlichevergabe.de/api/notices/65c72317-d30e-4061-9492-e95f623e71de?format=pdf"
"isgus","ISGUS GmbH","Erfurt","99092","B","2","72200000;72268000","https://oeffentlichevergabe.de/api/notices/18c267d4-f5ed-4cd0-a0de-ee30241e0412?format=pdf"
"itinera projects und experts","ITinera projects & experts GmbH & Co KG","Eschborn","65760","B","2","72000000;72200000","https://oeffentlichevergabe.de/api/notices/97286d70-12b9-4a1b-a2b2-b8ebbb235447?format=pdf"
"k+b e-tech","K+B E-Tech GmbH & Co. KG","Cham","93413","B","2","30213000;30213100;30213200","https://oeffentlichevergabe.de/api/notices/e6e8c513-211b-4031-a52e-abc8a3c42b79?format=pdf"
"kaulquappe","Kaulquappe GmbH","Berlin","10179","B","2","72000000;72260000;72268000","https://oeffentlichevergabe.de/api/notices/e4e3172f-fb85-4676-8c35-c1352ba00e9a?format=pdf"
"levi ray und shoup inc","Levi, Ray & Shoup Inc.","Hallbergmoos","85399","B","2","48000000;48770000;48773000","https://oeffentlichevergabe.de/api/notices/a545efeb-ebab-40d8-9a52-7a49684a4ef5?format=pdf"
"lexmark deutschland","Lexmark Deutschland GmbH","Neu-Isenburg","63263","B","2","30232100;48000000","https://oeffentlichevergabe.de/api/notices/954c996a-a8e1-43d4-b651-a0e325cb7ef7?format=pdf"
"liquid reply","Liquid Reply GmbH","Gütersloh","33334","B","2","72200000","https://oeffentlichevergabe.de/api/notices/24df3fbb-f98d-45bc-9bb4-52ee4138519d?format=pdf"
"lufthansa industry solutions as","Lufthansa Industry Solutions AS GmbH","Norderstedt","22848","B","2","72200000;72224000","https://oeffentlichevergabe.de/api/notices/e2ac51d4-37f0-4f21-85f2-a1ff4cb98bfe?format=pdf"
"mensch und maschine deutschland","Mensch und Maschine Deutschland GmbH","Wessling","82234","B","2","48000000;48300000;48320000","https://oeffentlichevergabe.de/api/notices/49087340-c84b-48ee-8ff5-867b66342d8a?format=pdf"
"mentz","Mentz GmbH","München","81675","B","2","48813200;72200000;72260000","https://oeffentlichevergabe.de/api/notices/82e61e86-0420-4644-86bc-e90d346bcca0?format=pdf"
"mg industrieelektronik","MG Industrieelektronik GmbH","Ettlingen","76275","B","2","30211300;30230000;48000000","https://oeffentlichevergabe.de/api/notices/a77d1163-be0a-416e-919a-7b3530ee535c?format=pdf"
"microsoft ireland operations limited","Microsoft Ireland Operations Limited","Dublin 18","D18 P521","B","2","48000000;48317000;48620000","https://oeffentlichevergabe.de/api/notices/0462eb66-ffbb-4a6a-bfb3-1a7b9f015174?format=pdf"
"mitteldeutsche it","mitteldeutsche IT GmbH","Leipzig","04329","B","2","64200000","https://oeffentlichevergabe.de/api/notices/de88fd6d-3557-4a82-98a4-59b9d162172b?format=pdf"
"mn glasfaser","MN Glasfaser GmbH","Coesfeld","48653","B","2","64200000","https://oeffentlichevergabe.de/api/notices/f8048a1f-558e-4431-976f-6162b951ea91?format=pdf"
"neros","NEROS GbR","Fürstenfeldbruck","82256","B","2","72000000","https://oeffentlichevergabe.de/api/notices/9185a3f0-25d7-46f4-bba4-c06c8dee6f4b?format=pdf"
"netgo group","netgo group GmbH","Berlin","10829","B","2","32413100;32424000;48820000","https://oeffentlichevergabe.de/api/notices/49b7353c-6f89-4318-8f05-0429fe0e33fc?format=pdf"
"nexus technology","Nexus Technology GmbH","Karlsruhe","76137","B","2","48000000","https://oeffentlichevergabe.de/api/notices/0f8a74ef-d7b5-4f77-925f-8403cee86142?format=pdf"
"p und i","P&I AG","Hamburg","20457","B","2","72260000","https://oeffentlichevergabe.de/api/notices/2c50fcf0-d97c-4290-8aa5-56deadd64bba?format=pdf"
"page contracting","Page Contracting GmbH","Düsseldorf","40476","B","2","72000000;72200000","https://oeffentlichevergabe.de/api/notices/bb53b292-a02b-43b7-a566-5a7f7de0ed7e?format=pdf"
"panasonic connect europe","Panasonic Connect Europe GmbH","Wiesbaden","65203","B","2","72250000","https://oeffentlichevergabe.de/api/notices/0309737e-67c1-4be2-8d9a-cb20619dd3be?format=pdf"
"pdv","PDV GmbH","Erfurt","99097","B","2","48000000","https://oeffentlichevergabe.de/api/notices/c69a4170-e915-481d-8109-9abe7f9f14f5?format=pdf"
"pricewaterhousecoopers","PricewaterhouseCoopers GmbH","Düsseldorf","40474","B","2","72000000;75110000","https://oeffentlichevergabe.de/api/notices/872315df-d24d-471b-8bd9-112b8cb9b96d?format=pdf"
"primion technology","Primion Technology GmbH","Stetten a.k.M","72510","B","2","48450000;72000000;72267000","https://oeffentlichevergabe.de/api/notices/dc6c1c2b-ec3d-40df-92f4-484a3589be1a?format=pdf"
"prisma european capacity plattform","PRISMA European Capacity Plattform GmbH","Leipzig","04109","B","2","72268000","https://oeffentlichevergabe.de/api/notices/ff3ae053-1cc4-4ea3-aa15-ec04687d221b?format=pdf"
"pwc gmbh wpg","PwC GmbH WPG","Berlin","10117","B","2","72000000;72200000;72260000","https://oeffentlichevergabe.de/api/notices/d8e4f195-9a85-44dc-81a3-32d3158c44df?format=pdf"
"rheinmetall electronics","Rheinmetall Electronics GmbH","Bremen","28309","B","2","48000000;48900000","https://oeffentlichevergabe.de/api/notices/f36a3044-7730-4453-8646-4d0ce7f3840b?format=pdf"
"roda computer","roda computer GmbH","Lichtenau","77839","B","2","30230000;48000000","https://oeffentlichevergabe.de/api/notices/0d0f6904-e0c1-4e03-ab3b-6b8fa595da8d?format=pdf"
"sag deutschland","SAG Deutschland GmbH","Darmstadt","64297","B","2","48611000;48980000;72200000","https://oeffentlichevergabe.de/api/notices/2e029b5c-7d0a-474f-869a-ff9ea19b15a4?format=pdf"
"sirup","SIRUP GmbH","Berlin","10119","B","2","72400000;72413000","https://oeffentlichevergabe.de/api/notices/6363bd45-c92c-4943-bbcc-75c440779347?format=pdf"
"siv-service fuer informationsverarbeitung","SIV - Service für Informationsverarbeitung Aktiengesellschaft","Roggentin","18184","B","2","48100000;48210000;48213000","https://oeffentlichevergabe.de/api/notices/9a4c66ee-8df1-4298-b0ad-78f580e3a0a2?format=pdf"
"softline","Softline GmbH","Leipzig","04103","B","2","30230000;48000000;72000000","https://oeffentlichevergabe.de/api/notices/d83fa168-6b03-4398-81db-f4fb2a153522?format=pdf"
"sopra financial technology","Sopra Financial Technology GmbH","Nürnberg","20539","B","2","72000000;72220000;72260000","https://oeffentlichevergabe.de/api/notices/a61e5459-85b6-430f-915b-ca899f812e16?format=pdf"
"stichting iea secretariaat nederland","Stichting IEA Secretariaat Nederland","Amsterdam","1016 EE","B","2","72314000","https://oeffentlichevergabe.de/api/notices/ca772c45-1296-48b6-b479-bb941c36d864?format=pdf"
"supercomputing systems","Supercomputing Systems AG","Zürich","8005","B","2","72100000;72200000","https://oeffentlichevergabe.de/api/notices/9d587d4b-0d68-423f-aef7-4e572224038d?format=pdf"
"teleste systems","Teleste Systems GmbH","Hannover","30659","B","2","31711200;48000000;48800000","https://oeffentlichevergabe.de/api/notices/bd068f4b-8854-4b26-b89e-33d3eba23445?format=pdf"
"terrera","Terrera AG","Grünwald","82031","B","2","72250000;72268000","https://oeffentlichevergabe.de/api/notices/182ed028-4ea0-4b9a-ae37-5d7202926362?format=pdf"
"the boston consulting group","The Boston Consulting Group GmbH","Düsseldorf","40212","B","2","72000000;72221000;72222000","https://oeffentlichevergabe.de/api/notices/b542858b-805c-4c11-9afc-70f47f3f0665?format=pdf"
"time4you","time4you GmbH","Karlsruhe","76133","B","2","48190000;72260000;72416000","https://oeffentlichevergabe.de/api/notices/70b24ddd-34fe-4143-98a6-a9009305421b?format=pdf"
"timetoact group","TIMETOACT GROUP GmbH","Köln","50670","B","2","48000000;72000000","https://oeffentlichevergabe.de/api/notices/2bc97a3e-67d3-43c3-8db5-b5fa105ef685?format=pdf"
"tra­peze switz­er­land","Tra­peze Switz­er­land GmbH","Neuhausen","8212","B","2","72230000","https://oeffentlichevergabe.de/api/notices/741a822f-8c8e-432c-84eb-9fc7bb38ca63?format=pdf"
"trustsec it solutions","trustsec IT solutions GmbH","Stuttgart-Möhringen","70567","B","2","72000000","https://oeffentlichevergabe.de/api/notices/b0dfa2ef-e8d7-45f4-afb1-28b19fdb5a66?format=pdf"
"tts knowledge products","TTS Knowledge Products GmbH","Köln","50667","B","2","72000000","https://oeffentlichevergabe.de/api/notices/6287f426-1bcb-483d-b8c4-d12eddc01c78?format=pdf"
"tuev rheinland consulting","TÜV Rheinland Consulting GmbH","Berlin","10829","B","2","72000000","https://oeffentlichevergabe.de/api/notices/e58ddd2c-000b-419d-ac62-a7c6db662c42?format=pdf"
"unify communications and collaboration","Unify Communications and Collaboration GmbH & Co. KG","Köln","50823","B","2","48000000;48500000;48510000","https://oeffentlichevergabe.de/api/notices/bdda9b0f-b021-4bca-b65f-7c5ce6b7cf2c?format=pdf"
"voigtmann","Voigtmann GmbH","Nürnberg","90491","B","2","72000000","https://oeffentlichevergabe.de/api/notices/4cc8195a-9a28-46a0-9f10-c9e8677171c0?format=pdf"
"x1f management und technology services","x1F Management & Technology Services","München","80335","B","2","72000000;72200000","https://oeffentlichevergabe.de/api/notices/48a563bc-226c-44e8-a82d-2d4caaafadfb?format=pdf"
"zeb rolfes schierenbeck associates","zeb.rolfes.schierenbeck.associates gmbh","Münster","48153","B","2","48400000;72200000","https://oeffentlichevergabe.de/api/notices/41b52054-7044-420a-abb7-ea3aceeb7189?format=pdf"
"zentrum fuer digitale souveraenitaet der oeffentlichen verwaltung gmbh zendis","Zentrum für Digitale Souveränität der Öffentlichen Verwaltung GmbH (ZenDiS)","Bochum","44803","B","2","48000000;72220000;79632000","https://oeffentlichevergabe.de/api/notices/cd9a5a8f-1e72-4f75-bb3e-3591b3b3c6a9?format=pdf"
"und effect data solutions","&effect data solutions GmbH","","","B","1","48000000;72000000","https://oeffentlichevergabe.de/api/notices/f8d8a3fe-eeab-4f8a-8dfd-074f12569066?format=pdf"
"-mindsquare ag willy-brandt-platz 2 33602 bielefeld","- mindsquare AG (Willy-Brandt-Platz 2, 33602 Bielefeld)","Bielefeld","33602","B","1","72000000","https://oeffentlichevergabe.de/api/notices/b9e0104b-7e3b-4f5b-9566-bf9c6d9b4bf4?format=pdf"
"---","---","---","---","B","1","72260000","https://oeffentlichevergabe.de/api/notices/f3cff5c6-72b6-472a-abf9-3f8543a64697?format=pdf"
"2av","2av GmbH","Ulm","89073","B","1","32322000;72212100","https://oeffentlichevergabe.de/api/notices/52f2ecd3-81ca-4ba1-bcd6-17c7215f78aa?format=pdf"
"3d systems","3D Systems GmbH","Moerfelden-Walldorf","64546","B","1","30232100","https://oeffentlichevergabe.de/api/notices/b9e4bb6d-2e98-449a-9772-0dd07ef2314f?format=pdf"
"3d welt","3D Welt GmbH","Amtzell","88279","B","1","72000000","https://oeffentlichevergabe.de/api/notices/57553b7d-f044-4e8d-93e7-887abf0600c7?format=pdf"
"4aces tech","4ACES Tech GmbH","Wolfsburg","38442","B","1","72000000;72222200;72224000","https://oeffentlichevergabe.de/api/notices/840954ad-7a12-42ac-8b16-4fc701306a4c?format=pdf"
"8knots","8knots GmbH","Hamburg","20457","B","1","72000000;72250000;72500000","https://oeffentlichevergabe.de/api/notices/e9d0354a-36ff-4001-b598-446289789e55?format=pdf"
"a u d i v i s a deutsche gesellschaft fuer e-learning","a u d i v i s a Deutsche Gesellschaft für E-Learning mbH","Dresden","01307","B","1","72000000","https://oeffentlichevergabe.de/api/notices/9063bd2c-a1b8-4080-8c3f-feb03e236982?format=pdf"
"ab ovo deutschland","Ab Ovo Deutschland GmbH","Düsseldorf","40549","B","1","72262000","https://oeffentlichevergabe.de/api/notices/61f91f4e-9ac5-4c4b-9b3d-962703bbe550?format=pdf"
"abitmore","AbitMORE BV","Leuven","3001","B","1","72000000","https://oeffentlichevergabe.de/api/notices/9c9c3b84-66df-4cd2-96ad-232de02bf2d4?format=pdf"
"abodia it und medientechnik","Abodia IT & Medientechnik GmbH","Schwanewede","28790","B","1","30213100","https://oeffentlichevergabe.de/api/notices/d391b17f-d2d2-4544-844e-215f527c16a2?format=pdf"
"abracon","ABRACON GmbH","Bonn","53115","B","1","72000000","https://oeffentlichevergabe.de/api/notices/e78adae1-5fae-407b-8922-724701872032?format=pdf"
"accessory-tech","Accessory-Tech GmbH","Plauen","08523","B","1","30213200;30237253","https://oeffentlichevergabe.de/api/notices/03201825-2c55-4adb-bd55-63bbfba14e8c?format=pdf"
"acl","ACL GmbH","Markkleeberg","04416","B","1","30213000;30213300;30231100","https://oeffentlichevergabe.de/api/notices/d723e9cb-7b6e-40ff-9da5-bb3757bc6040?format=pdf"
"acp it soulutions gmbh berlin","ACP IT Soulutions GmbH Berlin","Berlin","10117","B","1","48000000","https://oeffentlichevergabe.de/api/notices/7b1b3f9a-0323-4081-964c-ba4dbddb41c2?format=pdf"
"acp techwerk","ACP TechWerk GmbH","Wien","1230","B","1","30213100;30213200;30213300","https://oeffentlichevergabe.de/api/notices/8b5872c4-84cf-48c3-a07c-f94eee564533?format=pdf"
"act digital deutschland","ACT Digital Deutschland GmbH","München","81673","B","1","72000000;72316000;79417000","https://oeffentlichevergabe.de/api/notices/95e4ea08-c509-4916-b8cc-af37d3ed6784?format=pdf"
"acture","Acture GmbH","Berlin","10117","B","1","72000000","https://oeffentlichevergabe.de/api/notices/3e219804-9f89-4f33-8657-ca50aaaa6c35?format=pdf"
"adensio","adensio GmbH","Breisach am Rhein","79206","B","1","72263000","https://oeffentlichevergabe.de/api/notices/55e5134c-c07a-4c2a-a272-8167b95a6f95?format=pdf"
"adp employer services","ADP Employer Services GmbH","Bremen","28359","B","1","48400000","https://oeffentlichevergabe.de/api/notices/f9609d9a-3ba7-4e6c-90df-02cb21b72b50?format=pdf"
"ainovi","AINOVI GmbH","Eschborn","65760","B","1","72000000","https://oeffentlichevergabe.de/api/notices/e705ec63-3485-4770-bab6-d87649455aee?format=pdf"
"aixom","aixom GmbH","Stuttgart","70173","B","1","48000000;72260000","https://oeffentlichevergabe.de/api/notices/8d6c4fd9-dd19-45e1-af91-0039b016a311?format=pdf"
"ak-innovate","AK-iNNOVATE GmbH","Traunstein","83109","B","1","72000000","https://oeffentlichevergabe.de/api/notices/9c9c3b84-66df-4cd2-96ad-232de02bf2d4?format=pdf"
"akkodis germany it services","Akkodis Germany IT Services GmbH","Erfurt","99092","B","1","72000000","https://oeffentlichevergabe.de/api/notices/d5439eb8-01b0-43ca-a27e-c0cdc0aa4790?format=pdf"
"akquinet business consulting","Akquinet Business Consulting GmbH","Hamburg","22179","B","1","72220000;72250000;72261000","https://oeffentlichevergabe.de/api/notices/08f1d02c-62f0-4741-bd5e-c7860bb7ca91?format=pdf"
"alasco","Alasco GmbH","München","80802","B","1","48000000;48100000;72263000","https://oeffentlichevergabe.de/api/notices/0a4822ff-2e43-44c3-bf9b-ba2cf8f60915?format=pdf"
"alive-service","aLIVE-Service GmbH","Magdeburg","39120","B","1","72000000","https://oeffentlichevergabe.de/api/notices/d5439eb8-01b0-43ca-a27e-c0cdc0aa4790?format=pdf"
"allianz adesso mittelstand gmbh und co egbr","allianz adesso mittelstand GmbH & Co. eGbR","Nürnberg","90482","B","1","72000000","https://oeffentlichevergabe.de/api/notices/5919b28b-7af2-4987-8081-39c4bf29e16a?format=pdf"
"allied universal electronic international","Allied Universal Electronic International Ltd.","Tel Aviv","7402550","B","1","48000000;72000000","https://oeffentlichevergabe.de/api/notices/07449827-00b5-4305-af14-21aefb61b828?format=pdf"
"almato ai","Almato AI GmbH","Stuttgart","70174","B","1","72000000","https://oeffentlichevergabe.de/api/notices/5bb841e0-d87c-4ae3-898e-ca99e5e9200e?format=pdf"
"amitec germany","Amitec Germany GmbH & Co. KG","Köln","50672","B","1","72000000","https://oeffentlichevergabe.de/api/notices/3a2404de-2ec6-4a26-9b9b-862ce4c70419?format=pdf"
"anthony cheung","Anthony Cheung","Kowloon","nicht vorhanden","B","1","72316000","https://oeffentlichevergabe.de/api/notices/9a41d9fd-f733-4d37-b335-219a165a08cb?format=pdf"
"aok systems","AOK Systems GmbH","Bonn","53177","B","1","72000000","https://oeffentlichevergabe.de/api/notices/16eba477-9045-4ca4-92e9-e3a938b1bbf8?format=pdf"
"appbase hamburg","Appbase Hamburg GmbH","Hamburg","20354","B","1","72262000","https://oeffentlichevergabe.de/api/notices/1994fb34-693a-4896-b6f5-f4c6cacd8e52?format=pdf"
"aristech","Aristech GmbH","Heidelberg","69115","B","1","72000000","https://oeffentlichevergabe.de/api/notices/d3099c07-d05d-4cb2-bf5e-040a6f151005?format=pdf"
"arvato systems","Arvato Systems GmbH","Gütersloh","33333","B","1","72000000","https://oeffentlichevergabe.de/api/notices/49809773-eba5-4e2b-a32f-cbc1747070e9?format=pdf"
"asseco berit","Asseco BERIT GmbH","Mannheim","68219","B","1","48100000;72253000;72254000","https://oeffentlichevergabe.de/api/notices/52b110af-7ac0-475b-90dd-b8a9924f1fbd?format=pdf"
"at-cris","AT-CRIS GmbH","Karlsruhe","76149","B","1","72000000","https://oeffentlichevergabe.de/api/notices/369e5c49-40d2-4f5d-8b2b-45031e2b85f1?format=pdf"
"athereon grc","Athereon GRC GmbH","Saarbrücken","66115","B","1","48000000","https://oeffentlichevergabe.de/api/notices/d9570405-c7ce-4da8-8752-fde32614df1a?format=pdf"
"atlassian pty","Atlassian Pty Ltd.","Sydney","NSW 2000","B","1","48000000","https://oeffentlichevergabe.de/api/notices/598b5f6a-3048-4929-a5ef-19d78407de73?format=pdf"
"atos secure digital","Atos Secure Digital GmbH","München","81739","B","1","72000000","https://oeffentlichevergabe.de/api/notices/3865b925-065f-4d1e-9682-30435c8dc305?format=pdf"
"aufhebung","Aufhebung","Gera","07545","B","1","30200000","https://oeffentlichevergabe.de/api/notices/de166c56-23c7-4c31-9f0e-9846fb8ea264?format=pdf"
"auralis group","Auralis Group GmbH","Markt Indersdorf","85229","B","1","72000000;72200000","https://oeffentlichevergabe.de/api/notices/bb53b292-a02b-43b7-a566-5a7f7de0ed7e?format=pdf"
"avelon deutschland","Avelon Deutschland GmbH","Berlin","12489","B","1","48000000","https://oeffentlichevergabe.de/api/notices/c4233a4c-c1ba-4a64-b4c9-801fe9ad202e?format=pdf"
"awesome technologies innovationslabor","Awesome Technologies Innovationslabor GmbH","Würzburg","97070","B","1","48180000","https://oeffentlichevergabe.de/api/notices/c72e12a4-1392-429b-b4b2-d3e409b0963a?format=pdf"
"axalon deutschland","Axalon Deutschland GmbH","Singen (Hohentwiel)","78224","B","1","48219300;48730000;72260000","https://oeffentlichevergabe.de/api/notices/30c4817e-5a90-4cbf-9f5b-74359f6e0522?format=pdf"
"axon ivy ag zweigniederlassung muenchen","Axon Ivy AG, Zweigniederlassung München","München","80809","B","1","48100000;48331000;72000000","https://oeffentlichevergabe.de/api/notices/c9e49648-579f-420e-8764-7b3a878c1f41?format=pdf"
"b-4it","B-4it AG","München","81369","B","1","72000000","https://oeffentlichevergabe.de/api/notices/a6f0b124-d3b6-4caf-866c-7ca7133d3b2a?format=pdf"
"badger systems","Badger Systems GmbH","Köln","50858","B","1","72200000","https://oeffentlichevergabe.de/api/notices/55c45bba-31fa-4a28-b95d-00b38153cf3c?format=pdf"
"bakpol wieslawa hendrys lech hendrys pawel hendrys bartosz hendrys s c","Bakpol Wieslawa Hendrys, Lech Hendrys, Pawel Hendrys, Bartosz Hendrys s.c.","Murowana Goslina","62-095","B","1","30213000;30213100;30213200","https://oeffentlichevergabe.de/api/notices/2669f07b-934b-4989-9bdb-26e3575a7518?format=pdf"
"bdo","BDO AG","Leipzig","04103","B","1","72000000","https://oeffentlichevergabe.de/api/notices/820a352c-a95b-4bef-9640-bc2adcca87dd?format=pdf"
"bec-beteiligungs gmbh und co informationssysteme","BEC-Beteiligungs GmbH & Co. Informationssysteme KG","Elmenhorst/Lichtenhagen","18107","B","1","72261000;72267000","https://oeffentlichevergabe.de/api/notices/a0c2802f-96cb-4dda-a8d7-d674368b6742?format=pdf"
"bechtle ag-public sector division","Bechtle AG - Public Sector Division","Neckarsulm","74172","B","1","72000000;72400000;72410000","https://oeffentlichevergabe.de/api/notices/f1eb7b45-8656-40d3-a810-7b30a293657a?format=pdf"
"bechtle gmbh und co kg it-systemhaus chemnitz","Bechtle GmbH & Co. KG IT-Systemhaus Chemnitz","Chemnitz","09119","B","1","72000000","https://oeffentlichevergabe.de/api/notices/22e3530e-f6cb-4b0f-8c21-1a75d1cb9424?format=pdf"
"bechtle gmbh bodensee","Bechtle GmbH Bodensee","Radolfzell am Bodensee","78315","B","1","30200000","https://oeffentlichevergabe.de/api/notices/7f823480-fcad-4a9f-bc35-8c1a7c9bd8b5?format=pdf"
"bechtle gmbh it-systemhaus dortmund","Bechtle GmbH IT-Systemhaus Dortmund","Dortmund","44263","B","1","48000000;48211000;48223000","https://oeffentlichevergabe.de/api/notices/e7d56b4b-9013-47b3-8596-58f53d908b95?format=pdf"
"bechtle plm deutschland","Bechtle PLM Deutschland GmbH","Wetzlar","35578","B","1","48190000","https://oeffentlichevergabe.de/api/notices/21c42052-16fb-4ed7-b8ef-223ff40a128b?format=pdf"
"bellgardt medientechnik vertriebs-gmbh","Bellgardt Medientechnik Vertriebs-GmbH","Meckenbeuren","88074","B","1","32232000;32323100;48219500","https://oeffentlichevergabe.de/api/notices/d9a9f57b-3628-42ca-acd1-085b01889b28?format=pdf"
"benaco","Benaco Ltd.","London","N13 4BS","B","1","72268000","https://oeffentlichevergabe.de/api/notices/e94ecbe5-d3be-4e3f-8c28-4c11558ede70?format=pdf"
"bentley systems international limited","Bentley Systems International Limited","Dublin","D02","B","1","72000000","https://oeffentlichevergabe.de/api/notices/6bf4846c-847b-4c1e-b608-158d4ffead73?format=pdf"
"better decisions","better decisions GmbH","Schönefeld","12529","B","1","72260000;72263000;72268000","https://oeffentlichevergabe.de/api/notices/5d8d34c3-1811-4dc3-a935-05820f78c3dc?format=pdf"
"bidding open elements gmbh leading","Bidding   Open Elements GmbH (leading)","Leverkusen","51379","B","1","72200000","https://oeffentlichevergabe.de/api/notices/55c45bba-31fa-4a28-b95d-00b38153cf3c?format=pdf"
"binect","Binect GmbH","Hannover","30177","B","1","72000000","https://oeffentlichevergabe.de/api/notices/4e3c628e-3a70-488a-bec3-0de65b7a6dc4?format=pdf"
"blubito ood","Blubito OOD","Sofia","1407","B","1","72210000","https://oeffentlichevergabe.de/api/notices/cdac70f2-4ad9-4f25-b7eb-25c4f4e420d8?format=pdf"
"bmu hoffmann und jakobs","BMU HOFFMANN & JAKOBS","Sinzig","53489","B","1","72000000;72220000;72311300","https://oeffentlichevergabe.de/api/notices/170822af-519b-4245-810c-f48c14bbbcbd?format=pdf"
"boc information technologies consulting","BOC Information Technologies Consulting GmbH","Berlin","10245","B","1","48000000;72260000","https://oeffentlichevergabe.de/api/notices/83914240-03fa-4da6-b72c-a5ad2783e1cc?format=pdf"
"brightstar lottery","Brightstar Lottery PLC","London","EC2M 7LS","B","1","72265000","https://oeffentlichevergabe.de/api/notices/936761b5-ee1e-493e-a3c7-f3de25bbef44?format=pdf"
"bundesdruckerei","Bundesdruckerei","Berlin","10969","B","1","30233310","https://oeffentlichevergabe.de/api/notices/342e58a0-c104-4318-875e-2203c3981622?format=pdf"
"bvg00080668","BVG00080668","Charlottesville","22902","B","1","72230000","https://oeffentlichevergabe.de/api/notices/6c011efe-fd44-4e0e-b43a-76c92f142a22?format=pdf"
"boewe systec","BÖWE SYSTEC GmbH","Augsburg","86159","B","1","50300000;50310000","https://oeffentlichevergabe.de/api/notices/37114982-d1f1-4525-987f-a3a8205057f3?format=pdf"
"buerofachhandel und datentechnik","Bürofachhandel & Datentechnik GmbH","Erfurt","99091","B","1","30237260;39162200","https://oeffentlichevergabe.de/api/notices/caae584d-eaf5-4649-8926-6fb1c5ac85e1?format=pdf"
"camunda services","Camunda Services GmbH","Berlin","10961","B","1","48000000","https://oeffentlichevergabe.de/api/notices/198d0094-d3e3-4b52-b952-a27bec8d1749?format=pdf"
"cancontrols","CanControls GmbH","Aachen","52062","B","1","72200000","https://oeffentlichevergabe.de/api/notices/78236d63-a849-4791-9931-de29bb74f9be?format=pdf"
"capgemini deutschland holding","Capgemini Deutschland Holding GmbH","Berlin","10785","B","1","72222300","https://oeffentlichevergabe.de/api/notices/aa3350e4-95ec-47da-a31f-9cd5fa563f3d?format=pdf"
"carl zeiss meditec vertriebsgesellschaft","Carl Zeiss Meditec Vertriebsgesellschaft mbH","Oberkochen","73447","B","1","48814000","https://oeffentlichevergabe.de/api/notices/444007eb-9114-4f3f-abdf-e6f3fd2f648c?format=pdf"
"carmedialab","CarMedialab GmbH","Bruchsal","76646","B","1","48100000;48600000","https://oeffentlichevergabe.de/api/notices/019ecb66-1488-422d-b794-8fc5fb470457?format=pdf"
"cato-tech a/s","Cato-Tech A/S","Odense NV","5210","B","1","30237475","https://oeffentlichevergabe.de/api/notices/954abff5-0936-4ee3-95b1-23a5286d8cd2?format=pdf"
"ceterion","ceterion AG","Bad Vilbel","61118","B","1","72000000","https://oeffentlichevergabe.de/api/notices/b045cab5-0f46-4be3-a9f8-d54b75d1f542?format=pdf"
"cgi deutschland b v co","CGI Deutschland B.V.  Co. KG","Leinfelden-Echterdingen","70771","B","1","48000000;72000000","https://oeffentlichevergabe.de/api/notices/d3d22616-d231-48a0-9632-0c83dabe3463?format=pdf"
"choose my mission","choose my mission GmbH","Berlin","10435","B","1","72224000","https://oeffentlichevergabe.de/api/notices/0053399d-6d7d-4b7a-a472-3cba3178fd34?format=pdf"
"cimt consulting ag und cimt services","cimt consulting ag &  cimt services ag","Hamburg","20099","B","1","72000000;72220000;72267000","https://oeffentlichevergabe.de/api/notices/b1579da5-4d11-49b8-959d-3d01a109d661?format=pdf"
"clarivate analytics uk limited","Clarivate Analytics (UK) Limited","London","SE1 8EZ","B","1","64216200","https://oeffentlichevergabe.de/api/notices/77d2925e-7d13-4010-a9f3-47397e630034?format=pdf"
"clc xinteg","CLC xinteg GmbH","Bexbach","66450","B","1","72000000","https://oeffentlichevergabe.de/api/notices/8b77106b-8025-4ade-b23b-4d1f40f85b8e?format=pdf"
"cloudfactory","Cloudfactory GmbH","Berlin","10785","B","1","72000000;72200000","https://oeffentlichevergabe.de/api/notices/bb53b292-a02b-43b7-a566-5a7f7de0ed7e?format=pdf"
"codefy","Codefy GmbH","Heidelberg","69117","B","1","48400000;72268000","https://oeffentlichevergabe.de/api/notices/99ad3aa0-62a8-43aa-afbf-c06dfc2451f9?format=pdf"
"coi","COI GmbH","Erlangen","91052","B","1","72000000","https://oeffentlichevergabe.de/api/notices/82002217-83ef-49ef-b073-504bad7e73cd?format=pdf"
"com in","Com In GmbH & Co. KG","Schwerin","19053","B","1","72268000","https://oeffentlichevergabe.de/api/notices/fc6c12e8-eebb-4db5-8c90-437fae70e09b?format=pdf"
"communisystems-care","Communisystems-Care GmbH","Leipzig","04229","B","1","72222300;72224000;72253000","https://oeffentlichevergabe.de/api/notices/eca99742-6bb5-4a19-a683-f02c147af7d5?format=pdf"
"con energy consult","con energy consult gmbh","Berlin","10719","B","1","71354300;72310000;72330000","https://oeffentlichevergabe.de/api/notices/346ff015-a09a-4dd9-97ab-0b3a8357b0a5?format=pdf"
"connectedcare","ConnectedCare GmbH","Münster","48155","B","1","32417000;48500000;72250000","https://oeffentlichevergabe.de/api/notices/52370fa5-0ca0-4d68-a4a2-d229e51f5655?format=pdf"
"conscoo","conscoo GmbH","Berlin","12489","B","1","72000000","https://oeffentlichevergabe.de/api/notices/019fad0d-c8a6-4865-b197-1408c58c54e7?format=pdf"
"consenso consulting","consenso Consulting GmbH","Bielefeld","33607","B","1","72000000","https://oeffentlichevergabe.de/api/notices/a612477c-4f34-421b-a296-b8b02176a0ea?format=pdf"
"cos","COS GmbH","Oberkirch","77704","B","1","72260000","https://oeffentlichevergabe.de/api/notices/cfaf2ef9-27df-4edc-8f77-5b4ab6637440?format=pdf"
"cryptas it-security","CRYPTAS it-Security GmbH","Wien","1030","B","1","48000000","https://oeffentlichevergabe.de/api/notices/136c27f4-41a9-4ca9-8bdf-06d7e1d328fe?format=pdf"
"cubeserv","CubeServ GmbH","Raunheim","65479","B","1","72000000","https://oeffentlichevergabe.de/api/notices/e705ec63-3485-4770-bab6-d87649455aee?format=pdf"
"customquake","customQuake GmbH","Hamburg","22763","B","1","48000000;48480000;48481000","https://oeffentlichevergabe.de/api/notices/314a4dfe-450f-456b-b540-67f956894fa4?format=pdf"
"cybertec postgresql international","CYBERTEC PostgreSQL International GmbH","Wöllersdorf","2752","B","1","72000000;72200000;72212610","https://oeffentlichevergabe.de/api/notices/2668fa58-e718-4d75-8430-d14c16e7b017?format=pdf"
"d-i-e elektro","D-I-E Elektro AG","Jena","07745","B","1","48814200","https://oeffentlichevergabe.de/api/notices/eddff7a3-9727-4abd-b26a-8397d3e923ed?format=pdf"
"daimler buses","Daimler Buses GmbH","Leinenfelden-Echterdingen","70771","B","1","31158000;45311000;48000000","https://oeffentlichevergabe.de/api/notices/ebf9afcf-f811-4ac5-8751-9dc3859c51b2?format=pdf"
"dalco","DALCO AG","Volketswil","8604","B","1","30200000;30210000;30211100","https://oeffentlichevergabe.de/api/notices/3ee56fcf-1ccd-4b3c-91ba-d8f4ed237b65?format=pdf"
"damovo deutschland","Damovo Deutschland GmbH & Co. KG","Neu-Isenburg","63263","B","1","72000000","https://oeffentlichevergabe.de/api/notices/cfe2077c-7599-4ac8-b226-698a58c0ea4c?format=pdf"
"dan-it","Dan-IT GmbH","Ainring","83404","B","1","72000000","https://oeffentlichevergabe.de/api/notices/ca80cccb-d1cb-486a-8807-e19d341b28fd?format=pdf"
"data technology betriebsberatungs","Data Technology Betriebsberatungs GmbH & Co KG","Garching","85748","B","1","72000000;72220000;72224000","https://oeffentlichevergabe.de/api/notices/c80c49ea-0117-46c8-befc-4c449295b88c?format=pdf"
"datacenter one","Datacenter One Gmbh","Hilden","40724","B","1","32561000;72222300","https://oeffentlichevergabe.de/api/notices/a916ce27-06cf-4ac6-b1b5-50fe74f9e5a0?format=pdf"
"datagroup consulting services","DATAGROUP Consulting Services GmbH","Mainz","55129","B","1","48000000","https://oeffentlichevergabe.de/api/notices/c9a3c96f-e0e0-45b1-8585-a9e00cc9f41d?format=pdf"
"datagroup koeln","DATAGROUP Köln GmbH","Köln","51063","B","1","72250000","https://oeffentlichevergabe.de/api/notices/51992eb7-314b-4c1c-9c5c-5133c1648f31?format=pdf"
"datagroup ulm","DATAGROUP Ulm GmbH","Ulm","89077","B","1","72222300","https://oeffentlichevergabe.de/api/notices/0551d60b-7c78-40db-8109-52d183a79035?format=pdf"
"dataminr inc","Dataminr Inc.","NEW YORK","10016","B","1","48516000","https://oeffentlichevergabe.de/api/notices/2ecdfcf4-818d-4ef9-9386-85149fb31e9d?format=pdf"
"datenlotsen education systems","Datenlotsen Education Systems GmbH","Hamburg","20097","B","1","48190000;72262000;72263000","https://oeffentlichevergabe.de/api/notices/c79ca9b4-d5f1-40ef-bdcf-b83c7e04f2b0?format=pdf"
"dc-datacenter-group","DC-Datacenter-Group GmbH","Wallmenroth","57584","B","1","48800000","https://oeffentlichevergabe.de/api/notices/de7241f6-93b6-4749-a93e-9b826a853655?format=pdf"
"deloitte ip","Deloitte IP GmbH","Düsseldorf","40476","B","1","48000000;72260000","https://oeffentlichevergabe.de/api/notices/83914240-03fa-4da6-b72c-a5ad2783e1cc?format=pdf"
"deutsche telekom","Deutsche Telekom AG","Bonn","53113","B","1","72000000","https://oeffentlichevergabe.de/api/notices/c5f8ebd4-c4f2-418f-95ac-2f561e89dd6a?format=pdf"
"deutsche telekom business solutions gmbh lk nw","Deutsche Telekom Business Solutions GmbH LK NW","Düsseldorf","40547","B","1","64210000;72000000","https://oeffentlichevergabe.de/api/notices/029bb871-431e-4b29-bda2-c8ea79830ef4?format=pdf"
"devoteam","Devoteam GmbH","Frankfurt am Main","60311","B","1","72260000","https://oeffentlichevergabe.de/api/notices/b0775691-d1bc-4bba-a648-8273916f6209?format=pdf"
"dextradata gmbh in bewerbergemeinschaft mit dextradata grc technologies","DextraData GmbH (in Bewerbergemeinschaft mit DextraData GRC Technologies GmbH)","Essen","45131","B","1","48000000","https://oeffentlichevergabe.de/api/notices/d9570405-c7ce-4da8-8752-fde32614df1a?format=pdf"
"dextradata grc technologies","DextraData GRC Technologies GmbH","Essen","45131","B","1","72200000","https://oeffentlichevergabe.de/api/notices/3efb0b26-8b80-43c5-92ba-b17c2c3899b1?format=pdf"
"dextradata grc technologies gmbh in bewerbergemeinschaft mit dextradata","DextraData GRC Technologies GmbH (in Bewerbergemeinschaft mit DextraData GmbH)","Essen","45131","B","1","48000000","https://oeffentlichevergabe.de/api/notices/d9570405-c7ce-4da8-8752-fde32614df1a?format=pdf"
"digitale lernwelten","Digitale Lernwelten GmbH","Eichstätt","85072","B","1","72212000;72212500;72212930","https://oeffentlichevergabe.de/api/notices/53d41bc5-e0c3-4557-acdf-c12b59f12f91?format=pdf"
"digitas","Digitas","Köln","50676","B","1","72000000;72400000","https://oeffentlichevergabe.de/api/notices/ee249f98-5b5e-43b1-8af7-c770c9a9ed2c?format=pdf"
"dis","DIS AG","Düsseldorf","40547","B","1","72000000","https://oeffentlichevergabe.de/api/notices/8b38938a-fbcb-40cf-8e4a-606a98d1a8ab?format=pdf"
"dlr","DLR e.V.","Köln","51147","B","1","72000000","https://oeffentlichevergabe.de/api/notices/92f36594-b50b-48f5-9884-76fb474d8bc6?format=pdf"
"dooh media","DOOH media GmbH","Langenhagen","30855","B","1","48814000","https://oeffentlichevergabe.de/api/notices/28f82ecd-79fa-4bd9-ac53-f9223844e9c6?format=pdf"
"dotbase medical gmbh i gr","dotbase medical GmbH i. Gr.","Berlin","10967","B","1","48100000;72260000;72268000","https://oeffentlichevergabe.de/api/notices/5a719879-46e2-4935-99f3-77ce6e88b518?format=pdf"
"dr lauer + karrenbauer","Dr. Lauer + Karrenbauer GmbH","Saarbrücken","66115","B","1","48900000","https://oeffentlichevergabe.de/api/notices/e3221d56-0eea-41ce-a86c-26fb0951d6d8?format=pdf"
"dr lippke und dr wagner","Dr. Lippke und Dr. Wagner GmbH","Berlin","10717","B","1","72212100","https://oeffentlichevergabe.de/api/notices/7fd6477e-0ae4-4046-b5f7-983e626f1629?format=pdf"
"dr pape und co consulting","Dr. Pape & Co. Consulting GmbH","Berlin","10719","B","1","72227000;72260000;72261000","https://oeffentlichevergabe.de/api/notices/d1862fc3-17b1-4422-b012-0f0c50521476?format=pdf"
"dynatrace","Dynatrace GmbH","München","81829","B","1","72260000","https://oeffentlichevergabe.de/api/notices/6cced385-3ce8-4f23-b6d8-bc194afdf108?format=pdf"
"doenges","Dönges","Wermelskirchen","42929","B","1","30237280","https://oeffentlichevergabe.de/api/notices/02ccbb78-d131-4fba-99c7-2d8686bcce70?format=pdf"
"doerte wehmoeller","Dörte Wehmöller","Köln","50739","B","1","72413000","https://oeffentlichevergabe.de/api/notices/54f57e35-eb51-428b-90b4-7fffea1e4016?format=pdf"
"ebf","EBF GMBH","Köln","50968","B","1","48000000","https://oeffentlichevergabe.de/api/notices/54124830-d773-468b-b879-fab6176b9054?format=pdf"
"edp sciences","EDP Sciences","Les Ulis Cedex A","91944","B","1","64216200","https://oeffentlichevergabe.de/api/notices/f3faf91c-9de8-42a6-917d-c1bbef01d6f4?format=pdf"
"eebc european electrical buscompany","eebc European Electrical BusCompany GmbH","Frankfurt am Main","60549","B","1","31158000;45311000;48000000","https://oeffentlichevergabe.de/api/notices/ebf9afcf-f811-4ac5-8751-9dc3859c51b2?format=pdf"
"effexx its","effexx its GmbH","Netphen","57250","B","1","32571000;72250000","https://oeffentlichevergabe.de/api/notices/28953f8c-528d-43d4-b9d1-ed4bc959c5e8?format=pdf"
"eftas fernerkundung technologietransfer","EFTAS Fernerkundung Technologietransfer GmbH","Münster","48145","B","1","72200000","https://oeffentlichevergabe.de/api/notices/47de3014-8613-46b2-b5f7-5277327c89df?format=pdf"
"ehealth experts gmbh 1 mitglied der","eHealth Experts GmbH (1. Mitglied der  )","Dortmund","44263","B","1","48000000;48219100;72000000","https://oeffentlichevergabe.de/api/notices/d87e0fa2-a3d6-45fa-b2f0-1418087177dd?format=pdf"
"elektro-prueftechnik","Elektro-Prüftechnik","Bad Rappenau","74906","B","1","50324200","https://oeffentlichevergabe.de/api/notices/6a8a6ac7-5afc-4fc5-bc2b-ddbc81372ea5?format=pdf"
"ellamind","ellamind GmbH","Bremen","28217","B","1","72000000;72200000;72230000","https://oeffentlichevergabe.de/api/notices/6645e97c-e706-4346-ba5e-b99a7f4a1512?format=pdf"
"eloconnect","ELOconnect","Jever","26441","B","1","72000000","https://oeffentlichevergabe.de/api/notices/00f70b30-c592-4249-88ec-4a0dcf7834b1?format=pdf"
"eltro-gesellschaft fuer elektro-und anlagenbau","ELTRO-Gesellschaft für Elektro- und Anlagenbau GmbH","Brandenburg an der Havel","14770","B","1","72260000","https://oeffentlichevergabe.de/api/notices/23049c46-e2ad-4259-8781-581127876285?format=pdf"
"emagine-bid management","emagine - Bid Management","Frankfurt","60468","B","1","72000000;72200000","https://oeffentlichevergabe.de/api/notices/bb53b292-a02b-43b7-a566-5a7f7de0ed7e?format=pdf"
"energieversorgung oberhausen","Energieversorgung Oberhausen AG","Oberhausen","46045","B","1","32400000;48000000","https://oeffentlichevergabe.de/api/notices/bf6e9f92-3263-4c61-9cd1-3960b1fcbdfa?format=pdf"
"entserv deutschland","EntServ Deutschland GmbH","Böblingen","71034","B","1","72000000;72212000;72262000","https://oeffentlichevergabe.de/api/notices/9b19a146-40a5-41d2-a791-b12c7ae7c8e2?format=pdf"
"epic","Epic","Verona","WI 53593","B","1","48100000;72268000","https://oeffentlichevergabe.de/api/notices/f9801885-9979-47c6-a00d-a3912a19e250?format=pdf"
"eplus3d tech","EPlus3D Tech GmbH","Ludwigsburg","71636","B","1","30232100","https://oeffentlichevergabe.de/api/notices/09ef25a1-7b26-40dc-8167-7712bb6ac567?format=pdf"
"essemtec","Essemtec AG","Aesch/LU","6287","B","1","48921000","https://oeffentlichevergabe.de/api/notices/385c1033-928b-424b-8099-f9db284c39d6?format=pdf"
"evoila ingolstadt","evoila Ingolstadt GmbH","Gaimersheim","85080","B","1","72000000","https://oeffentlichevergabe.de/api/notices/d5439eb8-01b0-43ca-a27e-c0cdc0aa4790?format=pdf"
"expertplace networks group","expertplace networks group AG","Köln","50968","B","1","72000000","https://oeffentlichevergabe.de/api/notices/fdc7d349-e01d-47e9-8f87-bb4d8ad87dd7?format=pdf"
"explicatis","Explicatis GmbH","Köln","50858","B","1","72000000;72212100;72212220","https://oeffentlichevergabe.de/api/notices/26c10486-9c06-4a3c-a101-49b0da61690f?format=pdf"
"extra computer","EXTRA Computer GmbH","Giengen-Sachsenhausen","89537","B","1","48820000","https://oeffentlichevergabe.de/api/notices/d0ae44a6-f95f-4340-8662-21ef78ce39e5?format=pdf"
"ey tax gmbh steuerberatungsgesellschaft","EY Tax GmbH Steuerberatungsgesellschaft","Berlin","10117","B","1","72000000;72221000;79411100","https://oeffentlichevergabe.de/api/notices/814d1b66-501c-400a-b9f0-1c9834318fb8?format=pdf"
"eye security","Eye Security GmbH","Duisburg","47119","B","1","72000000;72300000","https://oeffentlichevergabe.de/api/notices/0ca709d5-569d-45eb-ae41-c42fb37c8794?format=pdf"
"fa edv services peter grosshauser","Fa. EDV Services Peter Großhauser","Fischbachau","83730","B","1","72000000","https://oeffentlichevergabe.de/api/notices/52bcde75-2810-475f-9f2c-e35d7bd20e0c?format=pdf"
"fazit communication","Fazit Communication","Frankfurt","60486","B","1","72000000;72400000","https://oeffentlichevergabe.de/api/notices/ee249f98-5b5e-43b1-8af7-c770c9a9ed2c?format=pdf"
"fichtner management consulting","FICHTNER MANAGEMENT CONSULTING AG","Stuttgart","70191","B","1","72000000","https://oeffentlichevergabe.de/api/notices/60c24c2d-162b-4078-81c4-def7071bd91b?format=pdf"
"ficus health","FICUS Health GmbH","Berlin","13355","B","1","48180000;72212180","https://oeffentlichevergabe.de/api/notices/d652a5f8-1a3a-49fe-8af3-e2628e3c1924?format=pdf"
"finanz-data","Finanz-Data GmbH","Gotha","99867","B","1","72000000","https://oeffentlichevergabe.de/api/notices/a5071d5e-24e4-492c-8a6c-39a461723c0e?format=pdf"
"fnt","FNT GmbH","Ellwangen","73479","B","1","72000000","https://oeffentlichevergabe.de/api/notices/0ae6051d-0c22-4456-a07a-ce79c6a842ce?format=pdf"
"forestarius","Forestarius e.K.","Wetzlar","35584","B","1","72224000;79421000","https://oeffentlichevergabe.de/api/notices/a64770b9-048d-42ee-9955-04ed2eab647d?format=pdf"
"fraunhofer-institut fuer graphische datenverarbeitung","Fraunhofer-Institut für Graphische Datenverarbeitung","Rostock","18059","B","1","72000000;73000000","https://oeffentlichevergabe.de/api/notices/a44f21d3-003b-4cbc-a4d1-c3a90288e475?format=pdf"
"fraunhofer-institut fuer kommunikation informationsverarbeitung und ergonomie fkie","Fraunhofer-Institut für Kommunikation, Informationsverarbeitung und Ergonomie (FKIE)","Wachtberg","53343","B","1","72200000","https://oeffentlichevergabe.de/api/notices/df51c75f-4649-4c9f-be98-a5b5e0650d24?format=pdf"
"frequentis deutschland gmbh und ise","Frequentis Deutschland GmbH & ISE GmbH","Neu-Isenburg","63263","B","1","51610000","https://oeffentlichevergabe.de/api/notices/76b21ce2-928d-4169-a9c9-25e95090193a?format=pdf"
"fsas technologies gmbh dresden","Fsas Technologies GmbH Dresden","Dresden","01139","B","1","72200000","https://oeffentlichevergabe.de/api/notices/d51d4fef-5610-40e9-9e2d-f311a44fc983?format=pdf"
"fuchsfabrik digitalagentur","Fuchsfabrik Digitalagentur","Wien","1080","B","1","72413000","https://oeffentlichevergabe.de/api/notices/ebf0316c-dc1d-4aff-9f0c-9601ef0834b6?format=pdf"
"fujitsu services","Fujitsu Services GmbH","München","80807","B","1","72000000","https://oeffentlichevergabe.de/api/notices/d0763181-024e-477f-a209-c56451fcab40?format=pdf"
"fwu institut fuer film und bild in wissenschaft und unterricht gemeinnuetzige","FWU Institut für Film und Bild in Wissenschaft und Unterricht gemeinnützige GmbH","Grünwald","82031","B","1","72250000;72260000","https://oeffentlichevergabe.de/api/notices/bcaf1da2-cacd-4659-b79b-ab878caa6fa8?format=pdf"
"g e o s ingenieurgesellschaft","G.E.O.S. Ingenieurgesellschaft mbH","Halsbrücke","09633","B","1","72222300","https://oeffentlichevergabe.de/api/notices/5d8b9071-3253-41c0-a77f-c9317030fc2e?format=pdf"
"gebit muenster","GEBIT Münster GmbH & Co. KG","Münster","48149","B","1","48100000;72260000","https://oeffentlichevergabe.de/api/notices/cbc4a1b0-7697-4f80-b873-7e3e2b3d2f53?format=pdf"
"geoinformatikbuero dassau","Geoinformatikbüro Dassau GmbH","Düsseldorf","40237","B","1","38221000;48000000;72000000","https://oeffentlichevergabe.de/api/notices/dacdfbea-6b00-4225-bdf1-4e11dc456184?format=pdf"
"geomage 2003","Geomage 2003 Ltd.","Modiin","7178102","B","1","72260000;72268000","https://oeffentlichevergabe.de/api/notices/c4189a6a-a67c-4eb4-bb4e-9447f2c88d99?format=pdf"
"geomagic","GEOMAGIC GmbH","Leipzig","04129","B","1","48000000;72000000;72200000","https://oeffentlichevergabe.de/api/notices/7e884b64-56ab-49b5-9036-9a64f5ac99b6?format=pdf"
"geva group","GEVA Group AG","Aachen","52074","B","1","72310000","https://oeffentlichevergabe.de/api/notices/66a58b7b-67ff-4205-ab85-fcfb7c6aa7c6?format=pdf"
"gis consult","GIS Consult GmbH","Haltern am See","45721","B","1","72200000","https://oeffentlichevergabe.de/api/notices/688c9709-9540-4d74-a980-cca4863d2581?format=pdf"
"gonicus","GONICUS GmbH","Arnsberg","59755","B","1","72200000;72210000;72220000","https://oeffentlichevergabe.de/api/notices/13fae2d5-6a0f-48eb-8b4c-6c40955c9f0a?format=pdf"
"graphomate","graphomate GmbH","Kiel","24105","B","1","72000000","https://oeffentlichevergabe.de/api/notices/94c273ed-6897-4008-acb5-83f43cb24eb0?format=pdf"
"green it","Green IT GmbH","Dortmund","44227","B","1","30210000;30213100","https://oeffentlichevergabe.de/api/notices/4b333639-45b4-4adc-aa68-6b9b8540ea8e?format=pdf"
"greenbone networks","Greenbone Networks GmbH","Osnabrück","49074","B","1","48000000","https://oeffentlichevergabe.de/api/notices/376cb912-0bc3-47eb-89e5-efe58bed4f24?format=pdf"
"grobmeier solutions","Grobmeier Solutions GmbH","Leverkusen","51379","B","1","72200000","https://oeffentlichevergabe.de/api/notices/55c45bba-31fa-4a28-b95d-00b38153cf3c?format=pdf"
"h und g hansen und gieraths it solutions gmbh/public edge","H & G Hansen & Gieraths IT Solutions GmbH/Public Edge GmbH","Bonn","53111","B","1","30233000;30233100","https://oeffentlichevergabe.de/api/notices/0f3d96bf-c9b4-436a-893d-5a7ef4eb4876?format=pdf"
"hackerone inc","HackerOne Inc.","San Francisco","94104","B","1","72200000;72222300","https://oeffentlichevergabe.de/api/notices/061aa5db-a85c-4e50-b312-eeb36424ac1e?format=pdf"
"hagedorn informationssysteme","Hagedorn Informationssysteme GmbH","Uplengen / Großoldendorf","26670","B","1","72000000","https://oeffentlichevergabe.de/api/notices/08227523-6cf0-481b-a918-711b99bb8b72?format=pdf"
"hansecom ptts","HanseCom PTTS GmbH","Hamburg","20097","B","1","48000000;72000000;72212000","https://oeffentlichevergabe.de/api/notices/021bce03-3a4b-4d46-8e10-e3937e39909a?format=pdf"
"health information management","Health Information Management GmbH","Bad Homburg","61348","B","1","48180000;48814200;48814500","https://oeffentlichevergabe.de/api/notices/f28f64f0-b56d-47b0-9da7-64b28bd87248?format=pdf"
"helm walter it-solutions","Helm Walter IT-Solutions GmbH","Dresden","01069","B","1","72262000","https://oeffentlichevergabe.de/api/notices/4cc54778-d285-475b-b077-a570ec3d534f?format=pdf"
"hensoldt sensors","HENSOLDT Sensors GmbH","Taufkirchen","82024","B","1","72000000","https://oeffentlichevergabe.de/api/notices/d0defa11-a23e-49ca-a3f9-c850e49974b5?format=pdf"
"hermann kessler","Hermann Kessler","Augsburg","86199","B","1","72000000","https://oeffentlichevergabe.de/api/notices/33276194-5d83-4911-b5ac-b7daea238934?format=pdf"
"hermes medical solutions ab","Hermes Medical Solutions AB","Stockholm","11251","B","1","33115100;48180000","https://oeffentlichevergabe.de/api/notices/d2199fc1-951f-4216-afc2-181ca4f87f98?format=pdf"
"heusch/boesefeldt","Heusch/Boesefeldt GmbH","Aachen","52078","B","1","72211000","https://oeffentlichevergabe.de/api/notices/7a15c8b2-5ae4-4af7-841e-7282a1cc0baf?format=pdf"
"heydt-verlags-gmbh","Heydt-Verlags-GmbH","Rottenburg","72108","B","1","48311000;72512000;79999100","https://oeffentlichevergabe.de/api/notices/60dbacff-6427-4948-b277-90a59288c1b8?format=pdf"
"hlkomm telekommunikations","HLkomm Telekommunikations GmbH","Leipzig","04107","B","1","72000000;72400000","https://oeffentlichevergabe.de/api/notices/28a58577-bb9c-4a55-82ab-6727c9e1f2e5?format=pdf"
"hlkomm-telekommunikations","HLkomm-Telekommunikations GmbH","Leipzig","04107","B","1","64214400","https://oeffentlichevergabe.de/api/notices/86ed6306-e3a2-4f7b-ae42-8c8817c7a545?format=pdf"
"hp schmitz x digital","HP Schmitz X Digital GmbH","Hamburg","22767","B","1","30232100","https://oeffentlichevergabe.de/api/notices/c94e7533-c371-47c3-aadf-870aa41114ad?format=pdf"
"hpc dual deutschland","hpc DUAL Deutschland GmbH","Berlin","13156","B","1","64216120","https://oeffentlichevergabe.de/api/notices/07751542-bcd3-4b53-a000-c7ad75e4f777?format=pdf"
"hsdgmbh","HSDGmbH","Bremen","28199","B","1","48420000;48421000;72260000","https://oeffentlichevergabe.de/api/notices/99f51a1c-6472-437d-83f5-53c37ffd2255?format=pdf"
"hsh soft-und hardware vertriebs","HSH Soft- und Hardware Vertriebs GmbH","Ahrensfelde","16356","B","1","48100000","https://oeffentlichevergabe.de/api/notices/8dd01f67-1437-4a77-91d1-bba85f93c603?format=pdf"
"hvcc hamburg vessel coordination center","HVCC Hamburg Vessel Coordination Center GmbH","Hamburg","20457","B","1","48100000","https://oeffentlichevergabe.de/api/notices/98783d19-6763-4f16-ab3b-0713c9a31273?format=pdf"
"ibh connect","IBH connect GmbH","Dresden","01189","B","1","48820000","https://oeffentlichevergabe.de/api/notices/7ae23332-a1e5-42f7-b78d-b367ed45e16c?format=pdf"
"ibr ges fuer geoinformation","ibR Ges. für Geoinformation mbH","Bonn","53177","B","1","72267000","https://oeffentlichevergabe.de/api/notices/62dec6dc-5023-45c6-993b-a965fa7a04c9?format=pdf"
"ibsolution","IBsolution GmbH","Heilbronn","74076","B","1","72000000","https://oeffentlichevergabe.de/api/notices/e705ec63-3485-4770-bab6-d87649455aee?format=pdf"
"idm","IDM gGmbH","Hamburg","20251","B","1","48000000;48180000;48314000","https://oeffentlichevergabe.de/api/notices/f8b1731d-e801-4940-843f-c65da638d041?format=pdf"
"imec vzw","IMEC vzw","Leuven","3001","B","1","30237000","https://oeffentlichevergabe.de/api/notices/b4c0c368-370f-4d38-bf9f-1eb799a25b66?format=pdf"
"immomio","Immomio GmbH","Hamburg","20457","B","1","72263000;72265000;72267000","https://oeffentlichevergabe.de/api/notices/99abb9b4-94c5-4f36-b343-0bc40146baab?format=pdf"
"imory one","Imory One GmbH","München","80687","B","1","48000000","https://oeffentlichevergabe.de/api/notices/2373e5a0-8540-40ad-a50f-0780d6d7e868?format=pdf"
"inklusion-digital","Inklusion-Digital GmbH","Berlin","10997","B","1","48190000","https://oeffentlichevergabe.de/api/notices/acdfaa51-7284-4c61-b725-9b91d27df4cd?format=pdf"
"inscopus","INSCOPUS GmbH","Haar bei München","85540","B","1","72000000","https://oeffentlichevergabe.de/api/notices/3c73d8ae-b056-4658-9dd5-8886d7cc8fe4?format=pdf"
"insignion management consulting","Insignion Management Consulting GmbH","Frankfurt am Main","60528","B","1","72000000","https://oeffentlichevergabe.de/api/notices/4051ccb1-1469-4463-9490-d5c78a133f88?format=pdf"
"insynergie gmbh-vertreten durch 2av","inSynergie GmbH - vertreten durch 2av GmbH","Ulm","89073","B","1","32322000;72212100","https://oeffentlichevergabe.de/api/notices/52f2ecd3-81ca-4ba1-bcd6-17c7215f78aa?format=pdf"
"intec computer systeme","Intec Computer Systeme GmbH","Berlin","10587","B","1","30200000","https://oeffentlichevergabe.de/api/notices/ae162855-43f7-404d-9650-509a5c27163d?format=pdf"
"intense","INTENSE AG","Würzburg","97080","B","1","72250000","https://oeffentlichevergabe.de/api/notices/bd3ed230-3989-4b20-b519-5d77d9731bae?format=pdf"
"io2026170121","IO2026170121","Rostock","18057","B","1","48000000;72268000","https://oeffentlichevergabe.de/api/notices/bb940b8e-969d-4652-aa02-c0465beaedec?format=pdf"
"ippen digital media","Ippen Digital Media GmbH","München","80336","B","1","72000000;72400000","https://oeffentlichevergabe.de/api/notices/ee249f98-5b5e-43b1-8af7-c770c9a9ed2c?format=pdf"
"iqvia health system services","IQVIA Health System Services GmbH","Leipzig","04316","B","1","72000000;79000000","https://oeffentlichevergabe.de/api/notices/9bb6bbfc-84f2-421c-bcac-138f31d48a3a?format=pdf"
"isibocs","iSiBocs GmbH","Hamburg","22335","B","1","72000000","https://oeffentlichevergabe.de/api/notices/fbdef8da-5da7-4aa7-b2f4-1e4614a1a08b?format=pdf"
"it4transformation","IT4Transformation GbR","Nürnberg","90402","B","1","72000000","https://oeffentlichevergabe.de/api/notices/5919b28b-7af2-4987-8081-39c4bf29e16a?format=pdf"
"itesys de","itesys DE GmbH","München","80331","B","1","72000000;72250000;72253200","https://oeffentlichevergabe.de/api/notices/d5908f83-1b44-4527-8552-cab97e895cb6?format=pdf"
"jaemacom","Jaemacom","Berlin","10247","B","1","72000000","https://oeffentlichevergabe.de/api/notices/df00e945-c58e-4548-909d-6f21c679aa83?format=pdf"
"jamoin","JaMoin GmbH","Hamburg","20255","B","1","72000000;72230000;72421000","https://oeffentlichevergabe.de/api/notices/8256d866-7b4c-40eb-bd8b-22ccd57ef3cd?format=pdf"
"jatosha","jatosha GmbH","München","80639","B","1","72000000","https://oeffentlichevergabe.de/api/notices/4c653247-f9c5-4e84-bba1-471bcb5fae27?format=pdf"
"johnson und johnson medical gmbh geschaeftsbereich electrophysiology","Johnson & Johnson Medical GmbH Geschäftsbereich Electrophysiology","Norderstedt","22851","B","1","48180000;50400000;50421000","https://oeffentlichevergabe.de/api/notices/fbee3b8e-6476-4034-ba8d-6fb718d48249?format=pdf"
"kappel und dierolf","Kappel & Dierolf GmbH & Co. KG","Wendlingen am Neckar","73240","B","1","30232110","https://oeffentlichevergabe.de/api/notices/683e909a-fb39-47e6-a304-1ba2cf8ab89d?format=pdf"
"kaprion technologies","KAPRION Technologies GmbH","Dresden","01217","B","1","72000000;72200000","https://oeffentlichevergabe.de/api/notices/73d72df9-e325-4dbc-be17-298b0aec6920?format=pdf"
"kathi herrmann","Kathi Herrmann","Hannover","30179","B","1","42991200;48773000","https://oeffentlichevergabe.de/api/notices/63bfea1d-999f-4396-96ff-b89eb6362ce9?format=pdf"
"kiwi consulting edv-beratung","KIWI Consulting EDV-Beratung GmbH","Weinsberg","74189","B","1","72000000","https://oeffentlichevergabe.de/api/notices/9c9c3b84-66df-4cd2-96ad-232de02bf2d4?format=pdf"
"kmg advisory","KMG Advisory GmbH & Co. KG","Eschborn","65760","B","1","48211000;72212211","https://oeffentlichevergabe.de/api/notices/7b886f9d-6a01-4e9a-a4d0-edc00c322161?format=pdf"
"kompetenzzentrum digitale wasserwirtschaft gemeinnuetzige","Kompetenzzentrum Digitale Wasserwirtschaft gemeinnützige GmbH","Essen","45128","B","1","72000000;72600000;72610000","https://oeffentlichevergabe.de/api/notices/feead2ec-057b-45f4-8075-13b3adfb89e6?format=pdf"
"kps pruefservice","KPS Prüfservice GmbH","Hirschberg","69493","B","1","50324200","https://oeffentlichevergabe.de/api/notices/6a8a6ac7-5afc-4fc5-bc2b-ddbc81372ea5?format=pdf"
"lancom systems","LANCOM Systems","Würselen","52146","B","1","30210000;48220000;72260000","https://oeffentlichevergabe.de/api/notices/25570539-66af-4f1d-bf28-96bc1894271a?format=pdf"
"lcsi saas operations services","LCSI SaaS Operations Services GmbH","Potsdam","14469","B","1","72000000","https://oeffentlichevergabe.de/api/notices/019f1253-525a-41c7-8cda-aab944d9fdd0?format=pdf"
"lecare","LECARE GmbH","Hamburg","20249","B","1","48000000","https://oeffentlichevergabe.de/api/notices/6354de31-c57a-4453-825b-1759a5dff232?format=pdf"
"leitwerk consulting","LEITWERK Consulting GmbH","München","80992","B","1","72000000;72224000","https://oeffentlichevergabe.de/api/notices/eed98935-b788-4aaf-b850-ea4fce18fe4f?format=pdf"
"lerngut-bildungsmedien","lerngut-Bildungsmedien","Göttingen","37083","B","1","48190000","https://oeffentlichevergabe.de/api/notices/6bb3d3a3-a9c4-47a3-a4cd-ac39bc0293ed?format=pdf"
"limes datentechnik","limes datentechnik GmbH","Bad Homburg v. d. H.","61348","B","1","48000000","https://oeffentlichevergabe.de/api/notices/40753301-0945-44fc-a785-7c2dc0825a2e?format=pdf"
"lipinski telekom","LIPINSKI TELEKOM GmbH","Berlin","13409","B","1","32551000;72000000","https://oeffentlichevergabe.de/api/notices/4aafa076-dceb-44af-9597-c7e5c78e0dc7?format=pdf"
"loy und hutz solutions","Loy & Hutz Solutions GmbH","Freiburg","79110","B","1","48000000;48421000;72212421","https://oeffentlichevergabe.de/api/notices/2c333b36-7eaf-400e-bc9e-efa04fe97475?format=pdf"
"ls computersysteme","LS Computersysteme GmbH & Co. KG","Langenfeld","40764","B","1","48820000","https://oeffentlichevergabe.de/api/notices/90f761b9-a670-4282-8f99-cafe73e2566c?format=pdf"
"lufthansa technik","Lufthansa Technik AG","Hamburg","22335","B","1","72000000","https://oeffentlichevergabe.de/api/notices/aa098f78-2b2d-42f9-b1a6-bb77a045846c?format=pdf"
"lw it secure","LW IT Secure GmbH","Idstein","65510","B","1","32400000;32424000;48000000","https://oeffentlichevergabe.de/api/notices/a409c746-32f5-4d68-803b-c44296cf7776?format=pdf"
"m2 technology und project consulting","M2. technology & project consulting GmbH","Berlin","10437","B","1","48610000;72260000;75110000","https://oeffentlichevergabe.de/api/notices/c4c151c3-aab9-4335-af39-04e430301d4c?format=pdf"
"mach:idee ingenieurbuero r mach","mach:Idee Ingenieurbüro R. Mach","Wörth am Rhein","76744","B","1","72000000","https://oeffentlichevergabe.de/api/notices/57553b7d-f044-4e8d-93e7-887abf0600c7?format=pdf"
"marc philipp","Marc Philipp","Leverkusen","51379","B","1","72200000","https://oeffentlichevergabe.de/api/notices/55c45bba-31fa-4a28-b95d-00b38153cf3c?format=pdf"
"mareval","Mareval AG","Hamburg","21029","B","1","48000000;72263000;72267000","https://oeffentlichevergabe.de/api/notices/f489551e-3adc-40fa-87b2-961aa0ac526b?format=pdf"
"maximaa system","Maximaa System UG","Geseke","59590","B","1","48810000;72200000;72262000","https://oeffentlichevergabe.de/api/notices/8aecdca1-71a7-4b62-bf6d-67c0a9c996bb?format=pdf"
"maxxys","MAXXYS AG","Butzbach","35510","B","1","48000000;72267100;72268000","https://oeffentlichevergabe.de/api/notices/d2162215-24ea-4b68-92e0-6eeb063c28ad?format=pdf"
"media markt bamberg tv-hifi-elektro","Media Markt Bamberg TV-Hifi-Elektro GmbH","Bamberg","96052","B","1","30213200;30213300;30237200","https://oeffentlichevergabe.de/api/notices/6bf29cbb-a609-495f-b6aa-a8850aebd285?format=pdf"
"medianetics","Medianetics GmbH","Weilerswist","53919","B","1","30121000;30232100","https://oeffentlichevergabe.de/api/notices/52e005b5-ec52-47e1-bd7c-ba6190b5fcbc?format=pdf"
"medienhandel kay gollhardt","Medienhandel Kay Gollhardt e.K.","Hamburg","22767","B","1","48190000","https://oeffentlichevergabe.de/api/notices/566a264d-555e-4ab9-86ae-b67a42fdcffb?format=pdf"
"meltwater deutschland","Meltwater Deutschland GmbH","Berlin","10179","B","1","48000000","https://oeffentlichevergabe.de/api/notices/9f0b87ff-38e9-44b9-9982-97ba85f5ac37?format=pdf"
"metacomp gmbh computer und netzwerke","MetaComp GmbH Computer & Netzwerke","Stuttgart","70565","B","1","30200000","https://oeffentlichevergabe.de/api/notices/b9eed348-51c3-45cf-af77-d3b3f92fd992?format=pdf"
"metin yazar","Metin Yazar","Garching bei München","85748","B","1","30232140","https://oeffentlichevergabe.de/api/notices/b82b356b-658d-49ea-9b0c-1dda421aa45a?format=pdf"
"mgm technology partners","mgm technology partners GmbH","München","80807","B","1","72222300","https://oeffentlichevergabe.de/api/notices/f4a89050-7fd6-4f1a-acfa-40068168e3bf?format=pdf"
"mie","MiE GmbH","Seth","23845","B","1","33115100;48180000","https://oeffentlichevergabe.de/api/notices/d2199fc1-951f-4216-afc2-181ca4f87f98?format=pdf"
"mitglied 1: cimt consulting","Mitglied 1: cimt consulting ag","Hamburg","20099","B","1","72000000;72220000;72267000","https://oeffentlichevergabe.de/api/notices/b1579da5-4d11-49b8-959d-3d01a109d661?format=pdf"
"mitglied 2 der cimt services","Mitglied 2 der   cimt services ag","Hamburg","20099","B","1","72000000;72220000;72267000","https://oeffentlichevergabe.de/api/notices/b1579da5-4d11-49b8-959d-3d01a109d661?format=pdf"
"movingimage evp","movingimage EVP GmbH","Berlin","10961","B","1","48000000","https://oeffentlichevergabe.de/api/notices/d5f6223d-a0b0-4c0b-bff2-3e02fcd60a3a?format=pdf"
"munich medical devices","Munich Medical Devices GmbH","München","81369","B","1","30232100","https://oeffentlichevergabe.de/api/notices/b9e4bb6d-2e98-449a-9772-0dd07ef2314f?format=pdf"
"muse electronics","MUSE Electronics GmbH.","Wien","1090","B","1","30213100","https://oeffentlichevergabe.de/api/notices/39326196-4072-47f9-8b5e-cf3c9a61e9f0?format=pdf"
"my humancapital","MY Humancapital GmbH","München","80636","B","1","72000000","https://oeffentlichevergabe.de/api/notices/8b38938a-fbcb-40cf-8e4a-606a98d1a8ab?format=pdf"
"mzd services gmbh 2 mitglied der","mzd services GmbH (2. Mitglied der  )","Dortmund","44263","B","1","48000000;48219100;72000000","https://oeffentlichevergabe.de/api/notices/d87e0fa2-a3d6-45fa-b2f0-1418087177dd?format=pdf"
"ncino germany","nCino Germany GmbH","Frankfurt am Main","60322","B","1","48100000;72261000;72263000","https://oeffentlichevergabe.de/api/notices/641f40b5-31ce-4950-9752-ed1deb02a52e?format=pdf"
"nds netzwerksysteme","nds Netzwerksysteme GmbH","Metzingen","72555","B","1","30237260;32324000;32340000","https://oeffentlichevergabe.de/api/notices/a1c780be-6c0e-47cc-b4ee-d5b342a15857?format=pdf"
"netgo sued","netgo Süd GmbH","Sindelfingen","71065","B","1","72212710;72212760","https://oeffentlichevergabe.de/api/notices/1799fd7d-d455-45ec-84b3-f267bdf5d0e2?format=pdf"
"new work","New Work SE","Hamburg","20459","B","1","48000000;48450000","https://oeffentlichevergabe.de/api/notices/6c51386e-3f1f-4a4b-a630-9c7e337323a9?format=pdf"
"nexbib","Nexbib GmbH","Reutlingen","72764","B","1","30238000","https://oeffentlichevergabe.de/api/notices/b14601fa-0ed1-48a4-a6ae-fc862037e45d?format=pdf"
"nicht veroeffentlicht aus geheimschutzgruenden","Nicht veröffentlicht aus Geheimschutzgründen","Geheim","00000","B","1","72514000","https://oeffentlichevergabe.de/api/notices/8d4f4c2e-96cb-4b03-a7d8-14095ad0c6d9?format=pdf"
"noris automation","NORIS Automation GmbH","Nürnberg","90429","B","1","30237475","https://oeffentlichevergabe.de/api/notices/954abff5-0936-4ee3-95b1-23a5286d8cd2?format=pdf"
"octo education","octo education GmbH","Hamburg","20097","B","1","72000000;72268000","https://oeffentlichevergabe.de/api/notices/a0c16475-4dab-474f-9622-6c44ee79cdbe?format=pdf"
"oediv secusys","OEDIV SecuSys GmbH","Rostock","18146","B","1","72222300","https://oeffentlichevergabe.de/api/notices/1ed73f45-5223-4a2d-96eb-d8c084524b5b?format=pdf"
"off limits it services","OFF LIMITS IT Services GmbH","Bornheim","53332","B","1","48000000;48100000;48700000","https://oeffentlichevergabe.de/api/notices/462ed4e1-7514-4abf-bacf-5141abc346a3?format=pdf"
"okeanos smart data solutions seba hydrometrie gmbh und co kg riwa gmbh vertreten durch die okeanos smart data solutions","Okeanos Smart Data Solutions, SEBA Hydrometrie GmbH & Co. KG, RIWA GmbH vertreten durch die Okeanos Smart Data Solutions","Bochum","44787","B","1","35125100;38290000;72263000","https://oeffentlichevergabe.de/api/notices/6d5ce482-68bb-4e1c-80a6-492dc2e950ba?format=pdf"
"onventis","Onventis GmbH","Stuttgart","70565","B","1","72000000;72212100","https://oeffentlichevergabe.de/api/notices/da11efa3-ff5c-4c50-a16a-eca9c9178f38?format=pdf"
"openai llc","OpenAI, LLC","San Francisco","94104","B","1","48000000","https://oeffentlichevergabe.de/api/notices/9b341062-97cf-496b-a51a-a0bd8b800345?format=pdf"
"operational services","operational services GmbH & Co. KG","Frankfurt am Main","60549","B","1","51600000;72000000;72220000","https://oeffentlichevergabe.de/api/notices/204d57f8-824f-41b2-88c7-151db8df65f7?format=pdf"
"orbit gesellschaft fuer applikations-und informationssysteme","ORBIT Gesellschaft für Applikations-und Informationssysteme mbH","Bonn","53175","B","1","72000000","https://oeffentlichevergabe.de/api/notices/e3e3462d-676a-4738-b349-acd914ec6df0?format=pdf"
"ovh","OVH GmbH","Köln","50825","B","1","72000000;72300000;72400000","https://oeffentlichevergabe.de/api/notices/a25093a9-742a-4eb4-aa0b-07474054157a?format=pdf"
"p36","p36 GmbH","Bad Hersfeld","36251","B","1","72000000","https://oeffentlichevergabe.de/api/notices/8b77106b-8025-4ade-b23b-4d1f40f85b8e?format=pdf"
"paul ruester und co","Paul Rüster & Co. GmbH","Stahnsdorf","14532","B","1","30237475","https://oeffentlichevergabe.de/api/notices/954abff5-0936-4ee3-95b1-23a5286d8cd2?format=pdf"
"payone","PAYONE GmbH","Frankfurt am Main","60528","B","1","30145000;48110000;72220000","https://oeffentlichevergabe.de/api/notices/cc1e81fc-14cb-48e7-b5a4-76e095a804cd?format=pdf"
"peak mobility","Peak Mobility GmbH","Berlin","10117","B","1","72267000","https://oeffentlichevergabe.de/api/notices/f38246fa-44e5-448f-92a6-9e2145eed472?format=pdf"
"pentadoc","Pentadoc AG","Würzburg","97072","B","1","72000000","https://oeffentlichevergabe.de/api/notices/d2618a71-eb4f-4a76-b87d-c7190c0af113?format=pdf"
"pepperhost it-solutions","Pepperhost IT-Solutions GmbH","Rostock","18069","B","1","72000000","https://oeffentlichevergabe.de/api/notices/c0cae5cd-85ba-46da-a1c3-324e66bc5e03?format=pdf"
"phi-consulting","phi-Consulting GmbH","Bochum","44801","B","1","72000000;72220000","https://oeffentlichevergabe.de/api/notices/7cec7301-f638-4428-8e9a-d5d0d69371ef?format=pdf"
"planersocietaet frehn steinberg partner","Planersocietät Frehn Steinberg Partner GmbH","Karlsruhe","76133","B","1","71000000;72000000","https://oeffentlichevergabe.de/api/notices/52d600ea-cda6-4a91-b08d-615d1cc7f3d9?format=pdf"
"planon gmbh deutschland","Planon GmbH (Deutschland)","Frankfurt am Main","60329","B","1","72000000;72200000;72267100","https://oeffentlichevergabe.de/api/notices/b86e3bd8-cf25-415c-886a-d3a51db9b817?format=pdf"
"pluxee deutschland","Pluxee Deutschland GmbH","Frankfurt am Main","60528","B","1","72000000;72268000","https://oeffentlichevergabe.de/api/notices/379cb13f-efde-451c-bfd3-291d61255b53?format=pdf"
"pmcs","PMCS GmbH & Co. KG","Idstein","65510","B","1","72000000","https://oeffentlichevergabe.de/api/notices/262b13b1-e690-4f7d-970b-a5e81ed7cc70?format=pdf"
"pmedien","pmedien GmbH","München","80333","B","1","72000000;72200000;72230000","https://oeffentlichevergabe.de/api/notices/d05410c0-74d5-4471-adc5-cb66a614501c?format=pdf"
"point cloud technology","Point Cloud Technology GmbH","Potsdam","14482","B","1","48000000;72212517;72222300","https://oeffentlichevergabe.de/api/notices/52e60643-8948-4546-81f2-fd5848daef5b?format=pdf"
"point edv-inh jens teske","Point EDV - Inh. Jens Teske","Nieheim","33039","B","1","30200000","https://oeffentlichevergabe.de/api/notices/4cfe07f8-e6ee-4db7-a4b3-f92642780e00?format=pdf"
"positive group chemnitz","Positive Group Chemnitz GmbH","Chemnitz","09113","B","1","48000000","https://oeffentlichevergabe.de/api/notices/f81e1968-668a-443e-80fb-c2a5227cbe92?format=pdf"
"preventicus","Preventicus GmbH","Jena","07743","B","1","72260000;72268000;85100000","https://oeffentlichevergabe.de/api/notices/1609e4d7-f401-4f70-b8f1-39ef0cc2e660?format=pdf"
"price systems limited zweigniederlassung ruesselsheim","PRICE Systems Limited Zweigniederlassung Rüsselsheim","Rüsselsheim","65428","B","1","48000000;48600000","https://oeffentlichevergabe.de/api/notices/689cc9be-3057-44a7-b731-cc9563a22817?format=pdf"
"prisma europpean capacity platform","PRISMA Europpean Capacity Platform GmbH","Leipzig","04109","B","1","72268000","https://oeffentlichevergabe.de/api/notices/a5d961eb-9349-4a36-b6cb-4df87763176d?format=pdf"
"proelux","proElux GmbH","Berlin","12103","B","1","72000000","https://oeffentlichevergabe.de/api/notices/c522d6a2-c7d9-4df3-b9d8-3402d941af74?format=pdf"
"prophysics","prophysics AG","Kloten","8302","B","1","30200000;37441100","https://oeffentlichevergabe.de/api/notices/13be48df-1d12-4232-827e-9e6195a9d50d?format=pdf"
"prueftech","Prüftech GmbH","Kirchseeon","85614","B","1","50324200","https://oeffentlichevergabe.de/api/notices/6a8a6ac7-5afc-4fc5-bc2b-ddbc81372ea5?format=pdf"
"psi transcom","PSI Transcom GmbH","Berlin","10178","B","1","48100000;48600000","https://oeffentlichevergabe.de/api/notices/019ecb66-1488-422d-b794-8fc5fb470457?format=pdf"
"public cloud group","Public Cloud Group GmbH","Ulm","89081","B","1","72000000","https://oeffentlichevergabe.de/api/notices/6d13376a-6836-4c6b-ba2b-8d93de44a6cf?format=pdf"
"pwc cyber security services","PwC Cyber Security Services GmbH","Berlin","10117","B","1","72000000;72200000","https://oeffentlichevergabe.de/api/notices/dc163779-4172-4438-8055-4791a6efdd1c?format=pdf"
"qualityminds","QualityMinds GmbH","Nürnberg","90429","B","1","72000000","https://oeffentlichevergabe.de/api/notices/9c9c3b84-66df-4cd2-96ad-232de02bf2d4?format=pdf"
"qualitypark","QualityPark GmbH","Berlin","10587","B","1","72211000","https://oeffentlichevergabe.de/api/notices/1e687b21-d420-4bcb-8199-c0d990ca64d5?format=pdf"
"quantco deutschland","QuantCo Deutschland GmbH","Karlsruhe","76131","B","1","48000000;48100000","https://oeffentlichevergabe.de/api/notices/79827c4c-0e3b-4c74-b82c-b9130afb6690?format=pdf"
"quantum optics jena","Quantum Optics Jena GmbH","Jena","07745","B","1","72000000","https://oeffentlichevergabe.de/api/notices/f141a8c3-29b4-4fff-81f4-01e3397f413f?format=pdf"
"railslove","Railslove GmbH","Köln","50678","B","1","72200000","https://oeffentlichevergabe.de/api/notices/dfa984fb-a166-455a-8b72-dbe59879bd0c?format=pdf"
"replan","Replan GmbH","Berlin","12435","B","1","48000000","https://oeffentlichevergabe.de/api/notices/019df83a-1131-4da2-9a30-c26c6eae0571?format=pdf"
"rescuetrack","rescuetrack GmbH","Reutlingen","72770","B","1","72260000","https://oeffentlichevergabe.de/api/notices/48fc5b99-2965-4997-82ac-7b1e9921812e?format=pdf"
"research industrial system engineering","Research Industrial System Engineering GmbH","Schwechat","2320","B","1","72000000;72212100","https://oeffentlichevergabe.de/api/notices/abc524a7-ab79-4836-8a5d-04472ac0e592?format=pdf"
"revel8","revel8 GmbH","München","80335","B","1","48000000;72000000","https://oeffentlichevergabe.de/api/notices/be4f8566-b430-4687-b141-de02c7c215aa?format=pdf"
"rmk","RMK","Celle","29221","B","1","72312100","https://oeffentlichevergabe.de/api/notices/7db13b9e-f1a4-4f5b-ab33-a5712edd7dd0?format=pdf"
"rother oss","Rother OSS GmbH","Leiblfing","94339","B","1","72000000;72260000","https://oeffentlichevergabe.de/api/notices/c7fad9b5-4c8d-4b0d-8c8c-e59ead030d4f?format=pdf"
"rubicon it","rubicon IT GmbH","Wien","1010","B","1","48000000;72000000","https://oeffentlichevergabe.de/api/notices/e9b8e74e-d59c-48dc-92e9-3ea49c748a12?format=pdf"
"rud otto meyer technik","Rud. Otto Meyer Technik GmbH & Co.KG","Aalen","73430","B","1","30000000;30237200;48000000","https://oeffentlichevergabe.de/api/notices/6bc6cc71-1611-42f0-93a0-b29bb72e19e7?format=pdf"
"saegeling it","Saegeling IT GmbH","Kamenz","01917","B","1","30230000","https://oeffentlichevergabe.de/api/notices/3afed127-f423-4f45-ba51-5e2b4b1a1bc5?format=pdf"
"saga tenix as","SAGA TENIX AS","BLOMSTERDALEN","5258","B","1","48000000;50324100;65300000","https://oeffentlichevergabe.de/api/notices/982ed30f-d0dc-48da-a375-d6115e65bdc6?format=pdf"
"sage publications","Sage Publications Ltd","London","EC1Y 8LZ","B","1","64216200","https://oeffentlichevergabe.de/api/notices/b9e42731-d380-433a-a8d8-fe840e3705f0?format=pdf"
"sat:io","sat:io GmbH","Stuttgart","70569","B","1","48213000","https://oeffentlichevergabe.de/api/notices/0b5e3695-6f96-4f54-ab7a-4a75b8f9c04e?format=pdf"
"satz-rechen-zentrum hartmann + heenmann","Satz-Rechen-Zentrum Hartmann + Heenmann GmbH & Co. KG","Berlin","12103","B","1","72000000","https://oeffentlichevergabe.de/api/notices/dcedc7e9-2f32-4566-b165-341c59c2f01f?format=pdf"
"schleupen","Schleupen SE","Ettlingen","12345","B","1","72263000","https://oeffentlichevergabe.de/api/notices/29d66056-fc6b-4b80-aa14-54198019609d?format=pdf"
"scholz und friends berlin","Scholz und Friends Berlin","Berlin","10178","B","1","72000000;72400000;75000000","https://oeffentlichevergabe.de/api/notices/cd1f8d4a-5f45-44b3-a52a-aa3606bd806a?format=pdf"
"schroeder systeme","SCHRÖDER SYSTEME GmbH","Dresden","01109","B","1","50323100","https://oeffentlichevergabe.de/api/notices/019f7f80-ddd3-416e-b762-7c76916da8e1?format=pdf"
"schudu","Schudu GmbH","Mainz","55116","B","1","72000000","https://oeffentlichevergabe.de/api/notices/1daeeb27-8302-4f11-9861-41da52ceb704?format=pdf"
"schwarz digits defense","Schwarz Digits Defense GmbH & Co. KG","Neckarsulm","74172","B","1","72000000","https://oeffentlichevergabe.de/api/notices/e157b4bf-51d3-45c5-8e58-0023609afadf?format=pdf"
"science suite inc dba: biorender","Science Suite Inc. DBA: BioRender","Toronto","M5V 2J1","B","1","48000000;48326000","https://oeffentlichevergabe.de/api/notices/1fcde9a1-7ae2-4576-95ff-049be4de61b0?format=pdf"
"seclous","SECLOUS GmbH","München","81379","B","1","72000000","https://oeffentlichevergabe.de/api/notices/ab8fff8e-1f03-4c93-9bda-dfaabd93b368?format=pdf"
"securitybridge","SecurityBridge GmbH","Ingolstadt","85051","B","1","48000000","https://oeffentlichevergabe.de/api/notices/01e5a31a-e700-45e3-b7b6-efc7a5729597?format=pdf"
"semasystems","SEMAsystems GmbH","Siebenbäumen","23847","B","1","72000000","https://oeffentlichevergabe.de/api/notices/27f90d48-2330-4a21-bf3d-4c3f4e868a16?format=pdf"
"semicon sp z o o","Semicon Sp. z.o.o.","Warschau","04-761","B","1","30237140;31711100","https://oeffentlichevergabe.de/api/notices/d6c42207-5928-445d-b031-49abdd47c12d?format=pdf"
"sld mediatec","sld mediatec GmbH","Nürnberg","90425","B","1","30200000;32321200","https://oeffentlichevergabe.de/api/notices/95e890e2-eecc-4dc5-a41f-92f3af539543?format=pdf"
"smartinfra","SmartInfra GmbH","Hohenwestedt","24594","B","1","30210000;32000000","https://oeffentlichevergabe.de/api/notices/bcbb1f21-0de9-449f-859c-9a0320d921ba?format=pdf"
"smoodi consulting","smoodi.consulting GmbH","Nürnberg","90411","B","1","48000000","https://oeffentlichevergabe.de/api/notices/7cb63ed2-adb8-4b5a-80ef-762924cf9569?format=pdf"
"snapaddy","snapADDY GmbH","Würzburg","97070","B","1","72320000","https://oeffentlichevergabe.de/api/notices/5a040dfa-b3ae-49ec-b12b-2a8bf5a8cbcd?format=pdf"
"soptim","Soptim AG","Aachen","52072","B","1","48000000;72000000","https://oeffentlichevergabe.de/api/notices/a0d363b4-0511-4f52-978c-17764bc3dddb?format=pdf"
"speedikon facility management","speedikon Facility Management AG","Bensheim","64625","B","1","72200000","https://oeffentlichevergabe.de/api/notices/b93914eb-d794-4629-ae9c-fd2bd695f2cc?format=pdf"
"ssm rhein-ruhr","SSM Rhein-Ruhr GmbH","Köln","50829","B","1","72000000","https://oeffentlichevergabe.de/api/notices/9ea61e99-47c0-4566-969a-ff4af63af6f5?format=pdf"
"stackit","STACKIT GmbH & Co. KG","Neckarsulm","74172","B","1","72000000;72317000","https://oeffentlichevergabe.de/api/notices/baa09457-e3f3-48fe-ba89-5953b921c065?format=pdf"
"strichpunkt agentur fuer visuelle kommunikation","Strichpunkt Agentur für visuelle Kommunikation GmbH","Stuttgart","70376","B","1","72000000;72200000;72260000","https://oeffentlichevergabe.de/api/notices/1a01b416-b937-4431-9987-e4f7c9298c78?format=pdf"
"sva system vertriebalexander","SVA System VertriebAlexander GmbH","Wiesbaden","65205","B","1","48000000","https://oeffentlichevergabe.de/api/notices/0b859448-0e33-4f81-a6ab-251b7bea7ac2?format=pdf"
"swcode","SWCode UG","Soest","59494","B","1","48810000;72200000;72262000","https://oeffentlichevergabe.de/api/notices/8aecdca1-71a7-4b62-bf6d-67c0a9c996bb?format=pdf"
"syrcon","Syrcon GmbH","Berlin","10119","B","1","72260000","https://oeffentlichevergabe.de/api/notices/7dc1be18-23ed-4c55-87fd-a0e7aacbb877?format=pdf"
"system vertrieb alexander","System Vertrieb Alexander GmbH","Wiesbaden","65206","B","1","72710000","https://oeffentlichevergabe.de/api/notices/de563675-a891-473e-8c5d-d61c5550dc33?format=pdf"
"target group","TARGET GROUP GmbH","Dormitz","91077","B","1","72314000;72315000","https://oeffentlichevergabe.de/api/notices/5061f949-8d4f-446b-8fa2-7f164b063af4?format=pdf"
"telemark rostock kommunikations-und marketinggesellschaft","Telemark Rostock Kommunikations- und Marketinggesellschaft mbH","Rostock","18147","B","1","72000000","https://oeffentlichevergabe.de/api/notices/61dbba6a-ca6d-4285-88e2-8dc081b7e045?format=pdf"
"the brettinghams","THE BRETTINGHAMS GmbH","Berlin","10399","B","1","72200000;72413000;72415000","https://oeffentlichevergabe.de/api/notices/2340db8c-63f8-4e87-9156-32d4494e0263?format=pdf"
"the institute of electrical and electronics engineers incorporated “ieee”","THE INSTITUTE OF ELECTRICAL AND ELECTRONICS ENGINEERS, INCORPORATED (“IEEE”)","Piscataway","NJ 08854","B","1","64216200","https://oeffentlichevergabe.de/api/notices/f179f19d-f0c9-42c8-aa22-4d40a5578012?format=pdf"
"threema","Threema GmbH","Pfäffikon SZ","8808","B","1","48219300","https://oeffentlichevergabe.de/api/notices/368e4caf-9850-4818-850f-24be3cdecb0e?format=pdf"
"thryve-mhealth pioneers","Thryve - mHealth pioneers GmbH","Berlin","10961","B","1","72268000","https://oeffentlichevergabe.de/api/notices/0885591b-0832-432e-a9bb-18416a8d9e32?format=pdf"
"toolboxx-media ug haftungsbeschraenkt","toolboxx-media UG (haftungsbeschränkt)","Magdeburg","39112","B","1","48000000;72000000;72230000","https://oeffentlichevergabe.de/api/notices/82aad739-3594-4df0-8667-407ea9c55257?format=pdf"
"trapeze group deutschland","Trapeze Group Deutschland GmbH","Braunschweig","38112","B","1","48100000","https://oeffentlichevergabe.de/api/notices/e981d6a0-8872-4f34-afbf-254fff6cd8ce?format=pdf"
"tricentis","Tricentis GmbH","Vienna","1220","B","1","48000000;72000000","https://oeffentlichevergabe.de/api/notices/8ce614e2-bccf-44a8-99a6-edb34d439816?format=pdf"
"tripunkt","tripunkt GmbH","Berlin","10178","B","1","48219300;48331000","https://oeffentlichevergabe.de/api/notices/581b2235-4e78-4d40-961e-feabe1ddeaeb?format=pdf"
"trm labs","TRM Labs","San Francisco","94107","B","1","48000000","https://oeffentlichevergabe.de/api/notices/38df1748-4b5f-42ff-8d84-6a81b3be222f?format=pdf"
"trolleymaker","trolleymaker GmbH","Karlsruhe","76185","B","1","71000000;72000000","https://oeffentlichevergabe.de/api/notices/52d600ea-cda6-4a91-b08d-615d1cc7f3d9?format=pdf"
"tsg stuhr","TSG Stuhr GmbH","Lübeck","23556","B","1","31158000;45311000;48000000","https://oeffentlichevergabe.de/api/notices/ebf9afcf-f811-4ac5-8751-9dc3859c51b2?format=pdf"
"tuev rheinland forschungs-und innovationsmanagement","TÜV Rheinland Forschungs- und Innovationsmanagement GmbH","Köln","51105","B","1","72000000;72413000;75130000","https://oeffentlichevergabe.de/api/notices/061ae20d-1daf-488b-80f9-e0177fb99e61?format=pdf"
"tuev rheinland i-sec","TÜV Rheinland i-sec GmbH","Köln","51105","B","1","72000000;72254000","https://oeffentlichevergabe.de/api/notices/c053ea83-71db-4aa1-af16-5f7621e49c86?format=pdf"
"uptodate inc","UpToDate, Inc.","Waltham","02451","B","1","72268000","https://oeffentlichevergabe.de/api/notices/b6a182b4-7688-423d-a213-cbcac136d983?format=pdf"
"vater kns energy","Vater KNS energy GmbH","Schwentinental","24222","B","1","72263000","https://oeffentlichevergabe.de/api/notices/9ecb75a1-076a-45ba-8cf5-adb59111ae87?format=pdf"
"vay technology","Vay Technology GmbH","Berlin","12099","B","1","60000000;72200000;72212000","https://oeffentlichevergabe.de/api/notices/19a2fd19-8f76-433a-99c7-a781a0a91010?format=pdf"
"vector informatik","Vector Informatik GmbH","Stuttgart","70499","B","1","31158000;45311000;48000000","https://oeffentlichevergabe.de/api/notices/ebf9afcf-f811-4ac5-8751-9dc3859c51b2?format=pdf"
"versorgungnetz service","Versorgungnetz Service GmbH","Leipzig","04249","B","1","38221000;72222300;72227000","https://oeffentlichevergabe.de/api/notices/f9bb3eee-97e9-4212-9784-3b80ebaff296?format=pdf"
"vertragspartner","Vertragspartner","Deutschland","95444","B","1","48000000;48100000","https://oeffentlichevergabe.de/api/notices/fbe5e076-c159-465c-9829-99e2f941d297?format=pdf"
"viakom","Viakom GmbH","Handewitt","24976","B","1","72200000;72210000","https://oeffentlichevergabe.de/api/notices/c03fafd6-62e7-4d25-b624-835f2bb7e342?format=pdf"
"virtualcitysystems","virtualcitySYSTEMS GmbH","Berlin","10789","B","1","72000000","https://oeffentlichevergabe.de/api/notices/e8b06dc9-3f3d-437a-90ee-56b66e1175c1?format=pdf"
"virtuell7","Virtuell7 GmbH","Karlsruhe","76227","B","1","72000000","https://oeffentlichevergabe.de/api/notices/0a833334-1513-467d-961c-11277df1f39d?format=pdf"
"vivasecur","VIVASECUR GmbH","Frankfurt / Oder","15234","B","1","30200000;30231320;50312000","https://oeffentlichevergabe.de/api/notices/2c2552bb-e628-4bc2-b148-5c11d7f709d5?format=pdf"
"votegroup","votegroup GmbH","Aachen","52070","B","1","48000000;72200000","https://oeffentlichevergabe.de/api/notices/03349884-5089-453e-9ff5-d90645f49926?format=pdf"
"wavestone germnay","Wavestone Germnay AG","München","80802","B","1","72000000","https://oeffentlichevergabe.de/api/notices/e705ec63-3485-4770-bab6-d87649455aee?format=pdf"
"web computing","Web Computing GmbH","Münster","48149","B","1","72000000;72200000;72210000","https://oeffentlichevergabe.de/api/notices/0ec095af-02f6-4d6e-9b0e-8afda8886e38?format=pdf"
"webtrekk","Webtrekk GmbH","Berlin","10435","B","1","48000000;48460000;72000000","https://oeffentlichevergabe.de/api/notices/4cc9ba14-b762-42c4-aab6-d468c13832a1?format=pdf"
"weinrich","Weinrich","Fulda","36043","B","1","30232100","https://oeffentlichevergabe.de/api/notices/3373106b-5d79-4542-a341-2f379e6be5e3?format=pdf"
"wematch consulting","WeMatch Consulting GmbH","Berlin","10787","B","1","72000000","https://oeffentlichevergabe.de/api/notices/369e5c49-40d2-4f5d-8b2b-45031e2b85f1?format=pdf"
"westernacher solutions","Westernacher Solutions GmbH","Berlin","10965","B","1","72250000","https://oeffentlichevergabe.de/api/notices/f3ca26f3-56f3-41e6-8a08-c641f82215bf?format=pdf"
"wianco ott robotics","WIANCO OTT Robotics GmbH","Seeheim-Jugenheim","64342","B","1","48920000;72260000","https://oeffentlichevergabe.de/api/notices/cdbd2f78-39fb-478c-84b5-ca1054b59344?format=pdf"
"willy tel","willy.tel GmbH","Hamburg","22041","B","1","64210000","https://oeffentlichevergabe.de/api/notices/41e5b711-4bb6-4c06-ba4d-17895f0ce5a8?format=pdf"
"workday","Workday","Zürich","8008","B","1","72260000;72268000","https://oeffentlichevergabe.de/api/notices/019eee92-9efd-4c2b-9c57-3d0019ed6778?format=pdf"
"waertsilae voyage oy","Wärtsilä Voyage Oy","Helsinki","00180","B","1","72267000","https://oeffentlichevergabe.de/api/notices/a0bbbf6f-4eec-46a5-bd0b-9c854b5a8891?format=pdf"
"yellowmonkey werbeagentur","yellowmonkey Werbeagentur GmbH","Hamburg","22765","B","1","72000000;72260000;72413000","https://oeffentlichevergabe.de/api/notices/e362bfcf-10d5-48c5-9521-10311e000518?format=pdf"
"yer deutschland","YER Deutschland","München","80639","B","1","72000000","https://oeffentlichevergabe.de/api/notices/8b38938a-fbcb-40cf-8e4a-606a98d1a8ab?format=pdf"
"yes we hack societe par actions simplifiee simplified joint-stock company","Yes We Hack, Société par actions simplifiée (simplified joint-stock company)","Paris","75004","B","1","72200000","https://oeffentlichevergabe.de/api/notices/35ab349b-f934-4170-ac5b-045f8ab21a72?format=pdf"
"yunex traffic","Yunex Traffic GmbH","Essen","45141","B","1","50312100","https://oeffentlichevergabe.de/api/notices/d1d5c782-644a-4aeb-ade4-cb70b8da6896?format=pdf"
"zentrale stelle zur abrechnung von arzneimittelrabatten","Zentrale Stelle zur Abrechnung von Arzneimittelrabatten GmbH","Köln","50968","B","1","48000000","https://oeffentlichevergabe.de/api/notices/8daa7026-d2bf-44e4-91cb-e574aecdeffa?format=pdf"
"zentrum fuer digitale entwicklung","Zentrum für Digitale Entwicklung GmbH","Westhausen","73436","B","1","72000000;79418000","https://oeffentlichevergabe.de/api/notices/20651781-b248-4ba2-bf83-9e2d9bd25a4a?format=pdf"
"zolitron-the internet of things company","Zolitron - The Internet of Things Company GmbH","Bochum","44799","B","1","72262000","https://oeffentlichevergabe.de/api/notices/f2291318-c148-407b-b712-6a7986b5356f?format=pdf"
"+pluswerk","+Pluswerk AG","München","81829","C","1","48220000;72000000;72413000","https://oeffentlichevergabe.de/api/notices/15175848-ce28-4146-93a6-efd85b127c15?format=pdf"
"3pc gmbh neue kommunikation","3pc GmbH Neue Kommunikation","Berlin","10969","C","1","72413000","https://oeffentlichevergabe.de/api/notices/60b8f152-69f5-4c63-84db-68e8d78e2609?format=pdf"
"aac infotray","AAC Infotray AG","Winterthur","8400","C","1","48000000;48400000","https://oeffentlichevergabe.de/api/notices/3c4e2929-73ed-4158-b786-2dc3e17bca51?format=pdf"
"aac infotray ag ch-8400 winterthur zur kesselschmiede 41","AAC Infotray AG, CH-8400 Winterthur, Zur Kesselschmiede 41","","","C","1","48000000;72000000","https://oeffentlichevergabe.de/api/notices/6144c52b-9668-4967-9792-693e3ac45f40?format=pdf"
"abb","ABB AG","Ratingen","40472","C","1","48000000","https://oeffentlichevergabe.de/api/notices/d3d14b52-b0c5-481e-b4df-4885a6ee086a?format=pdf"
"abb ag-energy industries-standort minden","ABB AG - Energy Industries - Standort Minden","Minden","32425","C","1","48150000","https://oeffentlichevergabe.de/api/notices/2ede7aa7-5833-4418-9d28-c3be81015b3c?format=pdf"
"accso-accelerated solutions","Accso - Accelerated Solutions GmbH","Darmstadt","64295","C","1","72260000","https://oeffentlichevergabe.de/api/notices/3285f2b5-aa3a-4b07-b51c-28a5cf311a73?format=pdf"
"achelos","achelos GmbH","Paderborn","33100","C","1","72000000","https://oeffentlichevergabe.de/api/notices/673182fe-8519-4d9f-bb7e-afcb5e3e144b?format=pdf"
"acp it solution","ACP IT Solution GmbH","Konstanz","78467","C","1","30213200","https://oeffentlichevergabe.de/api/notices/613c60cc-8bf0-4221-8fe4-b2d3c260b04b?format=pdf"
"acp it solutions ag vormals sws computersysteme","ACP IT Solutions AG (Vormals SWS Computersysteme AG)","Hauzenberg","94051","C","1","48730000","https://oeffentlichevergabe.de/api/notices/8c24a891-6531-4132-89ab-ba01ad010d77?format=pdf"
"acterience management partners","acterience management partners GmbH & Co. KG","Herrsching","82211","C","1","72000000","https://oeffentlichevergabe.de/api/notices/1a848e68-2303-4c22-a17b-e0c76c0d8e1b?format=pdf"
"actico","ACTICO GmbH","Friedrichshafen","88045","C","1","72200000","https://oeffentlichevergabe.de/api/notices/10b10090-ab72-4390-9403-0f412ff5484f?format=pdf"
"addsecure smart","AddSecure Smart GmbH","Mülheim an der Ruhr","45472","C","1","48100000","https://oeffentlichevergabe.de/api/notices/0c53483d-0a6f-4014-be66-0f23315d0347?format=pdf"
"advellence solutions","Advellence Solutions AG","Wallisellen","8304","C","1","72200000","https://oeffentlichevergabe.de/api/notices/a86dfcff-0345-404b-b83b-072372f2d537?format=pdf"
"aios consulting","Aios Consulting GmbH","Berlin","10119","C","1","72000000;72100000;72200000","https://oeffentlichevergabe.de/api/notices/2b7c0eb0-7dbc-4971-bdc2-0406a0dcdccb?format=pdf"
"airbus defence and space","Airbus Defence and Space GmbH","Taufkirchen","82024","C","1","72000000;72300000","https://oeffentlichevergabe.de/api/notices/f870080e-2a95-4598-b1e5-ed5e9f591c17?format=pdf"
"ait-atos information technology","AIT - Atos Information Technology GmbH","Berlin","12489","C","1","51600000;51610000;51611000","https://oeffentlichevergabe.de/api/notices/2f1e2b85-cf71-43f3-bdb0-9b835363aafb?format=pdf"
"akirolabs","akirolabs GmbH","Berlin","10405","C","1","48000000;48100000","https://oeffentlichevergabe.de/api/notices/dcb44939-8875-4923-868a-8645ac635934?format=pdf"
"akquinet health service","akquinet health service GmbH","Hamburg","22179","C","1","30234000;72267000;72317000","https://oeffentlichevergabe.de/api/notices/ed6dd39d-e55f-4d92-8be4-6789e0c54401?format=pdf"
"akquinet healthservice","akquinet healthservice GmbH","Hamburg","22179","C","1","30234000;72317000","https://oeffentlichevergabe.de/api/notices/b49e9222-7b4e-4749-ae35-435110f0241f?format=pdf"
"aktra media-digital relation services","AKTRA Media - Digital Relation Services GmbH","Unterhaching","82008","C","1","72000000","https://oeffentlichevergabe.de/api/notices/e94d3735-0b90-4513-92e4-d17f42f9e339?format=pdf"
"alfabet bd","Alfabet BD GmbH","Berlin","10629","C","1","48000000","https://oeffentlichevergabe.de/api/notices/ae3bc65b-c238-4c8e-8421-b272d0d9082b?format=pdf"
"allgeier cyris","Allgeier CyRis GmbH","Bremen","28307","C","1","72000000","https://oeffentlichevergabe.de/api/notices/4ed999a1-dd0e-45f2-b830-cf8960d7f89d?format=pdf"
"allgeier enterprise services","Allgeier Enterprise Services SE","München","80807","C","1","72000000;72100000;72200000","https://oeffentlichevergabe.de/api/notices/2b7c0eb0-7dbc-4971-bdc2-0406a0dcdccb?format=pdf"
"almex","Almex GmbH","Hannover","30539","C","1","30200000","https://oeffentlichevergabe.de/api/notices/8dc24eb4-d6a3-4d38-9d57-d441be620245?format=pdf"
"alpha computer sales","Alpha Computer Sales GmbH","Ottobrunn","85521","C","1","30200000;30213100;30213200","https://oeffentlichevergabe.de/api/notices/29a44e2b-ac76-4c64-8011-d60405936750?format=pdf"
"american institute of physics publishing aipp","American Institute of Physics Publishing (AIPP)","Melville","NY 11747-4300","C","1","64216200","https://oeffentlichevergabe.de/api/notices/d526b09a-56f0-4d1d-86fd-5efa73c8c4f7?format=pdf"
"american physical society aps","American Physical Society (APS)","College Park","MD 20740","C","1","64216200","https://oeffentlichevergabe.de/api/notices/862dd11d-96f5-4b74-b67b-89b3b9b97b98?format=pdf"
"arxio","arxio GmbH","Karlsruhe","76131","C","1","72220000;72260000","https://oeffentlichevergabe.de/api/notices/dcb56344-383e-448f-b567-2b3a046459b4?format=pdf"
"asdis solutions","ASDIS Solutions GmbH","Berlin","10555","C","1","48000000","https://oeffentlichevergabe.de/api/notices/029c2197-10ca-4464-9f15-ab89cba1825a?format=pdf"
"asf","asf gmbh","Lübeck","23556","C","1","64214200;79510000","https://oeffentlichevergabe.de/api/notices/3384fdf9-497d-4981-931b-cbb5451a3851?format=pdf"
"asseco solutions","Asseco Solutions AG","Karlsruhe","76227","C","1","48451000;72260000","https://oeffentlichevergabe.de/api/notices/aa7e6471-a1c2-4817-aa0e-fae45c4d4327?format=pdf"
"astec angewandte systemtechnik eg","aStec angewandte Systemtechnik eG","Berlin","10999","C","1","72261000;72267000;72267100","https://oeffentlichevergabe.de/api/notices/83c6179d-2f64-43a4-be34-a4e0a36eaef2?format=pdf"
"atlas elektronik","ATLAS ELEKTRONIK GmbH","Bremen","28309","C","1","72212100","https://oeffentlichevergabe.de/api/notices/160799e1-5045-4fdc-9ddf-af24903082a2?format=pdf"
"avinway consultants","Avinway Consultants","Torup","31441","C","1","72000000;72224000;72260000","https://oeffentlichevergabe.de/api/notices/60f2dab8-6c9c-4029-a247-cc6a3a4ae8f6?format=pdf"
"avit-consulting andrej vrbacki","AVIT-Consulting, Andrej Vrbacki","Schluchsee","79859","C","1","72000000","https://oeffentlichevergabe.de/api/notices/c0802da8-540d-4c34-919e-01650be02266?format=pdf"
"awades","AWADES GmbH & Co. KG","Lengerich","49838","C","1","72222200","https://oeffentlichevergabe.de/api/notices/966a38cb-c132-4cb3-bba4-aada4cfa936e?format=pdf"
"b und it services","B&IT Services GmbH","Berlin","10719","C","1","72000000","https://oeffentlichevergabe.de/api/notices/45e6875c-bd65-42e7-af8c-7a3599ec919a?format=pdf"
"babiel","Babiel GmbH","Düsseldorf","40233","C","1","72260000","https://oeffentlichevergabe.de/api/notices/4bba420a-be49-4a42-a42e-6255f63af4f6?format=pdf"
"bacula systems sa","Bacula Systems SA","Yverdon-les-Bains","1400","C","1","48730000","https://oeffentlichevergabe.de/api/notices/00ccec6a-aa9e-4b1f-a0f4-6d9933180f64?format=pdf"
"bbht beratungsgesellschaft mbh und co","BBHT Beratungsgesellschaft mbH & Co. KG","Münster","48155","C","1","72000000;72200000;72253000","https://oeffentlichevergabe.de/api/notices/71f727a5-5679-4a61-a0cd-1a88ab97d36c?format=pdf"
"bechtle gmbh und co kg it-systemhaus rhein-main","Bechtle GmbH & Co. KG  IT-Systemhaus Rhein-Main","Darmstadt","64295","C","1","30200000;48760000;72000000","https://oeffentlichevergabe.de/api/notices/92b58b36-eae7-472c-a65c-db3e172d543c?format=pdf"
"bechtle gmbh it systemhaus","Bechtle GmbH IT Systemhaus","Stuttgart","70567","C","1","48800000","https://oeffentlichevergabe.de/api/notices/0d10523c-58c9-4f99-bf99-5e3cc9b4a839?format=pdf"
"becton dickinson austria","Becton Dickinson Austria GmbH","Wien","1030","C","1","48180000","https://oeffentlichevergabe.de/api/notices/935bf224-1f84-42ef-b2db-53c2faebc5e4?format=pdf"
"beihilfe-service gesellschaft","Beihilfe-Service Gesellschaft mbH","München","81925","C","1","48000000;48100000","https://oeffentlichevergabe.de/api/notices/157019a3-40a9-4626-b3ee-5be71a48c17f?format=pdf"
"bergt-consulting","Bergt-Consulting GmbH & Co. KG","Falkensee","14612","C","1","72267000","https://oeffentlichevergabe.de/api/notices/b5719b6e-f398-4170-ba48-2b430c5ca0ae?format=pdf"
"bestehend aus der avenga germany gmbh vertretungsberechtigt","bestehend aus der Avenga Germany GmbH (vertretungsberechtigt)","Köln","50667","C","1","72200000","https://oeffentlichevergabe.de/api/notices/1312c2a4-6d88-412c-a774-aad761e83739?format=pdf"
"bestehend aus der movisco ag der innobis ag der quanto solutions","bestehend aus der movisco AG, der innobis AG, der QUANTO Solutions GmbH","Weinheim","69469","C","1","72200000","https://oeffentlichevergabe.de/api/notices/1312c2a4-6d88-412c-a774-aad761e83739?format=pdf"
"bibliotheka germany","Bibliotheka Germany GmbH","Reutlingen","72762","C","1","30238000;48160000","https://oeffentlichevergabe.de/api/notices/f323ce9b-c77a-469b-8694-1936df020117?format=pdf"
"biege 3rd level support kisa 25fei80593 c/o pan dacom direkt","BIEGE 3rd Level Support KISA 25FEI80593 c/o Pan Dacom Direkt GmbH","Dreieich","63303","C","1","32424000;72250000;72267000","https://oeffentlichevergabe.de/api/notices/218a37c7-7924-41cb-b9b2-f95dcf37f0e1?format=pdf"
"biege projektsteuerung nbs dresden-prag c/o voessing ingenieurgesellschaft","BIEGE Projektsteuerung NBS Dresden-Prag c/o Vössing Ingenieurgesellschaft mbH","Düsseldorf","40223","C","1","71240000;72224000","https://oeffentlichevergabe.de/api/notices/9d427b52-9241-4fb8-a907-0957820d9c4e?format=pdf"
"bieter 3 hartek msr dienstleistungen","Bieter 3  Hartek MSR Dienstleistungen GmbH","Biederitz","39175","C","1","45311200;48921000","https://oeffentlichevergabe.de/api/notices/98e59d93-95fa-4f78-8773-5b6fe5822732?format=pdf"
"bijdebron","Bijdebron","Sint-Gillis","1060","C","1","72413000;79822500","https://oeffentlichevergabe.de/api/notices/019c9e2a-e932-4336-8125-8d18da3784d6?format=pdf"
"bits-brunner it services","BITS - Brunner IT Services GmbH & Co. KG","Sulzberg","87477","C","1","30200000;30233100;31154000","https://oeffentlichevergabe.de/api/notices/4a4375e2-8c3f-4c28-bfde-fe0027a7610b?format=pdf"
"bloomberg finance l p","Bloomberg Finance L.P.","New York","10022","C","1","72268000","https://oeffentlichevergabe.de/api/notices/00480b8c-df50-46f4-86ce-d5225ea43935?format=pdf"
"blu professionals","blu Professionals GmbH","München","80687","C","1","72000000","https://oeffentlichevergabe.de/api/notices/f954659e-5589-4296-9abb-3d99faad0ec9?format=pdf"
"bmg production music germany","BMG Production Music Germany GmbH","Berlin","10117","C","1","72320000","https://oeffentlichevergabe.de/api/notices/6a627a82-1368-4dfc-9d70-5b19bea5abeb?format=pdf"
"bonpago","Bonpago GmbH","Frankfurt am Main","60487","C","1","72200000","https://oeffentlichevergabe.de/api/notices/1312c2a4-6d88-412c-a774-aad761e83739?format=pdf"
"booker","booker GmbH","Hürth","50354","C","1","72000000;72200000","https://oeffentlichevergabe.de/api/notices/0427c180-965c-4f99-b99f-75a3ad51943c?format=pdf"
"bosch building automation","Bosch Building Automation GmbH","Verl","33415","C","1","45000000;48921000","https://oeffentlichevergabe.de/api/notices/33334004-47a9-4075-b351-d52415fa4e6c?format=pdf"
"botfriends","BOTfriends GmbH","Würzburg","97070","C","1","48000000","https://oeffentlichevergabe.de/api/notices/71946d83-684e-4a56-a4d6-5b68456ca4c3?format=pdf"
"br-bt-00514-0205","BR-BT-00514-0205","Pucking","4055","C","1","45317000;48921000","https://oeffentlichevergabe.de/api/notices/7092aa3d-0cc0-49bf-9ea1-e9b3839aac33?format=pdf"
"btb betriebswirtschaftliche und-technische beratungsgesellschaft","BTB Betriebswirtschaftliche und -technische Beratungsgesellschaft mbH","Leinfelden-Echterdingen","70771","C","1","72260000;72267000","https://oeffentlichevergabe.de/api/notices/5964775f-515f-45dc-a39d-5a30b101dd81?format=pdf"
"bull","Bull GmbH","Köln","51149","C","1","30200000","https://oeffentlichevergabe.de/api/notices/cdddf2be-1e9b-4905-8260-d5d36a8a1089?format=pdf"
"buero-bedarf-balke","Büro-Bedarf-Balke GmbH","Oststeinbek","22113","C","1","30192000;72000000","https://oeffentlichevergabe.de/api/notices/de69a1c8-c04a-4e76-a360-aa433215b6c7?format=pdf"
"c b c computer business center","C.B.C. Computer Business Center GmbH","Frankfurt am Main","60528","C","1","30213000;30213100;30213300","https://oeffentlichevergabe.de/api/notices/7a58fc05-adf0-4ae4-a712-e52c555eda29?format=pdf"
"calpana business consulting","CALPANA business consulting","Hamburg","22761","C","1","48000000;72000000","https://oeffentlichevergabe.de/api/notices/307be809-d73c-405b-93b5-0445a37d1859?format=pdf"
"capco","Capco","Frankfurt am Main","60313","C","1","72200000","https://oeffentlichevergabe.de/api/notices/c8e92894-a4ca-444d-9145-37e0addbf708?format=pdf"
"cas","CAS AG","Hamburg","22339","C","1","72000000","https://oeffentlichevergabe.de/api/notices/48a563bc-226c-44e8-a82d-2d4caaafadfb?format=pdf"
"cas concepts and solutions ag und arreba consulting","CAS Concepts and Solutions AG & ARREBA Consulting GmbH","Hamburg","22087","C","1","72000000;72200000","https://oeffentlichevergabe.de/api/notices/3daedcbc-c8c4-49bc-8a70-3adbcd17ee22?format=pdf"
"catworkx gesellschaft fuer informations-und kommunikationstechnologien","catworkx Gesellschaft für Informations- und Kommunikationstechnologien mbH","Hamburg","21079","C","1","72268000","https://oeffentlichevergabe.de/api/notices/8b3f5ec6-a6db-4c40-a99f-f4e2454a12e2?format=pdf"
"cerebras systems inc","CEREBRAS SYSTEMS INC","Sunnyvale","94085","C","1","30211100","https://oeffentlichevergabe.de/api/notices/4279b1e0-37e1-40d2-9f93-03ab4599edc0?format=pdf"
"cerner health services deutschland","Cerner Health Services Deutschland GmbH","Berlin","13629","C","1","48180000","https://oeffentlichevergabe.de/api/notices/f627aa49-0291-43ad-9879-4194eaac6215?format=pdf"
"certitude consulting","Certitude Consulting GmbH","Wien","1030","C","1","72000000;72800000","https://oeffentlichevergabe.de/api/notices/f14f24f6-4afb-4beb-960b-a53461cd62ca?format=pdf"
"cisco solutions","Cisco Solutions GmbH","Garching","85748","C","1","30210000","https://oeffentlichevergabe.de/api/notices/e195fc88-4c35-4fd9-87fe-57f89605182e?format=pdf"
"classtime","Classtime AG","Zürich","8005","C","1","72260000;72268000;72600000","https://oeffentlichevergabe.de/api/notices/0799e7d4-f5a1-474d-a6fe-dcd1a85d2345?format=pdf"
"clevernet","Clevernet GmbH","Unterschleißheim","85716","C","1","72400000","https://oeffentlichevergabe.de/api/notices/36a7c109-e0b6-45aa-9b82-46f822539a77?format=pdf"
"cloudferro s a","CloudFerro S.A.","Warschau","PL-00-511","C","1","48810000;73000000","https://oeffentlichevergabe.de/api/notices/509799ff-ee40-4317-9d4d-9ee127c3f2fe?format=pdf"
"codepartner","CodePartner GmbH","Bad Zwischenahn","26160","C","1","72000000","https://oeffentlichevergabe.de/api/notices/11c06cbb-18c2-41db-bc77-2114ebc17be7?format=pdf"
"codevise solutions","Codevise Solutions GmbH","Köln","51063","C","1","72267000","https://oeffentlichevergabe.de/api/notices/5eb5b078-bbfe-45d5-a454-13f76371cd10?format=pdf"
"coforge","Coforge GmbH","Frankfurt am Main","60325","C","1","48000000","https://oeffentlichevergabe.de/api/notices/0c928067-7b72-416a-ab61-33f8b51ce3ac?format=pdf"
"colt technology services","Colt Technology Services GmbH","Frankfurt am Main","60332","C","1","72410000","https://oeffentlichevergabe.de/api/notices/18194b0d-fc57-4244-8b2f-b8fc1f56715a?format=pdf"
"com plan + service gesellschaft fuer telekommunikationsberatung planung und service","COM plan + service Gesellschaft für Telekommunikationsberatung, Planung und Service mbH","Viernheim","68519","C","1","32524000;72000000;72253200","https://oeffentlichevergabe.de/api/notices/0fbb4d01-245f-4b59-9c36-57888b19d22d?format=pdf"
"com on","com'on GmbH","Hannover","30175","C","1","72212190","https://oeffentlichevergabe.de/api/notices/87128802-f8dd-434e-900a-60d2c7eb6ec2?format=pdf"
"communal-fm","Communal-FM GmbH","Karlsruhe","76149","C","1","72313000;72314000;72316000","https://oeffentlichevergabe.de/api/notices/bf3a762c-d57a-43b8-b3ba-37c0c9bd13dc?format=pdf"
"conceptboard cluodservice","Conceptboard Cluodservice GmbH","Halle (Saale)","06108","C","1","48900000","https://oeffentlichevergabe.de/api/notices/91237683-e432-4e4c-bdb5-e1d664d9daf5?format=pdf"
"contelos","Contelos GmbH","Gehrden","30989","C","1","48300000","https://oeffentlichevergabe.de/api/notices/5a6f93d2-1c5f-49a3-a0ff-4cc97ac921ce?format=pdf"
"converge technology","Converge Technology","Mainz","55129","C","1","30213100","https://oeffentlichevergabe.de/api/notices/07d723fe-734e-46f3-8a9d-c07b75936774?format=pdf"
"cosifan computersysteme","CosiFan Computersysteme GmbH","","","C","1","48000000;72000000","https://oeffentlichevergabe.de/api/notices/63433d69-def9-4f74-a460-c40070d96f9a?format=pdf"
"cosmo consult","COSMO CONSULT GmbH","Berlin","10963","C","1","48451000;72250000;72263000","https://oeffentlichevergabe.de/api/notices/52d8b1c8-331d-442f-8260-6caeff748d6f?format=pdf"
"crownpeak technology","Crownpeak Technology GmbH","Dortmund","44269","C","1","72260000","https://oeffentlichevergabe.de/api/notices/7ec8f376-aa22-44f0-b279-04a0f938ad3f?format=pdf"
"croz dach","CROZ DACH","München","81549","C","1","48000000","https://oeffentlichevergabe.de/api/notices/a8023545-c49b-4c43-9890-782efe35ed0b?format=pdf"
"cryptware it security","CryptWare IT Security","Limburg","65549","C","1","48000000","https://oeffentlichevergabe.de/api/notices/2b2d21b3-9c29-4116-b016-2159c9279c73?format=pdf"
"current system 23","Current System 23","Magdeburg","39104","C","1","72212190;72260000","https://oeffentlichevergabe.de/api/notices/75d19f6f-ad13-41ed-9f79-a6b52000471a?format=pdf"
"cv cryptovision","cv cryptovision gmbH","Gelsenkirchen","45886","C","1","48000000","https://oeffentlichevergabe.de/api/notices/3152d143-d54b-4cb7-87ae-d9eaa2866ed2?format=pdf"
"d-trust","D-Trust GmbH","Berlin","10969","C","1","72000000","https://oeffentlichevergabe.de/api/notices/b04a66b6-1069-442d-835e-26fb51506903?format=pdf"
"d quarks","d.quarks GmbH","Frankfurt am Main","46117","C","1","72000000;72200000;72253000","https://oeffentlichevergabe.de/api/notices/71f727a5-5679-4a61-a0cd-1a88ab97d36c?format=pdf"
"dainox","dainox GmbH","Bad Wörishofen","86825","C","1","48000000","https://oeffentlichevergabe.de/api/notices/50db56ab-7fa3-44fb-9249-b9e2b7766150?format=pdf"
"dal33t","dal33t GmbH","Monheim am Rhein","40789","C","1","48331000","https://oeffentlichevergabe.de/api/notices/218a8953-05e0-444b-9639-f94a29f09ca6?format=pdf"
"data analytics institute","data analytics institute AG","Bonn","53227","C","1","72314000","https://oeffentlichevergabe.de/api/notices/16e9ac87-b9e5-4c1e-9ae3-8216705f3ce7?format=pdf"
"databay","Databay AG","Würselen","52146","C","1","72212100","https://oeffentlichevergabe.de/api/notices/d97c90bb-a46f-47ed-9514-7d9c6a080e85?format=pdf"
"db vertrieb","DB Vertrieb GmbH","Frankfurt am Main","60486","C","1","32250000;48000000","https://oeffentlichevergabe.de/api/notices/a33a4726-6144-41ff-b56a-7acb9f060f0a?format=pdf"
"deborate","deborate GmbH","Unterhaching","82008","C","1","72260000;72267000","https://oeffentlichevergabe.de/api/notices/5cc82b9c-faf0-4dd6-b513-c04d5e89352d?format=pdf"
"deed consulting","DEED Consulting GmbH","Langenfeld (Rheinland)","40764","C","1","72100000;72120000;72221000","https://oeffentlichevergabe.de/api/notices/06f19df7-bfac-4309-9436-bc4b19d7b20d?format=pdf"
"der avenga czechia s r o","der Avenga Czechia s.r.o.","Köln","50667","C","1","72200000","https://oeffentlichevergabe.de/api/notices/1312c2a4-6d88-412c-a774-aad761e83739?format=pdf"
"der isacon ag vertretungsberechtigt","der isacon AG (vertretungsberechtigt)","Weinheim","69469","C","1","72200000","https://oeffentlichevergabe.de/api/notices/1312c2a4-6d88-412c-a774-aad761e83739?format=pdf"
"detecon international","Detecon International GmbH","Köln","50678","C","1","72000000","https://oeffentlichevergabe.de/api/notices/673182fe-8519-4d9f-bb7e-afcb5e3e144b?format=pdf"
"deutsche telekom business solution","Deutsche Telekom Business Solution GmbH","Magdeburg","39124","C","1","64210000","https://oeffentlichevergabe.de/api/notices/76564ae1-bdd1-4be5-8bcf-3f9144f80097?format=pdf"
"deutsche telekom business solutions gmbh by","Deutsche Telekom Business Solutions GmbH BY","Bonn","53227","C","1","32400000;32410000;32412000","https://oeffentlichevergabe.de/api/notices/5f57e35b-0dfd-445f-b589-31da0eec6335?format=pdf"
"deutscher fachverlag","Deutscher Fachverlag GmbH","Frankfurt am Main","60323","C","1","72000000","https://oeffentlichevergabe.de/api/notices/9241bc23-7d93-4b51-b1ac-c63e42f9380d?format=pdf"
"deutsches institut fuer normung","Deutsches Institut für Normung e.V.","Berlin","10787","C","1","72000000","https://oeffentlichevergabe.de/api/notices/2701ebba-29b6-4112-b6c5-1b03adae7fe2?format=pdf"
"die blattmacher kommunikation und wissenschaft gmbh; kurzname: die blattmacher","Die Blattmacher Kommunikation und Wissenschaft GmbH; Kurzname: Die Blattmacher GmbH","Potsdam","14482","C","1","72413000;72415000","https://oeffentlichevergabe.de/api/notices/9fc4b8bf-70a8-44ba-8498-0aaf1ecece82?format=pdf"
"dierichsweiler unternehmens-und prozessberatung","Dierichsweiler Unternehmens- und Prozessberatung GmbH","Mainz","55130","C","1","72200000;72210000;72211000","https://oeffentlichevergabe.de/api/notices/dd7dd874-d4e0-4adf-aa4b-b885dc4e08a2?format=pdf"
"digital science uk limited","Digital Science UK Limited","Farringdon, London","EC1M 5NR","C","1","48000000","https://oeffentlichevergabe.de/api/notices/777649b1-ae6c-4e11-9bfc-8ac6f14d3d38?format=pdf"
"digital surf","DIGITAL SURF","BESANCON","25000","C","1","48460000","https://oeffentlichevergabe.de/api/notices/986e1e67-c71d-4ddc-8792-c29264c7f3e6?format=pdf"
"digitas pixelpark","Digitas Pixelpark GmbH","Hamburg","20099","C","1","48000000","https://oeffentlichevergabe.de/api/notices/249e0716-0843-4213-a424-6ef6a283cf58?format=pdf"
"docuteam","docuteam AG","Dättwill","5405","C","1","72260000;72268000","https://oeffentlichevergabe.de/api/notices/c3474123-474c-47de-971d-9998c2d0c720?format=pdf"
"dreistrom land","dreistrom.land AG","Jena","07745","C","1","72000000;72230000;72260000","https://oeffentlichevergabe.de/api/notices/51bde72d-5844-4850-a9c4-9a63fa29de0d?format=pdf"
"dtbs","DTBS GmbH","Bonn","53227","C","1","48000000;48515000;72000000","https://oeffentlichevergabe.de/api/notices/ca8a73ba-7e8f-447a-8655-47037a2f8ee9?format=pdf"
"dydocon","dydocon GmbH","Frankfurt am Main","60439","C","1","72000000","https://oeffentlichevergabe.de/api/notices/a81154b3-cbe9-4d70-bb0d-9eae0ce1c747?format=pdf"
"easycheck","EasyCheck GmbH & Co. KG","Göppingen","73037","C","1","30231000","https://oeffentlichevergabe.de/api/notices/9bf1364d-a591-4aaf-bc74-0f1d1b0d974a?format=pdf"
"ecospeed deutschland","Ecospeed Deutschland GmbH","Brühl","50321","C","1","48000000","https://oeffentlichevergabe.de/api/notices/5dcc969d-6457-4c89-a3ad-04c2d3e06157?format=pdf"
"edudip","edudip GmbH","Aachen","52070","C","1","48000000;48515000;72000000","https://oeffentlichevergabe.de/api/notices/ca8a73ba-7e8f-447a-8655-47037a2f8ee9?format=pdf"
"eduversum","Eduversum GmbH","Wiesbaden","65183","C","1","72413000;72420000;75130000","https://oeffentlichevergabe.de/api/notices/db049605-5ec2-4f35-9a2e-591d19d20c45?format=pdf"
"enda","ENDA GmbH & Co.KG","Berlin","10785","C","1","72000000;75130000","https://oeffentlichevergabe.de/api/notices/22dd1cf0-faeb-463d-a889-9f8d359a9a17?format=pdf"
"eoda","eoda GmbH","Kassel","34127","C","1","48000000;72000000","https://oeffentlichevergabe.de/api/notices/bf64f583-a34e-40ff-8aa8-32454a805222?format=pdf"
"epcan","epcan GmbH","Vreden","48691","C","1","64200000","https://oeffentlichevergabe.de/api/notices/4ac79a8c-d3da-47b4-8f7a-76fa3eaceb38?format=pdf"
"erab it-systems","ERAB IT-Systems GmbH","Darmstadt","64283","C","1","72000000;72260000","https://oeffentlichevergabe.de/api/notices/5ae8eab5-6ac1-442c-927c-032b249bfbaf?format=pdf"
"erabit it-systems","ERABIT IT-Systems GmbH","Darmstadt","64283","C","1","72400000;72413000","https://oeffentlichevergabe.de/api/notices/1b803eaf-30bb-41db-a208-133099be1aaf?format=pdf"
"ernst und young strategy und transactions","Ernst & Young Strategy & Transactions GmbH","Stuttgart","70629","C","1","48000000;72000000;72230000","https://oeffentlichevergabe.de/api/notices/7439ff6f-8a73-4482-9cdc-c2c9b0bd37f4?format=pdf"
"ernst heitland","Ernst Heitland GmbH & Co. KG","Solingen","42697","C","1","38421100;72500000","https://oeffentlichevergabe.de/api/notices/bf781d2a-1594-4a0c-b2f4-18770f976569?format=pdf"
"ernw enno rey netzwerke","ERNW Enno Rey Netzwerke GmbH","Heidelberg","69124","C","1","72000000","https://oeffentlichevergabe.de/api/notices/673182fe-8519-4d9f-bb7e-afcb5e3e144b?format=pdf"
"euroskypark","EuroSkyPark GmbH","Saarbrücken","66115","C","1","64216000","https://oeffentlichevergabe.de/api/notices/d6a5a505-a93f-43dc-b6c8-60dbd13315b6?format=pdf"
"eurotech spa","EUROTECH SPA","AMARO","33020","C","1","48810000","https://oeffentlichevergabe.de/api/notices/b6abdf55-2b1e-4867-be4c-12adb802d512?format=pdf"
"eviden germany gmbh ndl koeln","Eviden Germany GmbH Ndl. Köln","Köln","51149","C","1","72253200","https://oeffentlichevergabe.de/api/notices/370a96ba-e87b-4335-825b-923327b789a1?format=pdf"
"evonet computer network evolution","EVONET Computer Network Evolution GmbH","Fellbach","70736","C","1","48210000;48214000;50310000","https://oeffentlichevergabe.de/api/notices/6315a99e-8968-4270-b858-e82fa3711225?format=pdf"
"famedly","Famedly GmbH","Berlin","10405","C","1","48100000;72268000","https://oeffentlichevergabe.de/api/notices/67d65454-e6c0-4416-a57c-d2ba20cf9294?format=pdf"
"fecher","fecher GmbH","Rödermark","63322","C","1","72000000;72100000;72200000","https://oeffentlichevergabe.de/api/notices/2b7c0eb0-7dbc-4971-bdc2-0406a0dcdccb?format=pdf"
"fela deutschland","FELA Deutschland GmbH","Birkenfeld","55765","C","1","48810000","https://oeffentlichevergabe.de/api/notices/3d81bbef-15b2-4cc0-9e88-bd17b2b7faa1?format=pdf"
"femtonics","Femtonics Ltd.","Budapest","1087","C","1","48600000","https://oeffentlichevergabe.de/api/notices/9b43a2e9-f498-4e53-b2c0-59ee1b3337de?format=pdf"
"fidelity information services front arena ab","Fidelity Information Services Front Arena AB","Stockholm","SE-118 28","C","1","48000000;72260000","https://oeffentlichevergabe.de/api/notices/04fa1dae-f521-4535-9513-2bb96754c818?format=pdf"
"fidus","Fidus","Darmstadt","64291","C","1","48814400","https://oeffentlichevergabe.de/api/notices/57044583-1662-4da7-a26e-dd82dc85c291?format=pdf"
"firma ntt germany","Firma NTT Germany AG & Co. KG","Bad Homburg v. d. Höhe","61352","C","1","48000000","https://oeffentlichevergabe.de/api/notices/3dcff990-8379-4f82-9aaa-a839f26e58b9?format=pdf"
"first data","First Data GmbH","Bad Homburg v.d. Höhe","61348","C","1","30233320","https://oeffentlichevergabe.de/api/notices/dc00f948-bfe0-482e-972a-285ec8fcdc36?format=pdf"
"fischer knoblauch und co medienproduktionsgesellschaft ffm","Fischer, Knoblauch & Co Medienproduktionsgesellschaft (FFM) mbH","BAD HOMBURG","61348","C","1","72262000;80420000","https://oeffentlichevergabe.de/api/notices/e3fe59a0-3ab5-4833-81ed-51bb90a5f9d0?format=pdf"
"fischer knoblauch und co","Fischer, Knoblauch & Co.","München","80807","C","1","72260000;72263000;72268000","https://oeffentlichevergabe.de/api/notices/017d8823-3cf6-4aa9-b38a-2bc621582308?format=pdf"
"fischer knoblauch und co medeinproduktionsg mbh und co","Fischer, Knoblauch & Co. Medeinproduktionsg.mbH & Co. KGaA","München","80807","C","1","48931000","https://oeffentlichevergabe.de/api/notices/824ef0ad-d41d-4d75-a49c-a9cb102d72ec?format=pdf"
"fp digital business solutions","FP Digital Business Solutions GmbH","Berlin","12489","C","1","48000000","https://oeffentlichevergabe.de/api/notices/388f9bf2-afd4-4019-827b-1498b1e1e1e6?format=pdf"
"fraunhofer-gesellschaft e v fuer iosb","Fraunhofer-Gesellschaft e.V. (für IOSB)","München","80686","C","1","72000000","https://oeffentlichevergabe.de/api/notices/f96b1128-9a03-4349-8c01-8426e1adf4d7?format=pdf"
"fraunhofer-institut fuer offene kommunikationssysteme","Fraunhofer-Institut für Offene Kommunikationssysteme","Berlin","10589","C","1","72222000;72223000;72225000","https://oeffentlichevergabe.de/api/notices/872eb348-cef3-4426-b658-64b285d75bc1?format=pdf"
"fraunhofer-institut fuer optronik systemtechnik und bildauswertung iosb","Fraunhofer-Institut für Optronik, Systemtechnik und Bildauswertung (IOSB)","Karlsruhe","76131","C","1","38970000;48000000","https://oeffentlichevergabe.de/api/notices/91ab820a-2e53-47b0-a627-11cb93ec1232?format=pdf"
"fzi forschungszentrum informatik","FZI Forschungszentrum Informatik","Karlsruhe","76131","C","1","72000000","https://oeffentlichevergabe.de/api/notices/b487b383-9b1a-4dbb-b5c2-07783bfcb86b?format=pdf"
"g e o s ingenieurgesellschaft mbh nl chemnitz","G.E.O.S. Ingenieurgesellschaft mbH, NL Chemnitz","Chemnitz","09117","C","1","72267000","https://oeffentlichevergabe.de/api/notices/db115c1c-f93f-4b8e-bf5e-9583373afdaf?format=pdf"
"gahrens + battermann","Gahrens + Battermann GmbH","Berlin","10589","C","1","72000000","https://oeffentlichevergabe.de/api/notices/7e29b02f-d467-4675-b41f-489ed33dfdee?format=pdf"
"gesundheit berlin-brandenburg","Gesundheit Berlin-Brandenburg e.V.","Berlin","10969","C","1","72260000;75000000","https://oeffentlichevergabe.de/api/notices/ff3b67d8-2215-4ad9-a557-81db51269389?format=pdf"
"gicon-grossmann ingenieur consult","GICON - Großmann Ingenieur Consult GmbH","Dresden","01219","C","1","48100000","https://oeffentlichevergabe.de/api/notices/a5a03fac-1875-40af-ae60-87933d81c1d4?format=pdf"
"giesecke+devrient epayments","Giesecke+Devrient ePayments GmbH","München","81677","C","1","72260000;72500000;79800000","https://oeffentlichevergabe.de/api/notices/59e4aa0b-6675-4058-a0ea-8d7fcada13e0?format=pdf"
"gimac","GiMaC GmbH","München","80997","C","1","72000000;72100000;72200000","https://oeffentlichevergabe.de/api/notices/2b7c0eb0-7dbc-4971-bdc2-0406a0dcdccb?format=pdf"
"giscon geoinformatik","GISCON Geoinformatik GmbH","44147","Dortmund","C","1","72262000;72267100","https://oeffentlichevergabe.de/api/notices/13cae2cf-acc8-4877-96d4-c9124cf65fc9?format=pdf"
"glasfaserplusgmbh","GlasfaserPlusGmbH","Köln","51063","C","1","64210000","https://oeffentlichevergabe.de/api/notices/d6393e55-6a3e-4118-9559-ba1d3cd50885?format=pdf"
"global ct services und consulting","Global CT Services & Consulting GmbH","Isernhagen","30916","C","1","72200000","https://oeffentlichevergabe.de/api/notices/1312c2a4-6d88-412c-a774-aad761e83739?format=pdf"
"global display solutions s p a","Global Display Solutions S.P.A.","Cornedo Vicentino (VI)","36073","C","1","35261100;48813100;48813200","https://oeffentlichevergabe.de/api/notices/3551a849-6ece-4b9f-8fd3-4182ec57b512?format=pdf"
"goodhabitz germany","GoodHabitz Germany GmbH","Frankfurt am Main","60329","C","1","48931000;72000000;80000000","https://oeffentlichevergabe.de/api/notices/cd5755a2-166f-47bf-8d30-e775d3e290b4?format=pdf"
"google cloud emea","Google Cloud EMEA Ltd.","Dublin","D02 R296","C","1","72268000","https://oeffentlichevergabe.de/api/notices/f805be4c-de42-452f-8ecf-33743423264b?format=pdf"
"grandega","grandega GmbH","Eschborn","65760","C","1","72000000","https://oeffentlichevergabe.de/api/notices/1a848e68-2303-4c22-a17b-e0c76c0d8e1b?format=pdf"
"grant thornton ag wirtschaftspruefungsgesellschaft","Grant Thornton AG Wirtschaftsprüfungsgesellschaft","Leipzig","04105","C","1","72200000;72246000;72260000","https://oeffentlichevergabe.de/api/notices/c6b8ad84-493d-4418-9615-1f91aca7866a?format=pdf"
"green it das systemhaus","Green IT Das Systemhaus GmbH","Dortmund","44227","C","1","30232100","https://oeffentlichevergabe.de/api/notices/25125db9-ef87-4c30-a154-f8bb183a664d?format=pdf"
"grs","GRS mbH","Braunschweig","38122","C","1","72212600","https://oeffentlichevergabe.de/api/notices/996d95c4-cbe0-4566-a72f-15ecda835f29?format=pdf"
"gurobi","Gurobi GmbH","Monheim am Rhein","40789","C","1","48460000","https://oeffentlichevergabe.de/api/notices/3f0baf7f-d37f-4e2a-b29e-290320b1c100?format=pdf"
"han­se­com public trans­port ticke­ting solu­ti­ons","Han­se­Com Public Trans­port Ticke­ting Solu­ti­ons GmbH","Hamburg","20097","C","1","72000000;72200000","https://oeffentlichevergabe.de/api/notices/fbe61d0c-22ee-4d9a-ae6f-25f52b3b4aa9?format=pdf"
"haufe service center","Haufe Service Center GmbH","Freiburg","79111","C","1","64216200","https://oeffentlichevergabe.de/api/notices/add3eede-d209-4659-a5b6-e5c0161f4bb2?format=pdf"
"haug und wolf","Haug und Wolf GmbH","Gaggenau","76571","C","1","30233310","https://oeffentlichevergabe.de/api/notices/a267e176-9d7c-4a94-906a-0e80148b1a2a?format=pdf"
"hcl technologies germany","HCL Technologies Germany GmbH","Eschborn","65760","C","1","48000000","https://oeffentlichevergabe.de/api/notices/36c04e2b-d9f7-4059-9895-1d8e3cd36fb5?format=pdf"
"heidegesellschaft forstprodukte und-geraete","Heidegesellschaft Forstprodukte und -geräte GmbH","Trittau","22946","C","1","72000000","https://oeffentlichevergabe.de/api/notices/c0eb2ae9-6d98-45b0-8fd3-bb85b78e7385?format=pdf"
"heinlein consulting","Heinlein Consulting GmbH","Berlin","10119","C","1","48822000;72000000;72212730","https://oeffentlichevergabe.de/api/notices/43df8296-f69e-4581-a40d-008307abf222?format=pdf"
"help tech hilfsmittel","Help Tech Hilfsmittel GmbH & Co. KG","Köln","50937","C","1","72268000","https://oeffentlichevergabe.de/api/notices/e49ba4b7-1a8e-4ada-8196-709df7e2734b?format=pdf"
"hermes systeme","HERMES Systeme GmbH","Wildeshausen","27793","C","1","45315100;48921000","https://oeffentlichevergabe.de/api/notices/c10dc42d-da24-40bd-a3cc-94b2778de966?format=pdf"
"hewlett packard enterprise","Hewlett Packard Enterprise","Böblingen","71034","C","1","72000000","https://oeffentlichevergabe.de/api/notices/99ddada6-a76f-4316-aac3-d8eec4fc8d9d?format=pdf"
"hewlett-packard","Hewlett-Packard GmbH","Ratingen","40880","C","1","72000000","https://oeffentlichevergabe.de/api/notices/73ef80b0-45b9-4ebc-93e7-3a7886a714b8?format=pdf"
"heyjobs","HeyJobs GmbH","Berlin","10999","C","1","72400000","https://oeffentlichevergabe.de/api/notices/3e6a334d-9cde-4887-9a68-250cd7a58adc?format=pdf"
"histify","histify AG","St. Gallen","CH-9000","C","1","48311000;48329000;48611000","https://oeffentlichevergabe.de/api/notices/b6466dba-8e3f-4099-84d9-5c52d5450543?format=pdf"
"hn experts","HN Experts GmbH","Monheim am Rhein","40789","C","1","72000000","https://oeffentlichevergabe.de/api/notices/97286d70-12b9-4a1b-a2b2-b8ebbb235447?format=pdf"
"hrms consult","HRMS Consult","Düsseldorf","40474","C","1","72000000","https://oeffentlichevergabe.de/api/notices/1a848e68-2303-4c22-a17b-e0c76c0d8e1b?format=pdf"
"i-engineers","i-engineers GmbH","Müster","48153","C","1","48000000;48180000","https://oeffentlichevergabe.de/api/notices/ae2e18c4-52d1-48d1-8bdd-f5fd313459e7?format=pdf"
"ibro service","IBRo Service GmbH","Roggentin","18184","C","1","64214000","https://oeffentlichevergabe.de/api/notices/503616e4-13a6-4504-86d2-a10a37b5e5e3?format=pdf"
"ibs schreiber","IBS Schreiber GmbH","Hamburg","20359","C","1","72000000","https://oeffentlichevergabe.de/api/notices/ea88779e-bcbb-4120-815c-b98bc42c4879?format=pdf"
"ibykus","IBYKUS AG","Berlin","10963","C","1","72000000","https://oeffentlichevergabe.de/api/notices/06d0cc93-05fa-4a16-ad29-5b9ef2643d01?format=pdf"
"if blueprint","IF Blueprint AG","München","81825","C","1","72268000","https://oeffentlichevergabe.de/api/notices/056558d9-16ea-42ce-9737-b05c41a1ceca?format=pdf"
"image access","Image Access GmbH","Wuppertal","42281","C","1","30216100","https://oeffentlichevergabe.de/api/notices/992eb257-7eba-4db0-8919-ddb2b9c09a0f?format=pdf"
"imediapp s a","iMediapp S.A","Paris","75003","C","1","72268000","https://oeffentlichevergabe.de/api/notices/4a277bab-8c85-4a1d-883a-4580a58f3678?format=pdf"
"implementus","IMPLEMENTUS AG","Miltenberg","63897","C","1","72200000","https://oeffentlichevergabe.de/api/notices/c8e92894-a4ca-444d-9145-37e0addbf708?format=pdf"
"in-innovative navigation","in-innovative navigation GmbH","Kornwestheim","70806","C","1","72212100;72260000","https://oeffentlichevergabe.de/api/notices/6c453bd2-5279-4295-be4b-37de32a807d4?format=pdf"
"inc innovation center","INC Innovation Center GmbH","Aachen","52074","C","1","48517000","https://oeffentlichevergabe.de/api/notices/ac1d1309-e9cb-4832-a0ee-2fe9ca33b001?format=pdf"
"indibit","indibit GmbH","Bayreuth","95444","C","1","72000000","https://oeffentlichevergabe.de/api/notices/f92309b4-14ec-4ddc-b378-2e4ca1b1db67?format=pdf"
"infas 360","infas 360 GmbH","Bonn","53113","C","1","72314000","https://oeffentlichevergabe.de/api/notices/16e9ac87-b9e5-4c1e-9ae3-8216705f3ce7?format=pdf"
"information services group germany","Information Services Group Germany GmbH","Frankfurt am Main","60311","C","1","72260000","https://oeffentlichevergabe.de/api/notices/4bba420a-be49-4a42-a42e-6255f63af4f6?format=pdf"
"infraxpt","infraXPT UG","Bochum","44879","C","1","64215000","https://oeffentlichevergabe.de/api/notices/b36ef584-1c3d-4d54-9d16-ed6ebee5b99e?format=pdf"
"innoton/cedar deutschland uwe seyfert","INNOTON/CEDAR Deutschland Uwe Seyfert","Lengerich","49525","C","1","30200000","https://oeffentlichevergabe.de/api/notices/6a31fa60-57af-45dd-902d-c750fbe776e1?format=pdf"
"insert information technologies","Insert Information Technologies GmbH","Witten","58456","C","1","72000000","https://oeffentlichevergabe.de/api/notices/f4591cb1-e69b-41a4-8406-0fa7017f279f?format=pdf"
"insert technologies","Insert Technologies GmbH","Witten","58456","C","1","48100000","https://oeffentlichevergabe.de/api/notices/0c53483d-0a6f-4014-be66-0f23315d0347?format=pdf"
"institutional shareholder services germany","Institutional Shareholder Services Germany AG","München","80636","C","1","72300000","https://oeffentlichevergabe.de/api/notices/4cced637-85b1-48e8-ba51-7b1458b91ea7?format=pdf"
"intec industrie-technik","INTEC Industrie-Technik","München","80807","C","1","48461000","https://oeffentlichevergabe.de/api/notices/8d4d0b4b-4eeb-4434-8dd3-02ab8274db67?format=pdf"
"interactive instruments","interactive instruments GmbH","Bonn","53113","C","1","72000000","https://oeffentlichevergabe.de/api/notices/5e17e398-b6c4-4f81-90eb-b966b1a6fe6d?format=pdf"
"interface projects","interface projects GmbH","Dresden","01159","C","1","48200000","https://oeffentlichevergabe.de/api/notices/f1bd186c-e21d-4611-b4d9-503a8c5f83db?format=pdf"
"intersaar","intersaar GmbH","Saarbrücken","66115","C","1","32420000;50312300","https://oeffentlichevergabe.de/api/notices/8cb677d4-73b8-45f9-9c16-d39d25e4f820?format=pdf"
"invitec","INVITEC GmbH & Co. KG","Essen","45143","C","1","48180000;50400000","https://oeffentlichevergabe.de/api/notices/eb2ee50f-0930-4bbd-bcc5-4cd878fab37e?format=pdf"
"inworks","Inworks GmbH","Ulm","89081","C","1","48000000","https://oeffentlichevergabe.de/api/notices/88509c51-9897-4bb9-a187-709068a2fe1c?format=pdf"
"ip systems","IP Systems GmbH","Rüsselsheim","65428","C","1","72100000;72120000;72221000","https://oeffentlichevergabe.de/api/notices/06f19df7-bfac-4309-9436-bc4b19d7b20d?format=pdf"
"ipoque","ipoque GmbH","Leipzig","04109","C","1","48000000","https://oeffentlichevergabe.de/api/notices/84bf9933-8409-4f2e-b543-eda0cbff975a?format=pdf"
"iris-gmbh","iris-GmbH","Berlin","12439","C","1","72260000;72267000","https://oeffentlichevergabe.de/api/notices/ca17bf5a-722a-4e9f-a64b-0c30d8d84836?format=pdf"
"irz","iRZ GmbH","Feucht","90537","C","1","72200000","https://oeffentlichevergabe.de/api/notices/39378422-e9e3-42c8-b337-e3c193255b14?format=pdf"
"it4transformation bestehend aus deloitte consulting gmbh s und n abiscon gmbh mid","IT4Transformation bestehend aus Deloitte Consulting GmbH, S&N ABISCON GmbH, MID GmbH","Nürnberg","90478","C","1","72000000","https://oeffentlichevergabe.de/api/notices/16156e01-8275-432f-8bfc-14eda7f8aa7f?format=pdf"
"it4transformation gbr bestehend aus deloitte consulting gmbh mid gmbh cassini consulting","IT4Transformation GbR bestehend aus Deloitte Consulting GmbH, MID GmbH, Cassini Consulting AG","Düsseldorf","40476","C","1","72000000","https://oeffentlichevergabe.de/api/notices/9192a761-9579-431c-bd77-f56b1388e654?format=pdf"
"itis","ITIS GmbH","Neubiberg","85579","C","1","72000000","https://oeffentlichevergabe.de/api/notices/9da9b4d0-8202-4dc0-a12b-011f4ca7364c?format=pdf"
"ja-gastechnology","JA - Gastechnology GmbH","Burgwedel","30938","C","1","50532000;72250000","https://oeffentlichevergabe.de/api/notices/b00b1e19-56f7-467e-affc-42529a7d33ae?format=pdf"
"jane s group uk limited","Jane's Group UK Limited","Croydon","CR0 1JD","C","1","72260000","https://oeffentlichevergabe.de/api/notices/dbdc0f7e-a9e9-474e-9b07-7d3d95e2de49?format=pdf"
"johnson controls systems und service","Johnson Controls Systems & Service GmbH","Berlin","12489","C","1","48000000","https://oeffentlichevergabe.de/api/notices/d67e4e19-c0d2-490f-99e0-187d1b310fbe?format=pdf"
"jott consulting","JOTT Consulting GmbH","Köln","50931","C","1","72511000","https://oeffentlichevergabe.de/api/notices/035f3c84-7de7-4f7b-a323-590972ef2823?format=pdf"
"jungmann systemtechnik","Jungmann Systemtechnik GmbH & Co. KG","Buxtehude","21614","C","1","45223000;50312000;71356000","https://oeffentlichevergabe.de/api/notices/089e588b-5f00-4fb2-af66-232402fb261a?format=pdf"
"junidas","Junidas GmbH","Stuttgart","80331","C","1","72000000;72230000;72253000","https://oeffentlichevergabe.de/api/notices/99236fdf-816e-4627-b247-dffbc070afdc?format=pdf"
"kemas","KEMAS GmbH","Oberlungwitz","09353","C","1","50324100","https://oeffentlichevergabe.de/api/notices/cb6f5996-adb7-4b95-b6aa-2fa280d94987?format=pdf"
"kienbaum consultants international","Kienbaum Consultants International GmbH","Köln","51149","C","1","72000000","https://oeffentlichevergabe.de/api/notices/1a848e68-2303-4c22-a17b-e0c76c0d8e1b?format=pdf"
"kisters","KISTERS AG","Aachen Germany","52076","C","1","72200000","https://oeffentlichevergabe.de/api/notices/27d231dc-99ac-4794-b64b-6eb4da8a026e?format=pdf"
"komm/it gesellschaft fuer informationstechnik","komm/IT Gesellschaft für Informationstechnik mbH","Köln","50670","C","1","72267000","https://oeffentlichevergabe.de/api/notices/778105de-b9e9-4ee7-8f8f-e1ab0a209cb0?format=pdf"
"kommunal-consult becker","Kommunal-Consult Becker AG","Pohlheim","35415","C","1","48460000;72000000","https://oeffentlichevergabe.de/api/notices/3c3c31f2-d1e4-4b4f-b8d9-0f01e29f4bb1?format=pdf"
"kontextwork","KontextWork GbR","Hannover","30159","C","1","48300000","https://oeffentlichevergabe.de/api/notices/5acffa94-2594-4de9-8422-ea3ce3f66c35?format=pdf"
"kontron transportation deutschland","Kontron Transportation Deutschland","Immenstaad am Bodensee","88090","C","1","48000000","https://oeffentlichevergabe.de/api/notices/defc4d6a-d3f9-4948-89fb-c1afb45a5c85?format=pdf"
"kpmg","KPMG AG","Berlin","10557","C","1","72000000;72200000;72253000","https://oeffentlichevergabe.de/api/notices/71f727a5-5679-4a61-a0cd-1a88ab97d36c?format=pdf"
"krauth technology","krauth technology GmbH","Eberbach","69412","C","1","32235000;42933000;48480000","https://oeffentlichevergabe.de/api/notices/34968a71-d5e1-47a3-87b7-4fb574bbd4ad?format=pdf"
"krongaard","Krongaard GmbH","Hamburg","20355","C","1","72200000","https://oeffentlichevergabe.de/api/notices/c8e92894-a4ca-444d-9145-37e0addbf708?format=pdf"
"labor3","labor3","Kleinmachnow","14532","C","1","72413000","https://oeffentlichevergabe.de/api/notices/f20eb6f2-4ed0-4a1b-bb60-e73c21dd5778?format=pdf"
"lagrange twm","Lagrange TWM GmbH","Kirn","55606","C","1","45311000;48921000","https://oeffentlichevergabe.de/api/notices/37e7ce9b-747f-48e7-a948-1ad5df4ad8f7?format=pdf"
"landesbetrieb daten und information","Landesbetrieb Daten und Information","Mainz","55118","C","1","48000000;48100000","https://oeffentlichevergabe.de/api/notices/658bb6a3-b1ea-453c-8654-c5b7a440e5c7?format=pdf"
"lanworks","Lanworks AG","Düsseldorf","40217","C","1","48900000","https://oeffentlichevergabe.de/api/notices/c5254986-4092-4802-8aba-d5aa37b64b35?format=pdf"
"lebenshilfe muenchen","Lebenshilfe München","München","81377","C","1","30200000;30213100;30213300","https://oeffentlichevergabe.de/api/notices/b654e051-f035-4a44-8cef-1cfa9b6ab87f?format=pdf"
"lebenshilfe werkstatt gmbh muenchen","Lebenshilfe Werkstatt GmbH München","München","81377","C","1","72260000;79530000","https://oeffentlichevergabe.de/api/notices/a6069707-aa00-43b6-8f2d-bf66acb2fa62?format=pdf"
"logic works","Logic Works GmbH","Niederkassel","53859","C","1","72000000;72200000;72211000","https://oeffentlichevergabe.de/api/notices/1fa8340e-857e-4cd7-bebc-722448062501?format=pdf"
"lumino licht elektronik","Lumino Licht Elektronik GmbH","Krefeld","47807","C","1","48810000","https://oeffentlichevergabe.de/api/notices/eb442104-b360-4247-b28d-127623b17f62?format=pdf"
"macaw netzkern","Macaw netzkern GmbH","Wuppertal","42285","C","1","72000000","https://oeffentlichevergabe.de/api/notices/6eafb37d-8a48-4921-8178-dcb145c9e676?format=pdf"
"maltego technologies","Maltego Technologies GmbH","München","80336","C","1","48000000","https://oeffentlichevergabe.de/api/notices/6214b1e6-d2cf-4169-a39d-750442847c2c?format=pdf"
"manage now","Manage Now GmbH","München","80807","C","1","72000000","https://oeffentlichevergabe.de/api/notices/b33acb8b-1c27-433a-9a8d-ddc6528756a4?format=pdf"
"management solutions information technology","Management Solutions Information Technology GmbH","Wien","1020","C","1","72260000","https://oeffentlichevergabe.de/api/notices/3ec2db7c-7f34-411e-8b6f-ebac77d98cdc?format=pdf"
"martin heigermoser-it consulting","Martin Heigermoser - IT Consulting","München","81543","C","1","72200000","https://oeffentlichevergabe.de/api/notices/ab3035f7-982a-49d0-be5c-818ebabeaf7d?format=pdf"
"matchmeeting ab","Matchmeeting AB","Stockholm","115 20","C","1","48000000;48100000;72000000","https://oeffentlichevergabe.de/api/notices/4a10483b-587d-45f9-b4ab-838cb7c55dbd?format=pdf"
"materna gmbh information und communications","Materna GmbH Information & Communications","Dortmund","44263","C","1","72260000","https://oeffentlichevergabe.de/api/notices/4bba420a-be49-4a42-a42e-6255f63af4f6?format=pdf"
"materna information und communicatios","Materna Information &Communicatios SE","Dortmund","44263","C","1","72000000","https://oeffentlichevergabe.de/api/notices/e3a4b75d-5b53-4aca-a047-3b33c458b168?format=pdf"
"materna informations und communications","Materna Informations & Communications SE","Dortmund","44623","C","1","48000000","https://oeffentlichevergabe.de/api/notices/577a0464-cdc4-49c5-bece-71d67c47c5cc?format=pdf"
"materna tmt","MATERNA TMT GmbH","Dortmund","44141","C","1","72000000","https://oeffentlichevergabe.de/api/notices/1a848e68-2303-4c22-a17b-e0c76c0d8e1b?format=pdf"
"maxmind inc","Maxmind Inc.","Waltham USA","MA 02451","C","1","48600000","https://oeffentlichevergabe.de/api/notices/475f89e5-644b-483d-8533-0ebad775c2b4?format=pdf"
"mcwerk","McWERK GmbH","Wien","1040","C","1","30213200","https://oeffentlichevergabe.de/api/notices/5b197295-7328-424f-b151-9d3506eb7c74?format=pdf"
"md consulting und informationsdienste","MD Consulting & Informationsdienste GmbH","Erding","85435","C","1","72000000;72100000;72200000","https://oeffentlichevergabe.de/api/notices/2b7c0eb0-7dbc-4971-bdc2-0406a0dcdccb?format=pdf"
"mddsl-mitteldeutsche gesellschaft fuer kommunikation","MDDSL-Mitteldeutsche Gesellschaft für Kommunikation mbH","Barleben","39179","C","1","72400000","https://oeffentlichevergabe.de/api/notices/dab60df2-7ce7-4f1e-8d94-38d1a903f4be?format=pdf"
"medialmotion","medialmotion GmbH","München","80799","C","1","72000000;75300000","https://oeffentlichevergabe.de/api/notices/c624d9ba-0bc4-4830-bbed-4bebde25a642?format=pdf"
"mediclin-it","MediClin-IT GmbH","Offenburg","77652","C","1","72000000","https://oeffentlichevergabe.de/api/notices/38f85c31-4e2a-421f-9a9c-1e56be41db60?format=pdf"
"medkonnekt","Medkonnekt GmbH","Garching bei München","85748","C","1","72260000","https://oeffentlichevergabe.de/api/notices/6ad3488a-23eb-4a0b-83e1-ae279588b951?format=pdf"
"medvision","Medvision AG","Unna","59423","C","1","48180000","https://oeffentlichevergabe.de/api/notices/6186d055-3b58-4e30-8831-c6a5024a4378?format=pdf"
"mega international","MEGA International GmbH","Berlin","10178","C","1","48000000","https://oeffentlichevergabe.de/api/notices/0eef2761-fb61-414d-8581-eeb67988ebc4?format=pdf"
"megasoft it","megasoft IT GmbH & Co. KG","Monheim","40789","C","1","48000000","https://oeffentlichevergabe.de/api/notices/b2086273-3455-4636-a28a-f1a1e59809f3?format=pdf"
"memorysolution","Memorysolution GmbH","Breisach ","79206","C","1","30211100","https://oeffentlichevergabe.de/api/notices/92762736-dc3c-49e5-bd61-df39514ade3b?format=pdf"
"meryts","Meryts GmbH","Düsseldorf","40489","C","1","72000000;72200000;72253000","https://oeffentlichevergabe.de/api/notices/71f727a5-5679-4a61-a0cd-1a88ab97d36c?format=pdf"
"messteam nord gmbh; hms hanse montageservice","messteam Nord GmbH; HMS Hanse Montageservice GmbH","Itzehoe","25524","C","1","50000000;51300000;72312000","https://oeffentlichevergabe.de/api/notices/8e907607-f1b9-4964-9d98-ed38ca4f7a5d?format=pdf"
"mhp management-und it-beratung","MHP Management- & IT-Beratung GmbH","Ludwigsburg","71638","C","1","72000000","https://oeffentlichevergabe.de/api/notices/eeb1950f-aa66-47cb-a864-a8359c5f10dc?format=pdf"
"microsoft","Microsoft","München","80807","C","1","72000000;72253000","https://oeffentlichevergabe.de/api/notices/a36903fd-bff1-49fa-910c-badb24ec53e5?format=pdf"
"mid","MID GmbH","Nürnberg","90402","C","1","72000000","https://oeffentlichevergabe.de/api/notices/9192a761-9579-431c-bd77-f56b1388e654?format=pdf"
"modernx","modernX GmbH & Co. KG","Sinzheim","76547","C","1","72000000","https://oeffentlichevergabe.de/api/notices/04b62d33-a9a7-4e1e-b1fc-aacc7fafd82e?format=pdf"
"moovit","MoovIT GmbH","Köln","51063","C","1","32211000;51612000;72000000","https://oeffentlichevergabe.de/api/notices/3fe56ddf-ba29-427c-ae28-3783c9a8c3f6?format=pdf"
"more managed services","More Managed Services","Hamburg","22083","C","1","72260000","https://oeffentlichevergabe.de/api/notices/4bba420a-be49-4a42-a42e-6255f63af4f6?format=pdf"
"mrg computer","mrg computer","Potsdam","14469","C","1","30200000;30213100;30213200","https://oeffentlichevergabe.de/api/notices/29a44e2b-ac76-4c64-8011-d60405936750?format=pdf"
"msci solutions uk limited","MSCI Solutions (UK) Limited","London","E1 6EG","C","1","72300000","https://oeffentlichevergabe.de/api/notices/4cced637-85b1-48e8-ba51-7b1458b91ea7?format=pdf"
"msg nexinsure","msg nexinsure ag","Hamburg","20354","C","1","72000000","https://oeffentlichevergabe.de/api/notices/e7d88e44-2181-4693-8d36-6fdac030a28f?format=pdf"
"mtg","MTG AG","Darmstadt","64293","C","1","72000000","https://oeffentlichevergabe.de/api/notices/dde061c9-7271-4945-ad8e-588a709301c4?format=pdf"
"mtg-kommunikations-technik","MTG-Kommunikations-Technik GmbH","München","81825","C","1","48000000","https://oeffentlichevergabe.de/api/notices/3ad4a537-880f-4042-a281-98d5fe8b9ab2?format=pdf"
"murex s a s","MUREX S.A.S","Frankfurt am Main","60486","C","1","72261000;72268000","https://oeffentlichevergabe.de/api/notices/2fe69696-6ab7-4acb-8969-df4a4ece575c?format=pdf"
"musarubra ireland","Musarubra Ireland","Dublin","D02 R296","C","1","72000000","https://oeffentlichevergabe.de/api/notices/2c4b8cc8-3a16-4219-bed2-b8eec1801282?format=pdf"
"mvm trading","MVM Trading GmbH & Co. KG","Visselhövede","27374","C","1","30237280;31320000","https://oeffentlichevergabe.de/api/notices/b4743f36-e13f-4fb8-9459-97d403c6980c?format=pdf"
"n+p informationssysteme","N+P Informationssysteme GmbH","Meerane","08393","C","1","48000000","https://oeffentlichevergabe.de/api/notices/9b8e63b8-c9bb-4c28-a87d-99c040b94030?format=pdf"
"nedap technology partner ntp for security management","nedap Technology partner [nTp] for Security Management GmbH","Stuttgart","70173","C","1","48000000;48420000","https://oeffentlichevergabe.de/api/notices/e6361931-57f0-4bc3-8be4-7561c5f9419c?format=pdf"
"nenna ai","Nenna.ai GmbH","Berlin","10243","C","1","48000000;72227000;72263000","https://oeffentlichevergabe.de/api/notices/eac9f024-0628-49ab-a82f-95157c3efacc?format=pdf"
"netlogix","netlogix GmbH & Co. KG","Nürnberg","90411","C","1","72267100","https://oeffentlichevergabe.de/api/notices/bf649995-26c4-4870-9464-692f1e96ac5d?format=pdf"
"netqa","netqa GmbH","Berlin","13355","C","1","72250000;72254000;72254100","https://oeffentlichevergabe.de/api/notices/56df35ae-2f63-4602-bcde-861fd196943a?format=pdf"
"news aktuell","news aktuell GmbH","Hamburg","20148","C","1","48000000","https://oeffentlichevergabe.de/api/notices/e1113a5b-d27c-41e3-b6c3-4d2e7e1c6000?format=pdf"
"nexus / marabu","NEXUS / MARABU GmbH","Berlin","10829","C","1","48100000;72260000","https://oeffentlichevergabe.de/api/notices/259f4e13-cefd-4383-ac3f-33ac5f16d1ec?format=pdf"
"nexway","Nexway AG","Karlsruhe","76131","C","1","48000000;48100000","https://oeffentlichevergabe.de/api/notices/8c1f4ba6-6692-4e8c-9ca1-e8f1c7602bee?format=pdf"
"nikon deutschland","Nikon Deutschland","Düsseldorf","40472","C","1","38510000;48820000","https://oeffentlichevergabe.de/api/notices/1a07fae0-4768-4c15-beeb-c67f3e829a36?format=pdf"
"nk consulting","nk consulting GmbH","Binningen","4102","C","1","72220000;72224100","https://oeffentlichevergabe.de/api/notices/1a00ac51-ef20-47ae-b495-092d6f8e83e4?format=pdf"
"northrop grumman law department northrop grumman uk limited","Northrop Grumman Law Department Northrop Grumman UK Limited","London","SW1Y 4EL","C","1","72267000","https://oeffentlichevergabe.de/api/notices/1376d83b-ae61-4954-a03d-4300bcf269a0?format=pdf"
"novacair b v","Novacair B.V.","JH in Leiden","2312","C","1","72260000","https://oeffentlichevergabe.de/api/notices/1f7d13da-7fa1-40a0-9a8b-2e7862982448?format=pdf"
"ntt","NTT","Düsseldorf","40476","C","1","32424000;48000000;48730000","https://oeffentlichevergabe.de/api/notices/49ce4dd9-627e-419c-abfd-668cfadb8140?format=pdf"
"ntt data deutschland","NTT DATA Deutschland SE","München","80807","C","1","32424000;48000000;48510000","https://oeffentlichevergabe.de/api/notices/0676e7f6-642e-47cd-b64c-c17fb11452a6?format=pdf"
"oneconsult deutschland","Oneconsult Deutschland AG","München","80687","C","1","72000000","https://oeffentlichevergabe.de/api/notices/ca5b2d2d-f7ef-499a-b856-9266fecbf5d7?format=pdf"
"open reply","Open Reply GmbH","Gütersloh","33334","C","1","72000000;72230000","https://oeffentlichevergabe.de/api/notices/1749ce99-e615-4b63-9325-1ab5a0153a9d?format=pdf"
"openai ireland","OpenAI Ireland Ltd","Dublin","D01 YC43","C","1","72300000","https://oeffentlichevergabe.de/api/notices/b9bfd0cc-1ad2-423a-8822-ce30336309c7?format=pdf"
"opentalk","OpenTalk GmbH","Berlin","10119","C","1","72000000;72260000","https://oeffentlichevergabe.de/api/notices/9934201b-33bd-4fac-9c95-ce131667ee44?format=pdf"
"optimum datamanagement solutions","Optimum datamanagement solutions GmbH","Karlsruhe","76185","C","1","48100000","https://oeffentlichevergabe.de/api/notices/30a511db-2c98-4883-a602-f1a285a5d911?format=pdf"
"orange cyberdefense germany","Orange Cyberdefense Germany GmbH","München","81245","C","1","72000000;72253200","https://oeffentlichevergabe.de/api/notices/95b2096e-69d4-4d5a-8619-235377e15f8b?format=pdf"
"orise digital","Orise Digital GmbH","Rottweil","78628","C","1","72250000","https://oeffentlichevergabe.de/api/notices/80136f8d-f0c5-4177-8cee-2c75c71ddd29?format=pdf"
"oxford university press","Oxford University Press","Oxford","OX2 6DP","C","1","64216200","https://oeffentlichevergabe.de/api/notices/cb54b3a7-9ec0-4ad6-bd92-d4e7f787d89e?format=pdf"
"p und i personal und infromatik","P&I Personal & Infromatik AG","Wiesbaden","65205","C","1","72260000","https://oeffentlichevergabe.de/api/notices/9c240627-611c-430f-8df8-28e4350463a8?format=pdf"
"panagenda","panagenda GmbH","Heppenheim","64646","C","1","48223000","https://oeffentlichevergabe.de/api/notices/2aa5ec40-3a03-405c-bfc0-ccd5936f4ef9?format=pdf"
"pasqal sas","Pasqal SAS","Palaiseau","91120","C","1","30211100","https://oeffentlichevergabe.de/api/notices/04035e20-1f18-4111-aa03-0f6510a3de34?format=pdf"
"pass consulting group","PASS Consulting Group","Aschaffenburg","63741","C","1","72200000","https://oeffentlichevergabe.de/api/notices/c8e92894-a4ca-444d-9145-37e0addbf708?format=pdf"
"pass it-consulting dipl-inf g rienecker","PASS IT-Consulting Dipl.-Inf. G. Rienecker GmbH & Co. KG"," Aschaffenburg ","63741","C","1","72200000","https://oeffentlichevergabe.de/api/notices/1312c2a4-6d88-412c-a774-aad761e83739?format=pdf"
"paxlife innovations","PaxLife Innovations GmbH","Potsdam","14467","C","1","48000000;48140000","https://oeffentlichevergabe.de/api/notices/8abab876-9c16-4fe3-b19d-913f83148398?format=pdf"
"perblity","Perblity GmbH","Bamberg","95050","C","1","48450000","https://oeffentlichevergabe.de/api/notices/aeb674cf-bee5-4703-bc34-2678b9df5ace?format=pdf"
"perlsystem it solutions","PerlSystem it solutions","Bitterfeld-Wolfen","06749","C","1","72260000;72261000;72262000","https://oeffentlichevergabe.de/api/notices/98d010af-1348-41be-aec3-0dcee1667284?format=pdf"
"peter adler et collegae it-beratung","peter adler et collegae IT-Beratung GmbH","Dresden","01157","C","1","72000000;72100000;72200000","https://oeffentlichevergabe.de/api/notices/2b7c0eb0-7dbc-4971-bdc2-0406a0dcdccb?format=pdf"
"planorg health services","PlanOrg Health Services GmbH","Jena","07743","C","1","72268000","https://oeffentlichevergabe.de/api/notices/9b051249-4f8b-456d-8351-546069ca05f8?format=pdf"
"planorg informatik","PlanOrg Informatik GmbH","Jena","07743","C","1","72250000","https://oeffentlichevergabe.de/api/notices/004b0c07-e901-41c7-8eb5-f9fa7abee3f0?format=pdf"
"polytex technologies","Polytex Technologies GmbH","Bielefeld","33739","C","1","48000000","https://oeffentlichevergabe.de/api/notices/e0ee8ef7-f758-4936-a171-07d3a67d52dd?format=pdf"
"portland press limited","Portland Press Limited","London","EC1V 9DD","C","1","64216200","https://oeffentlichevergabe.de/api/notices/027bac7f-8fa3-46d8-a7f7-8ec21ecb1518?format=pdf"
"prevency","PREVENCY GmbH","Wuppertal","42287","C","1","72200000","https://oeffentlichevergabe.de/api/notices/43be9601-9851-4fdc-b078-4a4d49d80bda?format=pdf"
"pro medisoft","Pro Medisoft AG","Mannheim","68219","C","1","64210000","https://oeffentlichevergabe.de/api/notices/05c600c3-a162-46c8-b968-4e6aba256a9e?format=pdf"
"prodato integration technology","PRODATO Integration Technology GmbH","Nürnberg","90427","C","1","72000000","https://oeffentlichevergabe.de/api/notices/d0f85291-3017-4ce9-97e9-5ec5e98eb211?format=pdf"
"profundis labs","Profundis Labs GmbH & Co. KG","München","81677","C","1","72000000","https://oeffentlichevergabe.de/api/notices/ca5b2d2d-f7ef-499a-b856-9266fecbf5d7?format=pdf"
"prognos","Prognos AG","Berlin","10623","C","1","72314000","https://oeffentlichevergabe.de/api/notices/8d26564d-f640-49ea-a518-5eddfc5a0958?format=pdf"
"projective holding","Projective Holding BV","Machelen (Brab.)","1831","C","1","72200000","https://oeffentlichevergabe.de/api/notices/1312c2a4-6d88-412c-a774-aad761e83739?format=pdf"
"prozoz herten","PROZOZ Herten GmbH","Herten","45699","C","1","72000000","https://oeffentlichevergabe.de/api/notices/700671f4-e5bd-4092-a4e6-37e88928709f?format=pdf"
"ptv planung transport verkehr","PTV Planung Transport Verkehr GmbH","Karlsruhe","76131","C","1","72000000","https://oeffentlichevergabe.de/api/notices/476e58df-4758-4688-b321-00d70250231a?format=pdf"
"puavo","Puavo GmbH","Berlin","10117","C","1","72253000;72261000;72267000","https://oeffentlichevergabe.de/api/notices/a26c0734-11e8-4f1f-8c92-f577e99a1672?format=pdf"
"q ant","Q.Ant GmbH","Stuttgart","70565","C","1","30211100","https://oeffentlichevergabe.de/api/notices/12402055-af5e-474b-b223-fcaaabf6ecbf?format=pdf"
"raum fuer fuehrung","Raum Für Führung GmbH","Frankfurt am Main","60486","C","1","72000000;79000000","https://oeffentlichevergabe.de/api/notices/879dc24e-838a-4788-bb8e-5cfa39e18a72?format=pdf"
"rbi rittershofer","RBI RITTERSHOFER GmbH","Rheinstetten","76287","C","1","30200000;39292000","https://oeffentlichevergabe.de/api/notices/0a8e3664-e625-4c6d-8b73-f51e41a02bc8?format=pdf"
"regpit","Regpit GmbH","Berlin","10117","C","1","48100000;48900000;72222300","https://oeffentlichevergabe.de/api/notices/3ee3f3eb-c1ba-46f5-a59c-10f4b01395a8?format=pdf"
"reinhold rothkopf","Reinhold Rothkopf GmbH","Neuschönau","94556","C","1","45000000;48921000","https://oeffentlichevergabe.de/api/notices/bf77bb6f-c192-4943-bc24-8fb5cf4a37c7?format=pdf"
"reiswolf akten-und datenvernichtung","Reiswolf Akten- und Datenvernichtung GmbH","Chemnitz","09114","C","1","72252000","https://oeffentlichevergabe.de/api/notices/c1b4b64c-d0ea-444d-bc32-534303e21a2b?format=pdf"
"renote","renote GmbH","Frankfurt am Main","60326","C","1","30213000;30213100;30213300","https://oeffentlichevergabe.de/api/notices/7a58fc05-adf0-4ae4-a712-e52c555eda29?format=pdf"
"responsibletimespending","ResponsibleTimeSpending UG","Leverkusen","51379","C","1","72000000","https://oeffentlichevergabe.de/api/notices/c0802da8-540d-4c34-919e-01650be02266?format=pdf"
"rohde und schwarz cybersecurity","Rohde & Schwarz Cybersecurity GmbH","München","81671","C","1","48000000","https://oeffentlichevergabe.de/api/notices/944f238a-7cae-4da3-bc5f-c6e1f9b03e60?format=pdf"
"rola security solutions","rola Security Solutions GmbH","Oberhausen","46047","C","1","72260000;72400000;79416200","https://oeffentlichevergabe.de/api/notices/aabde2e6-52a7-4edc-929e-e11fb22c9c0b?format=pdf"
"s und n abiscon","S&N Abiscon GmbH","Düsseldorf","40476","C","1","72000000","https://oeffentlichevergabe.de/api/notices/9192a761-9579-431c-bd77-f56b1388e654?format=pdf"
"s und n invent","S&N Invent GmbH","Paderborn","33100","C","1","72200000","https://oeffentlichevergabe.de/api/notices/1312c2a4-6d88-412c-a774-aad761e83739?format=pdf"
"s-management services","S-Management Services","Stuttgart","70565","C","1","48000000","https://oeffentlichevergabe.de/api/notices/2ceabdc5-e5a1-4509-964c-24cae24548a2?format=pdf"
"s-tec","S-TEC GmbH","Hamburg","21035","C","1","48000000","https://oeffentlichevergabe.de/api/notices/b3fd0985-1bec-43f5-a6e4-6655b079e3e4?format=pdf"
"sales:consult","Sales:Consult","Rellingen","25462","C","1","51100000;72261000","https://oeffentlichevergabe.de/api/notices/229f450b-08ed-4a92-82cf-66d92f17f076?format=pdf"
"sama partners business solutions","SAMA PARTNERS Business Solutions GmbH","Mannheim","68163","C","1","72000000","https://oeffentlichevergabe.de/api/notices/94dba5d4-a5df-4ec3-9fcb-8735094e85c3?format=pdf"
"sauter cumulus","Sauter Cumulus GmbH","Unterschleißheim","85716","C","1","45315700;48921000","https://oeffentlichevergabe.de/api/notices/b2bf409b-3bef-44d9-a64e-bec8884992ea?format=pdf"
"scalehub","ScaleHub GmbH","Norderstedt","22846","C","1","72267100","https://oeffentlichevergabe.de/api/notices/92c73872-4474-45c8-aa6a-085c1c018d7c?format=pdf"
"scheidt und bachmann system technik","Scheidt & Bachmann System Technik GmbH","Melsdorf","24109","C","1","48140000;72212140","https://oeffentlichevergabe.de/api/notices/a4089dfa-e220-4174-a333-2ae22e637a51?format=pdf"
"schwaebisch hall facility management","Schwäbisch Hall Facility Management GmbH","Schwäbisch Hall","74523","C","1","72512000;79811000","https://oeffentlichevergabe.de/api/notices/fe18dff9-4f34-4e3b-8a32-c903e40174db?format=pdf"
"scieneers","scieneers GmbH","Karlsruhe","76137","C","1","72000000","https://oeffentlichevergabe.de/api/notices/b56335b5-c7af-4afd-ba1b-c3eede477d5f?format=pdf"
"scientific games international","Scientific Games International GmbH","Wien","1130","C","1","30198000;30216110;37524800","https://oeffentlichevergabe.de/api/notices/67404fb6-8325-4c8b-b00f-b3d24ecca1c8?format=pdf"
"sd und c solution development und consulting","SD&C Solution Development & Consulting GmbH","Berlin","10587","C","1","72000000;72100000;72200000","https://oeffentlichevergabe.de/api/notices/2b7c0eb0-7dbc-4971-bdc2-0406a0dcdccb?format=pdf"
"sectra medical systems","Sectra Medical Systems GmbH","Köln","50968","C","1","72250000","https://oeffentlichevergabe.de/api/notices/d30d38a2-610c-45c9-aae3-548373876a0e?format=pdf"
"serview","Serview GmbH","Bad Homburg","61352","C","1","72000000;72221000","https://oeffentlichevergabe.de/api/notices/aad04f78-9c68-47a6-93bd-2f91afb42aeb?format=pdf"
"she informationstechnologie","SHE Informationstechnologie AG","Ludwigshafen am Rhein","67059","C","1","48000000;72268000","https://oeffentlichevergabe.de/api/notices/40314889-ada4-4b1f-9646-d1dfad210fe2?format=pdf"
"siemens ag si b bremen","Siemens AG SI B Bremen","Bremen","28197","C","1","42961000;48210000;48810000","https://oeffentlichevergabe.de/api/notices/e5f0cdd1-c946-4aed-80da-538de7e89c9c?format=pdf"
"siemens electronic design automation","Siemens Electronic Design Automation GmbH","München","80804","C","1","48000000","https://oeffentlichevergabe.de/api/notices/92b1b8ed-4a68-449d-8bbf-ec19a40663e7?format=pdf"
"skinsoft","Skinsoft","BESANCON","25000","C","1","48100000;72200000","https://oeffentlichevergabe.de/api/notices/1d92a97e-82ff-4935-b7b6-bf5c83501d17?format=pdf"
"snp deutschland","SNP Deutschland GmbH","Heidelberg","69115","C","1","72000000","https://oeffentlichevergabe.de/api/notices/8520da1b-9848-431e-855a-b8ca7b64f8b9?format=pdf"
"soft project","Soft Project GmbH","Ettlingen","76275","C","1","72211000","https://oeffentlichevergabe.de/api/notices/d927c250-1010-4a2b-87b4-3d2a5917aa09?format=pdf"
"softproject","SoftProject GmbH","Ettlingen","76275","C","1","72211000","https://oeffentlichevergabe.de/api/notices/ef7b3d8a-b146-469d-add3-ee6681b38df2?format=pdf"
"solutions information technology","Solutions Information Technology GmbH","Wien","1020","C","1","72000000","https://oeffentlichevergabe.de/api/notices/43ff7614-26d5-4306-a32b-df84262a00c7?format=pdf"
"sonntag it solutions","SONNTAG IT Solutions GmbH & Co. KG","Augsburg","86159","C","1","72254100","https://oeffentlichevergabe.de/api/notices/40c39c7a-b152-408d-b506-7706193af147?format=pdf"
"spie comcross","SPIE comcross GmbH","Düsseldorf","40549","C","1","32000000;72000000","https://oeffentlichevergabe.de/api/notices/b9a9c2d7-43f7-445a-9397-e348920112b9?format=pdf"
"spike reply","Spike Reply GmbH","Köln","50825","C","1","72000000","https://oeffentlichevergabe.de/api/notices/1f09de91-4cf3-47d1-b810-eb8edbf317eb?format=pdf"
"subshell","subshell GmbH","Hamburg","20457","C","1","72000000","https://oeffentlichevergabe.de/api/notices/6dc9e7f2-1734-4268-85da-af90f5e2c4b1?format=pdf"
"sva system vertriebalexander gmbh borsigstr 26 65205 wiesbaden","SVA System VertriebAlexander GmbH, Borsigstr. 26, 65205 Wiesbaden","Wiesbaden","62205","C","1","48820000","https://oeffentlichevergabe.de/api/notices/b4db99bb-324f-4f92-be10-95c75ce9a702?format=pdf"
"swiss it security deutschland","Swiss IT Security Deutschland GmbH","Wiesbaden","65187","C","1","72000000","https://oeffentlichevergabe.de/api/notices/bd2ba30d-22d1-4c2f-a8cb-2ff1d7456e28?format=pdf"
"syncpilot deutschland","SYNCPILOT Deutschland GmbH & Co.KG","Augsburg","86156","C","1","72000000","https://oeffentlichevergabe.de/api/notices/0ca0257a-dffa-47e2-9d43-3b1feccc498b?format=pdf"
"systemhaus for you","Systemhaus for you GmbH","Hamburg","20537","C","1","48000000;72000000;72268000","https://oeffentlichevergabe.de/api/notices/7c5546b5-330b-405f-8101-4ae39bf75859?format=pdf"
"t-systems road user services","T-Systems Road User Services GmbH","Bonn","53113","C","1","72200000;72230000;72260000","https://oeffentlichevergabe.de/api/notices/819602f8-931e-4f6a-a7de-f8cef1137efa?format=pdf"
"taf mobile","TAF mobile GmbH","Jena","07743","C","1","72000000;72200000","https://oeffentlichevergabe.de/api/notices/026a88d9-b1c6-4814-bfe8-3ac533020026?format=pdf"
"tata consultancy services deutschland","Tata Consultancy Services Deutschland GmbH","Frankfurt am Main","60308","C","1","72000000","https://oeffentlichevergabe.de/api/notices/48a563bc-226c-44e8-a82d-2d4caaafadfb?format=pdf"
"team cymru inc","Team Cymru, Inc.","Lake Mary","FL 32746","C","1","48461000","https://oeffentlichevergabe.de/api/notices/fa53b5ca-eece-4867-a8e1-07f31e17f6fe?format=pdf"
"techtalk","TechTalk GmbH","Wien","1220","C","1","72260000;72268000","https://oeffentlichevergabe.de/api/notices/c3474123-474c-47de-971d-9998c2d0c720?format=pdf"
"telematix","Telematix AG","Bern","3018","C","1","30210000","https://oeffentlichevergabe.de/api/notices/d774290d-4c3c-4c7b-a8c3-645db95a5c11?format=pdf"
"televic rail","Televic Rail GmbH","Berlin","12247","C","1","48810000","https://oeffentlichevergabe.de/api/notices/5816919c-05de-40e2-9fbc-ef94ca73aa0a?format=pdf"
"temeno","Temeno GmbH","Meerbusch","40670","C","1","48100000","https://oeffentlichevergabe.de/api/notices/0c53483d-0a6f-4014-be66-0f23315d0347?format=pdf"
"tenzir","Tenzir GmbH","Hamburg","20097","C","1","72000000","https://oeffentlichevergabe.de/api/notices/e1aa59f6-be51-44b6-9218-d502a94907b8?format=pdf"
"the bristol group deutschland","THE BRISTOL GROUP Deutschland GmbH","Langen","63225","C","1","30210000;72000000","https://oeffentlichevergabe.de/api/notices/06eb38a1-6fd6-4799-a7d6-ab4324ae1843?format=pdf"
"the i-engineers a","the i-engineers A","Zürich","8004","C","1","48814000;72210000","https://oeffentlichevergabe.de/api/notices/91af4887-b8be-4723-96ae-98852d784c74?format=pdf"
"the royal society","The Royal Society","London","SW1Y 5AG","C","1","64216200","https://oeffentlichevergabe.de/api/notices/991132a3-2bc1-4e47-a473-cb25802937ff?format=pdf"
"think baout it","think baout IT GmbH","Bochum","4481","C","1","48820000","https://oeffentlichevergabe.de/api/notices/6ce03591-c888-4bda-8c9e-21bc60ed2d96?format=pdf"
"think-1st ltd und co","Think-1st Ltd. & Co. KG","Ahrensfelde","16356","C","1","48821000","https://oeffentlichevergabe.de/api/notices/10cbb04b-2e37-456b-ac5b-972311d1b8a3?format=pdf"
"ti und m","ti&m GmbH","Frankfurt am Main","60596","C","1","72200000","https://oeffentlichevergabe.de/api/notices/c8e92894-a4ca-444d-9145-37e0addbf708?format=pdf"
"tkd solutions","TKD Solutions GmbH","Langenfeld","40764","C","1","32250000;64210000;64212000","https://oeffentlichevergabe.de/api/notices/e22998d5-bcd7-412d-b694-ed3291e03f5f?format=pdf"
"tradui technologies","TRADUI Technologies GmbH","Frankfurt am Main","60311","C","1","72000000;72100000;72200000","https://oeffentlichevergabe.de/api/notices/2b7c0eb0-7dbc-4971-bdc2-0406a0dcdccb?format=pdf"
"trafficon-traffic consultants","Trafficon - Traffic Consultants GmbH","Salzburg","5020","C","1","72260000","https://oeffentlichevergabe.de/api/notices/accbc7d2-b57d-4451-aa35-2e56b534dd85?format=pdf"
"trapeze switzerland","Trapeze Switzerland GmbH","Neuhausen","8212 Neuhausen","C","1","72267100;72267200","https://oeffentlichevergabe.de/api/notices/7fc08fec-7de7-4735-a7c6-7101c39544f7?format=pdf"
"traversals analytics and intelligence","Traversals Analytics and Intelligence GmbH","Uttenreuth","91080","C","1","48000000","https://oeffentlichevergabe.de/api/notices/b8027e06-b6fe-4fec-b0e0-291743c41c54?format=pdf"
"trinovis","trinovis GmbH","Hannover","30659","C","1","48100000;72416000","https://oeffentlichevergabe.de/api/notices/ec58106b-a259-42d6-9b5f-0512bdaee4ce?format=pdf"
"triomedical it solutions","TRIOmedical IT Solutions GmbH","Berlin","10115","C","1","72000000","https://oeffentlichevergabe.de/api/notices/8ccf689f-1c10-458f-81bc-7747f5bbcf1f?format=pdf"
"triptec hl ug haftungsbeschraenkt","TRIPTEC HL UG (haftungsbeschränkt)","Lübeck","23566","C","1","30237475;35125100","https://oeffentlichevergabe.de/api/notices/e8936bbb-752c-44cc-b799-e5b162b1d0aa?format=pdf"
"ubique innovation","Ubique Innovation AG","Zürich","8001","C","1","72212100","https://oeffentlichevergabe.de/api/notices/03eff28b-1a3f-4e48-b5fb-32ecdafe8c34?format=pdf"
"ucg united consulting group","UCG United Consulting Group GmbH","Frankfurt am Main","60486","C","1","72200000","https://oeffentlichevergabe.de/api/notices/1312c2a4-6d88-412c-a774-aad761e83739?format=pdf"
"uher informatik","UHER informatik","Braunschweig","38122","C","1","48314000","https://oeffentlichevergabe.de/api/notices/4c710fa6-478d-4688-afdd-299457d5ae64?format=pdf"
"unify communication and collaboration","Unify Communication and Collaboration GmbH & Co. KG","Hannover","30519","C","1","72000000","https://oeffentlichevergabe.de/api/notices/63b8e827-5102-49de-b8e3-8891ed3fd370?format=pdf"
"unternehmensberatung h und d","Unternehmensberatung H & D GmbH","München","81373","C","1","72000000;72200000;72212100","https://oeffentlichevergabe.de/api/notices/7d5e6f5c-1ba0-438f-9fed-630024f6a96b?format=pdf"
"urban lighting innovations","Urban Lighting Innovations GmbH","Berlin","10623","C","1","35125100;48000000;72000000","https://oeffentlichevergabe.de/api/notices/d7e27bed-cf5c-47ad-b987-0c20f30ece8e?format=pdf"
"valantic nxt","valantic NXT GmbH","Stuttgart","70173","C","1","72000000","https://oeffentlichevergabe.de/api/notices/f954659e-5589-4296-9abb-3d99faad0ec9?format=pdf"
"verifone payments","Verifone Payments GmbH","Aschheim","85609","C","1","30233320","https://oeffentlichevergabe.de/api/notices/dc00f948-bfe0-482e-972a-285ec8fcdc36?format=pdf"
"vermeg system","VERMEG SYSTEM Ltd","London","WC1B 4HP","C","1","48000000","https://oeffentlichevergabe.de/api/notices/07190679-a9e7-413c-85f8-3717e9832848?format=pdf"
"visible solutions","Visible Solutions AG","Zürich","8005","C","1","72000000;72212328","https://oeffentlichevergabe.de/api/notices/12064808-d3eb-4e41-b323-d79b284a457f?format=pdf"
"vitaservices","vitaservices GmbH & Co. KG","Chemnitz","09126","C","1","48000000;48400000;48500000","https://oeffentlichevergabe.de/api/notices/3748a62c-82e5-41df-a26e-91065c320aab?format=pdf"
"vmware international unlimited company broadcom","VMware International Unlimited Company (""Broadcom"")","München","81677","C","1","72268000","https://oeffentlichevergabe.de/api/notices/fcf42a85-66a5-44b7-bcb6-a5a6d1fe33be?format=pdf"
"vobapay","vobapay GmbH","Michelstadt","64720","C","1","72000000","https://oeffentlichevergabe.de/api/notices/0b733fe5-4c36-43b1-8c62-aaaf9d6295a9?format=pdf"
"votegroup gmbh mit smartmatic international holding b v","votegroup GmbH (  mit Smartmatic International Holding B.V.)","Aachen","52070","C","1","72000000","https://oeffentlichevergabe.de/api/notices/c1f2c5b4-5826-4883-9996-a63b56b240ba?format=pdf"
"vpc gesellschaft fuer organisationsberatung","VPC Gesellschaft für Organisationsberatung mbH","Hamburg","22587","C","1","48445000","https://oeffentlichevergabe.de/api/notices/9eb22755-dc54-4494-ab32-66bfd350d570?format=pdf"
"vs vereinigte spezialmoebelfabriken gmbh und co kg-vertrieb it-loesungen","VS Vereinigte Spezialmöbelfabriken GmbH & Co. KG - Vertrieb IT-Lösungen","Tauberbischofsheim","97941","C","1","30213100;30213200","https://oeffentlichevergabe.de/api/notices/f7f54eee-7159-45ef-9537-7a668762daac?format=pdf"
"web inclusion","Web Inclusion GmbH","Margetshöchheim","97276","C","1","72000000","https://oeffentlichevergabe.de/api/notices/6eafb37d-8a48-4921-8178-dcb145c9e676?format=pdf"
"webit! gesellschaft fuer neue medien","webit! Gesellschaft für neue Medien mbH","Dresden","01277","C","1","72413000;72421000","https://oeffentlichevergabe.de/api/notices/45ebae2e-086b-4437-973d-bf16fcbf2640?format=pdf"
"werk21","werk21 GmbH","","","C","1","48000000;72000000","https://oeffentlichevergabe.de/api/notices/d868bcc3-f8a9-44bc-a872-2c1064b9cbd4?format=pdf"
"whataventure","WhatAventure GmbH","Wien","1030","C","1","72000000;72200000;72253000","https://oeffentlichevergabe.de/api/notices/71f727a5-5679-4a61-a0cd-1a88ab97d36c?format=pdf"
"wilken","Wilken GmbH","Ulm","89081","C","1","72000000","https://oeffentlichevergabe.de/api/notices/43b13e7f-a863-44aa-be51-06e5a6fea9c3?format=pdf"
"windhoff group","Windhoff Group","Gescher","48712","C","1","72260000","https://oeffentlichevergabe.de/api/notices/4bba420a-be49-4a42-a42e-6255f63af4f6?format=pdf"
"wird nicht veroeffentlicht","wird nicht veröffentlicht","keine Angabe","keine Angabe","C","1","72000000","https://oeffentlichevergabe.de/api/notices/e1584200-310e-4df1-9bf2-448928d09bec?format=pdf"
"x-tention informationstechnologie gmbh_","x-tention Informationstechnologie GmbH_","Heidelberg","69124","C","1","72000000;72250000;72266000","https://oeffentlichevergabe.de/api/notices/92aead8c-5142-4897-a1e8-46a039955c88?format=pdf"
"xero point","Xero Point e.K.","Aschaffenburg","63741","C","1","30200000;30213100;30213200","https://oeffentlichevergabe.de/api/notices/29a44e2b-ac76-4c64-8011-d60405936750?format=pdf"
"yer experts","YER Experts GmbH","München","80639","C","1","72100000;72120000;72221000","https://oeffentlichevergabe.de/api/notices/06f19df7-bfac-4309-9436-bc4b19d7b20d?format=pdf"
"yunex gmbh yu ger td sued","Yunex GmbH, YU GER TD SUED","München","81739","C","1","34970000;72260000","https://oeffentlichevergabe.de/api/notices/85256ed9-a3b6-40ea-86f8-08652412d1a7?format=pdf"
"zelos management consultants bartenschlager ruess und partner unternehmensberatung","Zelos Management Consultants, Bartenschlager, Rüß und Partner Unternehmensberatung","Hamburg","20149","C","1","72000000;72221000","https://oeffentlichevergabe.de/api/notices/aad04f78-9c68-47a6-93bd-2f91afb42aeb?format=pdf"
"zentrum fuer sonnenenergie-und wasserstoff-forschung zsw","Zentrum für Sonnenenergie- und Wasserstoff-Forschung (ZSW)","Stuttgart","70563","C","1","72314000","https://oeffentlichevergabe.de/api/notices/af31b9fc-b1c9-43f2-89e9-c1a3583ef041?format=pdf"
"ziuz forensics and digital / decos hq","ZiuZ Forensics and Digital / Decos HQ","DK Noordwijk","2201","C","1","48000000","https://oeffentlichevergabe.de/api/notices/e33c8a5d-4b69-4843-8156-c1b7d48f8ddd?format=pdf"
"‍greenique","‍greenique GmbH & Co. KG","BIelefeld","33602","C","1","72000000","https://oeffentlichevergabe.de/api/notices/86d95011-1f58-41a2-b506-31e0a772ef0d?format=pdf"
