"Full Name","First Name","Last Name","Job Title","Location","Company Name","Company Domain","LinkedIn Profile","Tier","Proof Url","Tier Status","Proof Type","Proof Date","Award Rows","Awards Total","Buyers","Sources","Buyers Total","Mobile Phone","Work Email","Email_1","Email_2","Email_3"
"Fabian Lehmann","Fabian","Lehmann","Tender Manager","Münster, Nordrhein-Westfalen, Deutschland","ACP IT Solutions GmbH","acp-gruppe.com","https://www.linkedin.com/in/fabian-lehmann-138552228/","A","https://oeffentlichevergabe.de/api/notices/ccf2651a-6dcb-49a4-bb23-1c9e33761ec0?format=pdf","zuschlag_benannt","P1_zuschlag_24m","2026-09-14","5","5","Bayerische Versorgungskammer;Berliner Wasserbetriebe;Brandenburgischer IT-Dienstleister;Bundesagentur für Arbeit (BA), vertreten durch den Vorstand, hier vertreten durch die Leitung des Geschäftsbereiches Einkauf im BA-Service-Haus;Bundesrepublik Deutschland, vertreten durch das Bundesministerium des Innern und für Heimat, vertreten durch das Beschaffungsamt des BMI","dovs",38,,"fabian.lehmann@acp.de","Sehr geehrter Herr Lehmann,

Glückwunsch zum Zuschlag für die Rahmenverträge des Bundesinnenministeriums und zur Verstärkung Ihres Public-Sector-Teams in Münster — starke Signale dafür, dass ACP IT Solutions die Ausschreibungsaktivitäten im öffentlichen Sektor deutlich ausbauen will. Solche Rahmenverträge bringen Volumen, aber auch erheblich mehr Verfahren, Losstrukturen und formale Anforderungen.

Als Tender Manager kennen Sie die Fallstricke: EVB‑IT‑Klauseln, BSI‑Nachweise, ISO‑Anforderungen oder Nachunternehmerverbote können ein Angebot mit einem Blick disqualifizieren. Hinzu kommt die Fragmentierung: Submissionstermine und Bieterfragen verstreut über Landesportale und Kommunalplattformen kosten täglich Personentage.

Patterno bündelt über 4.500 Quellen, liest Vergabeunterlagen in ~30 Sekunden und markiert K.-o.-Kriterien samt Fundstellen. Ergebnis: Go/No‑Go in zwei Minuten, belastbare Nachweis‑Pakete und weniger Abhängigkeit von Einzelpersonen. Für ein wachsendes Public‑Sector‑Team heißt das mehr qualifizierte Teilnahmen bei geringerer personeller Mehrbelastung.

Lassen Sie uns zu einem 15‑minütigen digitalen Kaffeetrinken treffen? Ich zeige Ihnen, wie andere IT‑Systemhäuser ihre Bid‑Kapazität skaliert haben.

Beste Grüße","Sehr geehrter Herr Lehmann,

Glückwunsch zum Zuschlag für die Rahmenverträge des Bundesinnenministeriums und zur Verstärkung Ihres Public‑Sector‑Teams in Münster — starke Signale, dass ACP IT Solutions das öffentliche Geschäft ausweitet. Solche Rahmenverträge bringen deutlich mehr Verfahren, komplexere Losstrukturen und strengere Nachweisanforderungen.

Als Tender Manager wissen Sie: EVB‑IT‑Klauseln, BSI‑Nachweise oder Nachunternehmerregelungen entscheiden oft im Anhang über Go/No‑Go; die Fragmentierung der Portale kostet täglich Personentage. Patterno bündelt über 4.500 Quellen, liefert eine gefilterte Trefferliste nach CPV, Region und Auftragswert und liest Vergabeunterlagen (~100 Seiten) in ~30 Sekunden inklusive K.-o.-Kriterien und verlinkten Fundstellen.

Für ACP IT Solutions bedeutet das: weniger Zeit für Portalrecherche, schnellere belastbare Go/No‑Go‑Entscheidungen und reproduzierbare Nachweispakete statt Wissenssilos. Patterno kombiniert HIT (Marktdeckung, tägliche Treffer) mit BID (Dokumentenanalyse, AI‑Unterlagenerstellung) — betrieben in ISO‑27001‑geschützter Infrastruktur in Deutschland.

Lassen Sie uns zu einem 15‑minütigen digitalen Kaffeetrinken treffen? Ich zeige Ihnen, wie andere IT‑Systemhäuser ihre Bid‑Kapazität skaliert haben.

Beste Grüße","Sehr geehrter Herr Lehmann,

Haben Sie meine letzte E‑Mail erhalten? Glückwunsch zum Zuschlag für die Rahmenverträge des Bundesinnenministeriums und zur Verstärkung Ihres Public‑Sector‑Teams in Münster — starke Signale, dass ACP die Ausschreibungsaktivitäten im öffentlichen Sektor deutlich ausbauen will. Solche Rahmenverträge bringen Volumen, aber auch mehr Verfahren, Losstrukturen und formale Anforderungen.

Als Tender Manager kennen Sie die Fallstricke: EVB‑IT‑Klauseln, BSI‑Nachweise, ISO‑Anforderungen oder Nachunternehmerverbote können ein Angebot mit einem Blick disqualifizieren; dazu kommen verstreute Submissionstermine und Bieterfragen auf vielen Landes‑ und Kommunalportalen, die täglich Personentage kosten.

Patterno bündelt über 4.500 Quellen, liest Vergabeunterlagen in ~30 Sekunden, markiert K.-o.-Kriterien mit Fundstellen und liefert Go/No‑Go in zwei Minuten — weniger Abhängigkeit von Einzelpersonen, belastbare Nachweis‑Pakete und höhere Bid‑Kapazität für Ihr wachsendes Public‑Sector‑Team.

Lassen Sie uns zu einem 15‑minütigen digitalen Kaffeetrinken treffen? Ich zeige Ihnen, wie andere IT‑Systemhäuser ihre Bid‑Kapazität skaliert haben.

Beste Grüße"
"Tizian Jaeschke","Tizian","Jaeschke","IT Tender- / Bid-Manager","Greater Munster Area, Germany","ACP IT Solutions GmbH","acp-gruppe.com","https://www.linkedin.com/in/johannes-tizian-jaeschke/","A","https://oeffentlichevergabe.de/api/notices/ccf2651a-6dcb-49a4-bb23-1c9e33761ec0?format=pdf","zuschlag_benannt","P1_zuschlag_24m","2026-09-14","5","5","Bayerische Versorgungskammer;Berliner Wasserbetriebe;Brandenburgischer IT-Dienstleister;Bundesagentur für Arbeit (BA), vertreten durch den Vorstand, hier vertreten durch die Leitung des Geschäftsbereiches Einkauf im BA-Service-Haus;Bundesrepublik Deutschland, vertreten durch das Bundesministerium des Innern und für Heimat, vertreten durch das Beschaffungsamt des BMI","dovs",38,"+4915117633233","tizian.jaeschke@acp.de","Sehr geehrter Herr Jaeschke,

Glückwunsch zum Zuschlag für die Rahmenverträge des Bundesinnenministeriums – ein potenzielles Volumen von über 40 Mio. Euro stärkt die Position der ACP Gruppe im öffentlichen Sektor deutlich. Für ACP IT Solutions bedeutet das mehr Verfahren, engere Fristen und höhere Anforderungen an Nachweise und Compliance.

Aus Sicht des Bid-Managements sind genau diese Punkte problematisch: verstreute Fristen auf Landes- und Kommunalportalen, formale Fallen durch EVB-IT/UfAB und wiederkehrende Nachweispakete (BSI-Grundschutz, ISO 27001, Präqualifikation). Wissen steckt zu oft in Einzelpersonen; Kapazität ist der Engpass.

Patterno bündelt über 4.500 Quellen, liest Vergabeunterlagen (100+ Seiten) in ~30 Sekunden und prüft automatisiert gegen Ihre Eignungskriterien. Ergebnis: Go/No-Go in zwei Minuten, jeder Befund mit Fundstelle, verlinkt für Bieterfragen und Kalkulation. Für ein Systemhaus wie ACP reduziert das Personentage und minimiert Ausschlussrisiken bei Rahmen- und Mehrlosverträgen.

Lassen Sie uns zu einem 15-minütigen digitalen Kaffeetrinken treffen? Ich zeige Ihnen, wie andere IT-Häuser ihre Bid-Kapazität skaliert haben.

Beste Grüße","Sehr geehrter Herr Jaeschke,

Glückwunsch zum Zuschlag für die Rahmenverträge des Bundesinnenministeriums — ein potenzielles Volumen von über 40 Mio. Euro stärkt die Position der ACP Gruppe im öffentlichen Sektor deutlich. Für ACP IT Solutions folgt daraus unausweichlich eine Zunahme an Verfahren, engeren Fristen und höheren Anforderungen an Nachweise und Compliance.

Für das Bid-Management entstehen daraus praktisch drei wiederkehrende Effekte: verstreute Fristen über Landes- und Kommunalportale, formale Fallen durch EVB-IT/UfAB sowie ständig zu erneuernde Nachweispakete (BSI-Grundschutz, ISO 27001, Präqualifikation). Wissen steckt zu oft in Einzelpersonen; Kapazität ist der Engpass.

Patterno bündelt über 4.500 Vergabequellen, liest Vergabeunterlagen (100+ Seiten) in ~30 Sekunden und liefert ein validiertes Go/No-Go samt Fundstellen für jede K.-o.-Klausel. Das reduziert Personentage, minimiert Ausschlussrisiken bei Rahmen- und Mehrlosverträgen und schafft reproduzierbare Nachweislisten für Bieterfragen und Kalkulation.

Lassen Sie uns zu einem 15-minütigen digitalen Kaffeetrinken treffen? Ich zeige Ihnen, wie andere IT-Häuser ihre Bid-Kapazität skaliert haben.

Beste Grüße","Sehr geehrter Herr Jaeschke,

Haben Sie meine letzte Nachricht erhalten? Gratulation zum Zuschlag für die Rahmenverträge des Bundesinnenministeriums – ein potenzielles Volumen von über 40 Mio. Euro stärkt die ACP Gruppe im öffentlichen Sektor deutlich.

Für ACP IT Solutions bedeutet das mehr Verfahren, engere Fristen und höhere Anforderungen an Nachweise (BSI‑Grundschutz, ISO 27001, Präqualifikation). Typische Pain‑Points im Bid‑Management sind verstreute Fristen auf Landes‑ und Kommunalportalen, formale Fallen durch EVB‑IT/UfAB und Wissen, das an Einzelpersonen hängt; Kapazität ist hier der Engpass.

Patterno bündelt über 4.500 Quellen, liest Vergabeunterlagen (>100 Seiten) in ~30 Sekunden und prüft automatisiert gegen Ihre Eignungskriterien. Ergebnis: Go/No‑Go in zwei Minuten, jeder Befund mit Fundstelle – belastbar für Bieterfragen, Kalkulation und Nachweise. Für ein Systemhaus wie ACP reduziert das Personentage und minimiert Ausschlussrisiken bei Rahmen‑ und Mehrlosverfahren.

Lassen Sie uns zu einem 15‑minütigen digitalen Kaffeetrinken treffen? Ich zeige Ihnen, wie andere IT‑Häuser ihre Bid‑Kapazität skaliert haben.

Beste Grüße"
"Laura Wotschke","Laura","Wotschke","Senior Bid Manager","Berlin, Germany","ACP IT Solutions GmbH","acp-gruppe.com","https://www.linkedin.com/in/laura-wotschke-364010296/","A","https://oeffentlichevergabe.de/api/notices/ccf2651a-6dcb-49a4-bb23-1c9e33761ec0?format=pdf","zuschlag_benannt","P1_zuschlag_24m","2026-09-14","5","5","Bayerische Versorgungskammer;Berliner Wasserbetriebe;Brandenburgischer IT-Dienstleister;Bundesagentur für Arbeit (BA), vertreten durch den Vorstand, hier vertreten durch die Leitung des Geschäftsbereiches Einkauf im BA-Service-Haus;Bundesrepublik Deutschland, vertreten durch das Bundesministerium des Innern und für Heimat, vertreten durch das Beschaffungsamt des BMI","dovs",38,,"laura.wotschke@acp.de","Sehr geehrte Frau Wotschke,

Glückwunsch zur ISO‑27001:2022‑Zertifizierung und zur Rolle von ACP als Launch‑Partner der neuen Cloud‑Region Österreich – beides spricht dafür, dass Sie Sicherheit und Cloud‑Skalierung strategisch vorantreiben. Als Senior Bid Manager kennen Sie die Fallstricke formaler Anforderungen und die Menge verteilter Portale nur zu gut.

Genau hier begegnet Patterno Ihren Kernproblemen: statt einzelner Landesportale eine tägliche Trefferliste aus >4.500 Quellen, Go/No‑Go‑Entscheidung in zwei Minuten und automatisierte Volltextanalyse (Fristen, Losstruktur, EVB‑IT‑Fallen, ISO/BSI‑Nachweise) mit direkter Fundstellenverlinkung. Für ein IT‑Systemhaus wie ACP, das ISO‑Standards und Cloud‑Partnerschaften bedient, reduziert das die Personentage für Sichtung und minimiert das Risiko übersehener Ausschlusskriterien.

Bringen Sie Ihre letzte Ausschreibung mit — in 30 Minuten zeigen wir Ihnen, was Patterno darin findet. Kein Foliensatz, ein Test. 

Lassen Sie uns zu einem 15‑minütigen digitalen Kaffeetrinken treffen? Ich zeige Ihnen, wie andere IT‑Systemhäuser ihre Bid‑Kapazität skaliert haben.

Beste Grüße","Sehr geehrte Frau Wotschke,

Glückwunsch zur ISO‑27001:2022‑Zertifizierung und zur Rolle von ACP als Launch‑Partner der neuen Cloud‑Region Österreich – beides bestätigt Ihre strategische Ausrichtung auf Informationssicherheit und skalierbare Cloud‑Services. Solche Nachweise sind gerade bei Rahmenverträgen und Public‑Cloud‑Projekten oft entscheidend für die Zuschlagschancen.

Als Senior Bid Manager kennen Sie sicher die tägliche Flut verstreuter Vergabeportale und die Gefahr, dass formale K.O.-Kriterien oder EVB‑IT‑Fallstricke beim Querlesen übersehen werden. Jede Stunde, die in Sichtung und Dokumentenanalyse steckt, fehlt später bei Kalkulation und Preisstrategie.

Patterno bündelt über 4.500 Vergabequellen in einer täglichen Trefferliste und liest Vergabeunterlagen (100+ Seiten) in ~30 Sekunden mit verlinkten Befunden zu Fristen, Losstruktur und Eignungsnachweisen wie ISO 27001. Für ACP bedeutet das schnellere Go/No‑Go‑Entscheidungen, weniger Personentage für Sichtung und belastbare Fundstellen für Bieterfragen.

Lassen Sie uns zu einem 15‑minütigen digitalen Kaffeetrinken treffen? Ich zeige Ihnen, wie andere IT‑Systemhäuser ihre Bid‑Kapazität skaliert haben.

Beste Grüße","Sehr geehrte Frau Wotschke,

Haben Sie meine letzte E‑Mail erhalten? Glückwunsch zur ISO‑27001:2022‑Zertifizierung und zur Rolle von ACP als Launch‑Partner der neuen Cloud‑Region Österreich – beides zeigt, dass Sie Sicherheit und Cloud‑Skalierung strategisch vorantreiben. Als Senior Bid Manager kennen Sie die Fallstricke formaler Anforderungen und die Menge verteilter Portale nur zu gut.

Genau hier begegnet Patterno Ihren Kernproblemen: statt einzelner Landesportale eine tägliche Trefferliste aus über 4.500 Quellen, Go/No‑Go‑Entscheidung in zwei Minuten und automatisierte Volltextanalyse (Fristen, Losstruktur, EVB‑IT‑Fallen, ISO/BSI‑Nachweise) mit direkter Fundstellenverlinkung. Für ein IT‑Systemhaus wie ACP, das ISO‑Standards und Cloud‑Partnerschaften bedient, reduziert das die Personentage für Sichtung und minimiert das Risiko übersehener Ausschlusskriterien.

Typische Painpoints sind verstreute Fristen, fachfremde Lose in Mehrlosverfahren und immer wieder neu zusammenzustellende Nachweispakete – genau hier schafft Patterno Kapazität und Nachvollziehbarkeit.

Bringen Sie Ihre letzte Ausschreibung mit — in 30 Minuten zeigen wir Ihnen, was Patterno darin findet. Kein Foliensatz, ein Test.

Lassen Sie uns zu einem 15‑minütigen digitalen Kaffeetrinken treffen? Ich zeige Ihnen, wie andere IT‑Systemhäuser ihre Bid‑Kapazität skaliert haben.

Beste Grüße"
"Christoph Paustian","Christoph","Paustian","Key-Account-Manager & Standortleiter","Hamburg, Germany","think about IT GmbH","think-about.it","https://www.linkedin.com/in/christoph-paustian-7a6767154/","A","https://oeffentlichevergabe.de/api/notices/ba806a63-35f5-4e15-b056-8d990d0dfb08?format=pdf","zuschlag_erschlossen","P1C_alleinbieter","2026-08-25","0","0","AOK Sachsen - Anhalt;BWI GmbH;BWI GmbH Funktionspostfach;Bundesrepublik Deutschland, vertreten durch das Bundesministerium des Innern und für Heimat, vertreten durch das Beschaffungsamt des BMI;CISPA - Helmholtz-Zentrum für Informationssicherheit gGmbH","dovs",16,"+4917661082461","c.paustian@think-about.it","Sehr geehrter Herr Paustian,

Ich konnte online wenig zu think about IT GmbH finden, nehme aber an, dass Sie als Key-Account-Manager & Standortleiter sowohl Kundenbindung als auch operative Angebotsverantwortung tragen. Gerade für IT-Systemhäuser mit regionaler Vergabetätigkeit ist die Kombination aus Vertrieb und Standortführung prädestiniert für skalierbare Prozesse — oder für Reibungsverluste, wenn die Ressourcen knapp werden.

Aus Sicht Ihres Rollenprofils sind die typischen Painpoints klar: verstreute Fristen auf Landes- und Kommunalportalen, formale Fallen wie EVB-IT/UfAB und ständig neu zusammenzustellende Nachweispakete binden Bid-Kapazität und riskieren Ausschlussentscheidungen beim Querlesen.

Patterno bündelt über 4.500 Quellen, liest Vergabeunterlagen in Sekunden und liefert Go/No-Go-Entscheidungen sowie verlinkte Befunde für Kalkulation und Bieterfragen. Für ein Team wie Ihres heißt das weniger Personentage in der Sichtung, mehr Kapazität für Preisstrategie und Angebotssicherheit — ohne zusätzliche Köpfe.

Lassen Sie uns zu einem 15-minütigen digitalen Kaffeetrinken treffen? Ich zeige Ihnen, wie andere IT-Anbieter ihre Bid-Quote erhöht haben.

Beste Grüße","Sehr geehrter Herr Paustian,

herzlichen Glückwunsch zu Ihrer Rolle als Key-Account-Manager & Standortleiter bei think about IT GmbH — die Kombination aus Kundenverantwortung und Standortführung erfordert klare Prozesse und verlässliche Abläufe. Ihr Fokus auf regionale IT-Vergaben macht Sie vermutlich täglich mit fragmentierten Portalen und komplexen Rahmenvereinbarungen vertraut.

Typische Engpässe in Ihrer Funktion sind schnell erkannt: verstreute Fristen auf Landes- und Kommunalportalen sowie formale Fallen wie EVB-IT/UfAB binden Bid-Kapazität und erhöhen das Risiko von Ausschlussentscheidungen. Außerdem kosten wiederkehrende Nachweispakete wertvolle Stunden Ihres Teams.

Patterno bündelt über 4.500 Vergabequellen, liest Vergabeunterlagen in Sekunden und liefert Go/No-Go-Ergebnisse samt verlinkten Fundstellen für Kalkulation und Bieterfragen. Für ein IT-Systemhaus wie Ihres heißt das: weniger Sichtungsaufwand, mehr Kapazität für Preisstrategie und Angebotsqualität — ohne neue Köpfe einzustellen.

Lassen Sie uns zu einem 15-minütigen digitalen Kaffeetrinken treffen? Ich zeige Ihnen, wie andere IT-Anbieter ihre Bid-Quote gesteigert haben.

Beste Grüße","Sehr geehrter Herr Paustian,

Haben Sie meine letzte E‑Mail erhalten? Ich hoffe, Sie hatten einen guten Start in die Woche — und genug Zeit für die Dinge, die wirklich Gewinn bringen.

Ich konnte online wenig zu think about IT GmbH finden, nehme aber an, dass Sie als Key‑Account‑Manager & Standortleiter sowohl Kundenbindung als auch operative Angebotsverantwortung tragen. Gerade für regionale IT‑Systemhäuser bedeutet das: Vertrieb und Standortführung eröffnen Hebel für Wachstum – oder sie verpuffen in Reibungsverlusten, wenn Bid‑Kapazität fehlt.

Typische Painpoints sind verstreute Fristen auf Landes‑ und Kommunalportalen, formale Fallen wie EVB‑IT/UfAB und immer wieder neu zusammenzustellende Nachweispakete. Das bindet Personentage und erhöht das Ausschlussrisiko.

Patterno bündelt über 4.500 Quellen, liest Vergabeunterlagen in Sekunden und liefert belastbare Go/No‑Go‑Entscheidungen samt verlinkten Befunden für Kalkulation und Bieterfragen. Für Ihr Team heißt das: weniger Sichtungsaufwand, mehr Kapazität für Preisstrategie und Angebotssicherheit — ohne zusätzliche Köpfe.

Lassen Sie uns zu einem 15‑minütigen digitalen Kaffeetrinken treffen? Ich zeige Ihnen, wie andere IT‑Anbieter ihre Bid‑Quote erhöht haben.

Beste Grüße"
"Kerstin Stahl","Kerstin","Stahl","Team Lead Tender Management","Erlangen, Bavaria, Germany","think about IT GmbH","think-about.it","https://www.linkedin.com/in/kerstin-stahl-5249b2a6/","A","https://oeffentlichevergabe.de/api/notices/ba806a63-35f5-4e15-b056-8d990d0dfb08?format=pdf","zuschlag_erschlossen","P1C_alleinbieter","2026-08-25","0","0","AOK Sachsen - Anhalt;BWI GmbH;BWI GmbH Funktionspostfach;Bundesrepublik Deutschland, vertreten durch das Bundesministerium des Innern und für Heimat, vertreten durch das Beschaffungsamt des BMI;CISPA - Helmholtz-Zentrum für Informationssicherheit gGmbH","dovs",16,,"stahl@think-about.it","Sehr geehrte Frau Stahl,

Ich konnte keine aktuellen Presse- oder Produktmeldungen zu think about IT finden; Ihr LinkedIn-Profil signalisiert jedoch klare Verantwortung für die Steuerung von Tender-Prozessen — ein idealer Blickwinkel für Effizienzgewinne. Als Team Lead Tender Management kennen Sie sicher die täglichen Quellen- und Fristen-Herausforderungen.

Viele Tender-Teams verlieren Zeit durch verstreute Portale, wiederkehrende Nachweispakete und versteckte K.-o.-Kriterien (EVB‑IT, BSI, ISO). Oft sitzt Wissen in ein bis zwei Köpfen; Urlaub oder Fluktuation werden so schnell zum Risiko für laufende Verfahren. Diese Schmerzpunkte treffen besonders IT-Systemhäuser, die zahlreiche Losstrukturen und Rahmenverträge prüfen müssen.

Patterno bündelt über 4.500 Vergabequellen, liest Vergabeunterlagen in Sekunden und markiert jede Eignungsanforderung mit Fundstelle — Go/No‑Go in zwei Minuten statt tagelanger Sichtung. Für Ihr Team bedeutet das weniger Personentage bei gleichzeitiger Erhöhung der Bietqualität und Skalierbarkeit ohne zusätzlichen Personalaufwand.

Lassen Sie uns zu einem 15‑minütigen digitalen Kaffeetrinken treffen? Ich zeige Ihnen, wie andere IT‑Teams ihre Bid‑Kapazität erhöht haben.

Beste Grüße","Sehr geehrte Frau Stahl,

Ihr Profil als Team Lead Tender Management bei think about IT zeigt eine klare Verantwortung für die Steuerung von Ausschreibungsprozessen und für die Absicherung von Compliance‑Anforderungen. Gerade in IT‑Ausschreibungen entscheidet oft die Dokumentation im Detail über Go/No‑Go.

Tender‑Teams verlieren regelmäßig Zeit durch verstreute Portale, wiederkehrende Nachweispakete und versteckte K.-o.-Kriterien wie EVB‑IT oder ISO‑Anforderungen. Wissen hängt zu oft an Einzelpersonen, sodass Urlaub oder Fluktuation laufende Verfahren gefährden.

Patterno bündelt über 4.500 Vergabequellen, liefert morgens eine gefilterte Trefferliste nach CPV, Region und Auftragsgröße und liest Vergabeunterlagen in Sekunden mit verlinkten Fundstellen. Das Ergebnis: Go/No‑Go‑Entscheidungen in zwei Minuten statt in Tagen und mehr Kapazität für Kalkulation und Angebotsqualität ohne zusätzliches Personal.

Lassen Sie uns zu einem 15‑minütigen digitalen Kaffeetrinken treffen? Ich zeige Ihnen, wie andere IT‑Teams ihre Bid‑Kapazität erhöht und Risiken reduziert haben.

Beste Grüße","Sehr geehrte Frau Stahl,

Haben Sie meine letzte E‑Mail erhalten? Ihr LinkedIn‑Profil zeigt deutlich Ihre Verantwortung für die Steuerung von Tender‑Prozessen — ein idealer Blickwinkel, um systematisch Effizienzpotenziale zu heben.

Ich konnte keine aktuellen Pressemeldungen zu think‑about.it finden; als Team Lead Tender Management kennen Sie die täglichen Quellen‑ und Fristen‑Herausforderungen: verstreute Portale, wiederkehrende Nachweispakete und versteckte K.-o.-Kriterien (EVB‑IT, BSI, ISO) binden oft Wissen in Einzelpersonen und machen Verfahren anfällig bei Abwesenheit.

Patterno bündelt über 4.500 Vergabequellen, liest Vergabeunterlagen in Sekunden und markiert jede Eignungsanforderung mit Fundstelle — Go/No‑Go in zwei Minuten statt tagelanger Sichtung. Für IT‑Systemhäuser bedeutet das weniger Personentage, höhere Bietqualität und bessere Skalierbarkeit ohne zusätzliches Personal.

Der Markt ist fragmentiert; Bid‑Kapazität ist der Flaschenhals. Automatisierung ist hier der pragmatische Hebel, um EVB‑IT‑Fallen, verstreute Fristen und Nachweispakete zuverlässig zu managen.

Lassen Sie uns zu einem 15‑minütigen digitalen Kaffeetrinken treffen? Ich zeige Ihnen, wie andere IT‑Teams ihre Bid‑Kapazität erhöht haben.

Beste Grüße"
"Larisa Kalinina","Larisa","Kalinina","Tender Manager","Greater Leipzig Area","think about IT GmbH","think-about.it","https://www.linkedin.com/in/larisa-kalinina-22318b89/","A","https://oeffentlichevergabe.de/api/notices/ba806a63-35f5-4e15-b056-8d990d0dfb08?format=pdf","zuschlag_erschlossen","P1C_alleinbieter","2026-08-25","0","0","AOK Sachsen - Anhalt;BWI GmbH;BWI GmbH Funktionspostfach;Bundesrepublik Deutschland, vertreten durch das Bundesministerium des Innern und für Heimat, vertreten durch das Beschaffungsamt des BMI;CISPA - Helmholtz-Zentrum für Informationssicherheit gGmbH","dovs",16,"+4915756779506","kalinina@think-about.it","Sehr geehrte Frau Kalinina,

Die Ankündigung Ihrer InfinIT Future 2026 und der Hinweis zum Ablauf der Secure‑Boot‑Zertifikate zeigen: think about IT steuert aktiv technologische und sicherheitsrelevante Themen – genau dort, wo öffentliche Ausschreibungen komplex und formal anspruchsvoll werden. Das Top‑30‑Systemhaus‑Profil passt zu einem Anbieter, der auch bei Rahmenverträgen und Informationssicherheit mitbieten will.

Als Tender Manager kennen Sie die Fallen: verstreute Fristen auf Landes‑ und Kommunalportalen, EVB‑IT‑Spezifika und immer wieder neu zusammenzustellende Nachweispakete, die ein Angebot binnen Minuten disqualifizieren können. Bid‑Kapazität ist knapp und Wissen sitzt oft nur bei Einzelnen.

Patterno bündelt über 4.500 Quellen, filtert per CPV, Region und Auftragswert und liest Vergabeunterlagen in Sekunden – inklusive Erkennung von K.O.-Kriterien wie BSI‑Anforderungen oder Präqualifikation. Für ein IT‑Systemhaus bedeutet das: Go/No‑Go‑Entscheidungen in zwei Minuten, nachvollziehbare Fundstellen für Bieterfragen und weniger Personentage pro Ausschreibung.

Lassen Sie uns zu einem 15‑minütigen digitalen Kaffeetrinken treffen? Ich zeige Ihnen, wie andere IT‑Systemhäuser ihre Bid‑Kapazität skaliert haben.

Beste Grüße","Sehr geehrte Frau Kalinina,

Die Ankündigung Ihrer InfinIT Future 2026 und der Hinweis zum Ablauf der Secure‑Boot‑Zertifikate zeigen, dass think about IT Innovation und Informationssicherheit aktiv zusammenbringt – genau die Themen, die bei öffentlichen Ausschreibungen oft formal entscheidend sind. Ihr Top‑30‑Systemhaus‑Profil signalisiert außerdem, dass Sie bei Rahmenverträgen und Compliance‑Nachweisen sichtbar mitbieten wollen.

Als Tender Manager kennen Sie die typischen Fallstricke: verstreute Fristen auf Landes‑ und Kommunalportalen sowie wiederkehrende, individuell zusammenzustellende Nachweispakete, die ein Angebot binnen Minuten disqualifizieren können. Wissen und Kapazität sitzen oft nur bei Einzelpersonen, was bei hoher Verfahrensfrequenz schnell zum Risiko wird.

Patterno bündelt über 4.500 Vergabeportale, bewertet Treffer per KI gegen Ihr Profil und liest Vergabeunterlagen in Sekunden – inklusive Erkennung von K.O.-Kriterien wie BSI‑Anforderungen oder Präqualifikation. Für think about IT bedeutet das: belastbare Go/No‑Go‑Entscheidungen in Minuten und spürbar weniger Personentage pro Ausschreibung.

Lassen Sie uns zu einem 15‑minütigen digitalen Kaffeetrinken treffen? Ich zeige Ihnen, wie andere IT‑Systemhäuser ihre Bid‑Kapazität skaliert haben.

Beste Grüße","Sehr geehrte Frau Kalinina,

Haben Sie meine letzte Email erhalten? Die Ankündigung Ihrer InfinIT Future 2026 und der Hinweis zum Ablauf der Secure‑Boot‑Zertifikate zeigen: think about IT steuert aktiv technologische und sicherheitsrelevante Themen – genau dort, wo öffentliche Ausschreibungen komplex und formal anspruchsvoll werden.

Als Tender Manager kennen Sie die Fallen: verstreute Fristen auf Landes‑ und Kommunalportalen, EVB‑IT‑Spezifika und immer wieder neu zusammenzustellende Nachweispakete, die ein Angebot binnen Minuten disqualifizieren können. Wissen sitzt oft nur bei Einzelnen, Bid‑Kapazität ist knapp und die Losstruktur entscheidet nicht selten über Go/No‑Go.

Patterno bündelt über 4.500 Quellen, filtert per CPV, Region und Auftragswert und liest Vergabeunterlagen in Sekunden – inklusive Erkennung von K.O.-Kriterien wie BSI‑Anforderungen oder Präqualifikation. Für ein Top‑30‑Systemhaus heißt das: Go/No‑Go‑Entscheidungen in zwei Minuten, belastbare Fundstellen für Bieterfragen und deutlich weniger Personentage pro Ausschreibung.

Lassen Sie uns zu einem 15‑minütigen digitalen Kaffeetrinken treffen? Ich zeige Ihnen, wie andere IT‑Systemhäuser ihre Bid‑Kapazität skaliert haben.

Beste Grüße"
"Corinna Liedtke","Corinna","Liedtke","Bid Managerin","Germany","SVA System Vertrieb Alexander GmbH","sva.de","https://www.linkedin.com/in/corinna-liedtke/","A","https://oeffentlichevergabe.de/api/notices/6d4c475d-8415-416b-8903-e37245d595e1?format=pdf","zuschlag_benannt","P1_zuschlag_24m","2026-08-19","8","7","ARD ZDF Deutschlandradio Beitragsservice;ARENA2036 e.V.;Alfred-Wegener-Institut Helmholtz-Zentrum für Polar- und Meeresforschung;Asklepios Kliniken Hamburg GmbH - Asklepios Kliniken Altona, Barmbek, Harburg, Nor;BG Kliniken - Klinikverbund der gesetzlichen Unfallversicherung gGmbH - Betriebsstätte BG Ambulanz Bremen","dovs",86,,"corinna.liedtke@sva.de","Sehr geehrte Frau Liedtke,

SVA ist als eines der führenden IT-Systemhäuser in Deutschland mit ~3.800 Mitarbeitenden und 29 Standorten breit aufgestellt — mir ist bewusst, dass Sie täglich viele Quellen und Ausschreibungen prüfen müssen, ohne dass dazu immer öffentliche News nötig wären. Das macht Ihre Rolle als Bid Managerin besonders kritisch für Trefferqualität und Ausschlussrisiken.

Typische Stolperfallen: verstreute Fristen über Landes‑ und Kommunalportale, EVB‑IT-/UfAB‑Fallen (BSI‑Grundschutz, ISO 27001, Präqualifikation) und wiederkehrende Nachweispakete, die personentage kosten. Wenn Wissen an Einzelpersonen hängt, steigen Risiko und Verzögerung.

Patterno bündelt 4.500+ Vergabeportale, analysiert Volltexte in ~30 Sekunden und liefert Go/No‑Go‑Entscheidungen plus verlinkte Fundstellen — so reduzieren Sie Sichten und vermeiden formale Ausschlüsse. Für IT‑Losstrukturen filtert die KI nach CPV, Region und Auftragswert und erzeugt belastbare Nachweispakete direkt aus Unternehmensdaten.

Lassen Sie uns zu einem 15‑minütigen digitalen Kaffeetrinken treffen? Ich zeige Ihnen, wie andere Systemhäuser ihre Bid‑Kapazität ohne Neueinstellungen erhöht haben.

Beste Grüße","Sehr geehrte Frau Liedtke,

SVA ist eines der führenden IT-Systemhäuser in Deutschland mit rund 3.800 Mitarbeitenden und 29 Standorten — Ihre Rolle als Bid Managerin ist zentral, damit solche Organisationsstrukturen kompatible und fristgerechte Angebote liefern. Mir ist bewusst, dass Sie täglich viele Ausschreibungen und Prüfungsanforderungen koordinieren müssen, oft über zahlreiche regionale Portale.

Typische Painpoints: verstreute Fristen und Mehrlos‑Strukturen, die im Titel nicht sichtbar sind, sowie wiederkehrende Nachweispakete (BSI‑Grundschutz, ISO 27001, Präqualifikation), die Personentage kosten. Verlassen sich Wissen und Prozesswissen auf einzelne Kollegen, steigt das Risiko von Verzögerungen und formalen Ausschlüssen.

Patterno bündelt >4.500 Vergabeportale, analysiert Vergabeunterlagen in ~30 Sekunden und liefert belastbare Go/No‑Go‑Befunde mit verlinkten Fundstellen — reduziert Sichtaufwand und formalem Ausschlussrisiko. Für IT‑Losstrukturen filtert die KI nach CPV, Region und Auftragswert und erzeugt vorbefüllte Nachweispakete aus Unternehmensdaten.

Lassen Sie uns zu einem 15‑minütigen digitalen Kaffeetrinken treffen? Ich zeige Ihnen, wie andere Systemhäuser ihre Bid‑Kapazität ohne Neueinstellungen erhöht haben.

Beste Grüße","Sehr geehrte Frau Liedtke,

Haben Sie meine letzte E‑Mail erhalten? Mir ist bewusst, dass Ihre Inbox als Bid Managerin bei SVA täglich mit relevanten wie irrelevanten Veröffentlichungen gefüllt wird — deshalb kurz und konkret:

SVA ist als eines der führenden IT‑Systemhäuser in Deutschland mit ~3.800 Mitarbeitenden und 29 Standorten breit aufgestellt — mir ist bewusst, dass Sie täglich viele Quellen und Ausschreibungen prüfen müssen, ohne dass dazu immer öffentliche News nötig wären. Das macht Ihre Rolle als Bid Managerin besonders kritisch für Trefferqualität und Ausschlussrisiken.

Typische Stolperfallen: verstreute Fristen über Landes‑ und Kommunalportale, EVB‑IT-/UfAB‑Fallen (BSI‑Grundschutz, ISO 27001, Präqualifikation) und wiederkehrende Nachweispakete, die personentage kosten. Wenn Wissen an Einzelpersonen hängt, steigen Risiko und Verzögerung.

Patterno bündelt 4.500+ Vergabeportale, liest Volltexte in ~30 Sekunden und liefert Go/No‑Go‑Entscheidungen inklusive verlinkter Fundstellen — so reduzieren Sie Sichtzeiten, vermeiden formale Ausschlüsse und generieren belastbare Nachweispakete direkt aus Ihren Unternehmensdaten.

Lassen Sie uns zu einem 15‑minütigen digitalen Kaffeetrinken treffen? Ich zeige Ihnen, wie andere Systemhäuser ihre Bid‑Kapazität ohne Neueinstellungen erhöht haben.

Beste Grüße"
"Iva Floßdorf","Iva","Floßdorf","Bid Managerin","Kerpen, North Rhine-Westphalia, Germany","SVA System Vertrieb Alexander GmbH","sva.de","https://www.linkedin.com/in/iva-flo%c3%9fdorf-aa0a98a4/","A","https://oeffentlichevergabe.de/api/notices/6d4c475d-8415-416b-8903-e37245d595e1?format=pdf","zuschlag_benannt","P1_zuschlag_24m","2026-08-19","8","7","ARD ZDF Deutschlandradio Beitragsservice;ARENA2036 e.V.;Alfred-Wegener-Institut Helmholtz-Zentrum für Polar- und Meeresforschung;Asklepios Kliniken Hamburg GmbH - Asklepios Kliniken Altona, Barmbek, Harburg, Nor;BG Kliniken - Klinikverbund der gesetzlichen Unfallversicherung gGmbH - Betriebsstätte BG Ambulanz Bremen","dovs",86,,"iva.flossdorf@sva.de","Sehr geehrte Frau Floßdorf,

SVA ist als eines der führenden IT‑Systemhäuser mit ~3.800 Mitarbeitenden und 29 Standorten bekannt – Sie koordinieren sicher viele Rahmenverträge und mehrlosige Vergaben. Aktuelle News lagen nicht vor; deshalb beziehe ich mich auf Ihre Unternehmensgröße und das typische Vergabegeschäft von Systemhäusern.

Als Bid Managerin kennen Sie die Praxis: verstreute Landes‑ und Kommunalportale, formale Fallen bei EVB‑IT/UfAB und Nachweispakete, die jede Bewerbung aufblähen. Bid‑Kapazität ist knapp; jede unnötig geöffnete Akte kostet Personentage und birgt das Risiko, dass ein Zertifikat oder Nachunternehmerverbot das Angebot disqualifiziert.

Patterno bündelt >4.500 Quellen, liefert morgens eine nach CPV/Region/Volumen gefilterte Trefferliste und liest Vergabeunterlagen (100+ Seiten) in ~30 Sekunden. Go‑/No‑Go‑Entscheidungen in ~2 Minuten, jede Aussage mit Fundstelle – ideal, wenn Wissen nicht an Einzelpersonen hängen soll und Sie Kapazität ohne Neueinstellungen brauchen.

Lassen Sie uns zu einem 15‑minütigen digitalen Kaffeetrinken treffen? Ich zeige Ihnen, wie andere IT‑Systemhäuser ihre Bid‑Effizienz gesteigert haben.

Beste Grüße","Sehr geehrte Frau Floßdorf,

SVA gehört zu den führenden IT‑Systemhäusern in Deutschland mit rund 3.800 Mitarbeitenden und zahlreichen Rahmenverträgen – ich nehme an, Sie koordinieren komplexe Mehrlos‑Vergaben und umfangreiche Nachweispakete. Ihr Team muss regelmäßig zwischen Landes‑ und Kommunalportalen sowie TED unterscheiden, um rechtzeitig passende Verfahren zu finden.

Als Bid Managerin kennen Sie die typischen Engpässe: verstreute Fristen, heterogene Losstrukturen und formale EVB‑IT/UfAB‑Fallen, die Stunden in Querlesen und Risikoabschätzung kosten. Jede unnötige Sichtung bindet Kapazität, die an anderer Stelle für Kalkulation und Angebotsqualität fehlt.

Patterno bündelt über 4.500 Vergabequellen, analysiert Vergabeunterlagen vollautomatisch in Sekunden und liefert gefilterte Trefferlisten nach CPV, Region und Volumen – Go/No‑Go‑Entscheidungen mit verlinkten Fundstellen in rund zwei Minuten. Für IT‑Systemhäuser bedeutet das: mehr passende Verfahren, weniger Personentage für Sichtung und höherer Output ohne Neueinstellungen.

Lassen Sie uns zu einem 15‑minütigen digitalen Kaffeetrinken treffen? Ich zeige Ihnen, wie andere IT‑Systemhäuser ihre Bid‑Effizienz gesteigert haben.

Beste Grüße","Sehr geehrte Frau Floßdorf,

Haben Sie meine letzte E‑Mail erhalten? Ich wollte kurz nachhaken, weil Ihre Rolle als Bid Managerin bei SVA mich an einen wiederkehrenden Engpass erinnert, den viele Systemhäuser haben.

SVA ist als eines der führenden IT‑Systemhäuser mit ~3.800 Mitarbeitenden und 29 Standorten bekannt – Sie koordinieren sicher viele Rahmenverträge und mehrlosige Vergaben. Aktuelle News lagen nicht vor; deshalb beziehe ich mich auf Ihre Unternehmensgröße und das typische Vergabegeschäft von Systemhäusern.

Als Bid Managerin kennen Sie die Praxis: verstreute Landes‑ und Kommunalportale, formale Fallen bei EVB‑IT/UfAB und umfangreiche Nachweispakete, die jede Bewerbung aufblähen. Bid‑Kapazität ist knapp; jede unnötig geöffnete Akte kostet Personentage und erhöht das Disqualifikationsrisiko.

Patterno bündelt >4.500 Quellen, liefert morgens eine nach CPV/Region/Volumen gefilterte Trefferliste und liest Vergabeunterlagen (100+ Seiten) in ~30 Sekunden. Go‑/No‑Go‑Entscheidungen in ~2 Minuten, jede Aussage mit Fundstelle – ideal, wenn Wissen nicht an Einzelpersonen hängen soll und Sie Kapazität ohne Neueinstellungen brauchen.

Lassen Sie uns zu einem 15‑minütigen digitalen Kaffeetrinken treffen? Ich zeige Ihnen, wie andere IT‑Systemhäuser ihre Bid‑Effizienz gesteigert haben.

Beste Grüße"
"Hendrik Reimann","Hendrik","Reimann","Bid Manager","Hannover, Lower Saxony, Germany","SVA System Vertrieb Alexander GmbH","sva.de","https://www.linkedin.com/in/hendrikreimann794/","A","https://oeffentlichevergabe.de/api/notices/6d4c475d-8415-416b-8903-e37245d595e1?format=pdf","zuschlag_benannt","P1_zuschlag_24m","2026-08-19","8","7","ARD ZDF Deutschlandradio Beitragsservice;ARENA2036 e.V.;Alfred-Wegener-Institut Helmholtz-Zentrum für Polar- und Meeresforschung;Asklepios Kliniken Hamburg GmbH - Asklepios Kliniken Altona, Barmbek, Harburg, Nor;BG Kliniken - Klinikverbund der gesetzlichen Unfallversicherung gGmbH - Betriebsstätte BG Ambulanz Bremen","dovs",86,,"hendrik.reimann@sva.de","Sehr geehrter Herr Reimann,

SVA ist als eines der führenden IT‑Systemhäuser mit rund 3.800 Mitarbeitenden und mehrfach ausgezeichneten Partnerschaften bekannt — das zeigt, dass Sie komplexe öffentliche IT‑Projekte routiniert begleiten. Als Bid Manager wissen Sie, wie schnell Formalia statt technischer Qualität über Erfolg oder Ausschluss entscheiden.

Genau dort liegen die typischen Probleme: Kommunale IT‑Vergaben verstreuen Fristen und Anforderungen über Landesportale, EVB‑IT‑Klauseln und Nachweispakete schlucken Personentage, und ein übersehenes K.-o.-Kriterium macht eine Kalkulation wertlos. Bid‑Kapazität ist der Engpass, qualifizierte Mitarbeitende sind rar.

Patterno bündelt über 4.500 Vergabequellen, liest Vergabeunterlagen in ~30 Sekunden und liefert ein Go/No‑Go in zwei Minuten — inklusive verlinkter Fundstellen für Eignungsnachweise, Losstruktur und Fristen. Für ein IT‑Haus wie SVA heißt das: weniger Suchzeit, weniger Risiko, mehr qualitativ geprüfte Bewerbungen ohne zusätzliches Personal.

Lassen Sie uns zu einem 15‑minütigen digitalen Kaffeetrinken treffen? Ich zeige Ihnen, wie andere IT‑Systemhäuser ihre Bid‑Kapazität skaliert haben.

Beste Grüße","Sehr geehrter Herr Reimann,

SVA ist als eines der führenden IT‑Systemhäuser in Deutschland bekannt, und Ihre mehrfachen Partnerauszeichnungen unterstreichen die Fähigkeit, komplexe IT‑Projekte für öffentliche Auftraggeber zuverlässig zu stemmen. Als Bid Manager kennen Sie die Balance zwischen formaler Compliance und technischer Exzellenz – beides entscheidet über Zuschlag oder Ausschluss.

Typische Engpässe sind bekannt: verstreute Fristen und Nachweisanforderungen kosten Zeit, und ein übersehenes K.-o.-Kriterium macht eine aufwändige Kalkulation hinfällig. Bid‑Kapazität und konsistente Nachweispakete binden hochqualifizierte Mitarbeitende, die knapp sind.

Patterno bündelt über 4.500 Vergabequellen, analysiert Vergabeunterlagen in Sekunden und liefert verlinkte Fundstellen zu Fristen, Losstruktur und Eignungsanforderungen – so entsteht ein belastbares Go/No‑Go in Minuten. Für SVA heißt das: mehr passende Verfahren, weniger Suchaufwand und reproduzierbare Nachweispakete ohne zusätzliche Köpfe.

Lassen Sie uns zu einem 15‑minütigen digitalen Kaffeetrinken treffen? Ich zeige Ihnen, wie andere IT‑Systemhäuser ihre Bid‑Kapazität skaliert haben.

Beste Grüße","Sehr geehrter Herr Reimann,

Haben Sie meine letzte E‑Mail erhalten? Als Bid Manager bei SVA wissen Sie besser als die meisten, wie Formalia oft mehr über Erfolg entscheiden als technische Exzellenz.

SVA ist als eines der führenden IT‑Systemhäuser mit rund 3.800 Mitarbeitenden und mehrfach ausgezeichneten Partnerschaften bekannt — das zeigt, dass Sie komplexe öffentliche IT‑Projekte routiniert begleiten. Als Bid Manager wissen Sie, wie schnell Formalia statt technischer Qualität über Erfolg oder Ausschluss entscheiden.

Genau dort liegen die typischen Probleme: Kommunale IT‑Vergaben verstreuen Fristen und Anforderungen über Landesportale, EVB‑IT‑Klauseln und Nachweispakete schlucken Personentage, und ein übersehenes K.-o.-Kriterium macht eine Kalkulation wertlos. Bid‑Kapazität ist der Engpass, qualifizierte Mitarbeitende sind rar.

Patterno bündelt über 4.500 Vergabequellen, liest Vergabeunterlagen in ~30 Sekunden und liefert ein Go/No‑Go in zwei Minuten — inklusive verlinkter Fundstellen für Eignungsnachweise, Losstruktur und Fristen. Für SVA bedeutet das: weniger Suchzeit, belastbare Befunde für Bieterfragen und mehr geprüfte Bewerbungen ohne zusätzliches Personal.

Lassen Sie uns zu einem 15‑minütigen digitalen Kaffeetrinken treffen? Ich zeige Ihnen, wie andere IT‑Systemhäuser ihre Bid‑Kapazität skaliert haben.

Beste Grüße"
"David Schulz","David","Schulz","Bid Manager","Hannover-Braunschweig-Göttingen-Wolfsburg Region, Germany","Controlware GmbH","controlware.de","https://www.linkedin.com/in/david-schulz-4867b5195/","A","https://oeffentlichevergabe.de/api/notices/5eb16115-28e0-4d2c-bf0d-bf75db9915f1?format=pdf","zuschlag_benannt","P1_zuschlag_24m","2026-07-27","2","2","BG-Phoenics GmbH;BWI GmbH;DEG Vergabestelle;Hessischer Rundfunk,  Anstalt des Öffentlichen Rechts, Vergabestelle;IT-Dienstleistungszentrum Berlin (AöR)","dovs",15,"+4915168839515","schulz@controlware.de","Sehr geehrter Herr Schulz,

Ihre jüngsten Ankündigungen — insbesondere die Einführung von MDR- und Vulnerability-Management-Services sowie die Partnerschaft mit Cisco und Schwarz Digits — zeigen, dass Controlware stärker in ganzheitliche Sicherheitsservices und digitale Souveränität investiert. Das passt zu dem, was wir bei IT-Systemhäusern sehen: höhere Verfahrenszahlen und strengere Eignungskriterien.

Als Bid Manager kennen Sie die Fallstricke: EVB‑IT-/UfAB‑Klauseln, BSI‑Nachweise und verstreute Submissionstermine, die leicht zu Ausschlüssen führen. Gleichzeitig ist qualifiziertes Bid-Personal rar; jede zusätzliche Quelle kostet Personentage — bei vielen Auftraggebern wird das schnell unbeherrschbar.

Patterno bündelt über 4.500 Vergabequellen in einer täglichen Trefferliste, liest Vergabeunterlagen in Sekunden und markiert K.-o.-Kriterien wie ISO 27001 oder Präqualifikationen mit direkter Fundstelle. Für Controlware heißt das: schneller Go/No‑Go, belastbare Nachweise für Bieterfragen und mehr Kapazität ohne zusätzliche Köpfe — gerade relevant, wenn Sie MDR/VMS-Angebote in Rahmenverträge einbringen.

Lassen Sie uns zu einem 15-minütigen digitalen Kaffeetrinken treffen? Ich zeige Ihnen, wie andere IT‑Systemhäuser das für sich nutzen.

Beste Grüße","Sehr geehrter Herr Schulz,

herzlichen Glückwunsch zur Einführung der MDR- und Vulnerability-Management-Services sowie zur Kooperation mit Cisco und Schwarz Digits – ein klarer Schritt Richtung ganzheitlicher Cyberabwehr und digitaler Souveränität. Solche strategischen Erweiterungen erhöhen erfahrungsgemäß die Zahl relevanter Rahmenverträge und Mehrlosvergaben, die Sie als Bid Manager genau beobachten müssen.

Typische Fallstricke bleiben: verstreute Submissionstermine und formale EVB‑IT-/UfAB‑Kriterien, die ein Angebot bereits im Anhang disqualifizieren können. Zudem bindet das Zusammentragen von Eignungsnachweisen, ISO- und BSI-Dokumenten oft erhebliche Personentage.

Patterno bündelt über 4.500 Vergabequellen in einer täglichen Trefferliste, liest Vergabeunterlagen in Sekunden und markiert K.-o.-Kriterien mit exakter Fundstelle. Für Controlware bedeutet das: schnelleres Go/No‑Go, belastbare Nachweise für Bieterfragen und mehr Angebotskapazität ohne zusätzliche Köpfe — gerade wenn Sie MDR/VMS in Rahmenverträge einbringen.

Lassen Sie uns zu einem 15-minütigen digitalen Kaffeetrinken treffen? Ich zeige Ihnen, wie andere IT‑Systemhäuser Patterno praktisch einsetzen.

Beste Grüße","Sehr geehrter Herr Schulz,

Haben Sie meine letzte E‑Mail erhalten? Ihre jüngsten Ankündigungen — insbesondere MDR/Vulnerability‑Management und die Partnerschaft mit Cisco & Schwarz Digits — deuten klar auf einen strategischen Vorstoß in ganzheitliche Sicherheitsservices und digitale Souveränität hin.

Als Bid Manager kennen Sie die klassischen Fallstricke: EVB‑IT/UfAB‑Klauseln, BSI‑Nachweise, verstreute Submissionstermine und die Knappheit qualifizierter Bid‑Kapazität, die jede zusätzliche Quelle sofort in Personentage verwandelt. Gerade bei Rahmenverträgen für MDR/VMS wird das schnell unbeherrschbar.

Patterno bündelt über 4.500 Vergabequellen in einer täglichen Trefferliste, liest Vergabeunterlagen in Sekunden und markiert K.-o.-Kriterien wie ISO 27001 oder Präqualifikationen mit direkter Fundstelle. Ergebnis für Controlware: deutlich schnellere Go/No‑Go‑Entscheidungen, belastbare Fundstellen für Bieterfragen und mehr Angebotskapazität ohne zusätzliche Köpfe.

Lassen Sie uns zu einem 15‑minütigen digitalen Kaffeetrinken treffen? Ich zeige Ihnen, wie andere IT‑Systemhäuser das nutzen.

Beste Grüße"
"Peter Plocher","Peter","Plocher","Team Lead Tender Management Public Sector","Dietzenbach, Hesse, Germany","Controlware GmbH","controlware.de","https://www.linkedin.com/in/peter-plocher-547ab6208/","A","https://oeffentlichevergabe.de/api/notices/5eb16115-28e0-4d2c-bf0d-bf75db9915f1?format=pdf","zuschlag_benannt","P1_zuschlag_24m","2026-07-27","2","2","BG-Phoenics GmbH;BWI GmbH;DEG Vergabestelle;Hessischer Rundfunk,  Anstalt des Öffentlichen Rechts, Vergabestelle;IT-Dienstleistungszentrum Berlin (AöR)","dovs",15,,"peter.plocher@controlware.de","Sehr geehrter Herr Plocher,

Gratulation zur neuen Partnerschaft mit Cisco und Schwarz Digits sowie zum Produktlaunch von MDR- und Vulnerability-Management-Services — klare Schritte Richtung digitale Souveränität. Solche Angebote erhöhen sicher auch das Volumen an öffentlichen Verfahren, bei denen Controlware als Security-Partner gefragt ist.

Als Team Lead Tender Management Public Sector kennen Sie die täglichen Fallstricke: verstreute Fristen auf Landes- und Kommunalportalen, formale EVB-IT-/UfAB-Fallen und die ständige Gefahr, dass ein fehlender Nachweis ein Angebot disqualifiziert. Bid-Kapazität ist knapp — und jede Stunde Portal- und Dokumentensichtung fehlt in der Kalkulation.

Patterno bündelt über 4.500 Quellen in einem Posteingang, prüft Vergabeunterlagen in Sekunden gegen Ihre Eignungskriterien und liefert belastbare Fundstellen für Bieterfragen und Kalkulation. Für IT-Systemhäuser heißt das: schneller Go/No-Go, weniger Personentage und höhere Trefferquote ohne zusätzliche Köpfe.

Lassen Sie uns zu einem 15-minütigen digitalen Kaffeetrinken treffen? Ich zeige Ihnen, wie andere IT-Dienstleister konkrete Verfahren effizienter bearbeiten.

Beste Grüße","Sehr geehrter Herr Plocher,

Glückwunsch zur Partnerschaft mit Cisco und Schwarz Digits sowie zum Start der MDR- und Vulnerability-Management-Services – deutliche Schritte hin zu digitaler Souveränität, die Controlware in Ausschreibungen als starken Security-Partner positionieren. Die Bestätigung als ISG-Leader und Auszeichnungen untermauern diese strategische Ausrichtung.

Als Team Lead Tender Management Public Sector kennen Sie die typischen Fallstricke: verstreute Fristen auf Landes- und Kommunalportalen und formale EVB-IT-/UfAB-Fallen, die ein Angebot schon in frühen Phasen disqualifizieren können. Bid-Kapazität ist knapp, und jede Stunde Portal- und Dokumentensichtung fehlt für Kalkulation und Angebotsqualität.

Patterno bündelt über 4.500 Vergabequellen in einem zentralen Posteingang, liest Vergabeunterlagen in Sekunden und markiert K.-o.-Kriterien, Fristen und Eignungsanforderungen mit Fundstellenverweisen. Für IT-Systemhäuser heißt das: schneller Go/No-Go, weniger Personentage und höhere Trefferquote ohne zusätzliche Köpfe.

Lassen Sie uns zu einem 15-minütigen digitalen Kaffeetrinken treffen? Ich zeige Ihnen, wie andere IT-Dienstleister konkrete Verfahren effizienter bearbeiten.

Beste Grüße","Sehr geehrter Herr Plocher,

Haben Sie meine letzte Email erhalten? Gratulation zur neuen Partnerschaft mit Cisco und Schwarz Digits sowie zum Launch der MDR- und Vulnerability-Management-Services — klare Schritte Richtung digitale Souveränität.

Als Team Lead Tender Management Public Sector kennen Sie die täglichen Fallstricke: verstreute Fristen auf Landes- und Kommunalportalen, formale EVB-IT-/UfAB-Fallen und die Gefahr, dass ein fehlender Nachweis ein Angebot disqualifiziert. Bid-Kapazität ist knapp und jede Stunde Portal- und Dokumentensichtung fehlt in der Kalkulation.

Patterno bündelt über 4.500 Vergabequellen in einem Posteingang, liest Vergabeunterlagen (100+ Seiten) in Sekunden, erkennt Fristen, Losstruktur und K.-o.-Kriterien und verlinkt jede Fundstelle ins Originaldokument. Für IT-Systemhäuser wie Controlware bedeutet das: schnelleres Go/No-Go, weniger Personentage und belastbare Nachweise für Bieterfragen — ohne zusätzliche Köpfe.

Lassen Sie uns zu einem 15-minütigen digitalen Kaffeetrinken treffen? Ich zeige Ihnen, wie andere IT-Dienstleister konkrete Verfahren effizienter bearbeiten.

Beste Grüße"
"Guido V.","Guido","V.","Technical Proposal Manager","Darmstadt, Hesse, Germany","Controlware GmbH","controlware.de","https://www.linkedin.com/in/guido-v-a89180148/","A","https://oeffentlichevergabe.de/api/notices/5eb16115-28e0-4d2c-bf0d-bf75db9915f1?format=pdf","zuschlag_benannt","P1_zuschlag_24m","2026-07-27","2","2","BG-Phoenics GmbH;BWI GmbH;DEG Vergabestelle;Hessischer Rundfunk,  Anstalt des Öffentlichen Rechts, Vergabestelle;IT-Dienstleistungszentrum Berlin (AöR)","dovs",15,,"guido.vering@controlware.de","Sehr geehrter Herr V.,

bei der Vorbereitung habe ich keine verifizierbaren Neuigkeiten zu Controlware gefunden; das deutet darauf hin, dass Ihre Angebotsaktivitäten eher kontinuierlich und selten öffentlich hervorgehoben werden — typisch für große Systemhäuser mit laufenden Rahmenverträgen.

Als Technical Proposal Manager kennen Sie das Risiko formaler Fehler: EVB-IT-/UfAB-Fallen, Nachweispakete und verstreute Fristen kosten Personentage und können Angebote disqualifizieren. Wenn Kapazität der Engpass ist, bleibt oft nur selektives Mitbieten – und Chancen gehen verloren.

Patterno bündelt über 4.500 Vergabequellen, liest Vergabeunterlagen in Sekunden und markiert K.-o.-Kriterien sowie Eignungsanforderungen (BSI, ISO 27001, Präqualifikation) mit Referenz auf die Fundstelle. Für Controlware heißt das: schneller Go/No‑Go, weniger Personentage pro Sichtung und belastbare Nachweis-Pakete ohne ständige Neuaufbereitung.

Lassen Sie uns zu einem 15-minütigen digitalen Kaffeetrinken treffen? Ich zeige Ihnen, wie andere IT‑Systemhäuser ihre Bid‑Kapazität durch Automatisierung skaliert haben.

Beste Grüße","Sehr geehrter Herr V.,

Controlware zählt zu den etablierten Systemhäusern, die komplexe IT‑Infrastrukturen zuverlässig liefern — eine Struktur, in der präzise Angebotsprozesse den Unterschied machen. Ihr Titel als Technical Proposal Manager weist auf hohen Anspruch an Nachvollziehbarkeit und formale Korrektheit hin.

In Ausschreibungen verwandeln sich verstreute Fristen, EVB‑IT‑Formulierungen und Eignungsanforderungen schnell in versteckte Zeitfresser, die Kapazität binden und selektives Mitbieten erzwingen. Wiederkehrende Nachweispakete und Losstrukturen kosten zudem regelmäßig Personentage.

Patterno bündelt über 4.500 Vergabequellen, liefert täglich gefilterte Treffer nach CPV, Region und Auftragsgröße und liest Vergabeunterlagen (100+ Seiten) in ~30 Sekunden — inklusive automatischer Markierung von K.-o.-Kriterien, BSI/ISO‑Anforderungen und Verlinkung auf die Fundstellen. Für Controlware bedeutet das: belastbare Go/No‑Go‑Entscheidungen, weniger Sichtungsaufwand pro Verfahren und konsistente Nachweispakete ohne ständige Neuaufbereitung.

Lassen Sie uns zu einem 15‑minütigen digitalen Kaffeetrinken treffen? Ich zeige Ihnen kurz, wie andere IT‑Systemhäuser ihre Bid‑Kapazität durch Automatisierung skaliert haben.

Beste Grüße","Sehr geehrter Herr V.,

Haben Sie meine letzte Email erhalten? Bei der Vorbereitung habe ich keine verifizierbaren Neuigkeiten zu Controlware gefunden; das deutet darauf hin, dass Ihre Angebotsaktivitäten eher kontinuierlich und selten öffentlich hervorgehoben werden — typisch für große Systemhäuser mit laufenden Rahmenverträgen.

Als Technical Proposal Manager kennen Sie das Risiko formaler Fehler: EVB-IT-/UfAB-Fallen, verstreute Fristen und sich wiederholende Nachweispakete kosten Personentage und disqualifizieren Angebote. Wenn Kapazität der Engpass ist, bleibt oft nur selektives Mitbieten – und Chancen gehen verloren.

Patterno bündelt über 4.500 Vergabequellen, liest Vergabeunterlagen in Sekunden und markiert K.-o.-Kriterien sowie Eignungsanforderungen (BSI, ISO 27001, Präqualifikation) mit Verweis auf die Fundstelle. Für Controlware heißt das: schneller Go/No‑Go, deutlich weniger Personentage pro Sichtung und belastbare Nachweis‑Pakete ohne ständige Neuaufbereitung.

Lassen Sie uns zu einem 15‑minütigen digitalen Kaffeetrinken treffen? Ich zeige Ihnen, wie andere IT‑Systemhäuser ihre Bid‑Kapazität durch Automatisierung skaliert haben.

Beste Grüße"
"Vicky Nowina von Axt","Vicky","von Axt","Bid Manager","Munich, Bavaria, Germany","]init[ AG","init.de","https://www.linkedin.com/in/vicky-nowina-von-axt/","A","https://oeffentlichevergabe.de/api/notices/93102060-6583-4875-8cf8-0c7f2eaecdb8?format=pdf","zuschlag_erschlossen","P1C_alleinbieter","2026-05-03","0","0","Albtal-Verkehrs-Gesellschaft mbH;BARMER Beschaffung und Vergabe;BG-Phoenics GmbH;Land Hessen, vertreten durch die Hessische Zentrale für Datenverarbeitung;Rheinbahn AG","dovs",8,,"vicky.nowinavonaxt@init.de","Sehr geehrte Frau von Axt,

Glückwunsch zur Zusammenführung mit der HBSN Group und zur wiederholten Top‑Platzierung im BVDW‑Ranking — beides stärkt ]init[ deutlich im Bereich Digitalisierung für Verwaltung und Gesundheitswesen. Solche Konsolidierungen erhöhen die Angebotsfrequenz und damit den Druck auf Ihr Bid‑Team.

Als Bid Manager kennen Sie die typischen Fallen: verstreute Fristen auf Landes‑ und Kommunalportalen, EVB‑IT‑spezifische K.-o.-Kriterien und ständig neu zu bündelnde Nachweispakete. Das bindet Personentage und macht Wissen anfällig für Ausfälle.

Patterno bündelt über 4.500 Quellen, liefert eine tägliche, CPV‑gefilterte Trefferliste und liest Vergabeunterlagen (100+ Seiten) in ~30 Sekunden inkl. Fundstellenangaben und K.-o.-Kriterien. Damit lassen sich Go/No‑Go‑Entscheidungen in Minuten treffen und wiederkehrende Nachweispakete automatisieren — ohne zusätzliche Bid‑Kapazität einzustellen.

Lassen Sie uns zu einem 15‑minütigen digitalen Kaffeetrinken treffen? Ich zeige Ihnen in 30 Minuten, was Patterno in Ihrer letzten Ausschreibung findet.

Beste Grüße","Sehr geehrte Frau von Axt,

herzlichen Glückwunsch zur Zusammenführung mit der HBSN Group und zur wiederholten Top‑Platzierung im BVDW‑Ranking — beides stärkt ]init[ sichtbar im Bereich Digitalisierung für Verwaltung und Gesundheitswesen. Diese strategische Konsolidierung erhöht die Angebotsfrequenz und setzt das Bid‑Team stärker unter Termindruck.

Als Bid Manager kennen Sie die typischen Fallstricke: verstreute Fristen auf Landes‑ und Kommunalportalen, EVB‑IT‑spezifische K.-o.-Kriterien und immer wieder neu zu bündelnde Nachweispakete. Das bindet Personentage, macht Wissen anfällig für Ausfälle und verlangsamt Go/No‑Go‑Entscheidungen.

Patterno bündelt über 4.500 Quellen, liefert morgens eine CPV‑gefilterte Trefferliste und liest Vergabeunterlagen (100+ Seiten) in ~30 Sekunden inklusive Fristen, Losstruktur und K.-o.-Kriterien — jeder Befund mit Fundstellenangabe. Für ]init[ bedeutet das: schnelleres Aussortieren aussichtsloser Verfahren, konsistente Nachweispakete und mehr Kapazität für Kalkulation und Angebotsqualität, ohne zusätzliche Bid‑Mitarbeiter einzustellen.

Lassen Sie uns zu einem 15‑minütigen digitalen Kaffeetrinken treffen? Ich zeige Ihnen konkret, was Patterno in Ihrer letzten Ausschreibung findet.

Beste Grüße","Sehr geehrte Frau von Axt,

Haben Sie meine letzte E‑Mail erhalten? Glückwunsch zur Zusammenführung mit der HBSN Group und zur wiederholten Top‑Platzierung im BVDW‑Ranking — beides stärkt ]init[ deutlich im Bereich Digitalisierung für Verwaltung und Gesundheitswesen. Solche Konsolidierungen erhöhen die Angebotsfrequenz und damit den Druck auf Ihr Bid‑Team.

Als Bid Manager kennen Sie die typischen Fallen: verstreute Fristen auf Landes‑ und Kommunalportalen, EVB‑IT‑spezifische K.-o.-Kriterien und ständig neu zu bündelnde Nachweispakete. Das bindet Personentage, macht Wissen anfällig für Ausfälle und verschlechtert die Reaktionszeit bei passenden Verfahren.

Patterno bündelt über 4.500 Quellen, liefert eine tägliche, CPV‑gefilterte Trefferliste und liest Vergabeunterlagen (>100 Seiten) in ~30 Sekunden mit Fundstellenangaben und K.-o.-Kriterien. So lassen sich Go/No‑Go‑Entscheidungen in Minuten treffen und wiederkehrende Nachweispakete automatisieren — ohne zusätzliche Bid‑Kapazität.

Lassen Sie uns zu einem 15‑minütigen digitalen Kaffeetrinken treffen? Ich zeige Ihnen in 30 Minuten, was Patterno in Ihrer letzten Ausschreibung findet.

Beste Grüße"
"Franziska Eichfeld","Franziska","Eichfeld","Bid Manager","Leipzig, Saxony, Germany","]init[ AG","init.de","https://www.linkedin.com/in/franziska-eichfeld-042878241/","A","https://oeffentlichevergabe.de/api/notices/93102060-6583-4875-8cf8-0c7f2eaecdb8?format=pdf","zuschlag_erschlossen","P1C_alleinbieter","2026-05-03","0","0","Albtal-Verkehrs-Gesellschaft mbH;BARMER Beschaffung und Vergabe;BG-Phoenics GmbH;Land Hessen, vertreten durch die Hessische Zentrale für Datenverarbeitung;Rheinbahn AG","dovs",8,,"franziska.eichfeld@init.de","Sehr geehrte Frau Eichfeld,

Ich habe Ihr Profil als Bid Manager bei ]init[ AG gesehen; öffentliche Unternehmensnews lagen nicht vor, deshalb beziehe ich mich auf Ihre Rolle und die typische Vergabepraxis im IT‑Umfeld. Als Bid Manager koordinieren Sie vermutlich zahlreiche Portale, Fristen und Nachweisanforderungen — oft verteilt auf Landes‑ und Kommunalplattformen.

Typische Probleme, die wir bei IT‑Systemhäusern beobachten: Versteckte K.-o.-Kriterien (EVB‑IT, BSI, ISO), verstreute Fristen über 4.500 Quellen, und Nachweispakete, die bei jedem Verfahren neu zusammengestellt werden. Bid‑Kapazität ist knapp, Wissen sitzt an wenigen Personen — und jede Überlastung erhöht das Risiko von Ausschlüssen.

Patterno bündelt alle Portale in einem Posteingang, filtert Treffer nach CPV, Region und Wert und liest Vergabeunterlagen in Sekunden, inklusive K.-o.-Kriterien mit Fundstelle. So haben Sie in zwei Minuten ein belastbares Go/No‑Go und sparen Personentage für Kalkulation und Strategie.

Lassen Sie uns zu einem 15‑minütigen digitalen Kaffeetrinken treffen? Ich zeige Ihnen, wie andere IT‑Teams ihre Trefferquote erhöht haben.

Beste Grüße","Sehr geehrte Frau Eichfeld,

Ihr Engagement als Bid Manager bei ]init[ AG signalisiert klare Verantwortung für Angebotssichtung und Vergabestrategie. Obwohl öffentliche News zu ]init[ gerade nicht im Fokus standen, scheint Ihr Team kontinuierlich an operativen IT‑Projekten für Kommunen und Unternehmen zu arbeiten — ein Umfeld mit vielen verstreuten Vergabequellen.

Aus unserer Erfahrung entstehen bei IT‑Systemhäusern drei wiederkehrende Engpässe: verstreute Fristen über Landes‑ und Kommunalportale, versteckte K.-o.-Kriterien (EVB‑IT, BSI, ISO) und die ständige Neubündelung von Nachweispaketen. Diese Punkte kosten Bid‑Kapazität und erhöhen das Ausschlussrisiko.

Patterno bündelt über 4.500 Portale in einem Posteingang, liest Vergabeunterlagen in Sekunden und markiert K.-o.-Kriterien mit Fundstelle — Go/No‑Go in zwei Minuten statt Stunden. Für ]init[ heißt das: weniger Personentage für Sichtung, mehr Fokus auf Kalkulation und Strategie.

Hätten Sie 15 Minuten für ein digitales Kaffeetrinken, in dem ich Ihnen kurz zeige, wie andere IT‑Teams ihre Trefferquote gesteigert haben?

Beste Grüße","Sehr geehrte Frau Eichfeld,

Haben Sie meine letzte Email erhalten? Ich hoffe, der Alltag als Bid Manager bei init ist nicht zu sehr durch verstreute Portale und enge Fristen bestimmt.

Ich habe Ihr Profil als Bid Manager bei init AG gesehen; öffentliche Unternehmensnews lagen nicht vor, deshalb beziehe ich mich auf Ihre Rolle und die typische Vergabepraxis im IT‑Umfeld. Als Bid Manager koordinieren Sie vermutlich zahlreiche Portale, Fristen und Nachweisanforderungen — oft verteilt auf Landes‑ und Kommunalplattformen.

Typische Probleme bei IT‑Systemhäusern: versteckte K.-o.-Kriterien (EVB‑IT, BSI, ISO), verstreute Fristen über 4.500 Quellen und stets neu zu schnürende Nachweispakete. Bid‑Kapazität ist knapp, Wissen sitzt an wenigen Personen — jede Überlastung erhöht das Risiko kostspieliger Ausschlüsse.

Patterno bündelt alle Portale in einem Posteingang, filtert Treffer nach CPV, Region und Wert und liest Vergabeunterlagen in Sekunden inkl. K.-o.-Kriterien mit Fundstelle. So haben Sie in zwei Minuten ein belastbares Go/No‑Go und sparen Personentage für Kalkulation und Strategie.

Lassen Sie uns zu einem 15‑minütigen digitalen Kaffeetrinken treffen? Ich zeige Ihnen, wie andere IT‑Teams ihre Trefferquote erhöht haben.

Beste Grüße"
"Benjamin Becker","Benjamin","Becker","Bid Manager","Berlin Metropolitan Area, Germany","]init[ AG","init.de","https://www.linkedin.com/in/benjamin-becker-bb2a4581/","A","https://oeffentlichevergabe.de/api/notices/93102060-6583-4875-8cf8-0c7f2eaecdb8?format=pdf","zuschlag_erschlossen","P1C_alleinbieter","2026-05-03","0","0","Albtal-Verkehrs-Gesellschaft mbH;BARMER Beschaffung und Vergabe;BG-Phoenics GmbH;Land Hessen, vertreten durch die Hessische Zentrale für Datenverarbeitung;Rheinbahn AG","dovs",8,,"benjamin.becker@init.de","Sehr geehrter Herr Becker,

Glückwunsch zur Spitzenplatzierung im BVDW Internet Agency Ranking und zur Integration der HBSN Group — eine klare strategische Verstärkung Ihres Healthcare-Angebots bei ]init[. Solche Schritte erhöhen sicher auch die Anzahl relevanter Ausschreibungen, die Sie prüfen müssen.

Als Bid Manager kennen Sie die Praxis: verstreute Landesportale, EVB‑IT‑Fallen, fehlende Eignungsnachweise oder fachfremde Lose entscheiden binnen Minuten über Go oder No‑Go. Das bindet personelle Kapazität und macht die Skalierung Ihrer Vergabeaktivitäten teuer und fehleranfällig.

Patterno bündelt über 4.500 Quellen, liest Vergabeunterlagen (100+ Seiten) in ~30 Sekunden und liefert Go/No‑Go‑Entscheidungen mit unmittelbaren Fundstellen. Für IT‑Ausschreibungen erkennt die KI EVB‑IT‑Logiken, BSI/ISO‑Anforderungen und Losstrukturen — damit vermeiden Sie Ausschlussgründe und sparen Personentage bei der Zusammenstellung von Nachweispaketen.

Lassen Sie uns zu einem 15‑minütigen digitalen Kaffeetrinken treffen? Ich zeige Ihnen, wie andere IT‑Systemhäuser ihre Bid‑Kapazität ohne zusätzliches Personal skaliert haben.

Beste Grüße","Sehr geehrter Herr Becker,

Glückwunsch zu der erneuten Spitzenplatzierung im BVDW Internet Agency Ranking und zur Integration der HBSN Group — eine klare Verstärkung Ihres Healthcare‑Portfolios bei ]init[. Solche Schritte erhöhen vermutlich die Zahl relevanter Ausschreibungen, die Ihr Team prüfen muss.

Als Bid Manager wissen Sie: Verteilte Landesportale, EVB‑IT‑Spezifika oder versteckte Losstrukturen entscheiden oft binnen Minuten über Go/No‑Go und binden personelle Kapazität. Fehlende Eignungsnachweise oder fachfremde Lose führen regelmäßig zu Ausschlüssen oder unnötigem Aufwand.

Patterno bündelt über 4.500 Vergabequellen, liefert morgens eine auf CPV, Region und Auftragsgröße gefilterte Trefferliste und liest Vergabeunterlagen (>100 Seiten) in ~30 Sekunden. Die KI erkennt EVB‑IT‑Logiken, BSI/ISO‑Anforderungen und Losstrukturen; jeder Befund verlinkt auf die Originalstelle. So erhalten Sie belastbare Go/No‑Go‑Entscheidungen und sparen Personentage bei Nachweispaketen.

Lassen Sie uns zu einem 15‑minütigen digitalen Kaffeetrinken treffen? Ich zeige Ihnen, wie andere IT‑Bieter ihre Bid‑Kapazität ohne zusätzliches Personal skaliert haben.

Beste Grüße","Sehr geehrter Herr Becker,

Haben Sie meine letzte Email erhalten? Glückwunsch zur Spitzenplatzierung im BVDW Internet Agency Ranking und zur Integration der HBSN Group — eine klare strategische Verstärkung Ihres Healthcare‑Angebots bei ]init[. Solche Schritte erhöhen sicher auch die Anzahl relevanter Ausschreibungen, die Sie prüfen müssen.

Als Bid Manager kennen Sie die Praxis: verstreute Landesportale, EVB‑IT‑Fallen und fachfremde Lose entscheiden binnen Minuten über Go oder No‑Go. Das bindet Kapazität, erhöht Fehlerrisiken und macht die Skalierung Ihrer Vergabeaktivitäten teuer.

Patterno bündelt über 4.500 Quellen, filtert nach CPV, Region und Auftragsgröße, liest Vergabeunterlagen (100+ Seiten) in ~30 Sekunden und markiert K.-o.-Kriterien mit direkten Fundstellen. Für IT‑Ausschreibungen erkennt die KI EVB‑IT‑Logiken, BSI/ISO‑Anforderungen und Losstrukturen — so vermeiden Sie Ausschlussgründe und sparen Personentage bei Nachweispaketen.

Lassen Sie uns zu einem 15‑minütigen digitalen Kaffeetrinken treffen? Ich zeige Ihnen, wie andere IT‑Systemhäuser ihre Bid‑Kapazität ohne zusätzliches Personal skaliert haben.

Beste Grüße"
"Joana Oliveira","Joana","Oliveira","Tender Manager","Düsseldorf, North Rhine-Westphalia, Germany","SITS Deutschland GmbH","sits.com","https://www.linkedin.com/in/joana-oliveira-61b514216/","A","https://oeffentlichevergabe.de/api/notices/3b8208a7-2796-48ee-94a1-16ab3b2deb4e?format=pdf","zuschlag_erschlossen","P1C_alleinbieter","2026-07-16","0","0","Deutscher Akademischer Austauschdienst e. V.;Land Hessen, vertreten durch die Hessische Zentrale für Datenverarbeitung;Wismut GmbH","dovs",3,,"joana.oliveira@sits.com","Sehr geehrte Frau Oliveira,

Mir ist aufgefallen, dass SITS zuletzt mit dem CEO-Wechsel und der Einführung von „PAM as a Service“ seine Managed-Security-Palette ausgebaut hat – ein klarer Schritt Richtung skalierbarer, regulierungskonformer Dienstleistung.

Als Tender Manager kennen Sie die formalen Fallen bei EVB‑IT, BSI‑Nachweisen und Präqualifikationen: Ein übersehenes K.-o.-Kriterium oder verstreute Fristen auf Landes- und Kommunalportalen können eine Kalkulation sofort entwerten. Gleichzeitig wächst die Verfahrenszahl; qualifizierte Bid-Manager sind knapp und Wissen oft an Einzelpersonen gebunden.

Patterno bündelt über 4.500 Quellen, liest Vergabeunterlagen in Sekunden und markiert Eignungsanforderungen, Losstruktur und Nachweispflichten mit Fundstellen. Für IT‑Systemhäuser bedeutet das: Go/No‑Go-Entscheidungen in zwei Minuten, belastbare Nachweislisten für Bieterfragen und weniger Personentage für Sichtung und Vorbereitung.

Der ökonomische Hebel liegt in Kapazität: Automatisierung ersetzt nicht nur Aufwand, sie macht wiederholbare Bewerbungen machbar, ohne neue Köpfe einzustellen.

Lassen Sie uns zu einem 15-minütigen digitalen Kaffeetrinken treffen? Ich zeige Ihnen, wie andere IT-Teams schneller und sicherer bieten.

Beste Grüße","Sehr geehrte Frau Oliveira,

ich habe gesehen, dass SITS mit der Ernennung von Pascal Keller‑Bossart als CEO und der Einführung von „PAM as a Service“ die Managed‑Security‑Palette gezielt skaliert – ein klarer Schritt hin zu regulierungskonformen, betreuten IAM/PAM‑Services. Solche Wachstumsfelder erhöhen automatisch die Zahl relevanter Ausschreibungen und die Anforderungen an dokumentierte Nachweise.

Als Tender Manager kennen Sie die formalen Fallen: EVB‑IT‑Klauseln, BSI‑/ISO‑Nachweise und verstreute Fristen auf Landes‑ und Kommunalportalen entwerten Angebote, wenn sie zu spät oder unvollständig erkannt werden. Gleichzeitig bindet die manuelle Sichtung Kapazität, die für Kalkulation und Risikoabschätzung fehlt.

Patterno bündelt über 4.500 Vergabeportale, liest komplette Vergabeunterlagen in Sekunden und markiert Eignungsanforderungen, Losstruktur und K.-o.-Kriterien mit Verweis auf die Fundstelle. Für IT‑Teams bedeutet das: Go/No‑Go in zwei Minuten, belastbare Nachweispakete und weniger Personentage für Sichtung und Vorbereitung.

Lassen Sie uns zu einem 15‑minütigen digitalen Kaffeetrinken treffen? Ich zeige Ihnen, wie andere IT‑Teams schneller und sicherer bieten.

Beste Grüße","Sehr geehrte Frau Oliveira,

Haben Sie meine letzte E‑Mail erhalten? Mir ist aufgefallen, dass SITS zuletzt mit dem CEO‑Wechsel und der Einführung von „PAM as a Service“ seine Managed‑Security‑Palette ausgebaut hat – ein klarer Schritt Richtung skalierbarer, regulierungskonformer Dienstleistung.

Als Tender Manager kennen Sie die formalen Fallen bei EVB‑IT, BSI‑Nachweisen und Präqualifikationen: Ein übersehenes K.-o.-Kriterium oder verstreute Fristen auf Landes‑ und Kommunalportalen können eine Kalkulation sofort entwerten. Gleichzeitig wächst die Verfahrenszahl; qualifizierte Bid‑Manager sind knapp und Wissen oft an Einzelpersonen gebunden.

Patterno bündelt über 4.500 Quellen, liest Vergabeunterlagen in Sekunden und markiert Eignungsanforderungen, Losstruktur und Nachweispflichten mit Fundstellen. Für IT‑Systemhäuser bedeutet das: Go/No‑Go in zwei Minuten, belastbare Nachweislisten für Bieterfragen und deutlich weniger Personentage für Sichtung und Vorbereitung.

Der ökonomische Hebel liegt in Kapazität: Automatisierung macht wiederholbare Bewerbungen möglich, ohne neue Köpfe einzustellen. Lassen Sie uns zu einem 15‑minütigen digitalen Kaffeetrinken treffen? Ich zeige Ihnen, wie andere IT‑Teams schneller und sicherer bieten.

Beste Grüße"
"Carmen Steinkamp","Carmen","Steinkamp","Tender Manager","Germany, Germany","SITS Deutschland GmbH","sits.com","https://www.linkedin.com/in/carmen-steinkamp-ba86a314a/","A","https://oeffentlichevergabe.de/api/notices/3b8208a7-2796-48ee-94a1-16ab3b2deb4e?format=pdf","zuschlag_erschlossen","P1C_alleinbieter","2026-07-16","0","0","Deutscher Akademischer Austauschdienst e. V.;Land Hessen, vertreten durch die Hessische Zentrale für Datenverarbeitung;Wismut GmbH","dovs",3,,"carmen.steinkamp@sits.com","Sehr geehrte Frau Steinkamp,

Glückwunsch zur erneuten Auszeichnung als Top Consultant 2026 und zur ESET‑Platinpartnerschaft – eine starke Kombination aus Beratungsqualität und Sicherheitskompetenz, die bei Auftraggebern Vertrauen schafft. Für SITS als IT‑Systemhaus zahlt sich diese Positionierung besonders bei öffentlichen Ausschreibungen aus.

Als Tender Manager kennen Sie die Praxis: Kommunale IT‑Vergaben verteilen sich über Landesportale und lokale Plattformen, Bid‑Kapazität ist der begrenzende Faktor, und EVB‑IT/UfAB‑Fallen können eine ganze Kalkulation entwerten. Nachweispakete, fachfremde Lose und verstreute Fristen kosten Personentage und erhöhen das Risiko, dass kritische Anforderungen übersehen werden.

Patterno bündelt über 4.500 Quellen in einem Posteingang, die KI liest komplette Vergabeunterlagen in Sekunden und markiert K.o.‑Kriterien sowie Eignungsanforderungen mit direkter Fundstelle. Das Ergebnis: Go/No‑Go‑Entscheidungen in zwei Minuten und belastbare Befunde für Bieterfragen und Kalkulationen. Bringen Sie Ihre letzte Ausschreibung mit — in 30 Minuten sehen Sie, was Patterno darin findet.

Lassen Sie uns zu einem 15‑minütigen digitalen Kaffeetrinken treffen? Ich zeige Ihnen, wie andere IT‑Systemhäuser ihre Bid‑Kapazität skaliert haben.

Beste Grüße","Sehr geehrte Frau Steinkamp,

herzlichen Glückwunsch zur erneuten Auszeichnung als Top Consultant 2026 und zur ESET‑Platinpartnerschaft – eine Kombination aus Beratungsqualität und Security‑Kompetenz, die bei Auftraggebern Vertrauen schafft und Ihre Position bei Ausschreibungen stärkt. Solche Auszeichnungen zeigen, dass SITS Prozesse und Compliance ernst nimmt – ideal für anspruchsvolle Vergaben.

Als Tender Manager kennen Sie die Begriffe: verstreute Fristen über Landes‑ und Kommunalportale sowie wiederkehrende Nachweispakete binden Personentage und erhöhen das Risiko, formale K.o.-Kriterien zu übersehen. Fachfremde Lose und EVB‑IT‑Spezifika verkomplizieren zudem die Go/No‑Go‑Entscheidung.

Patterno bündelt über 4.500 Quellen in einem Posteingang und liest Vergabeunterlagen in Sekunden; die KI markiert K.o.-Kriterien, Eignungsanforderungen und verlinkt jede Fundstelle – belastbar für Bieterfragen und Kalkulation. Für IT‑Systemhäuser bedeutet das: frühere Sichtbarkeit, schnellere Entscheidungen und mehr Bid‑Kapazität ohne zusätzliche Köpfe.

Lassen Sie uns zu einem 15‑minütigen digitalen Kaffeetrinken treffen? Ich zeige Ihnen, wie andere IT‑Systemhäuser ihre Bid‑Kapazität skaliert haben.

Beste Grüße","Sehr geehrte Frau Steinkamp,

Haben Sie meine letzte Email erhalten? Glückwunsch zur erneuten Auszeichnung als Top Consultant 2026 und zur ESET‑Platinpartnerschaft – eine Kombination aus Beratungsqualität und Sicherheitskompetenz, die bei öffentlichen Auftraggebern Vertrauen schafft.

Als Tender Manager wissen Sie, wie fragmentiert kommunale IT‑Vergaben sind: Landesportale, lokale Plattformen, verstreute Fristen – und EVB‑IT/UfAB‑Fallen, die Kalkulationen entwerten. Nachweispakete, fachfremde Lose und verstreute Fristen kosten Personentage und erhöhen das Risiko, dass kritische Anforderungen übersehen werden.

Patterno bündelt über 4.500 Quellen in einem Posteingang, liest Vergabeunterlagen in Sekunden und markiert K.o.‑Kriterien sowie Eignungsanforderungen mit direkter Fundstelle. Ergebnis: Go/No‑Go‑Entscheidungen in zwei Minuten und belastbare Befunde für Bieterfragen und Kalkulationen. Für SITS, das häufig Rahmenvereinbarungen und Mehrlosverfahren bearbeitet, reduziert das personellen Aufwand und Formfehler.

Lassen Sie uns zu einem 15‑minütigen digitalen Kaffeetrinken treffen? Ich zeige Ihnen, wie andere IT‑Systemhäuser ihre Bid‑Kapazität skaliert haben.

Beste Grüße"
"Lone Axelsen","Lone","Axelsen","Senior Bid Manager","Steinfurt, North Rhine-Westphalia, Germany","Materna Information & Communications SE","materna.de","https://www.linkedin.com/in/lone-axelsen-72884714/","A","https://oeffentlichevergabe.de/api/notices/dd58905e-90f4-4a8e-9b5b-eaf0342b907b?format=pdf","zuschlag_benannt","P1_zuschlag_24m","2026-09-07","3","3","AOK - Die Gesundheitskasse für Niedersachsen;BITMARCK Holding GmbH;Bayerische Versorgungskammer;Berliner Wasserbetriebe;Beschaffungsamt des BMI","dovs",23,,"lone.axelsen@materna.de","Hallo Lone,

Ihre jüngsten Partnerschaften (deepset, ITZBund/NVIDIA) und das Programm ELEVATE zeigen, dass Materna auf souveräne KI-Lösungen für den öffentlichen Sektor setzt — eine klare strategische Fokussierung, die sich in Ausschreibungen und Rahmenverträgen niederschlägt.

Als Senior Bid Manager wissen Sie: Der Vergabemarkt ist fragmentiert und formal anspruchsvoll. EVB-IT-, BSI- und Präqualifikations‑Fallen entscheiden über Go/No‑Go; Submissionstermine und Bieterfragen laufen über Dutzende Portale. Das bindet Kapazität, erhöht Auschlussrisiken und macht Wissen anfällig bei Personalwechsel.

Patterno bündelt über 4.500 Quellen, filtert nach CPV, Region und Auftragswert und liest komplette Vergabeunterlagen in Sekunden — inklusive Erkennung von Losstruktur, K.-o.-Kriterien und Eignungsanforderungen mit direkter Fundstellenverlinkung. Für Materna bedeutet das: schnelle, belastbare Go/No‑Go‑Entscheidungen, weniger Personentage für Sichtung und geringeres Risiko durch übersehene formale Anforderungen.

Lassen Sie uns zu einem 15‑minütigen digitalen Kaffeetrinken treffen? Ich zeige Ihnen in 30 Minuten, was Patterno in Ihrer letzten Ausschreibung findet.

Beste Grüße","Sehr geehrte Frau Axelsen,

Ihre jüngsten Partnerschaften mit deepset sowie das Pilotprojekt mit ITZBund und NVIDIA — ergänzt durch das ELEVATE‑Programm — zeigen, dass Materna konsequent auf souveräne KI‑Lösungen für den öffentlichen Sektor setzt. Das strategische Gewicht, das Sie dem Thema KI geben, dürfte sich direkt in der Anzahl und Komplexität Ihrer Ausschreibungen widerspiegeln.

Als Senior Bid Manager kennen Sie die praktischen Fallen: EVB‑IT‑Logiken, BSI‑Nachweise und Präqualifikationsanforderungen entscheiden oft innerhalb weniger Dokumentseiten über Go/No‑Go. Das Bindeglied sind Kapazitäten: Zeit für Sichtung fehlt, Wissen sitzt oft nur bei Einzelpersonen.

Patterno bündelt über 4.500 Vergabeportale, liest Volltexte in Sekunden und markiert Losstruktur, K.-o.-Kriterien und Eignungsanforderungen mit Fundstellen‑Verlinkung. Für Materna heißt das: belastbare Go/No‑Go‑Entscheidungen, weniger Personentage für Sichtung und geringeres Risiko durch übersehene formale Anforderungen.

Lassen Sie uns zu einem 15‑minütigen digitalen Kaffeetrinken treffen? Ich zeige Ihnen in 30 Minuten, was Patterno in Ihrer letzten Ausschreibung findet.

Beste Grüße","Sehr geehrte Frau Axelsen,

Haben Sie meine letzte Email erhalten? Ihre jüngsten Partnerschaften (deepset, ITZBund/NVIDIA) und das Programm ELEVATE zeigen klar: Materna setzt auf souveräne KI-Lösungen für den öffentlichen Sektor — das schlägt sich in Ausschreibungen und Rahmenverträgen nieder.

Als Senior Bid Manager wissen Sie: Der Vergabemarkt ist fragmentiert und formal anspruchsvoll. EVB‑IT-, BSI‑ und Präqualifikations‑Fallen entscheiden über Go/No‑Go; Fristen und Bieterfragen laufen über Dutzende Portale. Das bindet Kapazität, erhöht Ausschlussrisiken und macht Wissen anfällig bei Personalwechsel.

Patterno bündelt über 4.500 Quellen, filtert nach CPV, Region und Auftragswert und liest komplette Vergabeunterlagen in Sekunden — inklusive Erkennung von Losstruktur, K.-o.-Kriterien und Eignungsanforderungen mit direkter Fundstellenverlinkung. Für Materna heißt das: belastbare Go/No‑Go‑Entscheidungen, deutlich weniger Personentage für Sichtung und geringeres Risiko durch übersehene formale Anforderungen.

Lassen Sie uns zu einem 15‑minütigen digitalen Kaffeetrinken treffen? Ich zeige Ihnen in 30 Minuten, was Patterno in Ihrer letzten Ausschreibung findet.

Beste Grüße"
"Nico Rybacki","Nico","Rybacki","Senior Bid Manager","Wittorf, Lower Saxony, Germany","Materna Information & Communications SE","materna.de","https://www.linkedin.com/in/nico-rybacki-84426b14b/","A","https://oeffentlichevergabe.de/api/notices/dd58905e-90f4-4a8e-9b5b-eaf0342b907b?format=pdf","zuschlag_benannt","P1_zuschlag_24m","2026-09-07","3","3","AOK - Die Gesundheitskasse für Niedersachsen;BITMARCK Holding GmbH;Bayerische Versorgungskammer;Berliner Wasserbetriebe;Beschaffungsamt des BMI","dovs",23,,"nico.rybacki@materna.group","Sehr geehrter Herr Rybacki,

Ihre Kooperation mit deepset zur Stärkung „made in Germany“ KI und die Übernahme von Virtual Solution AG zeigen klar: Materna setzt auf skalierbare, KI-gestützte Wachstumsstrategien und erweitert gleichzeitig seine Lösungsbreite. Dass Sie 13% organisches Wachstum melden, unterstreicht, wie wichtig wiederholbare, qualifizierte Angebotsprozesse für Ihr Geschäft sind.

Als Senior Bid Manager kennen Sie die typischen Fallen: verstreute Fristen auf Landes- und Kommunalportalen, EVB‑IT-Formalia und ständig neu zusammenzustellende Nachweispakete – Fehler, die Kalkulationen sofort entwerten. Bid‑Kapazität ist knapp, Wissen sitzt oft nur bei Einzelpersonen, und Mehrlos‑Vergaben verschleiern die tatsächliche Passung.

Patterno bündelt 4.500+ Quellen, liest Vergabeunterlagen in Sekunden und markiert K.-o.-Kriterien samt Fundstelle. Für ein IT-Systemhaus wie Materna bedeutet das: Go/No‑Go in zwei Minuten, belastbare Nachweislinks für Bieterfragen und deutlich mehr Bewerbungen ohne zusätzliches Personalaufbau.

Lassen Sie uns zu einem 15‑minütigen digitalen Kaffeetrinken treffen? Ich zeige Ihnen, wie andere IT‑Dienstleister ihre Trefferquote gesteigert haben.

Beste Grüße","Sehr geehrter Herr Rybacki,

Ihre jüngste Kooperation mit deepset und die Integration von Virtual Solution AG deuten darauf hin, dass Materna gezielt in skalierbare KI‑Kompetenz und Servicebreite investiert. Das ausgewiesene organische Wachstum von 13 % bestätigt, dass reproduzierbare Angebotsprozesse für Ihre Strategie zunehmend entscheidend sind.

Als Senior Bid Manager kennen Sie die operativen Engpässe: verstreute Fristen über Landes‑ und Kommunalportale sowie formale EVB‑IT‑Fallen, die eine Kalkulation sofort entwerten können. Hinzu kommt der Aufwand, für jedes Verfahren Nachweispakete und Zertifikate neu zusammenzustellen.

Patterno bündelt über 4.500 Vergabequellen, analysiert Vergabeunterlagen automatisiert in Sekunden und verlinkt jeden Befund mit der Originalstelle — sodass Go/No‑Go‑Entscheidungen in zwei Minuten möglich sind. Für Materna bedeutet das: klare Nachweislinks für Bieterfragen, weniger Zeitverlust durch Portal‑Sichtung und höhere Trefferquoten ohne zusätzlichen Personalaufbau.

Lassen Sie uns zu einem 15‑minütigen digitalen Kaffeetrinken treffen? Ich zeige Ihnen, wie andere IT‑Dienstleister mit Patterno ihre Effizienz und Angebotsqualität gesteigert haben.

Beste Grüße","Sehr geehrter Herr Rybacki,

Haben Sie meine letzte E‑Mail erhalten? Ihre Kooperation mit deepset zur Stärkung „made in Germany“ KI und die Übernahme von Virtual Solution AG zeigen: Materna setzt auf skalierbare, KI-gestützte Wachstumsstrategien und erweitert damit systematisch seine Leistungsbreite. Dass Sie 13% organisches Wachstum melden, unterstreicht, wie wichtig wiederholbare, qualifizierte Angebotsprozesse für Ihr Geschäft sind.

Als Senior Bid Manager kennen Sie die typischen Fallen: verstreute Fristen auf Landes- und Kommunalportalen, EVB‑IT‑Formalia und immer wieder neu zusammenzustellende Nachweispakete – Punkte, die Kalkulationen schnell entwerten und Kapazitäten binden. Patterno bündelt über 4.500 Quellen, liest Vergabeunterlagen in Sekunden und markiert K.-o.-Kriterien samt Fundstelle; das reduziert das Risiko übersehener Eignungsanforderungen und beschleunigt Go/No‑Go‑Entscheidungen.

Für Materna bedeutet das: weniger Stunden für Portalsichtung, belastbare Nachweislinks für Bieterfragen und mehr qualifizierte Bewerbungen ohne zusätzlichen Personalaufbau. Der Flaschenhals Bid‑Kapazität wird so zum steuerbaren Hebel.

Lassen Sie uns zu einem 15‑minütigen digitalen Kaffeetrinken treffen? Ich zeige Ihnen, wie andere IT‑Dienstleister ihre Trefferquote gesteigert haben.

Beste Grüße"
"Stephan Wengeler","Stephan","Wengeler","Bid Manager - Digital Transformation & Public","Castrop-Rauxel, North Rhine-Westphalia, Germany","Materna Information & Communications SE","materna.de","https://www.linkedin.com/in/stephan-wengeler-277093239/","A","https://oeffentlichevergabe.de/api/notices/dd58905e-90f4-4a8e-9b5b-eaf0342b907b?format=pdf","zuschlag_benannt","P1_zuschlag_24m","2026-09-07","3","3","AOK - Die Gesundheitskasse für Niedersachsen;BITMARCK Holding GmbH;Bayerische Versorgungskammer;Berliner Wasserbetriebe;Beschaffungsamt des BMI","dovs",23,,"stephan.wengeler@materna.group","Sehr geehrter Herr Wengeler,

Materna treibt die KI-Strategie konsequent voran – Partnerschaft mit Aleph Alpha, das „elevate“-Programm und jüngste Auszeichnungen als AI-Top-Performer zeigen, dass Sie Digitale Verwaltung und Skalierung priorisieren. Klarer Fokus, klare Investitionen.

Als Bid Manager kennen Sie die operativen Fallen: fragmentierte Landes- und Kommunalportale, EVB-IT-/UfAB‑Fallen und ständige Nachweispakete binden Personentage. Bid-Kapazität ist knapp; Wissen sitzt oft in Einzelköpfen – ein Risiko bei wachsender Verfahrenszahl.

Patterno bündelt über 4.500 Quellen in einem Posteingang, filtert nach CPV, Region und Auftragsgröße und liest Vergabeunterlagen (100+ Seiten) in ~30 Sekunden. Die KI erkennt K.-o.-Kriterien, Eignungsanforderungen (BSI, ISO 27001 etc.) und verlinkt jede Fundstelle. Ergebnis: Go/No-Go in zwei Minuten und belastbare Befunde für Bieterfragen und Kalkulation.

Für Materna heißt das: weniger Screening-Aufwand, konsistente Nachweispakete, höhere Angebotsfrequenz ohne zusätzliche Köpfe. 

Lassen Sie uns zu einem 15-minütigen digitalen Kaffeetrinken treffen? Ich zeige Ihnen, wie andere IT‑Dienstleister ihre Bid-Kapazität skaliert haben.

Beste Grüße","Sehr geehrter Herr Wengeler,

Ihre Partnerschaft mit Aleph Alpha, das „elevate“-Programm und die Auszeichnungen als AI‑Top‑Performer zeigen klar: Materna setzt konsequent auf KI‑gestützte Lösungen für die digitale Verwaltung und skaliert gezielt Plattformkomponenten. Das ist eine strategische Ausrichtung, die Prozesseffizienz und Nachweisführung priorisiert.

Als Bid Manager wissen Sie: Fragmentierte Landes‑ und Kommunalportale, EVB‑IT‑/UfAB‑Spezifika und wiederkehrende Nachweispakete binden erhebliche Personentage und erhöhen das Risiko von verpassten Ausschlüssen. Wissen, das an Einzelpersonen hängt, macht Angebote verletzlich bei steigender Verfahrenszahl.

Patterno bündelt über 4.500 Vergabequellen in einem Posteingang, filtert nach CPV, Region und Volumen und analysiert Vergabeunterlagen (100+ Seiten) in ~30 Sekunden mit Verlinkung auf jede Fundstelle. Ergebnis: Go/No‑Go‑Entscheidungen in zwei Minuten, konsistente Nachweispakete und höhere Angebotsfrequenz ohne zusätzliche Köpfe.

Für Materna bedeutet das weniger Screening‑Aufwand, belastbare Befunde für Bieterfragen und mehr Kapazität für Preisstrategie und Qualitätsprüfung.

Lassen Sie uns zu einem 15‑minütigen digitalen Kaffeetrinken treffen? Ich zeige Ihnen kurz, wie andere IT‑Dienstleister ihre Bid‑Kapazität skaliert haben.

Beste Grüße","Sehr geehrter Herr Wengeler,

Haben Sie meine letzte E-Mail erhalten? Materna treibt die KI‑Strategie konsequent voran – Partnerschaft mit Aleph Alpha, das „elevate“-Programm und Auszeichnungen als AI‑Top‑Performer zeigen, dass Sie digitale Verwaltung und Skalierung priorisieren. Klarer Fokus, klare Investitionen.

Als Bid Manager kennen Sie die operativen Fallen: fragmentierte Landes‑ und Kommunalportale, EVB‑IT/UfAB‑Fallen und ständige Nachweispakete binden Personentage. Bid‑Kapazität ist knapp; Wissen sitzt oft in Einzelköpfen – ein Risiko bei wachsender Verfahrenszahl.

Patterno bündelt über 4.500 Quellen in einem Posteingang, filtert nach CPV, Region und Auftragsgröße und liest Vergabeunterlagen (100+ Seiten) in ~30 Sekunden. Die KI erkennt K.-o.-Kriterien, Eignungsanforderungen (BSI, ISO 27001 etc.) und verlinkt jede Fundstelle. Ergebnis: Go/No‑Go in zwei Minuten und belastbare Befunde für Bieterfragen und Kalkulation.

Für Materna heißt das: weniger Screening‑Aufwand, konsistente Nachweispakete, höhere Angebotsfrequenz ohne zusätzliche Köpfe. Lassen Sie uns zu einem 15‑minütigen digitalen Kaffeetrinken treffen? Ich zeige Ihnen, wie andere IT‑Dienstleister ihre Bid‑Kapazität skaliert haben.

Beste Grüße"
"Tobias Sonnen","Tobias","Sonnen","Bid Manager","Dormagen, Nordrhein-Westfalen, Deutschland","netgo Ost GmbH","netgo.de","https://www.linkedin.com/in/tobias-sonnen-55b010163/","A","https://oeffentlichevergabe.de/api/notices/8ddbcc9d-b317-459f-90fb-9c6eefc51bc2?format=pdf","zuschlag_erschlossen","P1C_alleinbieter","2026-09-22","0","0","Berliner Verkehrsbetriebe, Bereich Einkauf/ Materialwirtschaft;Bundesdruckerei Gruppe GmbH;Deutscher Bundestag, Referat ZR 3, Vergaben;Land Baden-Württemberg vertreten durch die IT Baden-Württemberg;Max-Planck-Gesellschaft z.F.d.W. Generalverwaltung;","dovs",10,,"tsonnen@netgo.de","Sehr geehrter Herr Sonnen,

Ich habe mir netgo Ost GmbH und netgo.de angesehen; öffentlich zugängliche Neuigkeiten waren in diesem Durchlauf nicht auffindbar, daher konzentriere ich mich auf Ihre Rolle als Bid Manager und die üblichen Herausforderungen bei IT‑Vergaben.

Aus meiner Erfahrung stehen Bid‑Teams bei Systemhäusern wie Ihrem vor denselben Risiken: verstreute Fristen über Landes‑ und Kommunalportale, formale Fallen durch EVB‑IT/UfAB und aufwändige Nachweispakete, die beim Querlesen leicht übersehen werden. Das bindet Personentage und macht Angebotsteams abhängig von Einzelpersonen.

Patterno bündelt über 4.500 Quellen in einem Posteingang, filtert Treffer nach CPV, Region und Auftragswert und liest Vergabeunterlagen in Sekunden — inklusive Erkennung von K.-o.-Kriterien, Eignungsnachweisen und Losstruktur, jeweils mit verlinkter Fundstelle. Für ein IT‑Systemhaus bedeutet das: Go/No‑Go binnen zwei Minuten, weniger unnötige Angebote und mehr Kapazität für Kalkulation und Preisstrategie.

Lassen Sie uns zu einem 15‑minütigen digitalen Kaffeetrinken treffen? Ich zeige, wie andere IT‑Teams ihre Bid‑Effizienz gesteigert haben.

Beste Grüße","Sehr geehrter Herr Sonnen,

als Bid Manager bei netgo Ost GmbH koordinieren Sie sicherlich wiederkehrende IT‑Ausschreibungen über Rahmenverträge und Mehrlos‑Vergaben. Ihre Rolle verlangt schnelle Go/No‑Go‑Entscheidungen sowie belastbare Nachweispakete gegenüber Auftraggebern.

Bid‑Teams in Systemhäusern erleben häufig dieselben Engpässe: verstreute Fristen über Landes‑ und Kommunalportale, formale Fallen durch EVB‑IT/UfAB und aufwändige Eignungsnachweise, die beim Querlesen übersehen werden. Das bindet Personentage und macht Angebotsqualität und Preisstrategie anfällig für Kapazitätsengpässe.

Patterno bündelt über 4.500 Vergabeportale in einem Posteingang, filtert Treffer nach CPV, Region und Auftragswert und liest Vergabeunterlagen in Sekunden — mit automatischer Erkennung von Fristen, Losstruktur, K.-o.-Kriterien und verlinkten Fundstellen. Für ein IT‑Systemhaus heißt das: Go/No‑Go binnen zwei Minuten, weniger unnötige Angebote und mehr Kapazität für Kalkulation und strategische Angebotsgestaltung.

Lassen Sie uns zu einem 15‑minütigen digitalen Kaffeetrinken treffen? Ich zeige Ihnen, wie andere IT‑Teams ihre Bid‑Effizienz gesteigert haben.

Beste Grüße","Sehr geehrter Herr Sonnen,

Haben Sie meine letzte E‑Mail erhalten? Kurzes Follow‑up, da mir Ihre Rolle als Bid Manager wichtig erscheint.

Ich habe mir netgo Ost GmbH und netgo.de angesehen; öffentlich zugängliche Neuigkeiten waren in diesem Durchlauf nicht auffindbar, daher konzentriere ich mich auf Ihre Rolle als Bid Manager und die üblichen Herausforderungen bei IT‑Vergaben.

Aus meiner Erfahrung stehen Bid‑Teams bei Systemhäusern wie Ihrem vor denselben Risiken: verstreute Fristen über Landes‑ und Kommunalportale, formale Fallen durch EVB‑IT/UfAB und aufwändige Nachweispakete, die beim Querlesen leicht übersehen werden. Das bindet Personentage und macht Angebotsteams abhängig von Einzelpersonen.

Patterno bündelt über 4.500 Quellen in einem Posteingang, filtert Treffer nach CPV, Region und Auftragswert und liest Vergabeunterlagen in Sekunden — inklusive Erkennung von K.-o.-Kriterien, Eignungsnachweisen und Losstruktur, jeweils mit verlinkter Fundstelle. Für ein IT‑Systemhaus heißt das: Go/No‑Go binnen zwei Minuten, weniger unnötige Angebote und mehr Kapazität für Kalkulation und Preisstrategie.

Lassen Sie uns zu einem 15‑minütigen digitalen Kaffeetrinken treffen? Ich zeige, wie andere IT‑Teams ihre Bid‑Effizienz gesteigert haben.

Beste Grüße"
"Oguz Isik","Oguz","Isik","Bid manager","Kamen, Nordrhein-Westfalen, Deutschland","netgo Ost GmbH","netgo.de","https://www.linkedin.com/in/oguz-isik-085532b5/","A","https://oeffentlichevergabe.de/api/notices/8ddbcc9d-b317-459f-90fb-9c6eefc51bc2?format=pdf","zuschlag_erschlossen","P1C_alleinbieter","2026-09-22","0","0","Berliner Verkehrsbetriebe, Bereich Einkauf/ Materialwirtschaft;Bundesdruckerei Gruppe GmbH;Deutscher Bundestag, Referat ZR 3, Vergaben;Land Baden-Württemberg vertreten durch die IT Baden-Württemberg;Max-Planck-Gesellschaft z.F.d.W. Generalverwaltung;","dovs",10,,"oisik@netgo.de","Sehr geehrter Herr Isik,

herzlichen Glückwunsch zur Auszeichnung beim Service Provider Summit 2026 — Gold und Silber sprechen klar für hohe Servicequalität bei netgo Ost GmbH. Besonders als Teil der netgo group dürfte diese Rückmeldung von Kunden Ihr Team bestärken, weiter in operative Exzellenz zu investieren.

Als Bid Manager kennen Sie die tückischen Fallen in EVB‑IT- und UfAB‑Unterlagen: fehlende Nachweise, Nachunternehmerverbote oder versteckte Losstrukturen, die eine Kalkulation sofort entwerten. Gleichzeitig bindet die tägliche Sichtung diverser Landes‑ und Kommunalportale erhebliche Personentage und macht Ihre Kapazität zum Flaschenhals.

Patterno bündelt über 4.500 Quellen, liest Vergabeunterlagen in Sekunden und liefert Go/No‑Go‑Entscheidungen samt Fundstellen — reduziert Wiederholungsaufwand und schützt vor formalen Ausschlüssen. Für IT‑Systemhäuser wie netgo heißt das: mehr passende Teilnahmen bei gleicher Teamstärke und geringeres Risiko durch übersehene Eignungskriterien.

Lassen Sie uns zu einem 15‑minütigen digitalen Kaffeetrinken treffen? Ich zeige Ihnen, wie andere IT‑Teams damit ihre Bid‑Kapazität vervielfacht haben.

Beste Grüße","Sehr geehrter Herr Isik,

herzlichen Glückwunsch zur Auszeichnung beim Service Provider Summit 2026 — Gold und Silber zeigen deutlich, dass netgo Ost GmbH von Kundenseite für herausragende Servicequalität wahrgenommen wird. Solche Rückmeldungen sind ein starker Hebel für die operative Ausrichtung auf Konformität und Verlässlichkeit.

Als Bid Manager wissen Sie um die formalen Fallen in EVB‑IT‑ und UfAB‑Unterlagen: fehlende Eignungsnachweise, Nachunternehmerregelungen oder versteckte Losstrukturen können eine otherwise plausible Kalkulation sofort disqualifizieren. Gleichzeitig binden die tägliche Sichtung verstreuter Landes‑ und Kommunalportale erhebliche Personentage und macht Ihre Kapazität zum Engpass.

Patterno bündelt über 4.500 Quellen, bewertet jede Ausschreibung per qualifizierter KI gegen Ihr Profil und liest komplette Vergabeunterlagen in Sekunden — inklusive automatischer Erkennung von Fristen, Losstruktur und K.-o.-Kriterien mit direktem Fundstellenverweis. Für IT‑Systemhäuser bedeutet das: Go/No‑Go‑Entscheidungen in Minuten, weniger formale Ausschlüsse und deutlich mehr passende Teilnahmen bei gleicher Teamgröße.

Lassen Sie uns zu einem 15‑minütigen digitalen Kaffeetrinken treffen? Ich zeige Ihnen, wie andere IT‑Teams ihre Bid‑Kapazität vervielfacht haben.

Beste Grüße","Sehr geehrter Herr Isik,

Haben Sie meine letzte E-Mail erhalten? Herzlichen Glückwunsch zur Auszeichnung beim Service Provider Summit 2026 — Gold und Silber sprechen klar für hohe Servicequalität bei netgo Ost GmbH und sind ein starkes Signal für operative Exzellenz in Ihrer Gruppe.

Als Bid Manager kennen Sie die tückischen Fallen in EVB‑IT- und UfAB‑Unterlagen: fehlende Nachweise, Nachunternehmerverbote oder versteckte Losstrukturen, die eine Kalkulation sofort entwerten. Gleichzeitig bindet die tägliche Sichtung zahlreicher Landes‑ und Kommunalportale erhebliche Personentage und macht Ihre Kapazität zum Flaschenhals.

Patterno bündelt über 4.500 Quellen, liest Vergabeunterlagen in Sekunden und liefert belastbare Go/No‑Go‑Entscheidungen samt Fundstellen. Für IT‑Systemhäuser wie netgo heißt das: mehr passende Teilnahmen bei gleicher Teamstärke, weniger Risiko durch übersehene Eignungskriterien und klar dokumentierte Nachweise für Bieterfragen.

Lassen Sie uns zu einem 15‑minütigen digitalen Kaffeetrinken treffen? Ich zeige Ihnen, wie andere IT‑Teams damit ihre Bid‑Kapazität vervielfacht haben.

Beste Grüße"
"Jens Reelsen","Jens","Reelsen","Bid Manager","Düsseldorf, North Rhine-Westphalia, Germany","netgo Ost GmbH","netgo.de","https://www.linkedin.com/in/jens-reelsen-701722126/","A","https://oeffentlichevergabe.de/api/notices/8ddbcc9d-b317-459f-90fb-9c6eefc51bc2?format=pdf","zuschlag_erschlossen","P1C_alleinbieter","2026-09-22","0","0","Berliner Verkehrsbetriebe, Bereich Einkauf/ Materialwirtschaft;Bundesdruckerei Gruppe GmbH;Deutscher Bundestag, Referat ZR 3, Vergaben;Land Baden-Württemberg vertreten durch die IT Baden-Württemberg;Max-Planck-Gesellschaft z.F.d.W. Generalverwaltung;","dovs",10,,"jens.reelsen@netgo.de","Sehr geehrter Herr Reelsen,

Für netgo Ost GmbH habe ich keine aktuellen Presse‑Meldungen gefunden; dennoch wirkt Ihr Fokus als Bid Manager für netgo.de nachvollziehbar operativ stark auf Vergabe‑ und Rahmenvertragsprozesse ausgerichtet. Gerade bei regionalen Landesportalen und kommunalen Plattformen entstehen viele relevante IT‑Chancen, die oft unterschwellig verstreut sind.

Aus Erfahrung sitzt der Schmerz im Bid‑Team: verstreute Fristen, wiederkehrende Nachweispakete (BSI, ISO, Präqualifikation) und fachfremde Lose kosten zahlreiche Personentage – genau die Aufgaben, die bei knappem Bid‑Personal leicht übersehen werden und Angebote entwerten.

Patterno bündelt über 4.500 Quellen, liest Vergabeunterlagen in ~30 Sekunden und liefert Go/No‑Go‑Entscheidungen samt Fundstellen. Für ein IT‑Systemhaus wie Ihres heißt das: frühere Treffer, weniger Querlauf und mehr Kapazität für Kalkulation und Preisstrategie statt Portalrecherche.

Lassen Sie uns zu einem 15‑minütigen digitalen Kaffeetrinken treffen? Ich zeige Ihnen, wie andere IT‑Dienstleister ihre Trefferquote bei kommunalen Vergaben erhöht haben.

Beste Grüße","Sehr geehrter Herr Reelsen,

als Bid Manager bei netgo Ost GmbH fällt Ihre Verantwortung für Rahmenverträge und regionale Vergaben sicher regelmäßig ins Gewicht – besonders bei kommunalen Ausschreibungen, die oft auf Landes‑ und Kreisportalen verteilt sind. Ihr Fokus auf verlässliche Prozesse passt gut zu dem, was wir bei Patterno sehen: IT‑Chancen sind zahlreich, aber verstreut.

Typische Herausforderungen im Bid‑Team sind bekannt: verstreute Fristen und wiederkehrende Nachweispakete (BSI, ISO, Präqualifikation) binden Kapazität, und Losstrukturen mischen fachfremde Gewerke, sodass passende Lose erst im Dokument sichtbar werden. Das kostet Zeit und erhöht Auschlussrisiken.

Patterno bündelt über 4.500 Quellen, liefert täglich gefilterte Treffer nach CPV, Region und Auftragswert und liest Vergabeunterlagen in rund 30 Sekunden – inklusive Erkennung von Fristen, Losstruktur und K.-o.-Kriterien. Für ein IT‑Systemhaus wie Ihres heißt das: weniger Portalrecherche, schnellere Go/No‑Go‑Entscheidungen und mehr Kapazität für Kalkulation und Preisstrategie.

Lassen Sie uns zu einem 15‑minütigen digitalen Kaffeetrinken treffen? Ich zeige Ihnen, wie andere IT‑Dienstleister ihre Trefferquote gesteigert haben.

Beste Grüße","Sehr geehrter Herr Reelsen,

Haben Sie meine letzte Email erhalten? Als Bid Manager bei netgo fällt Ihr Fokus wohl stark auf Vergabe‑ und Rahmenvertragsprozesse — gerade regionale Landes‑ und Kommunalportale bergen viele verstreute IT‑Chancen, die leicht untergehen.

Aus Erfahrung liegt der Schmerz im Bid‑Team: verstreute Fristen, wiederkehrende Nachweispakete (BSI, ISO, Präqualifikation) und fachfremde Lose kosten zahlreiche Personentage und führen dazu, dass passende Angebote zu spät oder unvollständig bewertet werden.

Patterno bündelt über 4.500 Quellen, liest Vergabeunterlagen in rund 30 Sekunden und liefert belastbare Go/No‑Go‑Entscheidungen mit Fundstellen. Für ein IT‑Systemhaus wie netgo heißt das: früher informieren, weniger Querlauf und mehr Kapazität für Kalkulation und Preisstrategie statt Portalrecherche.

Der Markt ist fragmentiert und die Bid‑Kapazität oft der Flaschenhals — EVB‑IT, BSI‑Anforderungen und Präqualifikationen sind formale Fallen, die Automatisierung eliminiert. Bringen Sie Ihre letzte Ausschreibung mit — in 30 Minuten sehen Sie, was Patterno findet.

Lassen Sie uns zu einem 15‑minütigen digitalen Kaffeetrinken treffen? Ich zeige Ihnen, wie andere IT‑Dienstleister ihre Trefferquote bei kommunalen Vergaben erhöht haben.

Beste Grüße"
"Melike Bouguern","Melike","Bouguern","Bid Manager","Greater Bremen Area, Germany","Nortal AG","nortal.com","https://www.linkedin.com/in/melike-bouguern-b330b1189/","A","https://oeffentlichevergabe.de/api/notices/2978fb1d-4725-44fa-90b4-365da5ab9485?format=pdf","zuschlag_erschlossen","P1C_alleinbieter","2026-08-28","0","0","Komm.ONE AöR;Lecos GmbH - Ausschreibungsstelle;Staatsbetrieb Sächsische Informatik Dienste;Sächsisches Staatsministerium für Infrastruktur und Landesentwicklung (SMIL);Sächsisches Staatsministerium für Regionalentwicklung","dovs",5,,"melike.bouguern@nortal.com","Sehr geehrte Frau Bouguern,

Herzlichen Glückwunsch zur Akquisition des iSAX‑IoT‑Geschäfts — ein klarer Schritt, Nortals Industrial‑IoT‑Kompetenzen in Deutschland zu vertiefen. Als Bid Manager bei Nortal ist Ihnen sicher bewusst, dass solche strategischen Erweiterungen oft zu mehr Vergabechancen führen — gleichzeitig aber die Komplexität der Angebotsprüfung steigt.

Genau hier liegen die typischen Stolperfallen: EVB‑IT‑Anhänge, BSI‑Anforderungen oder Präqualifikationen können Kalkulationen entwerten, Sammelvergaben vermischen Fachlose, und Fristen stehen über verstreuten Landes‑ und Kommunalportalen. Bid‑Kapazität ist knapp; Wissen hängt häufig an Einzelpersonen — ein Risiko bei Wachstum und Personalwechsel.

Patterno bündelt über 4.500 Quellen, liest komplette Vergabeunterlagen in Sekunden und markiert K.-o.-Kriterien samt Fundstelle. Für IT‑Systemhäuser bedeutet das: Go/No‑Go in zwei Minuten, belastbare Nachweislisten und weniger Personentage pro Sichtung — besonders relevant, wenn Sie jetzt IoT‑Angebote häufiger anstoßen.

Lassen Sie uns zu einem 15‑minütigen digitalen Kaffeetrinken treffen? Ich zeige Ihnen, wie andere Teams ihre Bid‑Kapazität skaliert haben.

Beste Grüße","Sehr geehrte Frau Bouguern,

herzlichen Glückwunsch zur Übernahme des iSAX‑IoT‑Geschäfts — ein klarer Schritt, Nortals Industrial‑IoT‑Kompetenzen in Deutschland auszubauen. Als Bid Manager wissen Sie vermutlich, dass solche strategischen Erweiterungen neue Vergabefenster öffnen und zugleich die Komplexität der Angebotsprüfung deutlich erhöht.

Typische Stolperfallen sind in solchen Fällen EVB‑IT‑Anhänge, formale BSI‑/ISO‑Anforderungen oder Mehrlos‑Vergaben, die beim Querlesen leicht übersehen werden und eine Kalkulation entwerten können. Außerdem bindet die Portalsichtung auf Landes‑ und Kommunalebene Kapazitäten, die für Strategie und Kalkulation fehlen.

Patterno bündelt über 4.500 Vergabequellen und liest komplette Vergabeunterlagen in Sekunden: Go/No‑Go‑Entscheidung in zwei Minuten, K.-o.-Kriterien mit exakter Fundstelle und automatisierte Nachweislisten. Für ein wachsendes IoT‑Portfolie heißt das weniger Personentage pro Sichtung, belastbare Eignungsprüfungen und höhere Trefferquote bei relevanten IT‑/IoT‑Losgrößen.

Lassen Sie uns zu einem 15‑minütigen digitalen Kaffeetrinken treffen? Ich zeige Ihnen, wie andere Bid‑Teams ihre Kapazität skaliert haben.

Beste Grüße","Sehr geehrte Frau Bouguern,

Haben Sie meine letzte E‑Mail erhalten? Herzlichen Glückwunsch zur Akquisition des iSAX‑IoT‑Geschäfts — ein klarer Schritt, Nortals Industrial‑IoT‑Kompetenzen in Deutschland zu vertiefen. Als Bid Manager bei Nortal ist Ihnen sicher bewusst, dass solche strategischen Erweiterungen oft zu mehr Vergabechancen führen — gleichzeitig aber die Komplexität der Angebotsprüfung steigt.

Genau hier liegen die typischen Stolperfallen: EVB‑IT‑Anhänge, BSI‑Anforderungen oder Präqualifikationen können Kalkulationen entwerten, Sammelvergaben vermischen Fachlose, und Fristen stehen über verstreuten Landes‑ und Kommunalportalen. Bid‑Kapazität ist knapp; Wissen hängt häufig an Einzelpersonen — ein Risiko bei Wachstum und Personalwechsel.

Patterno bündelt über 4.500 Quellen, liest komplette Vergabeunterlagen in Sekunden und markiert K.-o.-Kriterien samt Fundstelle. Für IT‑Systemhäuser bedeutet das: Go/No‑Go in zwei Minuten, belastbare Nachweislisten und deutlich weniger Personentage pro Sichtung — besonders relevant, wenn Sie jetzt IoT‑Angebote häufiger anstoßen.

Lassen Sie uns zu einem 15‑minütigen digitalen Kaffeetrinken treffen? Ich zeige Ihnen, wie andere Teams ihre Bid‑Kapazität skaliert haben.

Beste Grüße"
"Frank Adrian","Frank","Adrian","Senior Bid Manager","Osloß, Lower Saxony, Germany","Nortal AG","nortal.com","https://www.linkedin.com/in/frank-adrian-b98086124/","A","https://oeffentlichevergabe.de/api/notices/2978fb1d-4725-44fa-90b4-365da5ab9485?format=pdf","zuschlag_erschlossen","P1C_alleinbieter","2026-08-28","0","0","Komm.ONE AöR;Lecos GmbH - Ausschreibungsstelle;Staatsbetrieb Sächsische Informatik Dienste;Sächsisches Staatsministerium für Infrastruktur und Landesentwicklung (SMIL);Sächsisches Staatsministerium für Regionalentwicklung","dovs",5,,"frank.adrian@nortal.com","Sehr geehrter Herr Adrian,

Ich habe Ihre Case Studies auf nortal.com gesehen — besonders die Atlassian-Cloud-Migration für Rapunzel und die Dynamics-365-Billing-Lösung. Dass Nortal gleichzeitig Edge‑Datenplattformen für Stora Enso baut, spricht für Ihre Fokussierung auf skalierbare, operative Plattformen und straffe Projektprozesse.

Als Senior Bid Manager kennen Sie die täglichen Fallstricke: verstreute Landes‑ und Kommunalportale, EVB‑IT‑/UfAB‑Fallen und Nachweispakete, die jede Kalkulation entwerten können. Bid‑Kapazität ist knapp, Wissen hängt an Einzelpersonen und Lose sind oft fachfremd geschnürt — das bremst Geschwindigkeit und Quote.

Patterno bündelt über 4.500 Quellen, liest Vergabeunterlagen volltextlich in ~30 Sekunden und markiert K.-o.-Kriterien, Fristen und Eignungsnachweise mit direktem Quellenlink. Für ein IT‑Systemhaus wie Nortal heißt das: Go/No‑Go in zwei Minuten, belastbare Fundstellen für Bieterfragen und deutlich mehr saubere Angebote bei gleicher Personaldecke.

Lassen Sie uns zu einem 15‑minütigen digitalen Kaffeetrinken treffen? Ich zeige Ihnen, wie andere IT‑Anbieter ihre Trefferquote gesteigert haben.

Beste Grüße","Sehr geehrter Herr Adrian,

ich habe Ihre Case Studies auf nortal.com gelesen — besonders die Atlassian‑Cloud‑Migration für Rapunzel und die Dynamics‑365‑Billing‑Lösung. Die Edge‑Datenplattform für Stora Enso bestätigt Ihren Fokus auf skalierbare, operative Plattformen und stringente Projektprozesse.

Als Senior Bid Manager treffen Sie regelmäßig auf fragmentierte Quellen, EVB‑IT/UfAB‑Fallen und wechselnde Nachweispakete, die Kalkulationen entwerten und Entscheidungszyklen verlängern. Wissen sitzt oft an Einzelpersonen, was bei hoher Verfahrensfrequenz zum Risiko wird.

Patterno bündelt über 4.500 Vergabeportale, filtert Treffer nach CPV, Region und Auftragsgröße und liest Vergabeunterlagen volltextlich in rund 30 Sekunden. Ergebnis: Go/No‑Go‑Entscheidungen in Minuten, jede Auffälligkeit mit verlinkter Fundstelle — belastbar für Bieterfragen, Kalkulation und Nachträge.

Für ein IT‑Systemhaus wie Nortal bedeutet das weniger Zeitaufwand für Portal‑ und Dokumentensichtung, höhere Angebotsqualität bei gleicher Personaldecke und weniger Verlust durch formale Ausschlüsse. Bringen Sie gern eine Ihrer letzten Ausschreibungen mit — in 30 Minuten sehen Sie, was Patterno darin findet.

Lassen Sie uns zu einem 15‑minütigen digitalen Kaffeetrinken treffen? Ich zeige Ihnen, wie andere IT‑Anbieter ihre Trefferquote gesteigert haben.

Beste Grüße","Sehr geehrter Herr Adrian,

Haben Sie meine letzte E‑Mail erhalten? Ich wollte kurz anknüpfen, weil Ihre Case Studies auf nortal.com — speziell die Atlassian‑Cloud‑Migration für Rapunzel und die Dynamics‑365‑Billing‑Lösung — mir gezeigt haben, dass Nortal stark auf skalierbare, operative Plattformen und straffe Projektprozesse setzt.

Als Senior Bid Manager kennen Sie die Fallstricke: verstreute Landes‑ und Kommunalportale, EVB‑IT/UfAB‑Fallen und Nachweispakete, die Kalkulationen entwerten. Bid‑Kapazität ist knapp, Wissen hängt an Einzelpersonen und Lose werden fachfremd geschnürt — das verlangsamt Geschwindigkeit und Trefferquote.

Patterno bündelt über 4.500 Quellen, liest Vergabeunterlagen volltextlich in ~30 Sekunden und markiert K.-o.-Kriterien, Fristen und Eignungsnachweise mit direktem Quellenlink. Für ein IT‑Systemhaus wie Nortal bedeutet das: Go/No‑Go in zwei Minuten, belastbare Fundstellen für Bieterfragen und deutlich mehr saubere Angebote bei gleicher Personaldecke.

Lassen Sie uns zu einem 15‑minütigen digitalen Kaffeetrinken treffen? Ich zeige Ihnen, wie andere IT‑Anbieter ihre Trefferquote gesteigert haben.

Beste Grüße"
"Nadine Rißmann","Nadine","Rißmann","Senior Bid Manager","Berlin, Germany","Nortal AG","nortal.com","https://www.linkedin.com/in/nadine-ri%c3%9fmann-43739819a/","A","https://oeffentlichevergabe.de/api/notices/2978fb1d-4725-44fa-90b4-365da5ab9485?format=pdf","zuschlag_erschlossen","P1C_alleinbieter","2026-08-28","0","0","Komm.ONE AöR;Lecos GmbH - Ausschreibungsstelle;Staatsbetrieb Sächsische Informatik Dienste;Sächsisches Staatsministerium für Infrastruktur und Landesentwicklung (SMIL);Sächsisches Staatsministerium für Regionalentwicklung","dovs",5,,"nadine.rissmann@nortal.com","Sehr geehrte Frau Rißmann,

Glückwunsch zum Wachstumsschub bei Nortal: die iSAX‑Akquisition und das starke Ergebnis 2025 sowie das €19,9 Mio. EDFC‑Projekt zeigen, dass Sie KI‑ und IoT‑Fähigkeiten strategisch ausbauen. Das steigende Angebotsvolumen und die Integration neuer Teams bringen aber auch operative Komplexität in die Bid‑Organisation.

Als Senior Bid Manager kennen Sie die Risiken: verstreute Fristen über Landesportale, EVB‑IT‑Fallen, fehlende Nachweispakete und die Abhängigkeit von wenigen Personen – jedes übersehene Kriterium kann eine Kalkulation entwerten. Bei Nortal mit diversifizierten Teams und vielen Auftraggebern multiplizieren sich diese Probleme schnell.

Patterno bündelt über 4.500 Quellen, liest Vergabeunterlagen in Sekunden und liefert Go/No‑Go‑Entscheidungen sowie jede Fundstelle zur Verifikation. Für IT‑Lotsen wie Sie bedeutet das: weniger Blindarbeit, zuverlässige Eignungsprüfungen (BSI, ISO, Präqualifikation) und mehr Kapazität für Preisstrategie und Angebotsqualität.

Lassen Sie uns zu einem 15‑minütigen digitalen Kaffeetrinken treffen? Ich zeige Ihnen, wie andere IT‑Teams ihre Bid‑Kapazität skaliert haben.

Beste Grüße","Sehr geehrte Frau Rißmann,

Glückwunsch zum deutlichen Wachstum bei Nortal: die iSAX‑Akquisition und das starke Ergebnis 2025 sowie das €19,9 Mio. EDFC‑Projekt belegen Ihre konsequente Ausrichtung auf Industrie‑IoT und KI‑gestützte Services. Die Integration von Pwrteams zeigt zudem, dass Sie operative Kapazität und Kompetenz gezielt zusammenführen.

Als Senior Bid Manager kennen Sie die Effekte solcher Wachstumsphasen: steigende Angebotsvolumina, verstreute Fristen auf Landesportalen und komplexe Eignungsanforderungen (BSI, ISO, Präqualifikation) – Fehler hier entwerten Kalkulationen und binden wertvolle Kapazität. Multilokale Teams verstärken diese Risiken.

Patterno bündelt über 4.500 Vergabequellen, liest Vergabeunterlagen in Sekunden und liefert belastbare Go/No‑Go‑Entscheidungen inkl. verlinkter Fundstellen. Für IT‑getriebene Anbieter wie Nortal heißt das: weniger Blindarbeit, verlässliche EVB‑IT‑Erkennung und mehr Zeit für Preisstrategie und Angebotsqualität.

Lassen Sie uns zu einem 15‑minütigen digitalen Kaffeetrinken treffen? Ich zeige Ihnen, wie andere IT‑Teams ihre Bid‑Kapazität skaliert haben.

Beste Grüße","Sehr geehrte Frau Rißmann,

Haben Sie meine letzte E‑Mail erhalten? Glückwunsch zum Wachstumsschub bei Nortal: die iSAX‑Akquisition, das starke Ergebnis 2025 und das €19,9 Mio. EDFC‑Projekt zeigen, dass Sie KI‑ und IoT‑Fähigkeiten strategisch ausbauen – gleichzeitig erhöht das steigende Angebotsvolumen die operative Komplexität in der Bid‑Organisation.

Als Senior Bid Manager kennen Sie die typischen Risiken: verstreute Fristen auf Landesportalen, EVB‑IT‑Fallen, fehlende Nachweispakete und Wissen, das an wenigen Personen hängt. In einem diversifizierten Unternehmen wie Nortal multiplizieren sich diese Probleme schnell und können wirtschaftliche Chancen kosten.

Patterno bündelt über 4.500 Quellen, liest Vergabeunterlagen in Sekunden und liefert belastbare Go/No‑Go‑Entscheidungen inklusive Fundstellen für Bieterfragen und Kalkulation. Für Ihre Rolle heißt das konkret: weniger Blindarbeit, verlässliche Eignungsprüfungen (BSI, ISO, Präqualifikation) und mehr Kapazität für Preisstrategie und Angebotsqualität.

Lassen Sie uns zu einem 15‑minütigen digitalen Kaffeetrinken treffen? Ich zeige Ihnen, wie andere IT‑Teams ihre Bid‑Kapazität skaliert haben.

Beste Grüße"
"Franziska Gerlach","Franziska","Gerlach","Senior Sales & Bid Managerin Major Accounts","Berlin Metropolitan Area","Deutsche Telekom Security GmbH","telekom.de","https://www.linkedin.com/in/franziska-gerlach-2140b2164/","A","https://oeffentlichevergabe.de/api/notices/b68f24ef-9b4f-479b-8033-0b297a01c0f3?format=pdf","zuschlag_erschlossen","P1C_alleinbieter","2026-09-20","0","0","Bayerisches Landesamt für Digitalisierung, Breitband und Vermessung;Berliner Verkehrsbetriebe, Bereich Einkauf/Materialwirtschaft;Bundesrepublik Deutschland, vertreten durch das Bundesministerium des Innern und für Heimat, vertreten durch das Beschaffungsamt des BMI;Bundesrepublik Deutschland, vertreten durch das Bundesministerium des Innern, vertreten durch das Beschaffungsamt des BMI;Freistaat Bayern vertreten durch das Bayerische Landesamt für Steuern - Zentrale Vergabestelle (Referat Z 2)","dovs",11,,"franziska.gerlach@telekom.de","Sehr geehrte Frau Gerlach,

Ich habe kurz das Newsroom-Verzeichnis auf telekom.de geprüft; konkrete Presseartikel konnte ich ohne direkten Zugriff nicht extrahieren — daher dieser kurze, präzise Hinweis an Sie als Senior Sales & Bid Managerin bei Deutsche Telekom Security: Ihre Rolle verbindet Ergebnisdruck mit Compliance-Genauigkeit, gerade bei sicherheitsrelevanten IT-Vergaben.

Bid-Kapazität und formale Fallen wie EVB-IT, BSI-Grundschutz oder ISO 27001 machen viele Verfahren riskant: Ausschlusskriterien oder Nachunternehmerverbote entscheiden oft beim Querlesen gegen ein Angebot. Außerdem verteilen sich Fristen und Anforderungen über zahlreiche Landes- und Kommunalportale – Zeit, die Ihr Team nicht hat.

Patterno bündelt über 4.500 Quellen, liest komplette Vergabeunterlagen in ~30 Sekunden und liefert Go/No-Go-Entscheidungen plus verlinkte Fundstellen. So reduzieren Sie Personentage, vermeiden formale Ausschlüsse und erhöhen die Trefferquote bei Rahmen- und Mehrlosverfahren.

Lassen Sie uns zu einem 15-minütigen digitalen Kaffeetrinken treffen? Ich zeige Ihnen, wie andere IT-Teams ihre Bid-Kapazität ohne zusätzliche Köpfe skaliert haben.

Beste Grüße","Sehr geehrte Frau Gerlach,

Ihre Verantwortung für Major Accounts bei Deutsche Telekom Security bringt zwei Dinge zusammen: schnelles Abschließen von Rahmenverträgen und höchste Anforderungen an Sicherheitsnachweise. Als Senior Sales & Bid Managerin wissen Sie, wie sehr Eignungsanforderungen und Losstrukturen den Unterschied zwischen Zuschlag und Ausschluss ausmachen.

In vielen Verfahren entscheiden formale Fallen (EVB‑IT, BSI‑Grundschutz, ISO 27001) beim Querlesen gegen ein Angebot; gleichzeitig verstreuen sich Fristen und Nachfragen über Dutzende Portale. Das bindet Kapazität, die für Kalkulation und Verhandlungsstrategie fehlt.

Patterno bündelt über 4.500 Vergabequellen, liest Vergabeunterlagen in ~30 Sekunden und liefert Go/No‑Go-Analysen mit verlinkten Fundstellen – belastbar für Bieterfragen und Kalkulation. Für Teams wie Ihres heißt das: mehr passende Treffer, schnellere Entscheidungen und weniger Personentage pro Bewerbung.

Lassen Sie uns zu einem 15‑minütigen digitalen Kaffeetrinken treffen? Ich zeige Ihnen, wie andere IT‑Bid‑Teams ihre Kapazität ohne zusätzliche Köpfe skaliert haben.

Beste Grüße","Sehr geehrte Frau Gerlach,

Haben Sie meine letzte Email erhalten? Ein kurzer Follow-up: Ihre Verantwortung für Major Accounts und Bid-Management trifft hohe Ergebnis- und Compliance-Anforderungen — genau deshalb schreibe ich Ihnen.

Ich habe kurz das Newsroom-Verzeichnis auf telekom.de geprüft; konkrete Presseartikel konnte ich ohne direkten Zugriff nicht extrahieren — daher dieser kurze, präzise Hinweis an Sie als Senior Sales & Bid Managerin bei Deutsche Telekom Security: Ihre Rolle verbindet Ergebnisdruck mit Compliance-Genauigkeit, gerade bei sicherheitsrelevanten IT-Vergaben.

Bid-Kapazität und formale Fallen wie EVB-IT, BSI-Grundschutz oder ISO 27001 machen viele Verfahren riskant: Ausschlusskriterien oder Nachunternehmerverbote entscheiden oft beim Querlesen gegen ein Angebot. Außerdem verteilen sich Fristen und Anforderungen über zahlreiche Landes- und Kommunalportale – Zeit, die Ihr Team nicht hat.

Patterno bündelt über 4.500 Quellen, liest komplette Vergabeunterlagen in ~30 Sekunden und liefert Go/No-Go-Entscheidungen plus verlinkte Fundstellen. So reduzieren Sie Personentage, vermeiden formale Ausschlüsse und erhöhen die Trefferquote bei Rahmen- und Mehrlosverfahren.

Lassen Sie uns zu einem 15-minütigen digitalen Kaffeetrinken treffen? Ich zeige Ihnen, wie andere IT-Teams ihre Bid-Kapazität ohne zusätzliche Köpfe skaliert haben.

Beste Grüße"
"Anna Häckel","Anna","Häckel","Bid Managerin","Germany, Germany","Deutsche Telekom Security GmbH","telekom.de","https://www.linkedin.com/in/anna-häckel-37a051270/","A","https://oeffentlichevergabe.de/api/notices/b68f24ef-9b4f-479b-8033-0b297a01c0f3?format=pdf","zuschlag_erschlossen","P1C_alleinbieter","2026-09-20","0","0","Bayerisches Landesamt für Digitalisierung, Breitband und Vermessung;Berliner Verkehrsbetriebe, Bereich Einkauf/Materialwirtschaft;Bundesrepublik Deutschland, vertreten durch das Bundesministerium des Innern und für Heimat, vertreten durch das Beschaffungsamt des BMI;Bundesrepublik Deutschland, vertreten durch das Bundesministerium des Innern, vertreten durch das Beschaffungsamt des BMI;Freistaat Bayern vertreten durch das Bayerische Landesamt für Steuern - Zentrale Vergabestelle (Referat Z 2)","dovs",11,,"anna.haeckel@telekom.de","Sehr geehrte Frau Häckel,

bei der Durchsicht öffentlicher Quellen zu Deutsche Telekom Security und telekom.de fand ich keine aktuellen Presseeinträge, dennoch liegt auf der Hand: Informationssicherheit und Compliance sind zentrale Themen für Ihre Einheit — gerade bei Rahmenverträgen und Mehrlosvergaben. Als Bid Managerin koordinieren Sie sicher zahlreiche Nachweise und Eignungsanforderungen.

Aus Erfahrung entstehen die größten Verzögerungen genau dort: verstreute Fristen auf Landes‑ und Kommunalportalen, EVB‑IT/UfAB‑Fallen und immer wieder neu zusammenstellte Nachweispakete (BSI‑Grundschutz, ISO 27001, Präqualifikation). Bid‑Kapazität ist der Flaschenhals; Fehler bei K.-o.-Kriterien entwerten Kalkulationen.

Patterno bündelt über 4.500 Vergabequellen, analysiert Volltexte in Sekunden und liefert Go/No‑Go‑Entscheidungen samt Fundstellen. Für Ihr Team bedeutet das: weniger Zeit in Sichtung, mehr Zeit für Kalkulation und Vertragsprüfung — und belastbare Nachweispakete automatisiert erzeugt.

Lassen Sie uns zu einem 15‑minütigen digitalen Kaffeetrinken treffen? Ich zeige Ihnen, wie andere IT‑Teams ihre Bid‑Kapazität skaliert haben.

Beste Grüße","Sehr geehrte Frau Häckel,

Telekom Security spielt eine zentrale Rolle bei der Absicherung von Rahmenverträgen und komplexen Mehrlosvergaben — besonders, wenn Eignungsnachweise und SLAs länderübergreifend abgeglichen werden müssen. Ihre Verantwortung als Bid Managerin verlangt deshalb verlässliche Prozesse und nachvollziehbare Nachweisdokumente für jede Angebotsrunde.

Aus unserer Arbeit wissen wir, dass drei Herausforderungen besonders Zeit kosten: verstreute Fristen über Landes- und Kommunalportale, immer wieder neu zusammenzustellende Nachweispakete (BSI‑Grundschutz, ISO 27001, Präqualifikation) sowie formale Fallen durch EVB‑IT/UfAB. Diese Punkte binden Bid‑Kapazität und erhöhen das Risiko, dass K.-o.-Kriterien übersehen werden.

Patterno bündelt über 4.500 Vergabequellen, analysiert komplette Vergabeunterlagen in Sekunden und liefert Go/No‑Go‑Entscheidungen inklusive verlinkter Fundstellen — so reduziert Ihr Team Sichtungsaufwand und gewinnt Zeit für Kalkulation und Vertragsprüfung. Bei hoher Verfahrensfrequenz ist das ein direkter Kapazitätshebel.

Lassen Sie uns zu einem 15‑minütigen digitalen Kaffeetrinken treffen? Ich zeige Ihnen, wie andere IT‑Teams ihre Bid‑Kapazität skaliert haben.

Beste Grüße","Sehr geehrte Frau Häckel,

Haben Sie meine letzte E‑Mail erhalten? Bei kurzer Durchsicht öffentlicher Quellen zu Deutsche Telekom Security und telekom.de fand ich keine aktuellen Presseeinträge, dennoch liegt auf der Hand: Informationssicherheit und Compliance sind zentrale Themen für Ihre Einheit — gerade bei Rahmenverträgen und Mehrlosvergaben. Als Bid Managerin koordinieren Sie sicher zahlreiche Nachweise und Eignungsanforderungen.

Aus Erfahrung entstehen die größten Verzögerungen genau dort: verstreute Fristen auf Landes‑ und Kommunalportalen, EVB‑IT/UfAB‑Fallen und immer wieder neu zusammenstellte Nachweispakete (BSI‑Grundschutz, ISO 27001, Präqualifikation). Bid‑Kapazität ist der Flaschenhals; Fehler bei K.-o.-Kriterien entwerten Kalkulationen und binden wertvolle Stunden.

Patterno bündelt über 4.500 Vergabequellen, analysiert Volltexte in Sekunden und liefert Go/No‑Go‑Entscheidungen samt verlinkten Fundstellen. Das reduziert Sichtungsaufwand, schafft Kapazität für Kalkulation und Vertragsprüfung und automatisiert belastbare Nachweispakete — relevant gerade für Telekommunikations‑ und IT‑Rahmenverträge.

Lassen Sie uns zu einem 15‑minütigen digitalen Kaffeetrinken treffen? Ich zeige Ihnen, wie andere IT‑Teams ihre Bid‑Kapazität skaliert haben.

Beste Grüße"
"Rebecca Hartmann","Rebecca","Hartmann","Leitung Vertrieb & Tendermanagement","Mainz, Rhineland-Palatinate, Germany","thinkRED GmbH","thinkred.de","https://www.linkedin.com/in/rebecca-hartmann-30b18b99/","A","https://oeffentlichevergabe.de/api/notices/f8cb6a12-d239-4e44-9161-20d5527f0fe0?format=pdf","zuschlag_erschlossen","P1C_alleinbieter","2026-07-28","0","0","Bayerische Kommunale IT Einkaufsgenossenschaft eG (BayKIT eG);Kreisverwaltung Neuwied -Vergabestelle-;Landesbetrieb Daten und Information Rheinland-Pfalz (LDI);Landratsamt Ansbach - Zentrale Vergabestelle;Länder Rheinland-Pfalz und Saarland, jeweils vertreten durch den Landesbetrieb Daten und Information Rheinland-Pfalz (LDI)","dovs",8,,"r.hartmann@thinkred.de","Sehr geehrte Frau Hartmann,

Auf thinkred.de fällt besonders auf, dass thinkRED als inhabergeführtes IT-Systemhaus für die öffentliche Hand klare Expertise in Beratung, Infrastruktur und Service betont – allerdings finden sich kaum datierte News oder Case‑Beispiele, die Ihre Vergabe‑Erfolge sichtbar machen. Gerade für ein Haus, das Behörden und Schulträger betreut, bedeutet das: Sichtbarkeit in Vergabekanälen muss systematisch erfolgen, nicht zufällig.

Aus Ihrer Rolle Leitung Vertrieb & Tendermanagement kennen Sie die täglichen Blockaden: verstreute Landes‑ und Kommunalportale, formale Fallen durch EVB‑IT/UfAB sowie die fehlende Bid‑Kapazität. Jede übersehene Eignungsanforderung oder Sammellos‑Struktur kann eine Kalkulation entwerten und viel Personentag kosten.

Patterno bündelt über 4.500 Quellen, analysiert Vergabeunterlagen in Sekunden und liefert verlinkte Befunde für Go/No‑Go und Bieterfragen. Für thinkRED heißt das: gezielte Trefferlisten statt Portal‑Blindflug, weniger Routineaufwand, mehr Kapazität für echte Kalkulationen und Angebotsqualität.

Lassen Sie uns zu einem 15‑minütigen digitalen Kaffeetrinken treffen? Ich zeige Ihnen, wie andere IT‑Systemhäuser ihre Trefferquote steigerten.

Beste Grüße","Sehr geehrte Frau Hartmann,

thinkRED fällt durch klaren Fokus auf maßgeschneiderte IT‑Lösungen für Behörden und Schulträger auf — Ihre Kombination aus Beratung, Infrastruktur und Service wirkt wie geschaffen für skalierbare Rahmenvereinbarungen und langfristige Betreiberverträge. Genau diese Ausrichtung bringt eine weitere Frage: Wie stellen Sie sicher, dass relevanten Vergaben täglich und passgenau auf Ihren Vertrieb landen?

Aus Ihrer Rolle Leitung Vertrieb & Tendermanagement kenne ich zwei typische Blockaden: verstreute Landes‑ und Kommunalportale sowie formale Fallen wie EVB‑IT/UfAB, die gute Chancen schnell entwerten können. Zudem bindet die manuelle Sichtung Kapazität, die besser in Kalkulation und Angebotsqualität fließen würde.

Patterno bündelt über 4.500 Vergabequellen, liefert morgens eine gefilterte Trefferliste nach CPV, Region und Auftragsgröße und liest Vergabeunterlagen in Sekunden mit verlinkten Befunden für Go/No‑Go‑Entscheidungen. Für thinkRED heißt das: weniger Portal‑Blindflug, schnellere Ausschlusskriterien und mehr Kapazität für profitable Angebote.

Lassen Sie uns zu einem 15‑minütigen digitalen Kaffeetrinken treffen? Ich zeige Ihnen, wie andere IT‑Systemhäuser ihre Trefferquote steigerten.

Beste Grüße","Sehr geehrte Frau Hartmann,

Haben Sie meine letzte E‑Mail erhalten? Mir ist aufgefallen, dass thinkRED als inhabergeführtes IT‑Systemhaus für die öffentliche Hand starke Expertise in Beratung, Infrastruktur und Service herausstellt – gleichzeitig fehlen datierte News oder Case‑Beispiele, die Ihre Vergabe‑Erfolge sichtbar machen.

Als Leitung Vertrieb & Tendermanagement kennen Sie die Blockaden: verstreute Landes‑ und Kommunalportale, formale Fallen durch EVB‑IT/UfAB und mangelnde Bid‑Kapazität. Übersehene Eignungsanforderungen oder Sammellos‑Strukturen entwerten Kalkulationen und kosten Personentage.

Patterno bündelt über 4.500 Quellen, filtert nach CPV, Region und Auftragsgröße, liest Vergabeunterlagen in Sekunden und verlinkt jeden Befund für belastbare Go/No‑Go‑Entscheidungen. Für thinkRED heißt das: gezielte Treffer statt Portal‑Blindflug, weniger Routineaufwand und mehr Kapazität für hochwertige Kalkulationen und Angebotsqualität. Gerade bei EVB‑IT‑Kriterien und Mehrlosverfahren liefert die Dokumentenanalyse schnellen Schutz vor teuren Fehlentscheidungen.

Lassen Sie uns zu einem 15‑minütigen digitalen Kaffeetrinken treffen? Ich zeige Ihnen, wie andere IT‑Systemhäuser ihre Trefferquote steigerten.

Beste Grüße"
"Yannik Bott","Yannik","Bott","Tender Manager","Mainz, Rhineland-Palatinate, Germany","thinkRED GmbH","thinkred.de","https://www.linkedin.com/in/yannik-bott-5b06a2299/","A","https://oeffentlichevergabe.de/api/notices/f8cb6a12-d239-4e44-9161-20d5527f0fe0?format=pdf","zuschlag_erschlossen","P1C_alleinbieter","2026-07-28","0","0","Bayerische Kommunale IT Einkaufsgenossenschaft eG (BayKIT eG);Kreisverwaltung Neuwied -Vergabestelle-;Landesbetrieb Daten und Information Rheinland-Pfalz (LDI);Landratsamt Ansbach - Zentrale Vergabestelle;Länder Rheinland-Pfalz und Saarland, jeweils vertreten durch den Landesbetrieb Daten und Information Rheinland-Pfalz (LDI)","dovs",8,,"y.bott@thinkred.de","Sehr geehrter Herr Bott,

thinkRED positioniert sich klar als IT‑Systemhaus für öffentliche Auftraggeber; Ihre Website und das Event‑Engagement (u. a. der Beitrag „5 Jahre thinkRED“) zeigen, dass Sie den Public Sector aktiv bearbeiten. Als Tender Manager kennen Sie die Fallstricke: verstreute Landes‑ und Kommunalportale, EVB‑IT/UFAB‑Fallen und ständig neu zusammenzustellende Eignungsnachweise binden wertvolle Kapazität.

Genau hier verliert man Stunden — und mit ihnen Kalkulations‑ und Angebotsqualität. Patterno bündelt über 4.500 Quellen, filtert nach CPV, Region und Auftragswert und liefert eine tägliche Trefferliste statt einzelner Portale. Unsere KI liest komplette Vergabeunterlagen (100+ Seiten) in ~30 Sekunden, erkennt K.-o.-Kriterien, Eignungsanforderungen und Losstruktur und verlinkt jeden Befund zur Fundstelle.

Für ein IT‑Systemhaus wie thinkRED bedeutet das: weniger Querlesen, schnellere Go/No‑Go‑Entscheidungen und höhere Bid‑Kapazität ohne zusätzliche Köpfe. Bringen Sie Ihre letzte Ausschreibung mit — in 30 Minuten sehen Sie, was Patterno darin findet.

Lassen Sie uns zu einem 15‑minütigen digitalen Kaffeetrinken treffen? Ich zeige Ihnen, wie andere IT‑Systemhäuser ihre Trefferquote erhöht haben.

Beste Grüße","Sehr geehrter Herr Bott,

thinkRED tritt als spezialisiertes IT‑Systemhaus für öffentliche Auftraggeber auf und Ihr Beitrag „5 Jahre thinkRED“ signalisiert Beständigkeit im Public‑Sector‑Geschäft. Ihr Event‑Engagement zeigt zudem, dass Sie aktive Marktzugänge und Netzwerkpflege ernst nehmen.

Als Tender Manager kennen Sie sicher die praktischen Engpässe: Verstreute Landes‑ und Kommunalportale, mehrfach zu prüfende Eignungsnachweise (BSI, ISO) und die Fallstricke in EVB‑IT/UfAB‑Formulierungen binden Kapazität und Risiko bei jeder Kalkulation. Jede übersehene Vorgabe kann ein Angebot entwerten.

Patterno bündelt über 4.500 Vergabequellen, liefert morgens eine auf Ihr CPV‑Profil gefilterte Trefferliste und liest Vergabeunterlagen (>100 Seiten) in ~30 Sekunden – inklusive Erkennung von K.-o.-Kriterien, Losstruktur und Fristen mit Fundstellenverlinkung. Für thinkRED heißt das: schnellere Go/No‑Go‑Entscheidungen, belastbare Nachweise für Bieterfragen und mehr Bid‑Kapazität ohne zusätzliche Köpfe.

Lassen Sie uns zu einem 15‑minütigen digitalen Kaffeetrinken treffen? Ich zeige Ihnen, wie andere IT‑Systemhäuser ihre Trefferquote erhöht haben.

Beste Grüße","Sehr geehrter Herr Bott,

Haben Sie meine letzte E‑Mail erhalten? Ihre Arbeit als Tender Manager bei thinkRED ist mir aufgefallen: thinkRED positioniert sich klar als IT‑Systemhaus für öffentliche Auftraggeber; Ihre Website und das Event‑Engagement (u. a. der Beitrag „5 Jahre thinkRED“) zeigen, dass Sie den Public Sector aktiv bearbeiten. Als Tender Manager kennen Sie die Fallstricke: verstreute Landes‑ und Kommunalportale, EVB‑IT/UFAB‑Fallen und ständig neu zusammenzustellende Eignungsnachweise binden wertvolle Kapazität.

Genau hier verliert man Stunden — und mit ihnen Kalkulations‑ und Angebotsqualität. Patterno bündelt über 4.500 Quellen, filtert nach CPV, Region und Auftragswert und liefert eine tägliche Trefferliste. Unsere KI liest komplette Vergabeunterlagen (100+ Seiten) in ~30 Sekunden, erkennt K.-o.-Kriterien, Eignungsanforderungen und Losstruktur und verlinkt jeden Befund zur Fundstelle. Für thinkRED bedeutet das: weniger Querlesen, schnellere Go/No‑Go‑Entscheidungen und höhere Bid‑Kapazität ohne zusätzliche Köpfe. Bringen Sie Ihre letzte Ausschreibung mit — in 30 Minuten sehen Sie, was Patterno darin findet.

Lassen Sie uns zu einem 15‑minütigen digitalen Kaffeetrinken treffen? Ich zeige Ihnen, wie andere IT‑Systemhäuser ihre Trefferquote erhöht haben.

Beste Grüße"
"Esra Aydar","Esra","Aydar","Bid Managerin","Germany, Germany","Profi Engineering Systems AG","profi-ag.de","https://www.linkedin.com/in/esra-aydar-274338275/","A","https://oeffentlichevergabe.de/api/notices/b8348385-e36b-4f66-8f7f-c65eafc52e3e?format=pdf","zuschlag_erschlossen","P1C_alleinbieter","2026-08-11","0","0","Bayerische Versorgungskammer;Berliner Wasserbetriebe;Bundesrepublik Deutschland, vertreten durch das Bundesministerium des Innern und für Heimat, vertreten durch das Beschaffungsamt des BMI;DRV Bund Einkaufsmanagement;Deutsche Gesellschaft für Internationale Zusammenarbeit (GIZ) GmbH","dovs",12,,"e.aydar@profi-ag.de","Sehr geehrte Frau Aydar,

Glückwunsch zu den jüngsten Erfolgen bei PROFI — der Rahmenvertrag mit dem Beschaffungsamt des BMI, die Partnerschaft mit OEDIV und die ISO‑Zertifizierungen sind klare Signale, dass Sie Managed‑Services und Enterprise‑Infrastruktur systematisch skalieren. Solche Expansion erfordert saubere Prozesse im Bid‑Management, sonst wird Wachstum schnell zum Engpass.

Als Bid Managerin kennen Sie die Fallen: verstreute Fristen über Landesportale, EVB‑IT‑Spezifika, wiederkehrende Nachweispakete und die Abhängigkeit von Einzelpersonen. Genau da setzt Patterno an: Wir konsolidieren über 4.500 Quellen, lesen Vergabeunterlagen in Sekunden und liefern Go/No‑Go‑Entscheidungen plus belegbare Fundstellen — reduziert Sichtungsaufwand und schützt Ihre Kalkulation vor formalen Ausschlüssen.

Für ein IT‑Systemhaus mit Ihrer Bandbreite (IBM‑Infrastruktur, Managed Services, Frameworkverträge) bedeutet das weniger Personentage auf Recherche und mehr Kapazität für Kalkulation und Angebotsqualität. Bringen Sie Ihre letzte Ausschreibung mit — in 30 Minuten sehen Sie, was Patterno darin findet.

Lassen Sie uns zu einem 15‑minütigen digitalen Kaffeetrinken treffen? Ich zeige Ihnen, wie andere IT‑Teams die Trefferquote und Effizienz gesteigert haben.

Beste Grüße","Sehr geehrte Frau Aydar,

herzlichen Glückwunsch zu den jüngsten Erfolgen bei PROFI — besonders der Rahmenvertrag mit dem Beschaffungsamt des BMI und die Partnerschaft mit OEDIV zeigen, dass Sie Ihre Managed‑Services und Enterprise‑Infrastruktur strategisch ausbauen. Die ISO‑Zertifizierungen unterstreichen zudem Ihren Qualitätsanspruch und Ihre Prozesssicherheit.

Als Bid Managerin kennen Sie sicher die typischen Engpässe: verstreute Fristen über Landesportale und Mehrlos‑Strukturen, die erst in den Unterlagen die Passung entscheiden, sowie wiederkehrende Nachweispakete, die Zeit und Sorgfalt kosten. Diese Punkte erhöhen das Risiko formaler Ausschlüsse und binden personelle Kapazitäten.

Patterno bündelt über 4.500 Vergabeportale, bewertet jede Ausschreibung per KI gegen Ihr Profil und extrahiert Fristen, Losstruktur und K.-o.-Kriterien in Sekunden — jeder Befund verlinkt auf die Fundstelle im Originaldokument. Für PROFI bedeutet das: weniger Personentage für Sichtung, mehr Ressourcen für Kalkulation und Angebotsqualität.

Lassen Sie uns zu einem 15‑minütigen digitalen Kaffeetrinken treffen? Ich zeige Ihnen, wie andere IT‑Teams Trefferquote und Effizienz gesteigert haben.

Beste Grüße","Sehr geehrte Frau Aydar,

Haben Sie meine letzte Email erhalten? Glückwunsch zu den jüngsten Erfolgen bei PROFI — der Rahmenvertrag mit dem Beschaffungsamt des BMI, die Partnerschaft mit OEDIV und die ISO‑Zertifizierungen sind klare Signale, dass Sie Managed‑Services und Enterprise‑Infrastruktur systematisch skalieren. Solche Expansion erfordert saubere Prozesse im Bid‑Management, sonst wird Wachstum schnell zum Engpass.

Als Bid Managerin kennen Sie die Fallen: verstreute Fristen über Landesportale, EVB‑IT‑Spezifika, wiederkehrende Nachweispakete und die Abhängigkeit von Einzelpersonen. Genau da setzt Patterno an: Wir konsolidieren über 4.500 Quellen, lesen Vergabeunterlagen in Sekunden und liefern Go/No‑Go‑Entscheidungen plus belegbare Fundstellen — reduziert Sichtungsaufwand und schützt Ihre Kalkulation vor formalen Ausschlüssen.

Für ein IT‑Systemhaus mit Ihrer Bandbreite (IBM‑Infrastruktur, Managed Services, Frameworkverträge) bedeutet das weniger Personentage auf Recherche und mehr Kapazität für Kalkulation und Angebotsqualität. Bringen Sie Ihre letzte Ausschreibung mit — in 30 Minuten sehen Sie, was Patterno darin findet.

Lassen Sie uns zu einem 15‑minütigen digitalen Kaffeetrinken treffen? Ich zeige Ihnen, wie andere IT‑Teams die Trefferquote und Effizienz gesteigert haben.

Beste Grüße"
"Raphael Awadalla","Raphael","Awadalla","Tender Manager","Bochum, North Rhine-Westphalia, Germany","Profi Engineering Systems AG","profi-ag.de","https://www.linkedin.com/in/raphael-awadalla-54ba0b220/","A","https://oeffentlichevergabe.de/api/notices/b8348385-e36b-4f66-8f7f-c65eafc52e3e?format=pdf","zuschlag_erschlossen","P1C_alleinbieter","2026-08-11","0","0","Bayerische Versorgungskammer;Berliner Wasserbetriebe;Bundesrepublik Deutschland, vertreten durch das Bundesministerium des Innern und für Heimat, vertreten durch das Beschaffungsamt des BMI;DRV Bund Einkaufsmanagement;Deutsche Gesellschaft für Internationale Zusammenarbeit (GIZ) GmbH","dovs",12,,"r.awadalla@profi-ag.de","Sehr geehrter Herr Awadalla,

Bei der Recherche zu Profi Engineering Systems AG und Ihrem LinkedIn-Profil fanden sich in den letzten 24 Monaten keine klaren Presseankündigungen — offenbar liegt Ihr Fokus weiter auf stabiler IT‑Projektarbeit statt auf lauten Marketingaktionen. Als Tender Manager kennen Sie die Gesamtlage: viele Quellen, wenige klare Signale.

Operativ ist das Problem klar: Submissionstermine, EVB‑IT‑Anhänge und Eignungsnachweise verstreuen sich über Landesportale und Kommunalplattformen; ein übersehenes K.-o.-Kriterium entwertet eine Kalkulation. Bid‑Kapazität ist knapp, Nachweispakete und Mehrlosvergabe kosten Personentage und Risiko.

Patterno bündelt über 4.500 Vergabequellen, liest Vergabeunterlagen (100+ Seiten) in ~30 Sekunden und markiert K.-o.-Kriterien, Fristen und Eignungsanforderungen mit Fundstelle. Für ein IT‑Systemhaus heißt das: Go/No‑Go in zwei Minuten statt in Tagen und belastbare Fundstellen für Bieterfragen und Kalkulation.

Lassen Sie uns zu einem 15‑minütigen digitalen Kaffeetrinken treffen? Ich zeige Ihnen, wie andere IT‑Anbieter ihre Trefferquote bei öffentlichen Ausschreibungen gesteigert haben.

Beste Grüße","Sehr geehrter Herr Awadalla,

bei Profi Engineering Systems AG fällt mir Ihr klares Profil als IT‑Systemhaus auf: stabile Projektarbeit, Rahmenverträge und ein Fokus auf praxisnahe Betriebs- und Sicherheitslösungen. Als Tender Manager steuern Sie offensichtlich komplexe Angebotsportfolios und behalten Fristen, Vertragsanhänge und Compliance‑Anforderungen im Blick.

Operativ entsteht oft die gleiche Belastung: verstreute Submissionstermine und EVB‑IT‑Anhänge auf vielen Portalen sowie wiederkehrende Nachweispakete binden wertvolle Bid‑Kapazität. Ein übersehenes K.-o.-Kriterium oder eine falsch interpretierte Losstruktur kann eine Kalkulation schnell entwerten.

Patterno bündelt über 4.500 Vergabequellen, filtert nach CPV, Region und Auftragsgröße und liest komplette Vergabeunterlagen (100+ Seiten) in ~30 Sekunden mit direkter Fundstellenangabe für Fristen, Eignungsanforderungen und K.-o.-Kriterien. Für ein IT‑Systemhaus heißt das: Go/No‑Go‑Entscheidungen in Minuten statt Tagen und belastbare Belege für Bieterfragen und Kalkulationen.

Lassen Sie uns zu einem 15‑minütigen digitalen Kaffeetrinken treffen? Ich zeige Ihnen, wie andere IT‑Anbieter ihre Trefferquote bei öffentlichen Ausschreibungen gesteigert haben.

Beste Grüße","Sehr geehrter Herr Awadalla,

Haben Sie meine letzte E‑Mail erhalten? Bei der Recherche zu Profi Engineering Systems AG und Ihrem LinkedIn-Profil fanden sich in den letzten 24 Monaten keine klaren Presseankündigungen — offenbar liegt Ihr Fokus weiter auf stabiler IT‑Projektarbeit statt auf lauten Marketingaktionen. Als Tender Manager kennen Sie die Gesamtlage: viele Quellen, wenige klare Signale.

Operativ ist das Problem klar: Submissionstermine, EVB‑IT‑Anhänge und Eignungsnachweise verstreuen sich über Landesportale und Kommunalplattformen; ein übersehenes K.-o.-Kriterium entwertet eine Kalkulation. Bid‑Kapazität ist knapp, Nachweispakete und Mehrlosvergabe kosten Personentage und Risiko.

Patterno bündelt über 4.500 Vergabequellen, liest Vergabeunterlagen (100+ Seiten) in ~30 Sekunden und markiert K.-o.-Kriterien, Fristen und Eignungsanforderungen mit Fundstelle. Für ein IT‑Systemhaus heißt das: Go/No‑Go in zwei Minuten statt in Tagen und belastbare Fundstellen für Bieterfragen und Kalkulation.

Lassen Sie uns zu einem 15‑minütigen digitalen Kaffeetrinken treffen? Ich zeige Ihnen, wie andere IT‑Anbieter ihre Trefferquote bei öffentlichen Ausschreibungen gesteigert haben.

Beste Grüße"
"Maximilian Scharf","Maximilian","Scharf","Tender-/Bid Manager","Germany, Germany","MR Datentechnik Vertriebs- und Service GmbH","mr-daten.de","https://www.linkedin.com/in/maximilian-scharf-b523901bb/","A","https://oeffentlichevergabe.de/api/notices/ccdb1782-b91d-4c06-a901-154538315f1d?format=pdf","zuschlag_benannt","P1_zuschlag_24m","2026-09-04","5","3","Bezirkskliniken Mittelfranken;Handwerkskammer für Oberfranken;Landeshauptstadt Hannover - Fachbereich Personal und Organisation;Rechenzentrum der Finanzverwaltung des Landes NRW;Stadt Regensburg","dovs",6,,"m.scharf@mr-daten.de","Sehr geehrter Herr Scharf,

Glückwunsch zur Auszeichnung „Bester Managed Service Provider 2025“ — das bleibt nicht unbemerkt. Auch Ihr Fokus auf den digitalen Arbeitsplatz und der jüngste Azubi-Start zeigen, dass MR Datentechnik Wachstum und Operational Excellence zugleich vorantreibt. Solche Signale passen zu einem Team, das Qualität skaliert.

Als Tender-/Bid Manager kennen Sie sicher die Praxis: Kommunale IT-Vergaben verstreut auf Landesportalen, EVB-IT-Fallen und immer wieder fehlende Eignungsnachweise, die ein Angebot sofort disqualifizieren. Gleichzeitig bindet die Sichtung vieler Quellen personelle Kapazität, die Ihnen für Kalkulation und Angebotsqualität fehlt.

Patterno bündelt über 4.500 Vergabeportale in einem Posteingang, liest komplette Vergabeunterlagen in Sekunden und markiert K.-o.-Kriterien, Eignungsanforderungen sowie Losstrukturen mit Fundstelle. Für IT-Systemhäuser heißt das: Go/No‑Go in zwei Minuten, belastbare Nachweispakete und weniger Personentage pro Verfahren — ohne zusätzliche Köpfe.

Lassen Sie uns zu einem 15‑minütigen digitalen Kaffeetrinken treffen? Ich zeige Ihnen, wie andere IT‑Systemhäuser mit Patterno ihre Trefferquote und Kapazität erhöht haben.

Beste Grüße","Sehr geehrter Herr Scharf,

herzlichen Glückwunsch zur Auszeichnung „Bester Managed Service Provider 2025“ — das setzt ein starkes Zeichen. Auch Ihre Beiträge zum digitalen Arbeitsplatz und der jüngste Azubi‑Start zeigen, dass MR Datentechnik Qualität und Wachstum strukturiert vorantreibt.

Als Tender-/Bid Manager kennen Sie die Routine: verstreute Kommunal‑ und Landesportale, EVB‑IT‑Formalien und fehlende Eignungsnachweise, die ein Angebot sofort disqualifizieren können. Gleichzeitig bindet das manuelle Sichten von Dokumenten Kapazität, die Ihnen für Kalkulation und Angebotsqualität fehlt.

Patterno bündelt über 4.500 Vergabeportale in einem Posteingang, liest Vergabeunterlagen in Sekunden und markiert K.-o.-Kriterien, Eignungsanforderungen sowie Losstrukturen mit exakter Fundstelle. Für MR Datentechnik bedeutet das: Go/No‑Go‑Entscheidungen in zwei Minuten, belastbare Nachweispakete und weniger Personentage pro Verfahren — ohne zusätzliches Personal.

Lassen Sie uns zu einem 15‑minütigen digitalen Kaffeetrinken treffen? Ich zeige Ihnen, wie andere IT‑Systemhäuser mit Patterno Trefferquote und Kapazität gesteigert haben.

Beste Grüße","Sehr geehrter Herr Scharf,

Haben Sie meine letzte Email erhalten? Glückwunsch zur Auszeichnung „Bester Managed Service Provider 2025“ — das bleibt nicht unbemerkt. Auch Ihr Fokus auf den digitalen Arbeitsplatz und der Azubi-Start zeigen, dass MR Datentechnik Wachstum und Operational Excellence zugleich vorantreibt. Solche Signale passen zu einem Team, das Qualität skaliert.

Als Tender-/Bid Manager kennen Sie die Praxis: kommunale IT‑Vergaben verstreut auf Landesportalen, EVB‑IT‑Fallen und fehlende Eignungsnachweise, die ein Angebot sofort disqualifizieren. Das Sichten vieler Quellen bindet Kapazität, die Ihnen für Kalkulation und Angebotsqualität fehlt.

Patterno bündelt über 4.500 Vergabeportale in einem Posteingang, liest Vergabeunterlagen in Sekunden und markiert K.-o.-Kriterien, Eignungsanforderungen und Losstrukturen mit Fundstelle. Für IT‑Systemhäuser heißt das: Go/No‑Go in zwei Minuten, belastbare Nachweispakete und weniger Personentage pro Verfahren — ohne zusätzliche Köpfe. Der Markt ist fragmentiert, Bid‑Kapazität der Flaschenhals; Automatisierung ist hier der Hebel.

Lassen Sie uns zu einem 15‑minütigen digitalen Kaffeetrinken treffen? Ich zeige Ihnen, wie andere IT‑Systemhäuser mit Patterno ihre Trefferquote und Kapazität erhöht haben.

Beste Grüße"
"Tina Übler","Tina","Übler","Tender Managerin","Regensburg, Bayern, Deutschland","MR Datentechnik Vertriebs- und Service GmbH","mr-daten.de","https://www.linkedin.com/in/tina-übler-1388b4287/","A","https://oeffentlichevergabe.de/api/notices/ccdb1782-b91d-4c06-a901-154538315f1d?format=pdf","zuschlag_benannt","P1_zuschlag_24m","2026-09-04","5","3","Bezirkskliniken Mittelfranken;Handwerkskammer für Oberfranken;Landeshauptstadt Hannover - Fachbereich Personal und Organisation;Rechenzentrum der Finanzverwaltung des Landes NRW;Stadt Regensburg","dovs",6,,"t.uebler@mr-daten.de","Sehr geehrte Frau Übler,

bei der Recherche zu MR Datentechnik Vertriebs- und Service GmbH (mr-daten.de) fanden sich keine aktuellen Presse- oder Produktankündigungen – das zeigt mir, dass Ihr Tagesgeschäft und Angebotsprozesse wohl intern dicht getaktet sind. Als Tender Managerin wissen Sie genau, wie viel Zeit die permanente Portalaufsicht und Dokumentenprüfung kostet.

Typische Hürden, die wir bei IT-Anbietern sehen: verstreute Fristen über Landes- und Kommunalportale, aufwändige Nachweispakete (BSI, ISO, Präqualifikation) und das Risiko, dass K.-o.-Kriterien beim Querlesen übersehen werden. Das bindet Personentage und hängt oft an wenigen Personen.

Patterno bündelt über 4.500 Quellen, liest Vergabeunterlagen in Sekunden und markiert K.-o.-Kriterien sowie Eignungsanforderungen mit Fundstelle – so haben Sie Go/No-Go in zwei Minuten statt in ganzen Arbeitstagen. Für Unternehmen mit hoher Verfahrensfrequenz ist das Kapazitätshebel statt Kopfstellen.

Lassen Sie uns zu einem 15-minütigen digitalen Kaffeetrinken treffen? Ich zeige Ihnen, wie andere IT-Teams ihre Bid-Kapazität skaliert haben.

Beste Grüße","Sehr geehrte Frau Übler,

bei MR Datentechnik Vertriebs- und Service GmbH fällt sofort Ihr Fokus auf verlässliche IT‑Lösungen und serviceorientierte Betriebsmodelle auf – ein Umfeld, in dem Vergabeprozesse Genauigkeit und Nachvollziehbarkeit verlangen. Als Tender Managerin kennen Sie den Aufwand, Angebotspakete vollständig und fristgerecht zusammenzustellen.

Häufige Engpässe: verstreute Fristen über Landes‑ und Kommunalportale sowie aufwändige Nachweispakete (BSI, ISO, Präqualifikation) binden täglich Personentage. Wenn K.-o.-Kriterien oder Losstrukturen erst im Anhang sichtbar werden, entscheidet das oft kurzfristig über Go/No‑Go.

Patterno bündelt über 4.500 Vergabequellen, analysiert komplette Vergabeunterlagen in Sekunden und verlinkt jeden Befund auf die Originalstelle – so erhalten Sie belastbare Go/No‑Go-Empfehlungen in zwei Minuten statt in Arbeitstagen. Für IT‑Systemhäuser ist das ein Kapazitätshebel: mehr passende Chancen, weniger Kontrollaufwand und reproduzierbare Nachweispakete.

Lassen Sie uns zu einem 15‑minütigen digitalen Kaffeetrinken treffen? Ich zeige Ihnen, wie andere IT‑Teams ihre Bid‑Kapazität skaliert haben.

Beste Grüße","Sehr geehrte Frau Übler,

Haben Sie meine letzte Email erhalten? Bei der Recherche zu MR Datentechnik Vertriebs- und Service GmbH (mr-daten.de) fanden sich keine aktuellen Presse- oder Produktankündigungen – das deutet darauf hin, dass Ihr Tagesgeschäft und Angebotsprozesse intern dicht getaktet sind. Als Tender Managerin wissen Sie genau, wie viel Zeit die permanente Portalaufsicht und Dokumentenprüfung kostet.

Typische Hürden, die wir bei IT-Anbietern sehen: verstreute Fristen über Landes- und Kommunalportale, aufwändige Nachweispakete (BSI, ISO, Präqualifikation) und das Risiko, dass K.-o.-Kriterien beim Querlesen übersehen werden. Das bindet Personentage und hängt oft an wenigen Personen. Patterno bündelt über 4.500 Quellen, liest Vergabeunterlagen in Sekunden und markiert K.-o.-Kriterien sowie Eignungsanforderungen mit Fundstelle – so haben Sie Go/No-Go in zwei Minuten statt in ganzen Arbeitstagen.

Für IT-Systemhäuser ist die Fragmentierung des Marktes und der Mangel an Bid-Kapazität der Engpass: EVB-IT, Zertifikate und verstreute Fristen kosten Ressourcen. Automatisierung skaliert Kapazität ohne zusätzliche Köpfe.

Lassen Sie uns zu einem 15-minütigen digitalen Kaffeetrinken treffen? Ich zeige Ihnen, wie andere IT-Teams ihre Bid-Kapazität skaliert haben.

Beste Grüße"
"Christiana H.","Christiana","H.","Senior Bid Managerin","Germany","HiSolutions AG","hisolutions.com","https://www.linkedin.com/in/christianahaseloff/","A","https://oeffentlichevergabe.de/api/notices/3bdbeb97-6cca-4d79-a3be-4f7b9b9ef41e?format=pdf","zuschlag_erschlossen","P1C_alleinbieter","2026-08-21","0","0","Berliner Verkehrsbetriebe, Bereich Einkauf/Materialwirtschaft;DAK-Gesundheit;Deutsches Zentrum für Luft- und Raumfahrt e.V. (DLR);Freistaat Bayern, vertreten durch das Bayerische Staatsministerium der Justiz;Landkreis Peine","dovs",7,,"haseloff@hisolutions.com","Sehr geehrte Frau H.,

Ihr Beitrag zur Success Story „Cloudflight: Vom Sicherheitskonzept zum konzernweit zertifizierten ISMS nach ISO/IEC 27001:2022“ auf hisolutions.com zeigt, wie stark HiSolutions auf Compliance und Informationssicherheit setzt. Solche Projekte sprechen genau Bid-Teams an, die formale Eignungsnachweise und Zertifikate zu ihrem Wettbewerbsvorteil machen möchten.

Aus Gesprächen mit Senior Bid Managerinnen kennen wir die typischen Fallen: EVB-IT-Formulierungen, Nachunternehmerverbote oder fehlende Präqualifikationen, die ein Angebot sofort disqualifizieren — und die verstreuten Fristen über Landes- und Kommunalportale, die Kapazität verschlingen. Das ist Zeit- und Wissensriskio, besonders wenn Expertise an Einzelpersonen hängt.

Patterno bündelt über 4.500 Quellen, liest Vergabeunterlagen in Sekunden und markiert K.-o.-Kriterien samt Fundstelle. Für HiSolutions bedeutet das: Go/No-Go-Entscheidungen in zwei Minuten, reproduzierbare Eignungschecks für ISO/BSI-Anforderungen und weniger Personentage für Sichtung und Nachweispakete.

Lassen Sie uns zu einem 15-minütigen digitalen Kaffeetrinken treffen? Ich zeige Ihnen, wie andere IT-Systemhäuser ihre Bid-Kapazität skaliert haben.

Beste Grüße","Sehr geehrte Frau H.,

Ihre Success Story „Cloudflight: Vom Sicherheitskonzept zum konzernweit zertifizierten ISMS nach ISO/IEC 27001:2022“ auf hisolutions.com zeigt eindrucksvoll, wie HiSolutions Informationssicherheit und Compliance operationalisiert. Solche Projekte belegen, dass Ihr Team formale Eignungsnachweise und nachvollziehbare Dokumentationsprozesse hoch priorisiert.

Aus Gesprächen mit Senior Bid Managerinnen kennen wir zwei wiederkehrende Engpässe: verstreute Fristen und K.-o.-Kriterien in langen Vergabeanhängen, die Zeit kosten; sowie die Wiederholung von Nachweispaketen, die Kapazität binden. Diese Probleme verlangen präzise, reproduzierbare Prüfpfade – ideal für strukturierte Prozesse.

Patterno bündelt über 4.500 Vergabeportale, analysiert Vergabeunterlagen in Sekunden und verlinkt jede Feststellung zur Fundstelle. Für HiSolutions bedeutet das: Go/No-Go-Entscheidungen in zwei Minuten, konsistente Eignungschecks für ISO/BSI-Anforderungen und deutlich weniger Personentage für Sichtung und Nachweispakete. Patterno ist 2025 in Hamburg gegründet, betreibt ISO-27001-gehostete Infrastruktur und wird bereits von über 100 Teams genutzt.

Lassen Sie uns zu einem 15-minütigen digitalen Kaffeetrinken treffen? Ich zeige Ihnen, wie andere IT-Systemhäuser ihre Bid-Kapazität skaliert haben.

Beste Grüße","Sehr geehrte Frau H.,

Haben Sie meine letzte Email erhalten? Ihr Beitrag zur Success Story „Cloudflight: Vom Sicherheitskonzept zum konzernweit zertifizierten ISMS nach ISO/IEC 27001:2022“ auf hisolutions.com zeigt, wie stark HiSolutions auf Compliance und Informationssicherheit setzt. Solche Projekte sprechen genau Bid-Teams an, die formale Eignungsnachweise und Zertifikate zu ihrem Wettbewerbsvorteil machen möchten.

Aus Gesprächen mit Senior Bid Managerinnen kennen wir die typischen Fallen: EVB‑IT‑Formulierungen, Nachunternehmerverbote oder fehlende Präqualifikationen, die ein Angebot sofort disqualifizieren — und die verstreuten Fristen über Landes‑ und Kommunalportale, die Kapazität verschlingen. Patterno bündelt über 4.500 Quellen, liest Vergabeunterlagen in Sekunden und markiert K.-o.-Kriterien samt Fundstelle. Für HiSolutions bedeutet das: Go/No‑Go‑Entscheidungen in zwei Minuten, reproduzierbare Eignungschecks für ISO/BSI‑Anforderungen und weniger Personentage für Sichtung und Nachweispakete.

Lassen Sie uns zu einem 15‑minütigen digitalen Kaffeetrinken treffen? Ich zeige Ihnen, wie andere IT‑Systemhäuser ihre Bid‑Kapazität skaliert haben.

Beste Grüße"
"Daniela Urban-Romey","Daniela","Urban-Romey","Senior Bid Manager","Berlin, Berlin, Germany","HiSolutions AG","hisolutions.com","https://www.linkedin.com/in/daniela-urban-romey-89666722b/","A","https://oeffentlichevergabe.de/api/notices/3bdbeb97-6cca-4d79-a3be-4f7b9b9ef41e?format=pdf","zuschlag_erschlossen","P1C_alleinbieter","2026-08-21","0","0","Berliner Verkehrsbetriebe, Bereich Einkauf/Materialwirtschaft;DAK-Gesundheit;Deutsches Zentrum für Luft- und Raumfahrt e.V. (DLR);Freistaat Bayern, vertreten durch das Bayerische Staatsministerium der Justiz;Landkreis Peine","dovs",7,,"daniela.urban-romey@hisolutions.com","Sehr geehrte Frau Urban-Romey,

Ich habe Ihre Rolle als Senior Bid Manager bei HiSolutions AG gesehen und die Domain hisolutions.com geprüft; externe News waren kaum verifizierbar, was auf ein stark projekt‑ und kundenfokussiertes Consultingprofil schließen lässt. Ihre IT‑Schwerpunkte (Security & IT‑Management) passen in ein Vergabefeld, das oft auf Landes‑ und Kommunalportalen statt auf TED stattfindet.

Aus Sicht des Bid‑Teams sind typische Stolperfallen schnell benannt: verstreute Fristen über viele Portale, immer wieder neu zusammenzustellende Nachweispakete (BSI, ISO 27001, Präqualifikation) und die Gefahr, dass formal-k.o.-Kriterien beim Querlesen übersehen werden. Das bindet personelle Kapazität, die HiSolutions sicher lieber in Kalkulation und Qualität stecken würde.

Patterno bündelt über 4.500 Quellen, liest Vergabeunterlagen in Sekunden und liefert „Go/No‑Go“ sowie verlinkte Befunde für Eignungskriterien. Für IT‑Systemhäuser bedeutet das: weniger Suchaufwand, verlässlichere Ausschlussentscheidungen und mehr Angebotssauswahl ohne zusätzliche Köpfe.

Lassen Sie uns zu einem 15‑minütigen digitalen Kaffeetrinken treffen? Ich zeige Ihnen, wie andere IT‑Teams ihre Bid‑Kapazität skaliert haben.

Beste Grüße","Sehr geehrte Frau Urban-Romey,

mir ist Ihre Rolle als Senior Bid Manager bei HiSolutions AG aufgefallen; Ihr Fokus auf Security und IT‑Management passt exakt in das Vergabefeld, das sich oft über Landes‑ und Kommunalportale verteilt. HiSolutions‘ Beratungsansatz dürfte daher regelmäßig auf Rahmenverträge und Mehrlos‑Verfahren treffen, in denen Losstruktur und formale Eignung entscheidend sind.

Aus Bid‑Sicht sind drei typische Painpunkte relevant: verstreute Fristen über viele Portale, immer wieder neu zu packende Nachweispakete (BSI, ISO 27001, Präqualifikation) und das Risiko, dass K.-o.-Kriterien beim Querlesen übersehen werden. Diese Aufgaben binden Kapazität, die Sie vermutlich lieber in Kalkulation und Qualität stecken würden.

Patterno bündelt über 4.500 Quellen, bewertet Ausschreibungen per KI gegen Ihr Profil und liest Vergabeunterlagen in Sekunden – inklusive Verlinkung jeder relevanten Fundstelle. Für IT‑Systemhäuser heißt das: weniger Suchaufwand, schnelle Go/No‑Go‑Entscheidungen und mehr brauchbare Angebote ohne zusätzliches Personal.

Lassen Sie uns zu einem 15‑minütigen digitalen Kaffeetrinken treffen? Ich zeige Ihnen, wie andere IT‑Teams ihre Bid‑Kapazität skaliert haben.

Beste Grüße","Sehr geehrte Frau Urban-Romey,

Haben Sie meine letzte Email erhalten? Ich habe Ihre Rolle als Senior Bid Manager bei HiSolutions AG gesehen und die Domain hisolutions.com geprüft; externe News waren kaum verifizierbar, was auf ein stark projekt‑ und kundenfokussiertes Consultingprofil schließen lässt. Ihre IT‑Schwerpunkte (Security & IT‑Management) passen in ein Vergabefeld, das oft auf Landes‑ und Kommunalportalen statt auf TED stattfindet.

Aus Sicht Ihres Bid‑Teams sind typische Stolperfallen schnell benannt: verstreute Fristen über viele Portale, wiederholt neu zusammenzustellende Nachweispakete (BSI, ISO 27001, Präqualifikation) und formal‑k.o.‑Kriterien, die beim Querlesen übersehen werden. Das bindet Kapazität, die HiSolutions lieber in Kalkulation und Qualität investieren würde.

Patterno bündelt über 4.500 Quellen, liest Vergabeunterlagen in Sekunden und liefert verlinkte Go/No‑Go‑Befunde. Für IT‑Systemhäuser heißt das: weniger Suchaufwand, verlässlichere Ausschlussentscheidungen und mehr Angebotssauswahl ohne zusätzliche Köpfe.

Lassen Sie uns zu einem 15‑minütigen digitalen Kaffeetrinken treffen? Ich zeige Ihnen, wie andere IT‑Teams ihre Bid‑Kapazität skaliert haben.

Beste Grüße"
"Michael Terzidis","Michael","Terzidis","Bid Manager","Backnang, Baden-Württemberg, Germany","telent GmbH","telent.de","https://www.linkedin.com/in/michael-terzidis-09a702141/","A","https://oeffentlichevergabe.de/api/notices/f5441118-8d94-4e25-84ac-0f679cc78803?format=pdf","zuschlag_erschlossen","P1C_alleinbieter","2026-09-03","0","0","Die Autobahn GmbH des Bundes - NL Nord;Fachstelle Maschinenwesen Süd beim WSA Donau MDK","dovs",2,,"michael.terzidis@telent.de","Sehr geehrter Herr Terzidis,

bei der Recherche zu telent.de fanden sich in öffentlich zugänglichen Quellen innerhalb der letzten 24 Monate keine spezifischen Presse‑ oder Produktankündigungen; das lässt den Schluss zu, dass der Fokus aktuell auf laufenden Projekten und der operativen Ausschreibungsarbeit liegt. Als Bid Manager kennen Sie die Flut an Landesportalen und kommunalen Plattformen sicher aus erster Hand.

Das Problem, das wir bei IT‑Systemhäusern wie Ihrem regelmäßig sehen: verstreute Fristen, wechselnde Eignungsanforderungen (BSI, ISO 27001, Präqualifikation) und Sammellose, die beim Querlesen entscheiden, ob ein Angebot überhaupt passt. Bid‑Kapazität ist häufig der Engpass – und ein übersehener K.-o.-Punkt macht Wochen an Kalkulation wertlos.

Patterno bündelt über 4.500 Quellen, liest Vergabeunterlagen in Sekunden und identifiziert K.-o.-Kriterien mit Verlinkung zur Fundstelle. Das verschafft Ihnen belastbare Go/No‑Go‑Entscheidungen in Minuten statt Tagen und reduziert den Personalaufwand pro Prüfung drastisch.

Lassen Sie uns zu einem 15‑minütigen digitalen Kaffeetrinken treffen? Ich zeige Ihnen, wie andere IT‑Bid‑Teams ihre Trefferquote erhöht haben.

Beste Grüße","Sehr geehrter Herr Terzidis,

als Bid Manager der telent GmbH steuern Sie vermutlich täglich die Priorisierung von Rahmenverträgen und Mehrlos‑Vergaben – zwei Bereiche, in denen kleine Formfehler immense Folgen für die Angebotsentscheidung haben können. Ihr Fokus auf verlässliche Prozesse ist ein klarer Vorteil bei der operativen Angebotsarbeit.

Typische Painpoints, die wir bei IT‑Systemhäusern beobachten: verstreute Fristen über Landes‑ und Kommunalportale sowie formale Eignungsanforderungen (BSI, ISO 27001, Präqualifikation), die beim Querlesen leicht übersehen werden und Kalkulationen entwerten. Zudem bindet die Portalsichtung oft Kapazität, die für Kalkulation und Preisstrategie fehlt.

Patterno bündelt über 4.500 Vergabequellen, liefert morgens eine gefilterte Trefferliste nach CPV, Region und Volumen und liest Vergabeunterlagen (100+ Seiten) in rund 30 Sekunden mit direkten Verweisen auf K.-o.-Kriterien. So erhalten Bid‑Teams belastbare Go/No‑Go‑Entscheidungen in Minuten statt Tagen und reduzieren Prüfaufwand sowie Personalabhängigkeit.

Lassen Sie uns zu einem 15‑minütigen digitalen Kaffeetrinken treffen? Ich zeige Ihnen, wie andere IT‑Bid‑Teams ihre Trefferquote erhöht haben.

Beste Grüße","Sehr geehrter Herr Terzidis,

Haben Sie meine letzte E‑Mail erhalten? Bei der Recherche zu telent.de fanden sich in öffentlich zugänglichen Quellen innerhalb der letzten 24 Monate keine spezifischen Presse‑ oder Produktankündigungen; das legt nahe, dass der Fokus derzeit auf laufenden Projekten und operativer Ausschreibungsarbeit liegt. Als Bid Manager kennen Sie die Flut an Landesportalen und kommunalen Plattformen sicher aus erster Hand.

Das Problem, das wir bei IT‑Systemhäusern regelmäßig sehen: verstreute Fristen, wechselnde Eignungsanforderungen (BSI, ISO 27001, Präqualifikation) und Sammellose, die beim Querlesen entscheiden, ob ein Angebot passt. Bid‑Kapazität ist oft der Engpass – ein übersehenes K.-o.-Kriterium macht Wochen an Kalkulation wertlos.

Patterno bündelt über 4.500 Quellen, liest Vergabeunterlagen in Sekunden und verlinkt erkannte K.-o.-Kriterien zur Fundstelle. So erhalten Sie belastbare Go/No‑Go‑Entscheidungen in Minuten statt Tagen und senken den Personalaufwand pro Prüfung deutlich.

Lassen Sie uns zu einem 15‑minütigen digitalen Kaffeetrinken treffen? Ich zeige Ihnen, wie andere IT‑Bid‑Teams ihre Trefferquote erhöht haben.

Beste Grüße"
"Kathrin Grüttner","Kathrin","Grüttner","Bid Managerin","Berlin Metropolitan Area","telent GmbH","telent.de","https://www.linkedin.com/in/kathringruettner/","A","https://oeffentlichevergabe.de/api/notices/f5441118-8d94-4e25-84ac-0f679cc78803?format=pdf","zuschlag_erschlossen","P1C_alleinbieter","2026-09-03","0","0","Die Autobahn GmbH des Bundes - NL Nord;Fachstelle Maschinenwesen Süd beim WSA Donau MDK","dovs",2,,"kathrin.gruettner@telent.de","Sehr geehrte Frau Grüttner,

ich habe gesehen, dass telent sich auf InnoTrans und it‑sa 2026 sowie mit einem Beitrag zur 20‑jährigen Unternehmensgeschichte positioniert – ein klares Signal, Ihre Expertise in Netzwerken, Cybersecurity und Managed Services sichtbar zu machen. Solche Messe‑ und Veranstaltungsaktivitäten zeigen, dass Sie aktiv Marktchancen erschließen und regulatorische Themen vorantreiben.

Als Bid Managerin kennen Sie sicher die operativen Fallstricke: verstreute Fristen auf Landesportalen, wiederkehrende Nachweispakete und die Gefahr, dass EVB‑IT‑Klauseln oder Zertifikatsanforderungen ein Angebot schon im Anhang disqualifizieren. Das bindet Personentage und erhöht das Risiko bei Urlaub oder Fluktuation.

Patterno bündelt über 4.500 Vergabequellen, liest Vergabeunterlagen in Sekunden und liefert Go/No‑Go‑Entscheidungen samt verlinkten Fundstellen. Für telent bedeutet das: weniger Suchaufwand, schnellere Eignungsprüfungen (BSI/ISO/Präqualifikation) und freie Kapazität für Kalkulation und Angebotsqualität.

Lassen Sie uns zu einem 15‑minütigen digitalen Kaffeetrinken treffen? Ich zeige Ihnen, wie andere IT‑Systemhäuser ihre Bid‑Kapazität gesteigert haben.

Beste Grüße","Sehr geehrte Frau Grüttner,

ich habe gesehen, dass telent sich mit Veranstaltungen wie InnoTrans und it‑sa 2026 sowie dem Beitrag zur 20‑jährigen Unternehmensgeschichte aktiv als Spezialist für Netzwerke, Cybersecurity und Managed Services positioniert. Solche Messe‑ und Veranstaltungsbeteiligungen unterstreichen Ihre Marktpräsenz und das Engagement, regulatorische Umsetzungsfragen sichtbar voranzutreiben.

Als Bid Managerin kennen Sie die täglichen Engpässe: verstreute Fristen über zahlreiche Landes‑ und Kommunalportale sowie wiederkehrende Eignungsnachweise (BSI, ISO, Präqualifikation), die Zeit und Kapazität binden. Genau hier automatisiert Patterno die Sichtung und Prüfung — alle Portale in einem Posteingang, Go/No‑Go‑Entscheid in Minuten, jeder Befund mit zitierbarer Fundstelle.

Patterno wurde 2025 in Hamburg gegründet und wird bereits von über 100 Teams genutzt; die Plattform bündelt mehr als 4.500 Vergabequellen und erstellt aus Vergabeunterlagen in Sekunden verwertbare Befunde und Angebotsbausteine. Das Ergebnis: mehr Markttransparenz, schnellere Entscheidungen und mehr Kapazität für Kalkulation und Angebotsqualität.

Lassen Sie uns zu einem 15‑minütigen digitalen Kaffeetrinken treffen? Ich zeige Ihnen, wie andere IT‑Systemhäuser ihre Bid‑Kapazität gesteigert haben.

Beste Grüße","Sehr geehrte Frau Grüttner,

Haben Sie meine letzte E‑Mail erhalten? Ich habe gesehen, dass telent sich mit InnoTrans, it‑sa 2026 und dem Beitrag zur 20‑jährigen Unternehmensgeschichte klar als KRITIS‑Spezialist für Netzwerke, Cybersecurity und Managed Services positioniert – ein deutliches Signal, Marktchancen aktiv zu nutzen und regulatorische Themen voranzutreiben.

Als Bid Managerin sind Ihnen sicher die operativen Fallstricke vertraut: verstreute Fristen auf Landesportalen, wiederkehrende Nachweispakete und formale Fallen wie EVB‑IT‑Klauseln, die Angebote schon im Anhang disqualifizieren. Das bindet Personentage und macht Kapazitätsplanung bei Urlaub oder Fluktuation fragil.

Patterno bündelt über 4.500 Vergabequellen, liest Vergabeunterlagen in Sekunden und liefert belastbare Go/No‑Go‑Entscheidungen mit verlinkten Fundstellen – das reduziert Suchaufwand, beschleunigt Eignungsprüfungen (BSI/ISO/Präqualifikation) und schafft Kapazität für Kalkulation und Angebotsqualität.

Der Angebotsprozess ist nachweislich repetitiv und fragmentiert; Automatisierung hebt die Bid‑Kapazität als wirtschaftlichen Hebel. Lassen Sie uns zu einem 15‑minütigen digitalen Kaffeetrinken treffen? Ich zeige Ihnen, wie andere IT‑Systemhäuser ihre Bid‑Kapazität gesteigert haben.

Beste Grüße"
"Timon Hammerschmidt","Timon","Hammerschmidt","Bid Manager","Essen, North Rhine-Westphalia, Germany","SThree GmbH","sthree.com","https://www.linkedin.com/in/timon-hammerschmidt-6597b5256/","A","https://oeffentlichevergabe.de/api/notices/bb53b292-a02b-43b7-a566-5a7f7de0ed7e?format=pdf","teilnahme_offen","P1D_ausgang_offen","2026-09-22","0","0","BG-Phoenics GmbH;DAK-Gesundheit;Komm.ONE AöR;Land Baden-Württemberg vertreten durch die IT Baden-Württemberg;Land Baden-Württemberg vertreten durch die IT-Baden-Württemberg (BITBW)","dovs",8,,"t.hammerschmidt@sthree.com","Sehr geehrter Herr Hammerschmidt,

Glückwunsch zur abgeschlossenen TIP-Rollout bei SThree und den jüngsten Trading-Updates – das zeigt, dass Sie Technik und Datenarbeit vorantreiben. Auch Ihre Studien zur STEM-Arbeitswelt deuten darauf hin, dass Sie datengetriebene Prozesse und Skalierbarkeit intern hoch priorisieren.

Als Bid Manager kennen Sie die täglichen Fallen: verstreute Fristen über Landesportale, formale EVB‑IT-/UfAB‑Kriterien wie BSI-Grundschutz oder ISO 27001, und die Gefahr, dass ein Ausschlusskriterium im Anhang ein Angebot entwertet. Gleichzeitig bindet die Marktfragmentierung Kapazität, die Sie hoffentlich nicht durch personelle Aufstockung lösen wollen.

Patterno bündelt über 4.500 Quellen, liest Vergabeunterlagen in Sekunden und liefert Go/No‑Go‑Entscheidungen sowie verlinkte Befunde für Kalkulation und Bieterfragen. Für IT‑Rahmenverträge und Mehrlosverfahren sehen Sie so früh, ob ein Los überhaupt passt – ohne Tagessichtung von Landesportalen.

Lassen Sie uns zu einem 15‑minütigen digitalen Kaffeetrinken treffen? Ich zeige Ihnen, wie andere Bid‑Teams ihre Trefferquote und Kapazität ohne zusätzliche Köpfe gesteigert haben.

Beste Grüße","Sehr geehrter Herr Hammerschmidt,

Glückwunsch zum abgeschlossenen TIP‑Rollout bei SThree und den positiven Trading‑Updates – das unterstreicht Ihre konsequente Ausrichtung auf Technik, Daten und operative Skalierbarkeit. Auch die regelmäßigen Studien zur STEM‑Arbeitswelt deuten darauf hin, dass Sie datengetriebene Entscheidungsprozesse und Transparenz intern hoch priorisieren.

Als Bid Manager begegnen Ihnen typischerweise zwei Herausforderungen: verstreute Fristen und Vergabequellen, die Zeit binden, sowie formale K.-o.-Kriterien (EVB‑IT, BSI/ISO‑Nachweise), die ein Angebot auch im Anhang entwerten können. Beides reduziert die Kapazität für Kalkulation und Angebotsqualität.

Patterno bündelt über 4.500 Vergabeportale, liest Vergabeunterlagen in Sekunden und liefert belastbare Go/No‑Go‑Befunde mit verlinkten Nachweisen – so haben Bid‑Teams früh Klarheit über Losstruktur, Eignungsanforderungen und Ausschlusskriterien. Das spart täglich Stunden an Sichtungsarbeit und erhöht die Trefferquote ohne zusätzliche Köpfe.

Lassen Sie uns zu einem 15‑minütigen digitalen Kaffeetrinken treffen? Ich zeige Ihnen, wie andere Bid‑Teams ihre Kapazität und Abschlussrate gesteigert haben.

Beste Grüße","Sehr geehrter Herr Hammerschmidt,

Haben Sie meine letzte E‑Mail erhalten? Angesichts des abgeschlossenen TIP‑Rollouts und der positiven Trading‑Updates wollte ich kurz nachfassen: Glückwunsch — das unterstreicht, dass SThree Technik und datengetriebene Prozesse hoch priorisiert.

Als Bid Manager kennen Sie die täglichen Fallen: verstreute Fristen über Landesportale, formale EVB‑IT-/UfAB‑Kriterien wie BSI‑Grundschutz oder ISO 27001 und die Gefahr, dass ein K.-o.-Kriterium im Anhang ein komplettes Angebot entwertet. Gleichzeitig kostet die Fragmentierung des Marktes Kapazität, die Sie kaum durch zusätzliche Köpfe lösen wollen.

Patterno bündelt über 4.500 Vergabequellen, liest Vergabeunterlagen in Sekunden und liefert belastbare Go/No‑Go‑Entscheidungen samt verlinkten Befunden für Kalkulation und Bieterfragen. Für IT‑Rahmenverträge und Mehrlosverfahren erkennen Sie sofort, ob ein Los passt – ohne tägliche Sichtung der Landesportale. Dadurch gewinnen Teams Marktabdeckung, Entscheidungs‑Tempo und Kapazität zurück, ohne neue Stellen zu schaffen.

Lassen Sie uns zu einem 15‑minütigen digitalen Kaffeetrinken treffen? Ich zeige Ihnen, wie andere Bid‑Teams ihre Trefferquote und Kapazität ohne zusätzliche Köpfe gesteigert haben.

Beste Grüße"
"Jan Wintjens","Jan","Wintjens","Senior Bid Manager","Düsseldorf, North Rhine-Westphalia, Germany","SThree GmbH","sthree.com","https://www.linkedin.com/in/jan-wintjens-457a42199/","A","https://oeffentlichevergabe.de/api/notices/bb53b292-a02b-43b7-a566-5a7f7de0ed7e?format=pdf","teilnahme_offen","P1D_ausgang_offen","2026-09-22","0","0","BG-Phoenics GmbH;DAK-Gesundheit;Komm.ONE AöR;Land Baden-Württemberg vertreten durch die IT Baden-Württemberg;Land Baden-Württemberg vertreten durch die IT-Baden-Württemberg (BITBW)","dovs",8,,"j.wintjens@sthree.com","Sehr geehrter Herr Wintjens,

Ich konnte keine aktuellen Pressemeldungen zu SThree verlässlich auslesen, deshalb spreche ich Sie direkt als Senior Bid Manager der SThree GmbH an: Ihre Rolle verlangt präzise Go/No‑Go‑Entscheidungen und stabile Prozesse über viele Auftraggeber hinweg — das kenne ich aus Gesprächen mit Bid‑Teams ähnlicher Größe.

Viele Bid‑Manager klagen über verstreute Fristen, wechselnde Eignungsanforderungen (BSI, ISO 27001, Präqualifikation) und die Zeit, die das Querlesen von Losstrukturen kostet. Bei EVB‑IT‑Verträgen entscheidet oft ein Detail im Anhang über Zulassung oder Ausschluss — und das Risiko wächst mit der Zahl der Portale und Verfahren.

Patterno bündelt über 4.500 Quellen, liest Vergabeunterlagen in Sekunden und markiert K.o.-Kriterien samt Fundstelle. So haben Sie Go/No‑Go in zwei Minuten und vermeiden verlorene Personentage durch manuelle Sichtung. Für ein IT‑Segment mit vielen Rahmenverträgen und Mehrlosverfahren ist das Kapazitätshebel statt weiterer Einstellung.

Lassen Sie uns zu einem 15‑minütigen digitalen Kaffeetrinken treffen? Ich zeige Ihnen, wie andere Bid‑Teams schneller entscheiden und mehr passende Verfahren finden.

Beste Grüße","Sehr geehrter Herr Wintjens,

SThree ist für seine Spezialisierung auf technische Fachkräfte bekannt – als Senior Bid Manager steuern Sie vermutlich zahlreiche Rahmenverträge und Mehrlosverfahren, die typischerweise über verschiedene Landes‑ und Kommunalportale laufen. Ihre Rolle verlangt belastbare Go/No‑Go‑Entscheidungen und schnelle Einsicht in Eignungsanforderungen, damit Angebote nicht an formalen Hürden scheitern.

Viele Bid‑Manager erleben, dass Fristen, Nachweisanforderungen (BSI, ISO 27001, Präqualifikation) und die komplexe Losstruktur Zeitfresser sind und kalkulatorische Arbeit verzögern. Besonders bei EVB‑IT‑Anlagen entscheidet oft ein Detail im Anhang über Zulassung oder Ausschluss.

Patterno bündelt über 4.500 Vergabequellen, analysiert komplette Vergabeunterlagen in Sekunden und markiert K.O.-Kriterien mit Fundstelle – Go/No‑Go in zwei Minuten statt Stunden manueller Sichtung. Für IT‑Anbieter wie SThree reduziert das verlorene Personentage, erhöht Trefferqualität und erlaubt mehr qualifizierte Bewerbungen ohne zusätzliche Köpfe.

Lassen Sie uns zu einem 15‑minütigen digitalen Kaffeetrinken treffen? Ich zeige Ihnen konkret, wie andere Bid‑Teams schneller entscheiden und mehr passende Verfahren finden.

Beste Grüße","Sehr geehrter Herr Wintjens,

Haben Sie meine letzte Email erhalten? Ich konnte keine aktuellen Pressemeldungen zu SThree verlässlich auslesen, deshalb spreche ich Sie direkt als Senior Bid Manager der SThree GmbH an: Ihre Rolle verlangt präzise Go/No‑Go‑Entscheidungen und stabile Prozesse über viele Auftraggeber hinweg — das kenne ich aus Gesprächen mit Bid‑Teams ähnlicher Größe.

Viele Bid‑Manager klagen über verstreute Fristen, wechselnde Eignungsanforderungen (BSI, ISO 27001, Präqualifikation) und die Zeit, die das Querlesen von Losstrukturen kostet. Bei EVB‑IT‑Verträgen entscheidet oft ein Detail im Anhang über Zulassung oder Ausschluss — und das Risiko wächst mit der Zahl der Portale und Verfahren.

Patterno bündelt über 4.500 Quellen, liest Vergabeunterlagen in Sekunden und markiert K.-o.-Kriterien samt Fundstelle. So haben Sie Go/No‑Go in zwei Minuten, vermeiden verlorene Personentage durch manuelle Sichtung und schaffen Kapazität für Kalkulation und Angebotsqualität statt reiner Portalrecherche.

Lassen Sie uns zu einem 15‑minütigen digitalen Kaffeetrinken treffen? Ich zeige Ihnen, wie andere Bid‑Teams schneller entscheiden und mehr passende Verfahren finden.

Beste Grüße"
"Steffi Plohmann","Steffi","Plohmann","Senior Bid Manager","Hamburg, Germany","Allgeier Public SE","allgeier-public.eu","https://www.linkedin.com/in/steffi-plohmann-640bb8275/","A","https://oeffentlichevergabe.de/api/notices/b7425f05-4e37-48ec-953c-b63af7d2e639?format=pdf","zuschlag_erschlossen","P1C_alleinbieter","2026-08-05","0","0","Komm.ONE AöR;Land Baden-Württemberg vertreten durch die IT Baden-Württemberg;Land Hessen, vertreten durch die Hessische Zentrale für Datenverarbeitung;Oberfinanzdirektion Baden-Württemberg - LZfD;Rechenzentrum der Finanzverwaltung des Landes NRW","dovs",6,,"steffi.plohmann@allgeier-public.eu","Sehr geehrte Frau Plohmann,

Ich habe keine aktuellen Pressemeldungen zu Allgeier Public SE gefunden, aber Ihr Profil als Senior Bid Manager signalisiert klar: Sie steuern komplexe, formale Vergabeprozesse – oft über Landesportale und kommunale Plattformen. Genau dort entstehen die versteckten Risiken, die Projekte unnötig kosten.

Bid-Kapazität, verstreute Fristen und EVB-IT-/UfAB-Fallen sind typische Stolpersteine: Ein fehlender BSI‑Nachweis oder eine Nachunternehmerregelung kann eine Kalkulation sofort entwerten. Wenn Ihr Team viele Lose und unterschiedliche Auftraggeber sichten muss, bindet das Personentage und erhöht das Risiko, dass Wissen an einzelnen Köpfen hängt.

Patterno bündelt über 4.500 Quellen, liest Vergabeunterlagen in Sekunden und markiert K.-o.-Kriterien sowie Eignungsanforderungen mit Verweis auf die Fundstelle. Für Allgeier Public SE heißt das: schnelle Go/No‑Go‑Entscheidungen, weniger Ausschluss‑Fehler und mehr Kapazität für Kalkulation und Strategie – ohne zusätzliches Personal.

Lassen Sie uns zu einem 15-minütigen digitalen Kaffeetrinken treffen? Ich zeige Ihnen, wie andere IT‑Teams genau das erreicht haben.

Beste Grüße","Sehr geehrte Frau Plohmann,

Ihr Profil als Senior Bid Manager bei Allgeier Public SE zeigt deutlich: Sie koordinieren formale Vergabeprozesse mit vielen Loselementen und klaren Compliance-Anforderungen. Die Kombination aus Rahmenverträgen und kommunalen Plattformen verlangt ständige Aufmerksamkeit für Fristen, Eignungsnachweise und Vertragsklauseln.

Typische Engpässe sind bekannt: verstreute Fristen über mehrere Portale und das Risiko, dass ein fehlender BSI‑Nachweis oder eine Nachunternehmerregelung eine Kalkulation entwertet. Wenn Wissen an einzelnen Personen hängt, reduziert das Ihre Skalierbarkeit und erhöht Ausschlussrisiken.

Patterno bündelt über 4.500 Quellen, liest Vergabeunterlagen in Sekunden und markiert K.-o.-Kriterien inklusive Fundstellenreferenz — das liefert schnelle, belastbare Go/No‑Go‑Entscheidungen. Für Allgeier Public SE bedeutet das weniger Ausschlussfehler, geringere Personentage pro Sichtung und mehr Kapazität für Kalkulation und Strategie.

Lassen Sie uns zu einem 15-minütigen digitalen Kaffeetrinken treffen? Ich zeige Ihnen, wie andere IT‑Teams dadurch mehr Verfahren effizient und regelkonform bearbeiten.

Beste Grüße","Sehr geehrte Frau Plohmann,

Haben Sie meine letzte E‑Mail erhalten? Ich wollte kurz nachfassen, weil Ihr Profil als Senior Bid Manager zeigt: Sie steuern komplexe, formale Vergabeprozesse – oft über Landesportale und kommunale Plattformen. Genau dort entstehen die versteckten Risiken, die Projekte unnötig verteuern.

Bid‑Kapazität, verstreute Fristen und EVB‑IT/UfAB‑Fallen sind typische Stolpersteine: Ein fehlender BSI‑Nachweis oder eine Nachunternehmerregelung kann eine Kalkulation sofort entwerten. Wenn Ihr Team viele Lose und unterschiedliche Auftraggeber sichten muss, bindet das Personentage und erhöht das Risiko, dass Wissen an einzelnen Köpfen hängt.

Patterno bündelt über 4.500 Quellen, liest Vergabeunterlagen in Sekunden und markiert K.-o.-Kriterien sowie Eignungsanforderungen mit Verweis auf die Fundstelle. Für Allgeier Public SE heißt das: schnelle Go/No‑Go‑Entscheidungen, weniger Ausschluss‑Fehler und mehr Kapazität für Kalkulation und Strategie – ohne zusätzliches Personal.

Lassen Sie uns zu einem 15‑minütigen digitalen Kaffeetrinken treffen? Ich zeige Ihnen, wie andere IT‑Teams genau das erreicht haben.

Beste Grüße"
"Björn Rauschenbach","Björn","Rauschenbach","Teamleiter Sales Consulting / Bid Manager","Wiesbaden, Hesse, Germany","ORDIX AG","ordix.de","https://www.linkedin.com/in/björn-rauschenbach-356116285/","A","https://oeffentlichevergabe.de/api/notices/bc6bf89f-41a9-434d-a805-c0767738c774?format=pdf","teilnahme_offen","P1D_ausgang_offen","2026-06-22","0","0","Deutsche Bundesbank, Zentralbereich Beschaffungen;Komm.ONE AöR;Rechenzentrum der Finanzverwaltung des Landes NRW","dovs",3,,"bjoern.rauschenbach@ordix.de","Sehr geehrter Herr Rauschenbach,

Ihr technischer Beitrag zur MySQL InnoDB Cluster‑Erweiterung („Read Replicas“, Dez. 2024) zeigt, dass ORDIX tiefe Expertise in skalierbarer Dateninfrastruktur hat — ein klarer Vorteil bei IT‑Rahmenverträgen. Als Teamleiter Sales Consulting / Bid Manager wissen Sie, wie schnell gute technische Lösungen in Vergabeverfahren an formalen Eignungskriterien scheitern können.

Viele IT‑Angebote verlieren Zeit und Chancen durch verstreute Portalsichtungen, fehlende Eignungsnachweise (BSI, ISO 27001) und Sammellos‑Strukturen, die erst in den Unterlagen entlarvt werden. Bid‑Kapazität ist rar; jede Stunde in Recherche fehlt für Kalkulation und Strategie.

Patterno bündelt über 4.500 Quellen, liest Vergabeunterlagen in Sekunden und markiert K.-o.-Kriterien samt Fundstelle — Go/No‑Go in zwei Minuten. Für ORDIX heißt das: weniger Fehlstarts, schnellere Entscheidung über passende Lose und entlastete Bid‑Teams, sodass Ihre Experten mehr Zeit für Angebotsqualität und technische Differenzierung haben.

Lassen Sie uns zu einem 15‑minütigen digitalen Kaffeetrinken treffen? Ich zeige Ihnen, wie andere IT‑Systemhäuser ihre Trefferquote erhöht haben.

Beste Grüße","Sehr geehrter Herr Rauschenbach,

Ihr technischer Beitrag zur MySQL InnoDB Cluster‑Erweiterung („Read Replicas“, Dez. 2024) und der Jahresrückblick 2024 zeigen, dass ORDIX klare Expertise in skalierbarer Dateninfrastruktur und fundierter technischer Analyse pflegt. Das macht ORDIX zu einem starken Kandidaten für komplexe Rahmenverträge, in denen technische Differenzierung zählt.

Gleichzeitig wissen Sie als Teamleiter Sales Consulting / Bid Manager, wie formale Eignungsanforderungen (BSI, ISO 27001) und versteckte Losstrukturen Angebote schnell disqualifizieren können. Zeitintensive Portalrecherchen und das manuelle Prüfen langer Vergabeunterlagen binden Bid‑Kapazität, die für Kalkulation und Strategie fehlt.

Patterno bündelt über 4.500 Vergabeportale, liest komplette Vergabeunterlagen in Sekunden und markiert K.-o.-Kriterien samt Fundstelle – Go/No‑Go in zwei Minuten. Für ORDIX bedeutet das: weniger Fehlstarts, schnellere Entscheidung über passende Lose und entlastete Bid‑Teams, damit Ihre Experten mehr Zeit für technische Differenzierung und Angebotsqualität haben.

Lassen Sie uns zu einem 15‑minütigen digitalen Kaffeetrinken treffen? Ich zeige Ihnen, wie andere IT‑Systemhäuser ihre Trefferquote erhöht haben.

Beste Grüße","Sehr geehrter Herr Rauschenbach,

Haben Sie meine letzte Email erhalten? Ihr technischer Beitrag zur MySQL InnoDB Cluster‑Erweiterung („Read Replicas“, Dez. 2024) zeigt, dass ORDIX tiefe Expertise in skalierbarer Dateninfrastruktur hat — ein klarer Vorteil bei IT‑Rahmenverträgen. Als Teamleiter Sales Consulting / Bid Manager wissen Sie, wie schnell gute technische Lösungen in Vergabeverfahren an formalen Eignungskriterien scheitern können.

Viele IT‑Angebote verlieren Zeit und Chancen durch verstreute Portalsichtungen, fehlende Eignungsnachweise (BSI, ISO 27001) und Sammellos‑Strukturen, die erst in den Unterlagen entlarvt werden. Bid‑Kapazität ist rar; jede Stunde in Recherche fehlt für Kalkulation und Strategie.

Patterno bündelt über 4.500 Quellen, liest Vergabeunterlagen in Sekunden und markiert K.-o.-Kriterien samt Fundstelle — Go/No‑Go in zwei Minuten. Für ORDIX heißt das: weniger Fehlstarts, schnellere Entscheidung über passende Lose und entlastete Bid‑Teams, sodass Ihre Experten mehr Zeit für Angebotsqualität und technische Differenzierung haben.

Lassen Sie uns zu einem 15‑minütigen digitalen Kaffeetrinken treffen? Ich zeige Ihnen, wie andere IT‑Systemhäuser ihre Trefferquote erhöht haben.

Beste Grüße"
"Juliane Mueller","Juliane","Mueller","Bid Manager","Leipzig, Sachsen, Deutschland","SINC Gmbh","sinc.de","https://www.linkedin.com/in/juliane-mueller/","A","https://oeffentlichevergabe.de/api/notices/2d0bafc5-2e74-4eb5-8b12-39b027e8c78d?format=pdf","zuschlag_erschlossen","P1C_alleinbieter","2026-07-23","0","0","FWU Institut für Film und Bild in Wissenschaft und Unterricht gGmbH;IT-Dienstleistungszentrum Berlin (AöR);Kassenärztliche Vereinigung Baden-Württemberg;Land Baden-Württemberg vertreten durch die IT Baden-Württemberg;Land Bayern, vertreten durch das Bayerische Staatsministerium der Justiz","dovs",7,,"juliane.mueller@sinc.de","Sehr geehrte Frau Mueller,

SINC bringt offenbar über 25 Jahre Erfahrung in der Digitalisierung des öffentlichen Sektors — auf der Startseite wirkt das sehr fokussiert, öffentliche Ankündigungen oder News waren allerdings nicht auffindbar. Als Bid Managerin bei SINC kennen Sie die tägliche Flut an Landesportalen und Kommunalplattformen sicher aus erster Hand.

Typische Fallstricke treffen genau Ihre Rolle: verstreute Fristen, formal kritische EVB‑IT-/UfAB‑Fallen, immer wieder neu zu sammelnde Nachweispakete und die Abhängigkeit von individuellem Expertenwissen. Das kostet Personentage und birgt Angebotsrisiken, besonders bei Rahmenvereinbarungen und Mehrlosvergaben.

Patterno bündelt über 4.500 Quellen, liefert eine qualifizierte Trefferliste und liest Vergabeunterlagen vollautomatisch in Sekunden — mit Erkennung von K.-o.-Kriterien, Eignungsanforderungen und verlinkten Fundstellen. Ergebnis: Go/No‑Go in zwei Minuten und belastbare Nachweispakete statt mühseligem Querlesen.

Lassen Sie uns zu einem 15‑minütigen digitalen Kaffeetrinken treffen? Ich zeige Ihnen, wie andere IT‑Dienstleister ihre Bid‑Kapazität ohne zusätzliches Personal skaliert haben.

Beste Grüße","Sehr geehrte Frau Mueller,

SINC bringt über 25 Jahre Erfahrung in der Digitalisierung des öffentlichen Sektors mit — eine beeindruckende Basis für stabile Framework‑Verträge und kommunale Projekte. Ihre Rolle als Bid Managerin macht Sie zur Schlüsselperson, wenn komplexe Losstrukturen und Eignungsnachweise frühzeitig bewertet werden müssen.

Typische Painpoints sind verstreute Fristen über Landes‑ und Kommunalportale sowie immer wieder neu zu schnürende Nachweispakete, die Zeit und Know‑how binden. EVB‑IT‑/UfAB‑Formalien und versteckte K.-o.-Kriterien können selbst gut kalkulierte Angebote entwerten.

Patterno bündelt Ausschreibungen aus über 4.500 Portalen, liest Vergabeunterlagen in Sekunden und markiert Fristen, Losstruktur und Eignungsanforderungen mit belegten Fundstellen. Für Bid Manager heißt das: Go/No‑Go‑Entscheidungen in zwei Minuten, belastbare Nachweispakete ohne stundenlanges Querlesen und Skalierung der Bid‑Kapazität ohne zusätzliches Personal.

Lassen Sie uns zu einem 15‑minütigen digitalen Kaffeetrinken treffen? Ich zeige Ihnen, wie andere IT‑Dienstleister ihre Angebote effizienter und risikoärmer strukturieren.

Beste Grüße","Sehr geehrte Frau Mueller,

Haben Sie meine letzte Email erhalten? SINC bringt offenbar über 25 Jahre Erfahrung in der Digitalisierung des öffentlichen Sektors — auf der Startseite wirkt das sehr fokussiert, öffentliche Ankündigungen oder News waren allerdings nicht auffindbar. Als Bid Managerin bei SINC kennen Sie die tägliche Flut an Landesportalen und Kommunalplattformen sicher aus erster Hand.

Typische Fallstricke treffen genau Ihre Rolle: verstreute Fristen, formal kritische EVB‑IT-/UfAB‑Fallen, immer wieder neu zu sammelnde Nachweispakete und die Abhängigkeit von individuellem Expertenwissen. Das kostet Personentage und erhöht Angebotsrisiken, besonders bei Rahmenvereinbarungen und Mehrlosvergaben.

Patterno bündelt über 4.500 Quellen, liefert eine qualifizierte Trefferliste und liest Vergabeunterlagen vollautomatisch in Sekunden — inklusive Erkennung von K.-o.-Kriterien, Eignungsanforderungen und verlinkten Fundstellen. Ergebnis: Go/No‑Go in zwei Minuten und belastbare Nachweispakete statt mühseligem Querlesen.

Lassen Sie uns zu einem 15‑minütigen digitalen Kaffeetrinken treffen? Ich zeige Ihnen, wie andere IT‑Dienstleister ihre Bid‑Kapazität ohne zusätzliches Personal skaliert haben.

Beste Grüße"
"Norma Meyer","Norma","Meyer","Bid Manager","Leipzig, Saxony, Germany","SEITENBAU","seitenbau.com","https://www.linkedin.com/in/norma-meyer-0a4656254/","A","https://oeffentlichevergabe.de/api/notices/c453e44e-c30f-46b6-905f-f8e821167f92?format=pdf","zuschlag_erschlossen","P1C_alleinbieter","2026-09-04","0","0","Beschaffungsamt des BMI;Bundesrepublik Deutschland, vertreten durch das Bundesministerium des Innern und für Heimat, vertreten durch das Beschaffungsamt des BMI;Bundesrepublik Deutschland, vertreten durch das Bundesministerium des Innern, vertreten durch das Beschaffungsamt des BMI;Das Saarland, vertreten durch das  Ministerium für Wirtschaft, Innovation, Digitales und Energie;Deutscher Bundestag","dovs",6,,"norma.meyer@seitenbau.com","Sehr geehrte Frau Meyer,

bei der Recherche zu SEITENBAU (seitenbau.com) finde ich keine aktuellen Presse‑ oder Produktmeldungen; Ihr LinkedIn‑Profil war wegen Limitierungen nur eingeschränkt einsehbar. Das macht Ihre Position als Bid Manager umso interessanter: Sie managen offenbar Angebote in einem Umfeld, das viele Versteckfallen bereithält.

Typische Schmerzpunkte, die wir bei IT‑Systemhäusern sehen: verstreute Fristen über Landes‑ und Kommunalportale, wiederkehrende Nachweispakete (BSI, ISO, Präqualifikation) und die Gefahr, dass ein formales Ausschlusskriterium beim Querlesen übersehen wird. Das bindet Kapazität und erhöht Ausfallrisiken bei Personalwechsel.

Patterno bündelt über 4.500 Quellen, liest Vergabeunterlagen in ~30 Sekunden und markiert K.O.-Kriterien, Eignungsnachweise und Losstruktur mit Verweis auf die Fundstelle. Für Bid Manager heißt das: Go/No‑Go in zwei Minuten, weniger Personentage für Sichtung und zuverlässige Nachweis‑Pakete statt manueller Sammelarbeit.

Lassen Sie uns zu einem 15‑minütigen digitalen Kaffeetrinken treffen? Ich zeige Ihnen, wie andere IT‑Teams ihre Bid‑Kapazität skaliert haben.

Beste Grüße","Sehr geehrte Frau Meyer,

Ihre Arbeit als Bid Managerin bei SEITENBAU zeigt, dass Sie komplexe IT‑Ausschreibungen koordinieren und interne Expertise konsistent in Angebote überführen — eine anspruchsvolle Aufgabe, die Struktur und Sorgfalt verlangt. SEITENBAUs Fokus auf digitale Lösungen macht die Teilnahme an Rahmenverträgen und mehrlosen Vergaben besonders relevant für Ihr Team.

Zwei typische Punkte aus dem Bid‑Alltag: Fristen und Nachweispakete verteilen sich auf zahlreiche Landes‑ und Kommunalportale, und formale K.-o.-Kriterien (BSI/ISO, Präqualifikation, Nachunternehmerregelungen) stehen oft im Anhang. Beides bindet Kapazität und erhöht das Risiko, dass ein passendes Los übersehen wird.

Patterno bündelt 4.500+ Vergabequellen, liest Vergabeunterlagen in ~30 Sekunden und markiert K.-o.-Kriterien, Losstruktur und Eignungsanforderungen mit exakter Fundstelle. Für Bid Manager bedeutet das: Go/No‑Go in zwei Minuten, weniger Sichtungsaufwand und automatisierte Nachweispakete statt manueller Recherche.

Lassen Sie uns zu einem 15‑minütigen digitalen Kaffeetrinken treffen? Ich zeige Ihnen, wie andere IT‑Teams ihre Bid‑Kapazität skaliert haben.

Beste Grüße","Sehr geehrte Frau Meyer,

Haben Sie meine letzte Email erhalten? Bei der Recherche zu SEITENBAU (seitenbau.com) finde ich keine aktuellen Presse‑ oder Produktmeldungen; Ihr LinkedIn‑Profil war wegen Limitierungen nur eingeschränkt einsehbar. Das macht Ihre Position als Bid Manager umso interessanter: Sie managen offenbar Angebote in einem Umfeld, das viele Versteckfallen bereithält.

Typische Schmerzpunkte, die wir bei IT‑Systemhäusern sehen: verstreute Fristen über Landes‑ und Kommunalportale, wiederkehrende Nachweispakete (BSI, ISO, Präqualifikation) und die Gefahr, dass ein formales Ausschlusskriterium beim Querlesen übersehen wird. Das bindet Kapazität und erhöht Ausfallrisiken bei Personalwechsel. Patterno bündelt über 4.500 Quellen, liest Vergabeunterlagen in ~30 Sekunden und markiert K.O.-Kriterien, Eignungsnachweise und Losstruktur mit Verweis auf die Fundstelle – Go/No‑Go in zwei Minuten.

Für seitenbau.com ist das relevant, weil der Markt fragmentiert ist, Bid‑Kapazität der Flaschenhals bleibt und EVB‑IT/UfAB formale Fallen erzeugen. Automatisierung skaliert Sichtungskapazität ohne zusätzliche Köpfe.

Lassen Sie uns zu einem 15‑minütigen digitalen Kaffeetrinken treffen? Ich zeige Ihnen, wie andere IT‑Teams ihre Bid‑Kapazität skaliert haben.

Beste Grüße"
"Kirsten Woelk","Kirsten","Woelk","Tender Managerin","Frankfurt, Hesse, Germany","d-fine GmbH","d-fine.com","https://www.linkedin.com/in/kirsten-woelk-43ba7b4/","A","https://oeffentlichevergabe.de/api/notices/e32f9e64-511d-4c9f-8179-fdb0e9af034d?format=pdf","zuschlag_benannt","P1_zuschlag_24m","2026-04-01","1","1","Bundesministerium für Arbeit und Soziales;Deutsche Bundesbank, Zentralbereich Beschaffungen;EnBW Energie Baden-Württemberg AG;KfW Bankengruppe;Nahverkehrsverbund Schleswig-Holstein GmbH (NAH.SH GmbH)","dovs",6,,"kirsten.woelk@d-fine.com","Sehr geehrte Frau Woelk,

bei einer kurzen Prüfung Ihrer Unternehmensseite und öffentlichen Einträgen zu d‑fine ist mir aufgefallen, dass es wenig öffentlich scrappbare News gab – was bei beratungs‑ und forschungsintensiven Häusern oft bedeutet, dass Wissen intern sehr datenbasiert und projektorientiert verwaltet wird. Als Tender Managerin wissen Sie, wie schnell formale Vorgaben über Erfolg oder Ausschluss entscheiden.

Typische Schmerzpunkte, die wir bei IT‑Tendern sehen: verstreute Fristen über Landesportale, wiederkehrende Nachweispakete (BSI, ISO 27001) und Sammelvergaben, die erst in den Dokumenten ihre Tauglichkeit offenbaren. Das bindet Personentage und macht Angebote fehleranfällig.

Patterno bündelt über 4.500 Quellen, liest Vergabeunterlagen in Sekunden und markiert K.O.-Kriterien, Eignungsnachweise und Losstrukturen mit direktem Beleglink. Für d‑fine heißt das: weniger manuelle Sichtung, schnellere Go/No‑Go‑Entscheidungen und mehr Kapazität für Kalkulation und Angebotsqualität — ohne zusätzliche Köpfe.

Lassen Sie uns zu einem 15‑minütigen digitalen Kaffeetrinken treffen? Ich zeige Ihnen, wie andere IT‑Teams ihre Bid‑Kapazität skaliert haben.

Beste Grüße","Sehr geehrte Frau Woelk,

d-fine ist mir als datengetriebene Beratung aufgefallen, die komplexe Projekte mit hoher fachlicher Tiefe verbindet – genau die Art von Expertise, die bei öffentlichen IT‑Vergaben gefragt ist. Ihre Rolle als Tender Managerin verlangt sicher ein reproduzierbares, transparentes Vorgehen bei der Prüfung von Vergabeunterlagen.

Aus der Praxis wissen wir: Fristen verteilen sich über zahlreiche Landes‑ und Kommunalportale und Nachweispakete (BSI, ISO 27001, Präqualifikation) müssen für jedes Verfahren neu konsolidiert werden. Sammelvergaben mit fachfremden Losen erhöhen zusätzlich das Risiko, relevante Ausschlusskriterien zu übersehen.

Patterno bündelt über 4.500 Quellen und liest Vergabeunterlagen in Sekunden, erkennt K.O.-Kriterien, Losstrukturen und Eignungsanforderungen mit direktem Beleglink — so werden Go/No‑Go‑Entscheidungen reproduzierbar und belastbar. Für d‑fine bedeutet das: weniger manuelle Sichtung, weniger Risiko beim Einreichen und mehr Kapazität für Kalkulation und Angebotsqualität, ohne zusätzliche Köpfe.

Lassen Sie uns zu einem 15‑minütigen digitalen Kaffeetrinken treffen? Ich zeige Ihnen, wie andere IT‑Teams ihre Bid‑Kapazität skaliert haben.

Beste Grüße","Sehr geehrte Frau Woelk,

Haben Sie meine letzte Email erhalten? Bei einer kurzen Prüfung Ihrer Unternehmensseite und öffentlichen Einträgen zu d‑fine ist mir aufgefallen, dass es wenig öffentlich scrappbare News gab – was bei beratungs‑ und forschungsintensiven Häusern oft bedeutet, dass Wissen intern sehr datenbasiert und projektorientiert verwaltet wird. Als Tender Managerin wissen Sie, wie schnell formale Vorgaben über Erfolg oder Ausschluss entscheiden.

Typische Schmerzpunkte bei IT‑Tendern sind verstreute Fristen über Landesportale, wiederkehrende Nachweispakete (BSI, ISO 27001) und Sammelvergaben, deren Passung sich oft erst im Dokument zeigt; das bindet Personentage und erhöht Fehleranfälligkeit. Wissen, das an Einzelpersonen hängt, macht das Verfahren zusätzlich fragil.

Patterno bündelt über 4.500 Quellen, liest Vergabeunterlagen in Sekunden und markiert K.O.-Kriterien, Eignungsnachweise und Losstrukturen mit direktem Beleglink – für d‑fine bedeutet das weniger manuelle Sichtung, schnellere Go/No‑Go‑Entscheidungen und mehr Kapazität für Kalkulation und Angebotsqualität ohne zusätzliche Köpfe.

Lassen Sie uns zu einem 15‑minütigen digitalen Kaffeetrinken treffen; ich zeige Ihnen, wie andere IT‑Teams ihre Bid‑Kapazität skaliert haben.

Beste Grüße"
"Thorsten Kottler","Thorsten","Kottler","Senior Bid Manager","Wiesental, Baden-Württemberg, Germany","WTG Leitstellentechnik GmbH","wtg.com","https://www.linkedin.com/in/thorsten-kottler-4358a418a/","A","https://oeffentlichevergabe.de/api/notices/8b09ae35-ee0b-4fc4-b914-cdb1976fa847?format=pdf","zuschlag_erschlossen","P1C_alleinbieter","2026-07-22","0","0","Amt für Brandschutz, Rettungsdienst und Zivilschutz;Kreis Coesfeld;Stadt Hamm, Bauverwaltungsamt, Zentrales Beschaffungsmanagement","dovs",3,,"thorsten.kottler@wtg.com","Sehr geehrter Herr Kottler,

Für WTG Leitstellentechnik finde ich spannend, wie verlässliche Leitstellenlösungen und enge Compliance-Anforderungen zusammenspielen — gerade weil öffentliche Auftraggeber immer häufiger IT- und Sicherheitskriterien koppeln. Zu Ihrer Domain wtg.com lagen keine aktuellen Presseeinträge vor; falls Sie aktuell Vergaben vorbereiten, trifft das Timing dennoch.

Als Senior Bid Manager kennen Sie die Fallstricke: EVB‑IT-/UfAB‑Klauseln, Nachunternehmerverbote oder fehlende BSI‑Nachweise können ein Angebot allein durch formale Gründe disqualifizieren. Zudem verteilen sich Fristen und Nachfragen über zahlreiche Landes- und Kommunalportale, was Teamkapazitäten schnell bindet.

Patterno bündelt über 4.500 Quellen, liest Volltexte in Sekunden und markiert K.-o.-Kriterien, Eignungsnachweise und Losstrukturen mit Fundstelle. Das reduziert die Sichtungszeit drastisch und liefert in zwei Minuten ein belastbares Go/No‑Go — ideal, wenn Bid‑Kapazität der Flaschenhals ist und jede Stunde für Kalkulation statt Portallesen arbeiten soll.

Lassen Sie uns zu einem 15‑minütigen digitalen Kaffeetrinken treffen? Ich zeige Ihnen, wie andere Infrastruktur‑ und IT‑Teams mehr Verfahren ohne zusätzliches Personal bearbeiten.

Beste Grüße","Sehr geehrter Herr Kottler,

Ihre Arbeit bei WTG Leitstellentechnik imponiert: Verlässliche Leitstellenlösungen erfordern neben technischer Robustheit ein konsequentes Compliance- und Sicherheitsmanagement. Gerade weil öffentliche Auftraggeber IT- und Sicherheitskriterien zunehmend koppeln, gewinnt die strukturierte Vorbereitung von Angeboten an Bedeutung.

Als Senior Bid Manager wissen Sie, dass formale Fallen wie EVB‑IT-/UfAB‑Klauseln, fehlende BSI‑Nachweise oder Nachunternehmerregelungen ein Angebot sofort disqualifizieren können. Gleichzeitig binden verstreute Fristen und wechselnde Losstrukturen wertvolle Kapazitäten Ihres Teams, sodass weniger Zeit für Kalkulation und Preisstrategie bleibt.

Patterno bündelt über 4.500 Vergabeportale, liest Vergabeunterlagen in Sekunden und identifiziert K.-o.-Kriterien, Eignungsanforderungen und Losstrukturen mit direkter Fundstelle. Die Plattform liefert ein belastbares Go/No‑Go in zwei Minuten und erstellt auf Basis der Dokumente KI‑gestützte Angebotsbausteine, sodass Ihre Bid‑Kapazität effektiv steigt, ohne neues Personal.

Lassen Sie uns zu einem 15‑minütigen digitalen Kaffeetrinken treffen? Ich zeige Ihnen, wie andere IT‑ und Infrastrukturteams mehr Verfahren sauber bearbeiten.

Beste Grüße","Sehr geehrter Herr Kottler,

Haben Sie meine letzte E‑Mail erhalten? Für WTG Leitstellentechnik finde ich spannend, wie verlässliche Leitstellenlösungen und enge Compliance‑Anforderungen zusammenspielen — gerade weil öffentliche Auftraggeber immer häufiger IT‑ und Sicherheitskriterien koppeln. Zu Ihrer Domain wtg.com lagen keine aktuellen Presseeinträge vor; falls Sie Vergaben vorbereiten, trifft das Timing dennoch.

Als Senior Bid Manager kennen Sie die Fallstricke: EVB‑IT/UfAB‑Klauseln, Nachunternehmerverbote oder fehlende BSI‑Nachweise disqualifizieren Angebote oft formell. Fristen und Nachfragen verteilen sich über zahlreiche Landes‑ und Kommunalportale und binden Teamkapazitäten schnell.

Patterno bündelt über 4.500 Quellen, liest Volltexte in Sekunden und markiert K.o.-Kriterien, Eignungsnachweise und Losstrukturen mit Fundstelle. Das reduziert Sichtungszeit drastisch und liefert in zwei Minuten ein belastbares Go/No‑Go — ideal, wenn Bid‑Kapazität der Flaschenhals ist und jede Stunde in Kalkulation statt Portallesen fließen soll.

Lassen Sie uns zu einem 15‑minütigen digitalen Kaffeetrinken treffen? Ich zeige Ihnen, wie andere Infrastruktur‑ und IT‑Teams mehr Verfahren ohne zusätzliches Personal bearbeiten.

Beste Grüße"
"Lukas Reinhardt","Lukas","Reinhardt","Teamleiter / Regionalleiter West Consumer & KMU","Bopfingen, Baden-Württemberg, Germany","NetCom BW GmbH","netcom-bw.de","https://www.linkedin.com/in/lukas-reinhardt1/","A","https://oeffentlichevergabe.de/api/notices/30b47990-f902-4c65-8670-2bf6d81cc964?format=pdf","zuschlag_erschlossen","P1C_alleinbieter","2026-08-14","0","0","Gemeinde Berkheim;Gemeinde Dörzbach;Gemeinde Haunsheim;Gemeinde Medlingen;Gemeinde Moosburg am Federsee","dovs",13,,"lukas.reinhardt@netcom-bw.de","Sehr geehrter Herr Reinhardt,

ich konnte zu NetCom BW online kaum aktuelle Veröffentlichungen finden, deshalb nur kurz: Als Regionalleiter West für Consumer & KMU steuern Sie vermutlich viele lokale IT‑Ausschreibungen und haben wenig Zeit für manuelle Portalrecherche. NetCom BW muss sichtbar bleiben — gerade bei fragmentierten kommunalen Vergaben.

Aus Ihrer Rolle kenne ich die typischen Schmerzen: verstreute Fristen über Landes‑ und Kommunalportale, formale Fallen wie EVB‑IT/BSI‑Nachweise und die Abhängigkeit von einzelnen Bid‑Experten. Jedes übersehenes Kriterium kann eine Kalkulation entwerten und personelle Engpässe bremsen Ihre Abschlussquote.

Patterno bündelt über 4.500 Quellen, filtert nach CPV, Region und Wert und liest Vergabeunterlagen in Sekunden — Go/No‑Go inkl. Fundstelle. Für IT‑Systemhäuser bedeutet das: weniger Personentage für Sichtung, höhere Trefferqualität und skalierbare Bid‑Kapazität ohne neue Stellen.

Lassen Sie uns zu einem 15‑minütigen digitalen Kaffeetrinken treffen? Ich zeige Ihnen, was Patterno in Ihrer letzten Ausschreibung findet.

Beste Grüße","Sehr geehrter Herr Reinhardt,

Glückwunsch zu Ihrer Verantwortung als Teamleiter / Regionalleiter West Consumer & KMU bei NetCom BW — das heißt: Sie steuern regionale Projekte und müssen gleichzeitig operative Teams und Kundenzufriedenheit liefern. Ihre Rolle verlangt pragmatische Lösungen, die schnell Wirkung zeigen und Prozesse entlasten.

Typische Engpässe kenne ich aus vielen IT‑Angebotsprozessen: verstreute Fristen über Landes‑ und Kommunalportale sowie formale Fallen wie EVB‑IT oder BSI‑Nachweise kosten wertvolle Zeit und führen zu verpassten Chancen. Jede Stunde, die in Portalrecherche fließt, fehlt für Kalkulation und Vertrieb.

Patterno bündelt über 4.500 Vergabequellen, filtert nach CPV, Region und Wert und analysiert Vergabeunterlagen in Sekunden — Go/No‑Go inklusive Fundstelle. Für ein Team wie Ihres heißt das: weniger Personentage für Sichtung, höhere Trefferqualität und skalierbare Bid‑Kapazität ohne zusätzliche Köpfe.

Lassen Sie uns zu einem 15‑minütigen digitalen Kaffeetrinken treffen? Ich zeige Ihnen konkret, was Patterno in Ihrer nächsten Ausschreibung findet.

Beste Grüße","Sehr geehrter Herr Reinhardt,

Haben Sie meine letzte Email erhalten? Kurz und konkret: Ich fand online kaum aktuelle Informationen zu NetCom BW, daher nur das Wesentliche für Ihre Rolle als Regionalleiter West Consumer & KMU.

Als Regionalleiter steuern Sie vermutlich zahlreiche lokale IT‑Ausschreibungen und haben keine Zeit für manuelle Portalrecherche. Verstreute Fristen, formale Fallen wie EVB‑IT/BSI‑Nachweise und die Abhängigkeit von einzelnen Bid‑Experten kosten Ihnen Angebote und Zeit.

Patterno bündelt über 4.500 Vergabequellen, filtert nach CPV, Region und Wert und liest Vergabeunterlagen in Sekunden – Go/No‑Go inklusive Fundstelle. Für IT‑Systemhäuser heißt das: deutlich weniger Personentage für Sichtung, höhere Trefferqualität und skalierbare Bid‑Kapazität ohne neue Stellen.

Gerade bei kommunalen und Landesvergaben, die sich über viele Portale verteilen, ist Automatisierung der einzige realistische Hebel gegen Kapazitätsengpässe und formale Ausschlüsse.

Lassen Sie uns zu einem 15‑minütigen digitalen Kaffeetrinken treffen? Ich zeige Ihnen, was Patterno in Ihrer letzten Ausschreibung findet.

Beste Grüße"
"Anja Benz-Hattab","Anja","Benz-Hattab","Senior Bid Managerin","Hannover, Lower Saxony, Germany","Ricoh Deutschland GmbH","ricoh.de","https://www.linkedin.com/in/anja-benz-hattab-835971208/","A","https://oeffentlichevergabe.de/api/notices/fcdaaa02-00e7-45db-af3b-15bb5f7690d9?format=pdf","zuschlag_benannt","P1_zuschlag_24m","2026-06-30","4","3","Bezirksamt Reinickendorf von Berlin;Bundesdruckerei GmbH;Deutsche Bahn AG Konzernleitung (Bukr 10);Landeswohlfahrtsverband Hessen - Zentrale Vergabestelle;Landkreis Dahme-Spreewald","dovs",14,,"anja.benz-hattab@ricoh.de","Sehr geehrte Frau Benz-Hattab,

bei der automatisierten Suche nach Neuigkeiten zu Ricoh Deutschland stieß ich auf technische Hürden — offenbar arbeitet Ricoh weiter an Innovationen wie SynTact und nachhaltigen Services, was gut zu Ihrem Portfolio passen dürfte. Als Senior Bid Managerin wissen Sie, wie schnell sich Anforderungen und Fristen in öffentlichen Vergaben ändern und wie schwer relevante IT-Ausschreibungen zu überblicken sind.

Gerade für IT-Vergaben gilt: EVB‑IT, BSI‑Nachweise oder Nachunternehmerverbote können ein Angebot schon beim Querlesen disqualifizieren. Submissionstermine, verstreute Portale und wiederkehrende Nachweispakete binden bei Ricoh wertvolle Bid-Kapazität — eine Ressource, die knapp ist.

Patterno bündelt über 4.500 Vergabequellen, liest Vergabeunterlagen in Sekunden und liefert Go/No‑Go‑Entscheidungen sowie verlinkte Fundstellen für Kalkulation und Bieterfragen. Für Ricoh bedeutet das weniger Personentage bei Sichtung und höhere Trefferqualität ohne zusätzliche Einstellungen.

Lassen Sie uns zu einem 15-minütigen digitalen Kaffeetrinken treffen? Ich zeige Ihnen, wie andere IT-Teams ihre Bid-Kapazität skaliert haben.

Beste Grüße","Sehr geehrte Frau Benz-Hattab,

bei meiner Recherche zu Ricoh Deutschland fiel auf, dass Ihr Unternehmen aktuell auf Innovationen wie SynTact und nachhaltige Services setzt – Themen, die gut zum IT-Portfolio von Ricoh passen und breite Ausschreibungsrelevanz haben. Als Senior Bid Managerin kennen Sie sicher die Herausforderung, aus verstreuten Portalen rechtzeitig die richtigen IT-Verfahren herauszufiltern.

Typische Schmerzpunkte: EVB‑IT‑Klauseln, BSI‑Nachweise oder Nachunternehmerverbote entscheiden oft bereits beim Querlesen über Ausschluss; und die tägliche Sichtung vieler Quellen bindet bei Ricoh wertvolle Bid‑Kapazität. Patterno adressiert genau das: Wir bündeln über 4.500 Vergabequellen, liefern eine nach CPV/Region/Volumen gefilterte Trefferliste und erkennen K.-o.-Kriterien automatisiert in Sekunden – jeder Befund verlinkt auf die Fundstelle im Originaldokument.

Für Ricoh bedeutet das messbar weniger Personentage in der Sichtung, schnellere Go/No‑Go‑Entscheidungen und mehr Zeit für Kalkulation und Angebotsqualität. 

Lassen Sie uns zu einem 15‑minütigen digitalen Kaffeetrinken treffen? Ich zeige Ihnen, wie andere IT‑Teams ihre Bid‑Kapazität skaliert haben.

Beste Grüße","Sehr geehrte Frau Benz-Hattab,

Haben Sie meine letzte Email erhalten? Bei der automatisierten Suche nach Neuigkeiten zu Ricoh Deutschland stieß ich auf technische Hürden — offenbar arbeitet Ricoh weiter an Innovationen wie SynTact und nachhaltigen Services, was gut zu Ihrem Portfolio passen dürfte. Als Senior Bid Managerin wissen Sie, wie schnell sich Anforderungen und Fristen in öffentlichen Vergaben ändern und wie schwer relevante IT-Ausschreibungen zu überblicken sind.

Gerade für IT-Vergaben gilt: EVB‑IT, BSI‑Nachweise oder Nachunternehmerverbote können ein Angebot schon beim Querlesen disqualifizieren. Submissionstermine, verstreute Portale und wiederkehrende Nachweispakete binden bei Ricoh wertvolle Bid-Kapazität — eine Ressource, die knapp ist.

Patterno bündelt über 4.500 Vergabequellen, liest komplette Vergabeunterlagen in Sekunden und liefert klare Go/No‑Go‑Entscheidungen mit verlinkten Fundstellen für Kalkulation und Bieterfragen. Für Ricoh bedeutet das weniger Personentage bei Sichtung, höhere Trefferqualität und Skalierung der Bid-Kapazität ohne zusätzliche Einstellungen.

Lassen Sie uns zu einem 15‑minütigen digitalen Kaffeetrinken treffen? Ich zeige Ihnen, wie andere IT‑Teams ihre Bid‑Kapazität skaliert haben.

Beste Grüße"