"company_id","legal_name","domain","domain_confidence","domain_source","kandidat_url","kandidat_mail","befund"
"2150 datavault builder","2150 Datavault Builder AG","datavault-builder.com","0.9","amtlich_namensbezug","","datavault-builder.com",""
"3pc","3pc GmbH","3pc.de","0.95","amtlich_bestaetigt","3pc.de","3pc.de",""
"4aces","4ACES GmbH","4aces.de","0.95","amtlich_bestaetigt","4aces.de","4aces.de",""
"4allportal","4ALLPORTAL GmbH","4allportal.com","0.9","amtlich_namensbezug","","4allportal.com",""
"4k analytics","4K Analytics GmbH","4k-analytics.de","0.9","amtlich_namensbezug","","4k-analytics.de",""
"4voice","4voice GmbH","4voice.de","0.95","amtlich_bestaetigt","4voice.de","4voice.de",""
"8com","8com GmbH & Co. KG","8com.de","0.95","amtlich_bestaetigt","8com.de","8com.de",""
"init ag fuer digitale kommunikation","]init[ AG für digitale Kommunikation","init.de","0.95","amtlich_bestaetigt","init.de","init.de",""
"aaa-all about apps","aaa - all about apps GmbH","allaboutapps.at","0.95","amtlich_bestaetigt","allaboutapps.at","allaboutapps.at",""
"ab-data","ab-data GmbH & Co. KG","ab-data.de","0.95","amtlich_bestaetigt","ab-data.de","ab-data.de",""
"ab-informatik","AB-informatik GmbH","ab-informatik.net","0.95","amtlich_bestaetigt","ab-informatik.net","ab-informatik.net",""
"abakus it-solutions germany","ABAKUS IT-SOLUTIONS Germany GmbH","abakusitsolutions.eu","0.95","amtlich_bestaetigt","abakusitsolutions.eu","abakusitsolutions.eu",""
"abamedicus","AbaMediCus GbR","abamedicus.de","0.95","amtlich_bestaetigt","abamedicus.de","abamedicus.de",""
"abat","abat AG","abat.de","0.95","amtlich_bestaetigt","abat.de","abat.de",""
"abs team","ABS Team GmbH","abs-team.de","0.95","amtlich_bestaetigt","abs-team.de","abs-team.de",""
"abtis","abtis GmbH","abtis.de","0.95","amtlich_bestaetigt","abtis.de","abtis.de",""
"accellonet","accellonet GmbH","accellonet.com","0.9","amtlich_namensbezug","","accellonet.com",""
"accenture banking technology solutions","Accenture Banking Technology Solutions GmbH","accenture.com","0.9","amtlich_namensbezug","","accenture.com",""
"acceptit","acceptIT GmbH","accept-it.de","0.95","amtlich_bestaetigt","accept-it.de","accept-it.de",""
"accompio","accompio GmbH","accompio.com","0.95","amtlich_bestaetigt","accompio.com","accompio.com",""
"accso-accelerated solutions","Accso - Accelerated Solutions GmbH","accso.de","0.95","amtlich_bestaetigt","accso.de","accso.de",""
"aconium","aconium GmbH","aconium.eu","0.95","amtlich_bestaetigt","aconium.eu","aconium.eu",""
"acp","ACP","acp.de","0.95","amtlich_bestaetigt","acp.de","acp.de",""
"acp it solutions","ACP IT Solutions GmbH","acp.de","0.95","amtlich_bestaetigt","acp.de","acp.de",""
"acp print und mobility","ACP Print & Mobility GmbH","acp.de","0.95","amtlich_bestaetigt","acp.de","acp.de",""
"acs group","ACS Group GmbH","acsgroup.de","0.95","amtlich_bestaetigt","acsgroup.de","acsgroup.de",""
"actemium h und f","Actemium H&F GmbH","actemium.de","0.9","amtlich_namensbezug","","actemium.de",""
"acture germany","Acture Germany GmbH","acture.de","0.9","amtlich_namensbezug","evermood.com","acture.de",""
"ada logics","Ada Logics Ltd","adalogics.com","0.9","amtlich_namensbezug","adalogics.com","",""
"additive soft-und hardware fuer technik und wissenschaft","ADDITIVE Soft- und Hardware für Technik und WIssenschaft GmbH","additive-net.de","0.9","amtlich_namensbezug","","additive-net.de",""
"adesso","adesso SE","adesso.de","0.95","amtlich_bestaetigt","adesso.de","adesso.de",""
"aditus","ADITUS GmbH","aditus.de","0.95","amtlich_bestaetigt","aditus.de","aditus.de",""
"adjumed services","Adjumed Services GmbH","adjumed.com","0.9","amtlich_namensbezug","","adjumed.com",""
"adlima","adlima GmbH","adlima.com","0.95","amtlich_bestaetigt","adlima.com","adlima.com",""
"adolf wuerth","Adolf Würth GmbH & Co. KG","wuerth.com","0.9","amtlich_namensbezug","","wuerth.com",""
"advanced unibyte","Advanced UniByte GmbH","au.de","0.95","amtlich_bestaetigt","au.de","au.de",""
"advitec informatik","ADVITEC Informatik GmbH","advitec.de","0.9","amtlich_namensbezug","","advitec.de",""
"aequitas affinity","Aequitas AFFINITY GmbH","aequitas-affinity.de","0.95","amtlich_bestaetigt","aequitas-affinity.de","aequitas-affinity.de",""
"aescudata se und co","Aescudata SE & Co KG","aescudata.de","0.9","amtlich_namensbezug","","aescudata.de",""
"afb gemeinnuetzige","AfB gemeinnützige GmbH","afb-group.eu","0.95","amtlich_bestaetigt","afb-group.eu","afb-group.eu",""
"afi solutions","AFI Solutions GmbH","afi-solutions.com","0.9","amtlich_namensbezug","doxis.com","afi-solutions.com",""
"aft international","AFT International GmbH","aft-international.de","0.9","amtlich_namensbezug","","aft-international.de",""
"agineo","agineo GmbH","agineo.de","0.95","amtlich_bestaetigt","agineo.de","agineo.de",""
"agor","AGOR AG","agor-ag.com","0.9","amtlich_namensbezug","","agor-ag.com",""
"airbus secure land communcations","Airbus Secure Land Communcations GmbH","seucrelandcommunications.com","0.9","amtlich_namensbezug","seucrelandcommunications.com","",""
"airit services","AirIT Services GmbH","airit.de","0.9","amtlich_namensbezug","","airit.de",""
"airitsystems","AirITSystems GmbH","airitsystems.de","0.9","amtlich_namensbezug","","airitsystems.de",""
"aisci ident","Aisci Ident","aisci.de","0.95","amtlich_bestaetigt","aisci.de","aisci.de",""
"aixconcept","AixConcept GmbH","aixconcept.de","0.95","amtlich_bestaetigt","aixconcept.de","aixconcept.de",""
"akkodis germany","Akkodis Germany GmbH","akkodis.com","0.9","amtlich_namensbezug","","akkodis.com",""
"akkodis germany solutions","Akkodis Germany Solutions GmbH","akkodis.com","0.95","amtlich_bestaetigt","akkodis.com","akkodis.com",""
"akkodis germany tech freelance","Akkodis Germany Tech Freelance GmbH","akkodis.com","0.95","amtlich_bestaetigt","akkodis.com","akkodis.com",""
"akquinet data center competence","akquinet data center competence GmbH","akquinet.de","0.9","amtlich_namensbezug","","akquinet.de",""
"albacon systemhaus","Albacon Systemhaus GmbH","albacon.de","0.95","amtlich_bestaetigt","albacon.de","albacon.de",""
"albert schneider","Albert Schneider GmbH","albert-schneider.com","0.9","amtlich_namensbezug","","albert-schneider.com",""
"alcera kommunikationstechnik","alcera Kommunikationstechnik GmbH","alcera.de","0.95","amtlich_bestaetigt","alcera.de","alcera.de",""
"alexander thamm","Alexander Thamm GmbH","alexanderthamm.com","0.9","amtlich_namensbezug","","alexanderthamm.com",""
"alfaview","alfaview GmbH","alfaview.com","0.95","amtlich_bestaetigt","alfaview.com","alfaview.com",""
"algebra engineering und consulting","ALGEBRA Engineering & Consulting GmbH","algebra-ec.de","0.9","amtlich_namensbezug","","algebra-ec.de",""
"alida de","Alida (DE) GmbH","alida.com","0.95","amtlich_bestaetigt","alida.com","alida.com",""
"alida","Alida GmbH","alida.com","0.9","amtlich_namensbezug","","alida.com",""
"alight consulting","Alight Consulting GmbH","alight.eu","0.95","amtlich_bestaetigt","alight.eu","alight.eu",""
"all modul","ALL Modul GmbH","allmodul.de","0.9","amtlich_namensbezug","","allmodul.de",""
"aller-it","Aller-IT GmbH","aller-it.de","0.95","amtlich_bestaetigt","aller-it.de","aller-it.de",""
"allgeier it","Allgeier IT GmbH","allgeier-public.eu","0.9","amtlich_namensbezug","","allgeier-public.eu",""
"allgeier public","Allgeier Public SE","allgeier-public.eu","0.9","amtlich_namensbezug","","allgeier-public.eu",""
"almato","Almato AG","almato.com","0.9","amtlich_namensbezug","almato.com","",""
"alpha-test","alpha-test GmbH","alpha-test.de","0.9","amtlich_namensbezug","","alpha-test.de",""
"alsterarbeit","alsterarbeit gGmbH","alsterarbeit.de","0.95","amtlich_bestaetigt","alsterarbeit.de","alsterarbeit.de",""
"alstertext","AlsterText GmbH & Co. KG","alstertext.de","0.9","amtlich_namensbezug","","alstertext.de",""
"alter solutions deutschland","Alter Solutions Deutschland GmbH","alter-solutions.com","0.9","amtlich_namensbezug","","alter-solutions.com",""
"am-computersysteme","am-Computersysteme GmbH","am-computer.com","0.95","amtlich_bestaetigt","am-computer.com","am-computer.com",""
"amadeus it group s a","Amadeus IT Group S.A.","amadeus.com","0.95","amtlich_bestaetigt","amadeus.com","amadeus.com",""
"amber ai und data science solutions","AMBER AI & Data Science Solutions GmbH","amber.eu","0.9","amtlich_namensbezug","amber.eu","",""
"amcon","AMCON GmbH","amcongmbh.de","0.95","amtlich_bestaetigt","amcongmbh.de","amcongmbh.de",""
"amexus informationstechnik","amexus Informationstechnik  GmbH & Co.KG","amexus.com","0.95","amtlich_bestaetigt","amexus.com","amexus.com",""
"anacision","anacision GmbH","anacision.de","0.9","amtlich_namensbezug","","anacision.de",""
"anaplan germany","Anaplan Germany GmbH","anaplan.com","0.9","amtlich_namensbezug","","anaplan.com",""
"andersen germany","Andersen Germany GmbH","andersenlab.com","0.9","amtlich_namensbezug","","andersenlab.com",""
"andrena objects","andrena objects ag","andrena.de","0.9","amtlich_namensbezug","","andrena.de",""
"anyplace it","anyplace IT GmbH","anyplace-it.de","0.9","amtlich_namensbezug","","anyplace-it.de",""
"appsfactory","Appsfactory GmbH","appsfactory.de","0.9","amtlich_namensbezug","","appsfactory.de",""
"appsphere","AppSphere AG","appsphere.com","0.9","amtlich_namensbezug","","appsphere.com",""
"apsolut","apsolut GmbH","ap-solut.com","0.9","amtlich_namensbezug","","ap-solut.com",""
"apsware","apsware GmbH","apsware.com","0.9","amtlich_namensbezug","","apsware.com",""
"aptean austria","Aptean Austria GmbH","aptean.com","0.9","amtlich_namensbezug","","aptean.com",""
"araneaconsult","araneaCONSULT GmbH","araneaconsult.de","0.95","amtlich_bestaetigt","araneaconsult.de","araneaconsult.de",""
"araneanet","araneaNET GmbH","araneanet.de","0.9","amtlich_namensbezug","","araneanet.de",""
"arche systeme","Arche Systeme GmbH","arche.de","0.9","amtlich_namensbezug","","arche.de",""
"ares consulting","Ares Consulting GmbH","ares-consulting.de","0.9","amtlich_namensbezug","","ares-consulting.de",""
"areto consulting","areto consulting GmbH","areto.de","0.9","amtlich_namensbezug","","areto.de",""
"arf","arf GmbH","arf-gmbh.de","0.9","amtlich_namensbezug","","arf-gmbh.de",""
"argos security","Argos Security GmbH","argos.security","0.95","amtlich_bestaetigt","argos.security","argos.security",""
"argumentum","argumentum GmbH","argumentum.de","0.9","amtlich_namensbezug","","argumentum.de",""
"argus data insights","Argus Data Insights","argusdatainsights.de","0.9","amtlich_namensbezug","","argusdatainsights.de",""
"ariadne ai germany","Ariadne.ai (Germany) GmbH","ariadne.ai","0.9","amtlich_namensbezug","","ariadne.ai",""
"arina deutschland","Arina Deutschland GmbH","arina.ch","0.9","amtlich_namensbezug","","arina.ch",""
"arque systems","ARQUE Systems GmbH","arque.systems","0.95","amtlich_bestaetigt","arque.systems","arque.systems",""
"arvato systems digital","Arvato Systems Digital GmbH","utilities.arvato-systems.de","0.9","amtlich_namensbezug","utilities.arvato-systems.de","bertelsmann.de",""
"asanus medizintechnik","ASANUS Medizintechnik GmbH","asanus.de","0.9","amtlich_namensbezug","","asanus.de",""
"asioso","asioso GmbH","asioso.com","0.9","amtlich_namensbezug","","asioso.com",""
"asknet","asknet GmbH","asknet.com","0.9","amtlich_namensbezug","","asknet.com",""
"assecor","Assecor GmbH","assecor.de","0.95","amtlich_bestaetigt","assecor.de","assecor.de",""
"assure consulting","Assure Consulting GmbH","assure.de","0.9","amtlich_namensbezug","","assure.de",""
"at data infrastruktur","at data Infrastruktur GmbH","atdata.de","0.9","amtlich_namensbezug","","atdata.de",""
"atino","ATINO GmbH","atino.de","0.95","amtlich_bestaetigt","atino.de","atino.de",""
"atix","ATIX AG","atix.de","0.9","amtlich_namensbezug","","atix.de",""
"atlatos","Atlatos GmbH","atlatos.com","0.9","amtlich_namensbezug","atlatos.com","",""
"atos information technology","Atos Information Technology GmbH","atos.net","0.9","amtlich_namensbezug","","atos.net",""
"atos secure digital gmbh ehemals eviden","Atos Secure Digital GmbH ehemals Eviden","atos.de","0.9","amtlich_namensbezug","atos.de","",""
"atsec information security","atsec information security GmbH","atsec.com","0.9","amtlich_namensbezug","","atsec.com",""
"atvantage","ATVANTAGE GmbH","atvantage.com","0.9","amtlich_namensbezug","","atvantage.com",""
"aubi-plus","AUBI-plus GmbH","aubi-plus.de","0.95","amtlich_bestaetigt","aubi-plus.de","aubi-plus.de",""
"auctores","Auctores GmbH","auctores.de","0.95","amtlich_bestaetigt","auctores.de","auctores.de",""
"aurex","AUREX GmbH","aurex.de","0.9","amtlich_namensbezug","","aurex.de",""
"auticon deutschland","auticon Deutschland GmbH","auticon.de","0.95","amtlich_bestaetigt","auticon.de","auticon.de",""
"automatics ai","automatics.AI GmbH","automatics.ai","0.95","amtlich_bestaetigt","automatics.ai","automatics.ai",""
"auxalia","auxalia GmbH","auxalia.com","0.95","amtlich_bestaetigt","auxalia.com","auxalia.com",""
"avantum consult","avantum consult GmbH","avantum.de","0.9","amtlich_namensbezug","","avantum.de",""
"avelios medical","Avelios Medical GmbH","avelios.com","0.95","amtlich_bestaetigt","avelios.com","avelios.com",""
"avency","avency GmbH","avency.de","0.95","amtlich_bestaetigt","avency.de","avency.de",""
"avendis","AVENDIS GmbH","avendis.com","0.9","amtlich_namensbezug","avendis.com","",""
"avepoint deutschland","AvePoint Deutschland GmbH","avepoint.com","0.9","amtlich_namensbezug","avepoint.com","",""
"avf audiovisuelle technik ferstl","AVF Audiovisuelle Technik Ferstl","av-ferstl.de","0.9","amtlich_namensbezug","","av-ferstl.de",""
"avn audio video network solution","AVN Audio Video Network Solution","avn-solution.com","0.9","amtlich_namensbezug","","avn-solution.com",""
"avt stoye","AVT STOYE GmbH","avt-stoye.de","0.9","amtlich_namensbezug","","avt-stoye.de",""
"aware7","AWARE7 GmbH","aware7.de","0.9","amtlich_namensbezug","","aware7.de",""
"axentia technologies ab","Axentia Technologies AB","axentia.se","0.9","amtlich_namensbezug","","axentia.se",""
"axes4 deutschland","axes4 Deutschland GmbH","axes4.com","0.9","amtlich_namensbezug","","axes4.com",""
"axians athos","Axians Athos GmbH","axians-athos.de","0.95","amtlich_bestaetigt","axians-athos.de","axians-athos.de",""
"axians cloud und it-automation","Axians Cloud & IT-Automation GmbH","axians.de","0.9","amtlich_namensbezug","","axians.de",""
"axians digital process solutions","Axians Digital Process Solutions GmbH","axians.de","0.95","amtlich_bestaetigt","axians.de","axians.de",""
"axians hamcos","Axians hamcos GmbH","axians.de","0.9","amtlich_namensbezug","","axians.de",""
"axians ikvs","Axians IKVS GmbH","axians-ikvs.de","0.9","amtlich_namensbezug","","axians-ikvs.de",""
"axians infoma","Axians Infoma GmbH","axians-infoma.de","0.9","amtlich_namensbezug","","axians-infoma.de",""
"axians it security","Axians IT Security GmbH","axians.de","0.95","amtlich_bestaetigt","axians.de","axians.de",""
"axians magellan","Axians magellan GmbH","axians.de","0.9","amtlich_namensbezug","","axians.de",""
"axians networks und solutions","Axians Networks & Solutions GmbH","axians.de","0.95","amtlich_bestaetigt","axians.de","axians.de",""
"b und e antec","B&E antec GmbH","be-antec.de","0.9","amtlich_namensbezug","","be-antec.de",""
"b und e antec nachrichtentechnik","B&E antec Nachrichtentechnik GmbH","be-antec.de","0.9","amtlich_namensbezug","","be-antec.de",""
"b-connect","b-connect GmbH","b-connect.de","0.95","amtlich_bestaetigt","b-connect.de","b-connect.de",""
"b1 systems","B1 Systems GmbH","b1-systems.de","0.95","amtlich_bestaetigt","b1-systems.de","b1-systems.de",""
"bain und company germany inc","Bain & Company Germany Inc","bain.com","0.9","amtlich_namensbezug","","bain.com",""
"baral geohaus-consulting","Baral Geohaus-Consulting AG","baral-geohaus.de","0.9","amtlich_namensbezug","","baral-geohaus.de",""
"basis technologies","Basis Technologies","basistechnologies.com","0.9","amtlich_namensbezug","basistechnologies.com","",""
"basys brinova","BASYS Brinova GmbH","basys-brinova.de","0.9","amtlich_namensbezug","","basys-brinova.de",""
"bayoomed","BAYOOMED GmbH","bayoomed.com","0.95","amtlich_bestaetigt","bayoomed.com","bayoomed.com",""
"bayootec","BAYOOTEC GmbH","bayootec.com","0.9","amtlich_namensbezug","","bayootec.com",""
"bbt barth buero technik","bbt Barth Büro Technik GmbH & Co. KG","bbt-technik.de","0.9","amtlich_namensbezug","","bbt-technik.de",""
"bde business datawarehouse engineering","BDE Business Datawarehouse Engineering GmbH","bde-gmbh.de","0.9","amtlich_namensbezug","bde-gmbh.de","",""
"bdo ag wirtschaftspruefungsgesellschaft","BDO AG Wirtschaftsprüfungsgesellschaft","bdo.de","0.95","amtlich_bestaetigt","bdo.de","bdo.de",""
"be-terna solutions","BE-terna Solutions GmbH","be-terna.com","0.9","amtlich_namensbezug","","be-terna.com",""
"beak consultants","Beak Consultants GmbH","beak.de","0.9","amtlich_namensbezug","","beak.de",""
"bechtle direct","Bechtle direct GmbH","bechtle.com","0.95","amtlich_bestaetigt","bechtle.com","bechtle.com",""
"bechtle","Bechtle GmbH & Co. KG","bechtle.com","0.95","amtlich_bestaetigt","bechtle.com","bechtle.com",""
"bechtle gmbh und co kg bonn","Bechtle GmbH & Co. KG Bonn","bechtle.com","0.95","amtlich_bestaetigt","bechtle.com","bechtle.com",""
"bechtle gmbh und co kg it-systemhaus darmstadt","Bechtle GmbH & Co. KG IT-Systemhaus Darmstadt","bechtle.com","0.9","amtlich_namensbezug","","bechtle.com",""
"bechtle gmbh und co kg it-systemhaus karlsruhe","Bechtle GmbH & Co. KG IT-Systemhaus Karlsruhe","bechtle.com","0.95","amtlich_bestaetigt","bechtle.com","bechtle.com",""
"bechtle gmbh und co kg it-systemhaus muenchen","Bechtle GmbH & Co. KG IT-Systemhaus München","bechtle.com","0.9","amtlich_namensbezug","","bechtle.com",""
"bechtle gmbh und co kg it-systemhaus neckarsulm","Bechtle GmbH & Co. KG IT-Systemhaus Neckarsulm","bechtle.com","0.95","amtlich_bestaetigt","bechtle.com","bechtle.com",""
"bechtle gmbh und ko","Bechtle GmbH & Ko.KG","bechtle.com","0.9","amtlich_namensbezug","","bechtle.com",""
"bechtle gmbh-it systemhaus dortmund/meschede","Bechtle GmbH - IT Systemhaus Dortmund/Meschede","bechtle.com","0.95","amtlich_bestaetigt","bechtle.com","bechtle.com",""
"bechtle gmbh it systemhaus berlin","Bechtle GmbH IT Systemhaus Berlin","bechtle.com","0.9","amtlich_namensbezug","","bechtle.com",""
"bechtle gmbh it-systemhaus","Bechtle GmbH IT-Systemhaus","bechtle.com","0.9","amtlich_namensbezug","","bechtle.com",""
"bechtle gmbh it-systemhaus hamburg","Bechtle GmbH IT-Systemhaus Hamburg","fb.hamburg.de","0.9","amtlich_namensbezug","","fb.hamburg.de",""
"bechtle gmbh it-systemhaus koeln","Bechtle GmbH IT-Systemhaus Köln","bechtle.com","0.9","amtlich_namensbezug","","bechtle.com",""
"bechtle gmbh it-systemhaus leipzig","Bechtle GmbH IT-Systemhaus Leipzig","bechtle.com","0.9","amtlich_namensbezug","","bechtle.com",""
"bechtle gmbh it-systemhaus ulm","Bechtle GmbH IT-Systemhaus Ulm","bechtle.com","0.95","amtlich_bestaetigt","bechtle.com","bechtle.com",""
"bechtle gmbh it-systemhaus weimar","Bechtle GmbH IT-Systemhaus Weimar","bechtle.com","0.9","amtlich_namensbezug","","bechtle.com",""
"bechtle gmbh it-systemhaus rheinland","Bechtle GmbH, IT-Systemhaus Rheinland","bechtle.com","0.95","amtlich_bestaetigt","bechtle.com","bechtle.com",""
"bechtle it systemhaus nuernberg","Bechtle IT Systemhaus Nürnberg","bechtle.com","0.9","amtlich_namensbezug","","bechtle.com",""
"bechtle it-systemhaus","Bechtle IT-Systemhaus GmbH","bechtle.com","0.9","amtlich_namensbezug","","bechtle.com",""
"bechtle it-systemhaus karlsruhe","Bechtle IT-Systemhaus Karlsruhe","bechtle.com","0.9","amtlich_namensbezug","","bechtle.com",""
"bechtle it-systemhaus neckarsulm","Bechtle IT-Systemhaus Neckarsulm","bechtle.com","0.95","amtlich_bestaetigt","bechtle.com","bechtle.com",""
"bechtle leipzig","Bechtle Leipzig","bechtle.com","0.95","amtlich_bestaetigt","bechtle.com","bechtle.com",""
"bechtle-comsoft","Bechtle-Comsoft GmbH","bechtle-comsoft.de","0.9","amtlich_namensbezug","","bechtle-comsoft.de",""
"beneering","BeNeering GmbH","beneering.com","0.95","amtlich_bestaetigt","beneering.com","beneering.com",""
"bents buero","Bents Büro GmbH","bents.com","0.9","amtlich_namensbezug","","bents.com",""
"bernschein document solutions","bernschein document solutions gmbh","bernschein.de","0.9","amtlich_namensbezug","bernschein.de","",""
"best practice consulting","best practice consulting AG","bpc.ag","0.95","amtlich_bestaetigt","bpc.ag","bpc.ag",""
"best-blu consulting with energy","best-blu consulting with energy GmbH","best-blu.de","0.9","amtlich_namensbezug","","best-blu.de",""
"bfe studio und medien systeme","BFE Studio und Medien Systeme GmbH","bfe.tv","0.95","amtlich_bestaetigt","bfe.tv","bfe.tv",""
"bhm planungsgesellschaft","bhm Planungsgesellschaft mbH","bhmp.de","0.95","amtlich_bestaetigt","bhmp.de","bhmp.de",""
"bic4","bic4 GmbH","bic4.de","0.95","amtlich_bestaetigt","bic4.de","bic4.de",""
"big cube","BIG.Cube GmbH","big-cube.com","0.95","amtlich_bestaetigt","big-cube.com","big-cube.com",""
"bit rhein-main","bit rhein-main GmbH","bit-group.net","0.9","amtlich_namensbezug","bit-group.net","bitrm.de",""
"bix consulting","biX Consulting GmbH & Co. KG","bix-consulting.de","0.9","amtlich_namensbezug","bix-consulting.de","",""
"bjoernsen beratende ingenieure","Björnsen Beratende Ingenieure GmbH","bjoernsen.de","0.9","amtlich_namensbezug","","bjoernsen.de",""
"blacksquared","Blacksquared GmbH","klima-taler.com","0.95","amtlich_bestaetigt","klima-taler.com","klima-taler.com",""
"blitzhandel24","Blitzhandel24 GmbH","blitzhandel24.de","0.9","amtlich_namensbezug","","blitzhandel24.de",""
"blue technologies ltd und co","Blue Technologies Ltd. & Co. KG","blue-technologies.de","0.95","amtlich_bestaetigt","blue-technologies.de","blue-technologies.de",""
"blueend","BLUEEND AG","blueend.com","0.9","amtlich_namensbezug","","blueend.com",""
"bluepartner","bluepartner GmbH","bluepartner.de","0.9","amtlich_namensbezug","","bluepartner.de",""
"bluvisio","BluVisio GmbH","bluvisio.de","0.95","amtlich_bestaetigt","bluvisio.de","bluvisio.de",""
"bmanetworks","BMAnetworks GmbH","bma-networks.com","0.9","amtlich_namensbezug","","bma-networks.com",""
"bms berens mosiek siemes consulting","BMS Berens Mosiek Siemes Consulting GmbH","bms-consulting.de","0.9","amtlich_namensbezug","","bms-consulting.de",""
"board deutschland","Board Deutschland GmbH","board.com","0.9","amtlich_namensbezug","","board.com",""
"born2design egbr","born2design eGbR","born2.design","0.9","amtlich_namensbezug","","born2.design",""
"bosch data","BoSch Data GmbH","bosch-data.de","0.95","amtlich_bestaetigt","bosch-data.de","bosch-data.de",""
"bps bildungsportal sachsen","BPS Bildungsportal Sachsen GmbH","bps-system.de","0.9","amtlich_namensbezug","","bps-system.de",""
"braincon","braincon GmbH","braincon.de","0.95","amtlich_bestaetigt","braincon.de","braincon.de",""
"brandl services","Brandl Services GmbH","brandl-services.com","0.9","amtlich_namensbezug","","brandl-services.com",""
"breitband innovationen nord","Breitband Innovationen Nord GmbH","breitband-nord.de","0.9","amtlich_namensbezug","breitband-nord.de","ottertel.de",""
"bremen briteline","Bremen Briteline GmbH","briteline.de","0.9","amtlich_namensbezug","","briteline.de",""
"bridgefield","bridgefield GmbH","bridgefield.de","0.9","amtlich_namensbezug","bridgefield.de","",""
"bridgingit","BridgingIT GmbH","bridging-it.de","0.95","amtlich_bestaetigt","bridging-it.de","bridging-it.de",""
"brockhaus ne","Brockhaus  NE GmbH","brockhaus.de","0.9","amtlich_namensbezug","","brockhaus.de",""
"brodos","Brodos AG","brodos.de","0.9","amtlich_namensbezug","","brodos.de",""
"bruker biospin","Bruker BioSpin GmbH & Co. KG","bruker.com","0.9","amtlich_namensbezug","","bruker.com",""
"bsa systemhaus","BSA Systemhaus GmbH","bsa-systemhaus.de","0.9","amtlich_namensbezug","","bsa-systemhaus.de",""
"btc business technology consulting","BTC Business Technology Consulting AG","btc-ag.com","0.95","amtlich_bestaetigt","btc-ag.com","btc-ag.com",""
"bureau van dijk electronic publishing","Bureau van Dijk Electronic Publishing GmbH","moodys.com","0.95","amtlich_bestaetigt","moodys.com","moodys.com",""
"businesscode","BusinessCode GmbH","business-code.de","0.95","amtlich_bestaetigt","business-code.de","business-code.de",""
"byon","byon gmbh","byon.de","0.95","amtlich_bestaetigt","byon.de","byon.de",""
"byte5","byte5 GmbH","byte5.de","0.9","amtlich_namensbezug","","byte5.de",""
"camp systems international inc","CAMP Systems International, Inc.","cescom.campsystems.com","0.9","amtlich_namensbezug","","cescom.campsystems.com",""
"campana und schott","Campana & Schott","campana-schott.com","0.9","amtlich_namensbezug","","campana-schott.com",""
"campana und schott nord","Campana & Schott Nord GmbH","campana-schott.com","0.95","amtlich_bestaetigt","campana-schott.com","campana-schott.com",""
"camptocamp germany","Camptocamp Germany GmbH","camptocamp.de","0.95","amtlich_bestaetigt","camptocamp.de","camptocamp.de",""
"campus unity","Campus Unity GmbH","campusunity.de","0.9","amtlich_namensbezug","","campusunity.de",""
"cancom","CANCOM GmbH","cancom.de","0.95","amtlich_bestaetigt","cancom.de","cancom.de",""
"cancom public","CANCOM Public GmbH","cancom.de","0.95","amtlich_bestaetigt","cancom.de","cancom.de",""
"canon business center dresden","Canon Business Center Dresden GmbH","canon.de","0.9","amtlich_namensbezug","","canon.de",""
"canon deutschland","Canon Deutschland GmbH","canon.de","0.95","amtlich_bestaetigt","canon.de","canon.de",""
"capgemini deutschland","Capgemini Deutschland GmbH","capgemini.com","0.95","amtlich_bestaetigt","capgemini.com","capgemini.com",""
"capspire","CAPSPIRE LTD","capspire.com","0.9","amtlich_namensbezug","","capspire.com",""
"care-bridge","Care-Bridge GmbH","care-bridge.de","0.9","amtlich_namensbezug","","care-bridge.de",""
"carl zeiss digital innovation","Carl Zeiss Digital Innovation GmbH","zeiss.com","0.95","amtlich_bestaetigt","zeiss.com","zeiss.com",""
"carsync","CARSYNC GmbH","carsync.de","0.9","amtlich_namensbezug","","carsync.de",""
"caseware germany","CaseWare Germany GmbH","caseware.com","0.9","amtlich_namensbezug","","caseware.com",""
"cassini consulting","Cassini Consulting AG","cassini.de","0.95","amtlich_bestaetigt","cassini.de","cassini.de",""
"cataligent projekt","Cataligent Projekt GmbH","cataligent.com","0.9","amtlich_namensbezug","","cataligent.com",""
"catworkx","catworkx GmbH","catworkx.com","0.9","amtlich_namensbezug","","catworkx.com",""
"cbr consult und invest","CBR Consult & Invest GmbH","cbr-partner.de","0.9","amtlich_namensbezug","","cbr-partner.de",""
"cd-lab nuernberg inh dipl ing eduard gartner","CD-LAB Nürnberg, Inh. Dipl. Ing. Eduard Gartner","cd-lab.de","0.9","amtlich_namensbezug","","cd-lab.de",""
"cecon computer systems","CeCon Computer Systems GmbH","cecon.de","0.95","amtlich_bestaetigt","cecon.de","cecon.de",""
"cellebrite","Cellebrite GmbH","cellebrite.com","0.95","amtlich_bestaetigt","cellebrite.com","cellebrite.com",""
"celos computer","Celos Computer GmbH","celos.de","0.9","amtlich_namensbezug","","celos.de",""
"cenit","CENIT AG","cenit.com","0.9","amtlich_namensbezug","","cenit.com",""
"certified security operations center","Certified Security Operations Center GmbH","csoc.de","0.95","amtlich_bestaetigt","csoc.de","csoc.de",""
"cervacon","cervacon GmbH","cervacon.de","0.9","amtlich_namensbezug","","cervacon.de",""
"ces it-systemhaus","CES IT-Systemhaus GmbH","ces-dresden.de","0.9","amtlich_namensbezug","","ces-dresden.de",""
"ceyoniq technology","Ceyoniq Technology GmbH","ceyoniq.com","0.9","amtlich_namensbezug","","ceyoniq.com",""
"cgi","CGI","cgi.com","0.95","amtlich_bestaetigt","cgi.com","cgi.com",""
"cgi deutschland b v und co","CGI DEUTSCHLAND B.V. & CO. KG","cgi.com","0.9","amtlich_namensbezug","de.cgi.com","cgi.com",""
"cgm clinical deutschland","CGM Clinical Deutschland GmbH","cgm.com","0.9","amtlich_namensbezug","","cgm.com",""
"cgm clinical europe","CGM Clinical Europe GmbH","cgm.com","0.9","amtlich_namensbezug","","cgm.com",""
"ch consult","CH Consult GmbH","chconsult.ch","0.95","amtlich_bestaetigt","chconsult.ch","chconsult.ch",""
"chainalysis inc","Chainalysis Inc","chainalysis.com","0.95","amtlich_bestaetigt","chainalysis.com","chainalysis.com",""
"change factory","Change Factory","changefactory.swiss","0.9","amtlich_namensbezug","","changefactory.swiss",""
"chg-meridian","CHG-MERIDIAN AG","chg-meridian.com","0.95","amtlich_bestaetigt","chg-meridian.com","chg-meridian.com",""
"christmann informationstechnik + medien","christmann informationstechnik + medien GmbH & Co. KG","christmann.info","0.95","amtlich_bestaetigt","christmann.info","christmann.info",""
"chunkx b v","Chunkx B.V.","chunkx.io","0.9","amtlich_namensbezug","","chunkx.io",""
"circular","circular GmbH","circular.de","0.95","amtlich_bestaetigt","circular.de","circular.de",""
"civillent","civillent GmbH","civillent.de","0.95","amtlich_bestaetigt","civillent.de","civillent.de",""
"claranet","Claranet GmbH","claranet.com","0.95","amtlich_bestaetigt","claranet.com","claranet.com",""
"clemens hilft!","Clemens hilft!","clemenshilft.de","0.95","amtlich_bestaetigt","clemenshilft.de","clemenshilft.de",""
"cloud und heat technologies","Cloud&Heat Technologies GmbH","cloudandheat.com","0.9","amtlich_namensbezug","","cloudandheat.com",""
"cloudeteer","CLOUDETEER GmbH","cloudeteer.de","0.95","amtlich_bestaetigt","cloudeteer.de","cloudeteer.de",""
"cls computer","CLS Computer","cls-computer.de","0.95","amtlich_bestaetigt","cls-computer.de","cls-computer.de",""
"cms it-consulting","CMS IT-Consulting GmbH","cms-it.de","0.95","amtlich_bestaetigt","cms-it.de","cms-it.de",""
"cms-it consulting","CMS-IT Consulting GmbH","cms-it.de","0.9","amtlich_namensbezug","","cms-it.de",""
"co-fox","Co-Fox GmbH","co-fox.de","0.9","amtlich_namensbezug","","co-fox.de",""
"co tec","co.Tec GmbH","cotec.de","0.95","amtlich_bestaetigt","cotec.de","cotec.de",""
"codecentric","codecentric AG","codecentric.de","0.95","amtlich_bestaetigt","codecentric.de","codecentric.de",""
"codesphere","Codesphere GmbH","codesphere.com","0.9","amtlich_namensbezug","","codesphere.com",""
"coding powerful systems cps","coding. powerful. systems. CPS GmbH","cps-it.de","0.9","amtlich_namensbezug","","cps-it.de",""
"codular","codular GmbH","codular.de","0.9","amtlich_namensbezug","","codular.de",""
"cokuna communication","cokuna communication","cokuna.com","0.95","amtlich_bestaetigt","cokuna.com","cokuna.com",""
"collaboration betters the world","Collaboration Betters The World GmbH","cbtw.tech","0.95","amtlich_bestaetigt","cbtw.tech","cbtw.tech",""
"cologne intelligence","Cologne Intelligence GmbH","cologne-intelligence.de","0.95","amtlich_bestaetigt","cologne-intelligence.de","cologne-intelligence.de",""
"columbus leasing","Columbus Leasing GmbH","columbus-leasing.de","0.9","amtlich_namensbezug","","columbus-leasing.de",""
"com-sys","Com-Sys GmbH","com-sys.de","0.9","amtlich_namensbezug","infoguard.ch","com-sys.de",""
"comava","COMAVA GmbH","comava.de","0.9","amtlich_namensbezug","","comava.de",""
"commotron","Commotron GmbH","commotron.com","0.9","amtlich_namensbezug","","commotron.com",""
"comnet","comNET GmbH","comnet-solutions.de","0.9","amtlich_namensbezug","","comnet-solutions.de",""
"computacenter","Computacenter","computacenter.com","0.9","amtlich_namensbezug","","computacenter.com",""
"computacenter berlin","Computacenter Berlin","computacenter.com","0.9","amtlich_namensbezug","","computacenter.com",""
"computer manufaktur","Computer Manufaktur GmbH","computer-manufaktur.de","0.95","amtlich_bestaetigt","computer-manufaktur.de","computer-manufaktur.de",""
"computer zentrum strausberg","Computer Zentrum Strausberg GmbH","computerzentrum.de","0.95","amtlich_bestaetigt","computerzentrum.de","computerzentrum.de",""
"comramo","comramo AG","comramo.de","0.9","amtlich_namensbezug","","comramo.de",""
"con terra","con terra GmbH","conterra.de","0.95","amtlich_bestaetigt","conterra.de","conterra.de",""
"concat","Concat AG","concat.de","0.95","amtlich_bestaetigt","concat.de","concat.de",""
"conceptboard cloud service","Conceptboard Cloud Service GmbH","conceptboard.com","0.9","amtlich_namensbezug","","conceptboard.com",""
"conclurer","Conclurer GmbH","conclurer.com","0.9","amtlich_namensbezug","","conclurer.com",""
"concur germany","Concur (Germany) GmbH","concur.de","0.9","amtlich_namensbezug","concur.de","",""
"condat","Condat AG","condat.de","0.95","amtlich_bestaetigt","condat.de","condat.de",""
"conet business consultants","CONET Business Consultants GmbH","conet.de","0.95","amtlich_bestaetigt","conet.de","conet.de",""
"conet deutschland","conet Deutschland GmbH","conet.de","0.95","amtlich_bestaetigt","conet.de","conet.de",""
"conet solutions","CONET Solutions GmbH","conet.de","0.95","amtlich_bestaetigt","conet.de","conet.de",""
"configpoint managed services","Configpoint Managed Services GmbH & Co. KG","configpoint.group","0.9","amtlich_namensbezug","","configpoint.group",""
"connact","Connact GmbH","connact.app","0.9","amtlich_namensbezug","","connact.app",""
"connect informationstechnik","ConnecT Informationstechnik GmbH","connect-gmbh.de","0.9","amtlich_namensbezug","","connect-gmbh.de",""
"connwerk","connwerk GmbH","connwerk.com","0.95","amtlich_bestaetigt","connwerk.com","connwerk.com",""
"conscia deutschland","Conscia Deutschland GmbH","conscia.com","0.9","amtlich_namensbezug","","conscia.com",""
"consileon business consultancy","Consileon Business Consultancy GmbH","consileon.de","0.9","amtlich_namensbezug","","consileon.de",""
"constaff","Constaff GmbH","constaff.com","0.95","amtlich_bestaetigt","constaff.com","constaff.com",""
"constrata","CONSTRATA GmbH","constrata.de","0.9","amtlich_namensbezug","","constrata.de",""
"consulting insire","Consulting Insire","insire.de","0.9","amtlich_namensbezug","","insire.de",""
"continum","Continum AG","continum.net","0.95","amtlich_bestaetigt","continum.net","continum.net",""
"controlware","Controlware GmbH","controlware.de","0.95","amtlich_bestaetigt","controlware.de","controlware.de",""
"convista consulting","ConVista Consulting AG","convista.com","0.95","amtlich_bestaetigt","convista.com","convista.com",""
"cops ges m b h","COPS Ges.m.b.H.","copsgmbh.com","0.95","amtlich_bestaetigt","copsgmbh.com","copsgmbh.com",""
"copythek lausitz gmbh-los 1","CopyThek Lausitz GmbH - LOS 1","copythek.com","0.9","amtlich_namensbezug","","copythek.com",""
"corpuls i gs elektromedizinische geraete g stemple","corpuls I GS Elektromedizinische Geräte G. Stemple GmbH","corpuls.com","0.9","amtlich_namensbezug","","corpuls.com",""
"cortility","cortility gmbh","cortility.de","0.9","amtlich_namensbezug","cortility.de","",""
"cosylab","Cosylab","cosylab.com","0.95","amtlich_bestaetigt","cosylab.com","cosylab.com",""
"cosylab d d","Cosylab d.d.","cosylab.com","0.95","amtlich_bestaetigt","cosylab.com","cosylab.com",""
"cpro industry projects und solutions","Cpro Industry Projects & Solutions GmbH","cpro-ips.com","0.9","amtlich_namensbezug","","cpro-ips.com",""
"cpro strategy process und integration","Cpro Strategy Process & Integration GmbH","cpro-strategy.com","0.9","amtlich_namensbezug","","cpro-strategy.com",""
"cqse","CQSE GmbH","cqse.eu","0.9","amtlich_namensbezug","","cqse.eu",""
"craftingit","CraftingIT GmbH","crafting-it.de","0.9","amtlich_namensbezug","","crafting-it.de",""
"crayon deutschland","Crayon Deutschland GmbH","crayon.com","0.95","amtlich_bestaetigt","crayon.com","crayon.com",""
"creative force ltd good grants","Creative Force Ltd (Good Grants)","goodgrants.com","0.95","amtlich_bestaetigt","goodgrants.com","goodgrants.com",""
"creativestyle","creativestyle GmbH","creativestyle.de","0.9","amtlich_namensbezug","creativestyle.de","",""
"crimson technology","CRIMSON Technology","crimson.de","0.9","amtlich_namensbezug","","crimson.de",""
"critical manufacturing s a","Critical Manufacturing S.A.","criticalmanufacturing.com","0.9","amtlich_namensbezug","","criticalmanufacturing.com",""
"cronn","cronn GmbH","cronn.de","0.9","amtlich_namensbezug","","cronn.de",""
"cronos automation","cronos automation GmbH","cronos.de","0.9","amtlich_namensbezug","","cronos.de",""
"cronos unternehmenberatung","cronos Unternehmenberatung GmbH","cronos.de","0.95","amtlich_bestaetigt","cronos.de","cronos.de",""
"cronos unternehmensberatung","cronos Unternehmensberatung GmbH","cronos.de","0.95","amtlich_bestaetigt","cronos.de","cronos.de",""
"cs-consulting","CS-Consulting GmbH","cybershield-consulting.com","0.95","amtlich_bestaetigt","cybershield-consulting.com","cybershield-consulting.com",""
"csi verwaltungs","csi Verwaltungs GmbH","csi-online.de","0.9","amtlich_namensbezug","","csi-online.de",""
"ctnm computertechnologie + neue medien","CTNM Computertechnologie + Neue Medien GmbH","ctnm.de","0.9","amtlich_namensbezug","","ctnm.de",""
"cts eventim ag und co","CTS EVENTIM AG & Co. KGaA","eventim.de","0.9","amtlich_namensbezug","","eventim.de",""
"cubefinity","Cubefinity GmbH","cubefinity.de","0.9","amtlich_namensbezug","","cubefinity.de",""
"cubewerk","cubewerk","cubewerk.de","0.9","amtlich_namensbezug","","cubewerk.de",""
"cukoo","cukoo GmbH","cukoo.de","0.9","amtlich_namensbezug","","cukoo.de",""
"curevision","CureVision GmbH","curevision.de","0.95","amtlich_bestaetigt","curevision.de","curevision.de",""
"cykero","Cykero GmbH","cykero.eu","0.9","amtlich_namensbezug","","cykero.eu",""
"cyprotect","CyProtect AG","cyprotect.com","0.9","amtlich_namensbezug","","cyprotect.com",""
"d velop","d.velop AG","d-velop.de","0.95","amtlich_bestaetigt","d-velop.de","d-velop.de",""
"d velop ag-standort meppen","d.velop AG - Standort Meppen","d-velop.de","0.9","amtlich_namensbezug","","d-velop.de",""
"dacoso","dacoso GmbH","dacoso.com","0.95","amtlich_bestaetigt","dacoso.com","dacoso.com",""
"dalet france","Dalet France","dalet.com","0.9","amtlich_namensbezug","dalet.com","",""
"dalux germany","Dalux Germany GmbH","dalux.com","0.9","amtlich_namensbezug","","dalux.com",""
"dantronik","Dantronik GmbH","dantronik.de","0.9","amtlich_namensbezug","","dantronik.de",""
"data-orbit studio fuer visuelle kommunikation","Data-Orbit, Studio für Visuelle Kommunikation","data-orbit.ch","0.9","amtlich_namensbezug","","data-orbit.ch",""
"dataciders","Dataciders GmbH","dataciders.com","0.9","amtlich_namensbezug","","dataciders.com",""
"dataciders sd und c","Dataciders SD&C GmbH","sd-c.de","0.9","amtlich_namensbezug","","sd-c.de",""
"datagroup bit","DATAGROUP BIT GmbH","datagroup.de","0.95","amtlich_bestaetigt","datagroup.de","datagroup.de",""
"datagroup bremen","Datagroup Bremen GmbH","datagroup.de","0.95","amtlich_bestaetigt","datagroup.de","datagroup.de",""
"datagroup business solutions","DATAGROUP Business Solutions GmbH","datagroup.de","0.9","amtlich_namensbezug","","datagroup.de",""
"datagroup business solutions gmbh-berlin","DATAGROUP Business Solutions GmbH - Berlin","datagroup.de","0.9","amtlich_namensbezug","","datagroup.de",""
"datagroup frankfurt","DATAGROUP Frankfurt GmbH","datagroup.de","0.95","amtlich_bestaetigt","datagroup.de","datagroup.de",""
"datagroup it solutions","DATAGROUP IT Solutions GmbH","datagroup.de","0.95","amtlich_bestaetigt","datagroup.de","datagroup.de",""
"datagroup stuttgart","DATAGROUP Stuttgart GmbH","datagroup.de","0.95","amtlich_bestaetigt","datagroup.de","datagroup.de",""
"dataloom","dataLoom. GmbH","dataloom.de","0.9","amtlich_namensbezug","dataloom.de","",""
"datavision deutschland","DataVision Deutschland","datavision.net","0.9","amtlich_namensbezug","","datavision.net",""
"datec it solutions","DATEC IT Solutions GmbH","datec-gmbh.de","0.9","amtlich_namensbezug","","datec-gmbh.de",""
"daten-kompetenzzentrum staedte und regionen dksr","Daten-Kompetenzzentrum Städte und Regionen DKSR GmbH","dksr.city","0.95","amtlich_bestaetigt","dksr.city","dksr.city",""
"datenbankgesellschaft","Datenbankgesellschaft mbH","datenbankgesellschaft.de","0.9","amtlich_namensbezug","","datenbankgesellschaft.de",""
"datev eg","DATEV eG","datev.de","0.9","amtlich_namensbezug","","datev.de",""
"datronic it-systeme","datronic IT-Systeme GmbH & Co. KG","datronic.de","0.95","amtlich_bestaetigt","datronic.de","datronic.de",""
"datus","Datus AG","datus.com","0.9","amtlich_namensbezug","","datus.com",""
"dbh logistics it","dbh Logistics IT AG","dbh.de","0.9","amtlich_namensbezug","","dbh.de",""
"dcon","DCON GmbH","dcon.de","0.9","amtlich_namensbezug","","dcon.de",""
"dedalus healthcare","Dedalus HealthCare GmbH","dedalus.com","0.95","amtlich_bestaetigt","dedalus.com","dedalus.com",""
"dedalus labor","Dedalus Labor GmbH","dedalus.com","0.9","amtlich_namensbezug","","dedalus.com",""
"deffner und johann","Deffner & Johann GmbH","deffner-johann.de","0.9","amtlich_namensbezug","","deffner-johann.de",""
"degen","Degen GmbH & Co. KG","degen-av.de","0.9","amtlich_namensbezug","","degen-av.de",""
"dekom","DEKOM GmbH","dekom.com","0.9","amtlich_namensbezug","","dekom.com",""
"deloitte","Deloitte","deloitte.de","0.9","amtlich_namensbezug","","deloitte.de",""
"deloitte gmbh wirtschaftspruefungsgesellschaft","Deloitte GmbH Wirtschaftsprüfungsgesellschaft","deloitte.de","0.95","amtlich_bestaetigt","deloitte.de","deloitte.de",""
"delta computer products","DELTA Computer Products GmbH","delta.de","0.95","amtlich_bestaetigt","delta.de","delta.de",""
"demicon","demicon GmbH","demicon.com","0.9","amtlich_namensbezug","","demicon.com",""
"derovis","Derovis GmbH","derovis.de","0.9","amtlich_namensbezug","","derovis.de",""
"desk ly","desk.ly GmbH","desk.ly","0.9","amtlich_namensbezug","","desk.ly",""
"desk7","DESK7 GMBH","desk7.com","0.95","amtlich_bestaetigt","desk7.com","desk7.com",""
"destination one","destination.one GmbH","destination.one","0.95","amtlich_bestaetigt","destination.one","destination.one",""
"deutsche giganetz","Deutsche Giganetz GmbH","deutsche-giganetz.de","0.95","amtlich_bestaetigt","deutsche-giganetz.de","deutsche-giganetz.de",""
"deutsche post e-post solutions","Deutsche Post E-POST Solutions GmbH","deutschepost.de","0.9","amtlich_namensbezug","","deutschepost.de",""
"deutsche telekom business solutions gmbh kflr me","Deutsche Telekom Business Solutions GmbH KFLR ME","telekom.de","0.95","amtlich_bestaetigt","telekom.de","telekom.de",""
"deutsche telekom business solutions gmbh lk sn","Deutsche Telekom Business Solutions GmbH LK SN","telekom.de","0.9","amtlich_namensbezug","","telekom.de",""
"deutsche telekom business solutions gmbh nrw","Deutsche Telekom Business Solutions GmbH NRW","telekom.de","0.95","amtlich_bestaetigt","telekom.de","telekom.de",""
"deutsche telekom clinical solutions","Deutsche Telekom Clinical Solutions GmbH","telekom-healthcare.com","0.9","amtlich_namensbezug","","telekom-healthcare.com",""
"deutsche telekom mms","Deutsche Telekom MMS GmbH","telekom-mms.com","0.95","amtlich_bestaetigt","telekom-mms.com","telekom-mms.com",""
"deutsche telekom security","Deutsche Telekom Security GmbH","telekom.de","0.9","amtlich_namensbezug","","telekom.de",""
"deutsches forschungszentrum fuer kuenstliche intelligenz","Deutsches Forschungszentrum für Künstliche Intelligenz GmbH","dfki.de","0.95","amtlich_bestaetigt","dfki.de","dfki.de",""
"devagency","DEVAGENCY GmbH & Co. KG","devagency.de","0.9","amtlich_namensbezug","r23.technology","devagency.de",""
"dextradata","DextraData GmbH","dextradata.com","0.95","amtlich_bestaetigt","dextradata.com","dextradata.com",""
"dezem","deZem GmbH","dezem.de","0.95","amtlich_bestaetigt","dezem.de","dezem.de",""
"dfc-systems","DFC-SYSTEMS GmbH","dfcsystems.de","0.9","amtlich_namensbezug","","dfcsystems.de",""
"dfn verein zur foerderung eines deutschen forschungsnetzes","DFN  Verein zur Förderung eines deutschen Forschungsnetzes e.V.","dfn.de","0.95","amtlich_bestaetigt","dfn.de","dfn.de",""
"dialog solutions dach","Dialog Solutions DACH GmbH","dialoggroup.eu","0.9","amtlich_namensbezug","","dialoggroup.eu",""
"dicos gmbh kommunikationssysteme","DICOS GmbH Kommunikationssysteme","dicos.de","0.9","amtlich_namensbezug","","dicos.de",""
"didactmedia","didactmedia GmbH","didactmedia.eu","0.9","amtlich_namensbezug","","didactmedia.eu",""
"die botschaft communication","Die Botschaft Communication GmbH","die-botschaft.de","0.9","amtlich_namensbezug","","die-botschaft.de",""
"dietz automation und umwelttechnik","Dietz Automation & Umwelttechnik GmbH","dietz-automation.de","0.9","amtlich_namensbezug","","dietz-automation.de",""
"digirehab","DigiRehab GmbH","digirehab.de","0.95","amtlich_bestaetigt","digirehab.de","digirehab.de",""
"digit4u-business solutions","DIGIT4U - Business Solutions GmbH","digit4u-bs.de","0.95","amtlich_bestaetigt","digit4u-bs.de","digit4u-bs.de",""
"digital h","Digital H","digital-h.de","0.9","amtlich_namensbezug","","digital-h.de",""
"digitech","digitech GmbH & Co. KG","digitech.eu","0.95","amtlich_bestaetigt","digitech.eu","digitech.eu",""
"digitronic computersysteme","digitronic computersysteme GmbH","digitronic.net","0.9","amtlich_namensbezug","","digitronic.net",""
"digivod","digivod GmbH","digivod.de","0.95","amtlich_bestaetigt","digivod.de","digivod.de",""
"digsilent","DIgSILENT GmbH","digsilent.de","0.95","amtlich_bestaetigt","digsilent.de","digsilent.de",""
"dilax intelcom","DILAX Intelcom GmbH","dilax.com","0.95","amtlich_bestaetigt","dilax.com","dilax.com",""
"din media","DIN Media GmbH","dinmedia.de","0.9","amtlich_namensbezug","","dinmedia.de",""
"dipf leibniz-institut fuer bildungsforschung und bildungsinformation","DIPF Leibniz-Institut für Bildungsforschung und Bildungsinformation","dipf.de","0.9","amtlich_namensbezug","","dipf.de",""
"disy informationssysteme","Disy Informationssysteme GmbH","disy.net","0.9","amtlich_namensbezug","","disy.net",""
"dmi","DMI GmbH & Co. KG","dmi.de","0.95","amtlich_bestaetigt","dmi.de","dmi.de",""
"dobatech","DobaTech GmbH","dobatech.de","0.9","amtlich_namensbezug","","dobatech.de",""
"doctronic","doctronic GmbH & Co. KG","doctronic.de","0.9","amtlich_namensbezug","","doctronic.de",""
"documentus deutschland","documentus Deutschland GmbH","documentus.de","0.9","amtlich_namensbezug","","documentus.de",""
"domeba","domeba GmbH","domeba.de","0.9","amtlich_namensbezug","","domeba.de",""
"dormakaba deutschland","dormakaba Deutschland GmbH","dormakaba.com","0.95","amtlich_bestaetigt","dormakaba.com","dormakaba.com",""
"dot-it","DOT-IT GmbH","dot-it.de","0.9","amtlich_namensbezug","","dot-it.de",""
"doubleslash net-business","doubleSlash Net-Business GmbH","doubleslash.de","0.95","amtlich_bestaetigt","doubleslash.de","doubleslash.de",""
"dr cronau consult","Dr. Cronau Consult","cronau-consult.de","0.95","amtlich_bestaetigt","cronau-consult.de","cronau-consult.de",""
"dr fochler und company","Dr. Fochler & Company GmbH","fochler.com","0.9","amtlich_namensbezug","","fochler.com",""
"dr klein wowi digital ag heidestr 8 10557 berlin","Dr. Klein Wowi Digital AG, Heidestr. 8, 10557 Berlin","drklein-wowi.de","0.9","amtlich_namensbezug","","drklein-wowi.de",""
"dr netik und partner","Dr. Netik & Partner GmbH","netik.de","0.9","amtlich_namensbezug","netik.de","",""
"dracoon","DRACOON GmbH","dracoon.com","0.9","amtlich_namensbezug","","dracoon.com",""
"druckerfachmann de","druckerfachmann.de GmbH & CO. KG","druckerfachmann.de","0.9","amtlich_namensbezug","","druckerfachmann.de",""
"draeger medical deutschland","Dräger Medical Deutschland GmbH","draeger.com","0.95","amtlich_bestaetigt","draeger.com","draeger.com",""
"dslmobil","DSLmobil GmbH","dslmobil.de","0.95","amtlich_bestaetigt","dslmobil.de","dslmobil.de",""
"dts systeme","DTS Systeme GmbH","dts.de","0.9","amtlich_namensbezug","","dts.de",""
"dummy verlag","DUMMY Verlag GmbH","dummyverlag.de","0.9","amtlich_namensbezug","","dummyverlag.de",""
"dussmann das kulturkaufhaus","Dussmann das KulturKaufhaus GmbH","dussmann.de","0.9","amtlich_namensbezug","","dussmann.de",""
"dxc technology-entserv deutschland","DXC Technology - EntServ Deutschland GmbH","dxc.com","0.9","amtlich_namensbezug","","dxc.com",""
"dxc technology deutschland","DXC Technology Deutschland GmbH","dxc.com","0.95","amtlich_bestaetigt","dxc.com","dxc.com",""
"dymacon business solutions gmbh nicole leissler","Dymacon Business Solutions GmbH Nicole Leißler","dymacon.de","0.9","amtlich_namensbezug","","dymacon.de",""
"dynacon","DYNACON GmbH","dynacon.de","0.9","amtlich_namensbezug","","dynacon.de",""
"dynasys datentechnik","dynasys Datentechnik GmbH","dynasys.de","0.9","amtlich_namensbezug","","dynasys.de",""
"daehn dienstleistungs-","Dähn Dienstleistungs- GmbH","daehn-dl.de","0.95","amtlich_bestaetigt","daehn-dl.de","daehn-dl.de",""
"e-company consultants it beratung","e-Company Consultants IT Beratung GmbH","ecompany.ag","0.9","amtlich_namensbezug","","ecompany.ag",""
"e-pixler","e-pixler GmbH","e-pixler.com","0.9","amtlich_namensbezug","e-pixler.com","",""
"e-projecta","E-PROJECTA GmbH","e-projecta.com","0.9","amtlich_namensbezug","","e-projecta.com",""
"eam trusted advisor","EAM Trusted Advisor GmbH","trusted-advisor.com","0.9","amtlich_namensbezug","","trusted-advisor.com",""
"easy","easy","easy.de","0.9","amtlich_namensbezug","","easy.de",""
"ebblo switzerland","ebblo Switzerland GmbH","ebblo.com","0.9","amtlich_namensbezug","","ebblo.com",""
"ebcont informatics","EBCONT informatics GmbH","ebcont.com","0.95","amtlich_bestaetigt","ebcont.com","ebcont.com",""
"ebcont operations","EBCONT operations GmbH","ebcont.com","0.95","amtlich_bestaetigt","ebcont.com","ebcont.com",""
"ebcsoft","EBCsoft GmbH","ebcsoft.de","0.95","amtlich_bestaetigt","ebcsoft.de","ebcsoft.de",""
"ebp deutschland","EBP Deutschland GmbH","ebp.de","0.9","amtlich_namensbezug","","ebp.de",""
"ecadia","ecadia GmbH","ecadia.de","0.95","amtlich_bestaetigt","ecadia.de","ecadia.de",""
"edataprocessing","edataprocessing GmbH","edataprocessing.de","0.9","amtlich_namensbezug","edatprocessing.de","edataprocessing.de",""
"edenspiekermann","Edenspiekermann GmbH","edenspiekermann.com","0.9","amtlich_namensbezug","","edenspiekermann.com",""
"edp vertriebs","EDP Vertriebs GmbH","edp-germany.de","0.95","amtlich_bestaetigt","edp-germany.de","edp-germany.de",""
"eduneon","Eduneon GmbH","eduneon.de","0.9","amtlich_namensbezug","","eduneon.de",""
"eduxpert","EduXpert GmbH","eduxpert.de","0.95","amtlich_bestaetigt","eduxpert.de","eduxpert.de",""
"edv-dr haller und co","EDV - Dr. Haller & Co. GmbH","edv-dr-haller.de","0.9","amtlich_namensbezug","","edv-dr-haller.de",""
"edv-systemhaus arno kindler","EDV-Systemhaus Arno Kindler","arno-kindler.de","0.95","amtlich_bestaetigt","arno-kindler.de","arno-kindler.de",""
"effekta regeltechnik","EFFEKTA Regeltechnik GmbH","effekta.com","0.9","amtlich_namensbezug","","effekta.com",""
"ehealth-connect","eHealth-connect GmbH","ehealth-connect.de","0.95","amtlich_bestaetigt","ehealth-connect.de","ehealth-connect.de",""
"ekz bibliotheksservice","ekz.bibliotheksservice GmbH","ekz.de","0.9","amtlich_namensbezug","","ekz.de",""
"elbe-werkstaetten","Elbe-Werkstätten GmbH","elbe-werkstaetten.de","0.9","amtlich_namensbezug","","elbe-werkstaetten.de",""
"electronic product services limited","Electronic Product Services Limited","epsglobal.com","0.95","amtlich_bestaetigt","epsglobal.com","epsglobal.com",""
"elsevier b v","Elsevier B.V.","elsevier.com","0.9","amtlich_namensbezug","","elsevier.com",""
"elsevier","Elsevier bv","elsevier.com","0.95","amtlich_bestaetigt","elsevier.com","elsevier.com",""
"emagine","emagine GmbH","emagine.org","0.9","amtlich_namensbezug","","emagine.org",""
"emis automatisierung","EMIS Automatisierung GmbH","emis-gmbh.de","0.9","amtlich_namensbezug","","emis-gmbh.de",""
"empolis information management","Empolis Information Management GmbH","empolis.com","0.95","amtlich_bestaetigt","empolis.com","empolis.com",""
"engie deutschland","ENGIE Deutschland GmbH","engie.com","0.9","amtlich_namensbezug","","engie.com",""
"entado","entado GmbH","entado.de","0.9","amtlich_namensbezug","","entado.de",""
"enthus","enthus GmbH","enthus.de","0.9","amtlich_namensbezug","","enthus.de",""
"entona","entona GmbH & Co. KG","entona.de","0.9","amtlich_namensbezug","","entona.de",""
"envite consulting","envite consulting GmbH","envite.de","0.9","amtlich_namensbezug","","envite.de",""
"eomi","EOMI AG","eomi.com","0.95","amtlich_bestaetigt","eomi.com","eomi.com",""
"eos uptrade","eos.uptrade GmbH","eos-uptrade.de","0.9","amtlich_namensbezug","","eos-uptrade.de",""
"epam systems","EPAM Systems GmbH","epam.com","0.9","amtlich_namensbezug","","epam.com",""
"epias","epias GmbH","epias.de","0.95","amtlich_bestaetigt","epias.de","epias.de",""
"eplass project collaboration","EPLASS project collaboration GmbH","thinkproject.com","0.9","amtlich_namensbezug","","thinkproject.com",""
"epostbox epb","epostbox epb Gmbh","epostbox.de","0.9","amtlich_namensbezug","","epostbox.de",""
"equinix germany","Equinix (Germany) GmbH","eu.equinix.com","0.9","amtlich_namensbezug","","eu.equinix.com",""
"ergosign","Ergosign GmbH","ergosign.de","0.9","amtlich_namensbezug","","ergosign.de",""
"escal institute of advanced technologies inc d/b/a sans institute","Escal Institute of Advanced Technologies, Inc. D/B/A SANS Institute","sans.org","0.95","amtlich_bestaetigt","sans.org","sans.org",""
"esko-systems","Esko-systems GmbH","esko-systems.de","0.9","amtlich_namensbezug","","esko-systems.de",""
"esn energiesystemenord","ESN EnergieSystemeNord GmbH","esn.de","0.9","amtlich_namensbezug","","esn.de",""
"esri deutschland","Esri Deutschland GmbH","esri.de","0.95","amtlich_bestaetigt","esri.de","esri.de",""
"essendi it","essendi it GmbH","essendi.de","0.95","amtlich_bestaetigt","essendi.de","essendi.de",""
"etc solutions","ETC Solutions GmbH","etc-consult.de","0.9","amtlich_namensbezug","","etc-consult.de",""
"eurofunk kappacher","eurofunk Kappacher GmbH","eurofunk.com","0.95","amtlich_bestaetigt","eurofunk.com","eurofunk.com",""
"eurofunk kappacher gmbh deutschland","eurofunk Kappacher GmbH Deutschland","eurofunk.com","0.9","amtlich_namensbezug","","eurofunk.com",""
"european it consultancy eitco","European IT Consultancy EITCO GmbH","eitco.de","0.9","amtlich_namensbezug","","eitco.de",""
"eurosec","eurosec GmbH","eurosec-gmbh.de","0.9","amtlich_namensbezug","","eurosec-gmbh.de",""
"eurostor","EUROstor GmbH","eurostor.com","0.9","amtlich_namensbezug","","eurostor.com",""
"evaco","EVACO GmbH","evaco.de","0.9","amtlich_namensbezug","","evaco.de",""
"evasys","evasys GmbH","evasys.de","0.95","amtlich_bestaetigt","evasys.de","evasys.de",""
"eventnet","Eventnet GmbH","eventnet.de","0.9","amtlich_namensbezug","","eventnet.de",""
"everbridge europe limited","Everbridge Europe Limited","everbridge.com","0.9","amtlich_namensbezug","","everbridge.com",""
"evia innovation","evia innovation GmbH","evia.de","0.95","amtlich_bestaetigt","evia.de","evia.de",""
"evniko","evniko GmbH","evniko.com","0.9","amtlich_namensbezug","","evniko.com",""
"evoila","evoila GmbH","evoila.de","0.95","amtlich_bestaetigt","evoila.de","evoila.de",""
"evoila networks","evoila networks GmbH","evoila.com","0.9","amtlich_namensbezug","evoila.com","hob.de",""
"evospark","EVOspark GmbH","evospark.de","0.95","amtlich_bestaetigt","evospark.de","evospark.de",""
"ewe tel","EWE Tel","ewe.de","0.95","amtlich_bestaetigt","ewe.de","ewe.de",""
"ewerk digital","EWERK DIGITAL GmbH","ewerk.com","0.95","amtlich_bestaetigt","ewerk.com","ewerk.com",""
"ewv elektronik wartung vertrieb","EWV Elektronik Wartung Vertrieb GmbH","ewv-kontrollsysteme.de","0.9","amtlich_namensbezug","","ewv-kontrollsysteme.de",""
"excit3d","EXCIT3D GmbH","excit3d.de","0.9","amtlich_namensbezug","","excit3d.de",""
"exelentic","Exelentic GmbH","exelentic.com","0.9","amtlich_namensbezug","","exelentic.com",""
"experience one","Experience One AG","experienceone.com","0.9","amtlich_namensbezug","","experienceone.com",""
"expleo technology germany","Expleo Technology Germany GmbH","expleogroup.com","0.95","amtlich_bestaetigt","expleogroup.com","expleogroup.com",""
"exterro inc","Exterro, Inc.","exterro.com","0.9","amtlich_namensbezug","","exterro.com",""
"exxcellent solutions","eXXcellent solutions","exxcellent.de","0.9","amtlich_namensbezug","","exxcellent.de",""
"exxeta","Exxeta AG","exxeta.com","0.9","amtlich_namensbezug","","exxeta.com",""
"exxonit","Exxonit GmbH","exxonit.de","0.9","amtlich_namensbezug","","exxonit.de",""
"f-h froehlich handelsgesellschaft","F-H Fröhlich Handelsgesellschaft mbH","f-h-froehlich.de","0.9","amtlich_namensbezug","","f-h-froehlich.de",""
"fairkom","fairkom","fairkom.eu","0.95","amtlich_bestaetigt","fairkom.eu","fairkom.eu",""
"fairnetz","FairNetz GmbH","fairnetzgmbh.de","0.9","amtlich_namensbezug","","fairnetzgmbh.de",""
"fastahead","fastahead GmbH & Co. KG","fastahead.com","0.9","amtlich_namensbezug","","fastahead.com",""
"fellow digitals","Fellow Digitals GmbH","fellowdigitals.de","0.9","amtlich_namensbezug","","fellowdigitals.de",""
"fibercom","Fibercom GmbH","fibercom.de","0.9","amtlich_namensbezug","","fibercom.de",""
"figma inc","Figma, Inc.","figma.com","0.9","amtlich_namensbezug","","figma.com",""
"finbridge","Finbridge GmbH & Co. KG","finbridge.de","0.9","amtlich_namensbezug","","finbridge.de",""
"fintark limited","FinTark Limited","fintark.com","0.9","amtlich_namensbezug","","fintark.com",""
"firma kisters","Firma KISTERS AG","kisters.de","0.9","amtlich_namensbezug","","kisters.de",""
"five 9 s","five(9)s GmbH","five9s.de","0.9","amtlich_namensbezug","","five9s.de",""
"flip","Flip GmbH","getflip.com","0.9","amtlich_namensbezug","","getflip.com",""
"flowable deutschland","Flowable Deutschland GmbH","flowable.com","0.95","amtlich_bestaetigt","flowable.com","flowable.com",""
"flowchief","FlowChief GmbH","flowchief.de","0.9","amtlich_namensbezug","","flowchief.de",""
"fme","fme AG","fme.de","0.9","amtlich_namensbezug","","fme.de",""
"fobizz | 101skills","fobizz | 101skills GmbH","fobizz.com","0.95","amtlich_bestaetigt","fobizz.com","fobizz.com",""
"focusnet","focusnet GmbH","focusnet.de","0.95","amtlich_bestaetigt","focusnet.de","focusnet.de",""
"fonn group germany","Fonn Group Germany GMBH","fonngroup.com","0.9","amtlich_namensbezug","","fonngroup.com",""
"form follows you","Form Follows You GmbH","formfollowsyou.com","0.9","amtlich_namensbezug","","formfollowsyou.com",""
"forml","forml GmbH","forml.eu","0.9","amtlich_namensbezug","","forml.eu",""
"forrs","FORRS GmbH","forrs.de","0.9","amtlich_namensbezug","","forrs.de",""
"forte digital","Forte Digital GmbH","fortedigital.de","0.95","amtlich_bestaetigt","fortedigital.de","fortedigital.de",""
"fortis it-services","FORTIS IT-Services GmbH","fortis-it.de","0.9","amtlich_namensbezug","","fortis-it.de",""
"fourenergy","FourEnergy GmbH","fourenergy.de","0.95","amtlich_bestaetigt","fourenergy.de","fourenergy.de",""
"foxit europe","Foxit Europe GmbH","foxitsoftware.com","0.9","amtlich_namensbezug","","foxitsoftware.com",""
"franken lehrmittel medientechnik","Franken Lehrmittel Medientechnik","franken-lehrmittel.de","0.9","amtlich_namensbezug","","franken-lehrmittel.de",""
"frauenhofer-gesellschaft zur foerderung der angewandten forschung e v fuer ihr frauenhofer-institut fuer iais","Frauenhofer-Gesellschaft zur Förderung der angewandten Forschung e.V. für ihr Frauenhofer-Institut für IAIS","iais.frauenhofer.de","0.9","amtlich_namensbezug","","iais.frauenhofer.de",""
"fraunhofer iosb","Fraunhofer IOSB","iosb.fraunhofer.de","0.9","amtlich_namensbezug","","iosb.fraunhofer.de",""
"frequentis deutschland","Frequentis Deutschland GmbH","frequentis.com","0.95","amtlich_bestaetigt","frequentis.com","frequentis.com",""
"friedmann elektrotechnik","Friedmann Elektrotechnik GmbH","friedmann-elektrotechnik.de","0.9","amtlich_namensbezug","","friedmann-elektrotechnik.de",""
"friends mobile cc","friends mobile cc GmbH & Co. KG","friendsmobile.de","0.9","amtlich_namensbezug","","friendsmobile.de",""
"fronius deutschland","Fronius Deutschland GmbH","fronius.com","0.9","amtlich_namensbezug","","fronius.com",""
"frost und sullivan","Frost & Sullivan GmbH","frost.com","0.9","amtlich_namensbezug","","frost.com",""
"fs elektronik","FS Elektronik GmbH","kabelmeister.de","0.95","amtlich_bestaetigt","kabelmeister.de","kabelmeister.de",""
"fsas technologies","Fsas Technologies GmbH","eu.fsastech.com","0.9","amtlich_namensbezug","eu.fsastech.com","fujitsu.com",""
"fsp consulting","FSP consulting GmbH","fsp-gruppe.de","0.95","amtlich_bestaetigt","fsp-gruppe.de","fsp-gruppe.de",""
"fujitsu germany","Fujitsu Germany GmbH","fujitsu.com","0.9","amtlich_namensbezug","","fujitsu.com",""
"fujitsu technology solutions","Fujitsu Technology Solutions GmbH","fujitsu.com","0.9","amtlich_namensbezug","","fujitsu.com",""
"funke works","FUNKE Works GmbH","azubiyo.de","0.95","amtlich_bestaetigt","azubiyo.de","azubiyo.de",""
"futuredat","FUTUREDAT GmbH","futuredat.com","0.9","amtlich_namensbezug","","futuredat.com",""
"fwu institut fuer film und bild in wissenschaft und unterricht","FWU Institut für Film und Bild in Wissenschaft und Unterricht gGmbH","fwu.de","0.9","amtlich_namensbezug","","fwu.de",""
"fwu institut fuer film und bildung in wissenschaft und unterricht","FWU Institut für Film und Bildung in Wissenschaft und Unterricht gGmbH","fwu.de","0.9","amtlich_namensbezug","","fwu.de",""
"g data cyberdefense","G DATA CyberDefense AG","gdata.de","0.9","amtlich_namensbezug","","gdata.de",""
"gaf","GAF AG","gaf.de","0.95","amtlich_bestaetigt","gaf.de","gaf.de",""
"gartner deutschland","Gartner Deutschland GmbH","gartner.com","0.9","amtlich_namensbezug","","gartner.com",""
"gauss-lvs","GAUSS-LVS mbH","gauss-lvs.de","0.9","amtlich_namensbezug","","gauss-lvs.de",""
"gbi-genios deutsche wirtschaftsdatenbank","GBI-Genios Deutsche Wirtschaftsdatenbank GmbH","gbi-genios.de","0.9","amtlich_namensbezug","gbi-genios.de","genios.de",""
"gcc grothcompany concepts","gcc grothcompany concepts gmbH","grothcompany.de","0.9","amtlich_namensbezug","","grothcompany.de",""
"gcon","GCON GmbH","gcon.de","0.95","amtlich_bestaetigt","gcon.de","gcon.de",""
"ge healthcare gbmh","GE Healthcare GbmH","gehealthcare.com","0.9","amtlich_namensbezug","","gehealthcare.com",""
"ge healthcare","GE Healthcare GmbH","gehealthcare.com","0.9","amtlich_namensbezug","","gehealthcare.com",""
"gear labs sp z o o","Gear Labs sp. z o.o.","gearlabs.pl","0.9","amtlich_namensbezug","","gearlabs.pl",""
"gebr willach","Gebr. Willach GmbH","willach.com","0.95","amtlich_bestaetigt","willach.com","willach.com",""
"gebra-it","GEBRA-IT GmbH","gebra-it.de","0.9","amtlich_namensbezug","","gebra-it.de",""
"gebaeudemanagement und systemtechnik knauft","Gebäudemanagement & Systemtechnik Knauft GmbH","knauft.net","0.95","amtlich_bestaetigt","knauft.net","knauft.net",""
"gecko","Gecko mbH","gecko.de","0.9","amtlich_namensbezug","","gecko.de",""
"geco deutschland","GECO Deutschland GmbH","geco-group.com","0.95","amtlich_bestaetigt","geco-group.com","geco-group.com",""
"gelsen-net kommunikationsgesellschaft","GELSEN-NET Kommunikationsgesellschaft mbH","gelsen-net.de","0.95","amtlich_bestaetigt","gelsen-net.de","gelsen-net.de",""
"gema germany","GEMA Germany GmbH","thegema.com","0.9","amtlich_namensbezug","thegema.com","",""
"gener8 spaces","Gener8 Spaces Ltd.","g8spaces.com","0.9","amtlich_namensbezug","","g8spaces.com",""
"genesis cloud limited","Genesis Cloud Limited","genesis-group.com","0.9","amtlich_namensbezug","genesis-group.com","",""
"geocat b v","GeoCat B.V.","geocat.net","0.95","amtlich_bestaetigt","geocat.net","geocat.net",""
"geodata services","GeoData Services Ltd.","geodata-services.de","0.9","amtlich_namensbezug","","geodata-services.de",""
"geolock","GEOLOCK GmbH","geolock.de","0.9","amtlich_namensbezug","","geolock.de",""
"german sales agency","German Sales Agency e.K.","german-sales.com","0.9","amtlich_namensbezug","","german-sales.com",""
"gesat","GESAT GmbH","gesat.com","0.9","amtlich_namensbezug","","gesat.com",""
"getabstract","getAbstract AG","getabstract.com","0.95","amtlich_bestaetigt","getabstract.com","getabstract.com",""
"getinge deutschland","Getinge Deutschland GmbH","getinge.com","0.95","amtlich_bestaetigt","getinge.com","getinge.com",""
"gevekom","gevekom GmbH","gevekom.de","0.9","amtlich_namensbezug","","gevekom.de",""
"gfa consulting group","GFA Consulting Group GmbH","gfa-group.de","0.95","amtlich_bestaetigt","gfa-group.de","gfa-group.de",""
"gfai gesellschaft zur foerderung angewandter informatik","GFaI Gesellschaft zur Förderung angewandter Informatik e. V.","gfai.de","0.95","amtlich_bestaetigt","gfai.de","gfai.de",""
"gi group deutschland","Gi Group Deutschland","gigroup.com","0.9","amtlich_namensbezug","","gigroup.com",""
"gid geoinformationsdienst","GID Geoinformationsdienst GmbH","geoinformationsdienst.de","0.9","amtlich_namensbezug","","geoinformationsdienst.de",""
"gid global information distribution","GID Global Information Distribution","gid-it.de","0.9","amtlich_namensbezug","","gid-it.de",""
"gid","GID GmbH","gid-it.de","0.95","amtlich_bestaetigt","gid-it.de","gid-it.de",""
"gisa","GISA GmbH","gisa.de","0.95","amtlich_bestaetigt","gisa.de","gisa.de",""
"giscon systems","GISCON Systems GmbH","giscon.de","0.95","amtlich_bestaetigt","giscon.de","giscon.de",""
"gk datentechnik","GK Datentechnik e. K.","gk-datentechnik.de","0.9","amtlich_namensbezug","","gk-datentechnik.de",""
"glasfaserplus","GlasfaserPlus GmbH","glasfaserplus.de","0.95","amtlich_bestaetigt","glasfaserplus.de","glasfaserplus.de",""
"glasfaserplus gmbh-region ost","GlasfaserPlus GmbH-Region Ost","glasfaserplus.de","0.95","amtlich_bestaetigt","glasfaserplus.de","glasfaserplus.de",""
"global network","Global Network AG","global-network.ag","0.9","amtlich_namensbezug","","global-network.ag",""
"global side","Global Side GmbH","globalside.com","0.9","amtlich_namensbezug","","globalside.com",""
"glueckkanja","glueckkanja AG","glueckkanja-gab.com","0.9","amtlich_namensbezug","","glueckkanja-gab.com",""
"gofore","Gofore GmbH","gofore.com","0.9","amtlich_namensbezug","","gofore.com",""
"gopa international energy consultants","GOPA International Energy Consultants GmbH","gopa-intec.de","0.9","amtlich_namensbezug","","gopa-intec.de",""
"gordion data systems technology","GORDION Data Systems Technology GmbH","gordion.de","0.95","amtlich_bestaetigt","gordion.de","gordion.de",""
"goriscon","Goriscon GmbH","goriscon.de","0.95","amtlich_bestaetigt","goriscon.de","goriscon.de",""
"gpi consulting","GPI Consulting GmbH","gpi-consulting.de","0.9","amtlich_namensbezug","","gpi-consulting.de",""
"grant thornton","Grant Thornton AG","grantthornton.de","0.9","amtlich_namensbezug","grantthornton.de","de.gt.com",""
"graphmasters","Graphmasters","graphmasters.net","0.95","amtlich_bestaetigt","graphmasters.net","graphmasters.net",""
"greenbone","Greenbone AG","greenbone.net","0.95","amtlich_bestaetigt","greenbone.net","greenbone.net",""
"greenstorming","greenstorming GmbH","greenstorming.de","0.95","amtlich_bestaetigt","greenstorming.de","greenstorming.de",""
"grit","grit GmbH","grit.de","0.9","amtlich_namensbezug","","grit.de",""
"groundkeeper ug haftungsbeschraenkt","Groundkeeper UG (haftungsbeschränkt)","groundkeeper.net","0.9","amtlich_namensbezug","","groundkeeper.net",""
"group24","Group24 AG","group24.de","0.95","amtlich_bestaetigt","group24.de","group24.de",""
"gsa gesellschaft fuer strassenanalyse","GSA Gesellschaft für Straßenanalyse mbH","gsa-mbh.com","0.9","amtlich_namensbezug","","gsa-mbh.com",""
"guidecom","GuideCom AG","guidecom.de","0.95","amtlich_bestaetigt","guidecom.de","guidecom.de",""
"guntermann und drunck","Guntermann & Drunck GmbH","gdsys.com","0.95","amtlich_bestaetigt","gdsys.com","gdsys.com",""
"h und z digital","H&Z.digital GmbH","hz.digital","0.9","amtlich_namensbezug","","hz.digital",""
"h hugendubel","H. Hugendubel GmbH & Co. KG","hugendubel.info","0.9","amtlich_namensbezug","","hugendubel.info",""
"haai","HAAI GmbH","haai.at","0.95","amtlich_bestaetigt","haai.at","haai.at",""
"haiilo","Haiilo GmbH","haiilo.com","0.9","amtlich_namensbezug","","haiilo.com",""
"hamann media tec","Hamann Media Tec GmbH","hamann-media-tec.de","0.9","amtlich_namensbezug","","hamann-media-tec.de",""
"hamburgnet","Hamburgnet","hamburgnet.de","0.95","amtlich_bestaetigt","hamburgnet.de","hamburgnet.de",""
"hanseatics rich media","hanseatics rich media gmbh & co. kg","hanseatics.com","0.95","amtlich_bestaetigt","hanseatics.com","hanseatics.com",""
"hansecom public transport ticketing solutions","HanseCom Public Transport Ticketing Solutions GmbH","hansecom.com","0.9","amtlich_namensbezug","","hansecom.com",""
"hbsn","HBSN GmbH","hbsn-gruppe.de","0.95","amtlich_bestaetigt","hbsn-gruppe.de","hbsn-gruppe.de",""
"heigit","HeiGIT gGmbH","heigit.org","0.9","amtlich_namensbezug","","heigit.org",""
"heinekingmedia","heinekingmedia GmbH","heinekingmedia.de","0.9","amtlich_namensbezug","","heinekingmedia.de",""
"heinrich wietholt","Heinrich Wietholt GmbH","wietholt.de","0.95","amtlich_bestaetigt","wietholt.de","wietholt.de",""
"hello de","hello.de AG","hello.de","0.9","amtlich_namensbezug","","hello.de",""
"helm und walter it-solutions","Helm & Walter IT-Solutions GmbH","helmundwalter.de","0.9","amtlich_namensbezug","","helmundwalter.de",""
"helmich it-security","Helmich IT-Security GmbH","helmich.de","0.9","amtlich_namensbezug","","helmich.de",""
"henrichsen4s","HENRICHSEN4s GmbH & Co. KG","henrichsen4s.de","0.9","amtlich_namensbezug","","henrichsen4s.de",""
"hermes systeme hamburg","HERMES Systeme Hamburg GmbH","hermes-systeme.de","0.9","amtlich_namensbezug","","hermes-systeme.de",""
"hirschtec","HIRSCHTEC GmbH","hirschtec.eu","0.9","amtlich_namensbezug","","hirschtec.eu",""
"hisolutions","HiSolutions AG","hisolutions.com","0.95","amtlich_bestaetigt","hisolutions.com","hisolutions.com",""
"hks systeme","HKS Systeme GmbH","hks-systeme.de","0.95","amtlich_bestaetigt","hks-systeme.de","hks-systeme.de",""
"hm informatik","HM Informatik AG","hm-ag.de","0.9","amtlich_namensbezug","","hm-ag.de",""
"hmm deutschland","HMM Deutschland GmbH","hmmdeutschland.de","0.95","amtlich_bestaetigt","hmmdeutschland.de","hmmdeutschland.de",""
"hoffmann gmbh qualitaetswerkzeuge","Hoffmann GmbH Qualitätswerkzeuge","hoffmann-group.com","0.9","amtlich_namensbezug","","hoffmann-group.com",""
"hofmann bueroorganisation","Hofmann Büroorganisation GmbH","hofmann-online.com","0.95","amtlich_bestaetigt","hofmann-online.com","hofmann-online.com",""
"honeywell building solutions","Honeywell Building Solutions","honeywell.com","0.9","amtlich_namensbezug","","honeywell.com",""
"horn","Horn GmbH","horn-gmbh.com","0.9","amtlich_namensbezug","","horn-gmbh.com",""
"horvath und partner","Horváth & Partner GmbH","horvath-partners.com","0.95","amtlich_bestaetigt","horvath-partners.com","horvath-partners.com",""
"hosch gebaeudeautomation neue systeme","Hosch Gebäudeautomation Neue Systeme GmbH","hosch-ga.de","0.9","amtlich_namensbezug","","hosch-ga.de",""
"htp","htp GmbH","htp.net","0.9","amtlich_namensbezug","","htp.net",""
"human art computersysteme","Human Art Computersysteme GmbH","human-art.de","0.9","amtlich_namensbezug","","human-art.de",""
"humhub","HumHub GmbH & Co. KG","humhub.com","0.95","amtlich_bestaetigt","humhub.com","humhub.com",""
"hxgn safety und infrastructure","HxGN Safety & Infrastructure GmbH","hexagon.com","0.95","amtlich_bestaetigt","hexagon.com","hexagon.com",""
"hyand solutions","Hyand Solutions GmbH","hyand.com","0.95","amtlich_bestaetigt","hyand.com","hyand.com",""
"hydrotec ingenieurgesellschaft fuer wasser und umwelt","Hydrotec Ingenieurgesellschaft für Wasser und Umwelt mbH","hydrotec.de","0.95","amtlich_bestaetigt","hydrotec.de","hydrotec.de",""
"hydrotec ingenieursgesellschaft fuer wasser und umwelt","Hydrotec Ingenieursgesellschaft für Wasser und Umwelt mbH","hydrotec.de","0.9","amtlich_namensbezug","","hydrotec.de",""
"hypertegrity","HYPERTEGRITY AG","hypertegrity.de","0.9","amtlich_namensbezug","","hypertegrity.de",""
"hyplus solutions","HyPlus Solutions GmbH","hyplus-group.com","0.9","amtlich_namensbezug","","hyplus-group.com",""
"haedel computerhardware","Hädel Computerhardware","haedel.de","0.9","amtlich_namensbezug","","haedel.de",""
"hoermann warnsysteme","Hörmann Warnsysteme GmbH","hoermann-ws.de","0.95","amtlich_bestaetigt","hoermann-ws.de","hoermann-ws.de",""
"iabg","IABG mbH","iabg.de","0.9","amtlich_namensbezug","","iabg.de",""
"iam factory","IAM Factory AG","iamfactory.de","0.9","amtlich_namensbezug","iamfactory.de","",""
"iav","IAV GmbH","iav.de","0.9","amtlich_namensbezug","iav.de","",""
"ibb adaptive solutions","IBB Adaptive Solutions GmbH","ibb-as.com","0.9","amtlich_namensbezug","","ibb-as.com",""
"ibm deutschland","IBM Deutschland GmbH","ibm.com","0.9","amtlich_namensbezug","ibm.com","de.ibm.com",""
"ibm ix germany","IBM iX Germany GmbH","ibmix.de","0.95","amtlich_bestaetigt","ibmix.de","ibmix.de",""
"ibro versandservice","IBRo Versandservice GmbH","ibro.de","0.9","amtlich_namensbezug","","ibro.de",""
"ibsolution","IBsolution GmbH","ibsolution.com","0.95","amtlich_bestaetigt","ibsolution.com","ibsolution.com",""
"ibv informatik","IBV Informatik AG","ibv.ch","0.9","amtlich_namensbezug","collaboard.app","ibv.ch",""
"ibv informatik beratungs und vertriebs","IBV Informatik, Beratungs und Vertriebs AG","ibv.ch","0.9","amtlich_namensbezug","collaboard.app","ibv.ch",""
"ibykus ag fuer informationstechnologie","IBYKUS AG für Informationstechnologie","ibykus.de","0.9","amtlich_namensbezug","ibykus.de","",""
"iconate","Iconate GmbH","iconate.de","0.95","amtlich_bestaetigt","iconate.de","iconate.de",""
"id information und dokumentation im gesundheitswesen","ID Information und Dokumentation im Gesundheitswesen GmbH & Co.  KGaA","id-berlin.de","0.9","amtlich_namensbezug","id-berlin.de","",""
"idpendant","IDpendant GmbH","idpendant.com","0.9","amtlich_namensbezug","","idpendant.com",""
"idv","IDV GmbH","idv-ag.de","0.95","amtlich_bestaetigt","idv-ag.de","idv-ag.de",""
"iges institut","IGES Institut GmbH","iges.com","0.9","amtlich_namensbezug","iges.com","",""
"iicm consulting","IICM Consulting GmbH & Co. KG","iicm.consulting","0.95","amtlich_bestaetigt","iicm.consulting","iicm.consulting",""
"iku","IKU GmbH & Co. KG","iku-systems.de","0.95","amtlich_bestaetigt","iku-systems.de","iku-systems.de",""
"imago","IMAGO","imago-images.de","0.95","amtlich_bestaetigt","imago-images.de","imago-images.de",""
"imbus","imbus AG","imbus.de","0.95","amtlich_bestaetigt","imbus.de","imbus.de",""
"imbus rheinland","imbus Rheinland GmbH","imbus.de","0.95","amtlich_bestaetigt","imbus.de","imbus.de",""
"imeso-it","IMESO-IT GmbH","imeso.de","0.95","amtlich_bestaetigt","imeso.de","imeso.de",""
"impressum gecko gesellschaft fuer computer-und kommunikationssysteme","Impressum GECKO Gesellschaft für Computer- und Kommunikationssysteme mbH","gecko.de","0.9","amtlich_namensbezug","","gecko.de",""
"imtb consulting","IMTB Consulting GmbH","imtb.de","0.95","amtlich_bestaetigt","imtb.de","imtb.de",""
"in2code","in2code GmbH","in2code.de","0.9","amtlich_namensbezug","","in2code.de",""
"in4md service","in4MD Service GmbH","in4md-service.de","0.95","amtlich_bestaetigt","in4md-service.de","in4md-service.de",""
"indico-solutions","INDICO-SOLUTIONS GmbH","indico-solutions.com","0.9","amtlich_namensbezug","indico-solutions.com","",""
"inett","inett GmbH","inett.de","0.95","amtlich_bestaetigt","inett.de","inett.de",""
"info gmbh markt-und meinungsforschung","INFO GmbH Markt- und Meinungsforschung","infogmbh.de","0.95","amtlich_bestaetigt","infogmbh.de","infogmbh.de",""
"infodas","INFODAS","infodas.de","0.9","amtlich_namensbezug","","infodas.de",""
"infodas gesellschaft fuer systementwicklung und informationsverarbeitung","INFODAS Gesellschaft für Systementwicklung und Informationsverarbeitung mbH","infodas.de","0.9","amtlich_namensbezug","","infodas.de",""
"infofabrik","InfoFabrik GmbH","infofabrik.de","0.9","amtlich_namensbezug","","infofabrik.de",""
"infora","INFORA GmbH","infora.de","0.9","amtlich_namensbezug","infora.de","materna.group",""
"informatica","Informatica GmbH","informatica.com","0.95","amtlich_bestaetigt","informatica.com","informatica.com",""
"information services group","Information Services Group GmbH","isg-one.com","0.95","amtlich_bestaetigt","isg-one.com","isg-one.com",""
"infosim","Infosim GmbH & Co. KG","infosim.net","0.9","amtlich_namensbezug","","infosim.net",""
"infosys ltd zweigniederlassung deutschland","Infosys Ltd. Zweigniederlassung Deutschland","infosys.com","0.9","amtlich_namensbezug","","infosys.com",""
"infra run service","infra.run Service GmbH","infra.run","0.95","amtlich_bestaetigt","infra.run","infra.run",""
"infraforce","Infraforce GmbH","infraforce.de","0.9","amtlich_namensbezug","","infraforce.de",""
"ingenieurgruppe ivv","Ingenieurgruppe IVV GmbH & Co. KG","ivv-aachen.de","0.95","amtlich_bestaetigt","ivv-aachen.de","ivv-aachen.de",""
"init innovative informatikanwendungen in transport-verkehrs-und leitsystemen","INIT Innovative Informatikanwendungen in Transport-, Verkehrs- und Leitsystemen GmbH","initse.com","0.9","amtlich_namensbezug","","initse.com",""
"innius gtd","INNIUS GTD GmbH","innius-gtd.de","0.9","amtlich_namensbezug","","innius-gtd.de",""
"innobis","innobis AG","innobis.de","0.9","amtlich_namensbezug","innobis.de","",""
"innoloft","Innoloft GmbH","innoloft.com","0.9","amtlich_namensbezug","","innoloft.com",""
"innovative datensysteme gmbh indasys","Innovative Datensysteme GmbH indasys","indasys.de","0.95","amtlich_bestaetigt","indasys.de","indasys.de",""
"innovence airport systems","Innovence Airport Systems GmbH","innovence.de","0.9","amtlich_namensbezug","","innovence.de",""
"inovi","inovi gmbh","inovi.de","0.9","amtlich_namensbezug","","inovi.de",""
"inovis medical","INOVIS medical GmbH","inovis-medical.de","0.95","amtlich_bestaetigt","inovis-medical.de","inovis-medical.de",""
"inovoo","inovoo GmbH","inovoo.com","0.95","amtlich_bestaetigt","inovoo.com","inovoo.com",""
"inside partner-verlag und agentur","inside partner - Verlag und Agentur GmbH","inside-partner.de","0.9","amtlich_namensbezug","","inside-partner.de",""
"instikom","InstiKom GmbH","instikom.de","0.9","amtlich_namensbezug","","instikom.de",""
"instron","Instron GmbH","instron.com","0.9","amtlich_namensbezug","","instron.com",""
"insynergie","inSynergie GmbH","insynergie.de","0.95","amtlich_bestaetigt","insynergie.de","insynergie.de",""
"integration experts","Integration Experts GmbH","integration-experts.de","0.9","amtlich_namensbezug","","integration-experts.de",""
"intelli doo beograd","Intelli DOO Beograd","intelli-corp.com","0.9","amtlich_namensbezug","","intelli-corp.com",""
"intend geoinformatik","INTEND Geoinformatik GmbH","intend.de","0.9","amtlich_namensbezug","","intend.de",""
"intension","intension GmbH","intension.de","0.9","amtlich_namensbezug","","intension.de",""
"intercept solutions","INTERcept. Solutions GmbH","intercept.de","0.9","amtlich_namensbezug","","intercept.de",""
"interface","InterFace AG","interface-ag.de","0.9","amtlich_namensbezug","interface-ag.de","if.de",""
"interface systems","interface systems GmbH","interface-systems.de","0.95","amtlich_bestaetigt","interface-systems.de","interface-systems.de",""
"intertronic it","INTERTRONIC IT GmbH","intertronic.de","0.9","amtlich_namensbezug","","intertronic.de",""
"intrexx","INTREXX GmbH","intrexx.com","0.9","amtlich_namensbezug","","intrexx.com",""
"invaris informationssysteme","INVARIS Informationssysteme GmbH","invaris.com","0.95","amtlich_bestaetigt","invaris.com","invaris.com",""
"invenio systems engineering","invenio Systems Engineering GmbH","invenio.net","0.95","amtlich_bestaetigt","invenio.net","invenio.net",""
"inventorio","inventorio GmbH","inventorio.de","0.9","amtlich_namensbezug","","inventorio.de",""
"iok","IOK GmbH & Co. KG","iok.net","0.9","amtlich_namensbezug","","iok.net",""
"ip dynamics","IP Dynamics GmbH","ipdynamics.de","0.95","amtlich_bestaetigt","ipdynamics.de","ipdynamics.de",""
"ip syscon","IP SYSCON GmbH","ipsyscon.de","0.9","amtlich_namensbezug","","ipsyscon.de",""
"ipg","IPG","ipg-group.com","0.9","amtlich_namensbezug","","ipg-group.com",""
"ipg information process group gmbh deutschland","IPG Information Process Group GmbH Deutschland","ipg-group.com","0.95","amtlich_bestaetigt","ipg-group.com","ipg-group.com",""
"iqmatix","iQMatix GmbH","iqmatix.de","0.95","amtlich_bestaetigt","iqmatix.de","iqmatix.de",""
"iqvia","IQVIA","iqvia.com","0.9","amtlich_namensbezug","","iqvia.com",""
"iqvia commercial gmbh und co","IQVIA Commercial GmbH & Co. OHG","iqvia.com","0.95","amtlich_bestaetigt","iqvia.com","iqvia.com",""
"is4it","IS4IT GmbH","is4it.de","0.95","amtlich_bestaetigt","is4it.de","is4it.de",""
"isarcolor","isarcolor GmbH","isarcolor.de","0.9","amtlich_namensbezug","","isarcolor.de",""
"isax","iSAX GmbH & Co. KG","isax.com","0.95","amtlich_bestaetigt","isax.com","isax.com",""
"isec7","ISEC7 GmbH","isec7.com","0.9","amtlich_namensbezug","","isec7.com",""
"iso public services","ISO Public Services GmbH","iso-gruppe.com","0.9","amtlich_namensbezug","","iso-gruppe.com",""
"isr information products","ISR Information Products AG","isr.de","0.95","amtlich_bestaetigt","isr.de","isr.de",""
"it-formation","IT-Formation GmbH","it-formation.de","0.9","amtlich_namensbezug","","it-formation.de",""
"it-haus","IT-HAUS GmbH","it-haus.com","0.9","amtlich_namensbezug","","it-haus.com",""
"it-novum","it-novum GmbH","it-novum.com","0.9","amtlich_namensbezug","","it-novum.com",""
"it-service mario schatz","IT-Service Mario Schatz","it-service-schatz.de","0.9","amtlich_namensbezug","","it-service-schatz.de",""
"itaricon","ITARICON GmbH","itaricon.de","0.9","amtlich_namensbezug","","itaricon.de",""
"itb consulting","ITB Consulting GmbH","itb-consulting.de","0.9","amtlich_namensbezug","itb-consulting.de","",""
"itc haensel","ITC Hänsel GmbH","itc-haensel.de","0.9","amtlich_namensbezug","","itc-haensel.de",""
"itd solutions s p a","ITD SOLUTIONS S.P.A.","itdsolutions.it","0.95","amtlich_bestaetigt","itdsolutions.it","itdsolutions.it",""
"itiso","itiso GmbH","itiso.de","0.9","amtlich_namensbezug","","itiso.de",""
"itk engineering","ITK Engineering GmbH","itk-engineering.de","0.9","amtlich_namensbezug","itk-engineering.de","",""
"itmediaconsult","ITMediaConsult AG","itmediaconsult.de","0.95","amtlich_bestaetigt","itmediaconsult.de","itmediaconsult.de",""
"itq consultancy","ITQ Consultancy","itq.eu","0.95","amtlich_bestaetigt","itq.eu","itq.eu",""
"itris","itris GmbH","itris.de","0.95","amtlich_bestaetigt","itris.de","itris.de",""
"itsc","ITSC GmbH","itsc.de","0.9","amtlich_namensbezug","","itsc.de",""
"itsm consulting","ITSM Consulting GmbH","itsmgroup.com","0.95","amtlich_bestaetigt","itsmgroup.com","itsmgroup.com",""
"itsolutions24","ITsolutions24 GmbH","itsolutions24.de","0.9","amtlich_namensbezug","","itsolutions24.de",""
"itubs","iTUBS mbH","itubs.de","0.95","amtlich_bestaetigt","itubs.de","itubs.de",""
"itwatch","itWatch GmbH","itwatch.de","0.95","amtlich_bestaetigt","itwatch.de","itwatch.de",""
"ivpnetworks","IVPNetworks GmbH","ivpnetworks.de","0.9","amtlich_namensbezug","","ivpnetworks.de",""
"ivu traffic technologies","IVU Traffic Technologies AG","ivu.de","0.95","amtlich_bestaetigt","ivu.de","ivu.de",""
"j4hr","J4HR GmbH","j4hr.de","0.95","amtlich_bestaetigt","j4hr.de","j4hr.de",""
"jacob elektronik","Jacob Elektronik GmbH","jacob.de","0.9","amtlich_namensbezug","","jacob.de",""
"join","Join GmbH","join.de","0.95","amtlich_bestaetigt","join.de","join.de",""
"josef gottlieb handel und vertrieb","Josef Gottlieb Handel & Vertrieb e.K.","gottlieb-online.de","0.9","amtlich_namensbezug","","gottlieb-online.de",""
"june","JUNE GmbH","june.de","0.95","amtlich_bestaetigt","june.de","june.de",""
"juris","juris GmbH","juris.de","0.95","amtlich_bestaetigt","juris.de","juris.de",""
"just add ai","JUST ADD AI GmbH","justadd.ai","0.95","amtlich_bestaetigt","justadd.ai","justadd.ai",""
"justrelate deutschland","JustRelate Deutschland GmbH","justrelate.com","0.9","amtlich_namensbezug","","justrelate.com",""
"jwied","jwied GmbH & Co. KG","jwied.de","0.95","amtlich_bestaetigt","jwied.de","jwied.de",""
"kabel + satellit bergen kommunikationstechnik","Kabel + Satellit Bergen Kommunikationstechnik GmbH","kabelsat.net","0.9","amtlich_namensbezug","","kabelsat.net",""
"kairos","KAIROS GmbH","kairos.de","0.95","amtlich_bestaetigt","kairos.de","kairos.de",""
"kaiser buerotechnik","Kaiser Bürotechnik GmbH & Co. KG","kaiser-buerotechnik.de","0.9","amtlich_namensbezug","","kaiser-buerotechnik.de",""
"kanetics","Kanetics GmbH","kanetics.de","0.95","amtlich_bestaetigt","kanetics.de","kanetics.de",""
"kasedorf strategy und innovation","KASEDORF STRATEGY & INNOVATION","kasedorf.de","0.9","amtlich_namensbezug","","kasedorf.de",""
"kcs it solutions","KCS IT Solutions","kcs-it.net","0.95","amtlich_bestaetigt","kcs-it.net","kcs-it.net",""
"keil business solutions","Keil Business Solutions GmbH","keil-bs.com","0.9","amtlich_namensbezug","","keil-bs.com",""
"keysight technologies","Keysight Technologies","keysight.com","0.9","amtlich_namensbezug","","keysight.com",""
"kieback und peter","Kieback&Peter GmbH & Co. KG","kieback-peter.de","0.9","amtlich_namensbezug","","kieback-peter.de",""
"kienzler stadtmobiliar","Kienzler Stadtmobiliar GmbH","kienzler.com","0.9","amtlich_namensbezug","","kienzler.com",""
"kistler instrumente","Kistler Instrumente GmbH","kistler.com","0.95","amtlich_bestaetigt","kistler.com","kistler.com",""
"kita consulting","KITA Consulting GmbH & Co. KG","kita-consulting.de","0.95","amtlich_bestaetigt","kita-consulting.de","kita-consulting.de",""
"kks kemmler kopiersysteme","KKS Kemmler Kopiersysteme GmbH","kks-kt.com","0.9","amtlich_namensbezug","","kks-kt.com",""
"klein kommunikationstechnik","Klein Kommunikationstechnik GmbH","klein-itk.de","0.9","amtlich_namensbezug","","klein-itk.de",""
"klingenberger","Klingenberger","klingenberger.de","0.9","amtlich_namensbezug","","klingenberger.de",""
"klose brothers","klose brothers GmbH","klosebrothers.de","0.95","amtlich_bestaetigt","klosebrothers.de","klosebrothers.de",""
"kobaltblau management consultants","kobaltblau Management Consultants GmbH","kobaltblau.com","0.95","amtlich_bestaetigt","kobaltblau.com","kobaltblau.com",""
"kobra infosec","Kobra Infosec GmbH","kobra-infosec.de","0.9","amtlich_namensbezug","","kobra-infosec.de",""
"koenig solutions","koenig.solutions GmbH","koenig.solutions","0.9","amtlich_namensbezug","","koenig.solutions",""
"komma tec redaction","Komma,tec redaction GmbH","kommatec-red.de","0.95","amtlich_bestaetigt","kommatec-red.de","kommatec-red.de",""
"kommunix","KOMMUNIX GmbH","kommunix.de","0.95","amtlich_bestaetigt","kommunix.de","kommunix.de",""
"komsa services","KOMSA Services GmbH","komsa.de","0.9","amtlich_namensbezug","","komsa.de",""
"konica minolta business solutions deutschland","Konica Minolta Business Solutions Deutschland GmbH","konicaminolta.de","0.95","amtlich_bestaetigt","konicaminolta.de","konicaminolta.de",""
"kontext e","Kontext E GmbH","kontext-e.de","0.9","amtlich_namensbezug","","kontext-e.de",""
"kpmg ag wirtschaftspruefungsgesellschaft","KPMG AG Wirtschaftsprüfungsgesellschaft","kpmg.com","0.95","amtlich_bestaetigt","kpmg.com","kpmg.com",""
"kpmg ag wpg","KPMG AG WPG","kpmg.com","0.9","amtlich_namensbezug","","kpmg.com",""
"kraftwerk living technologies","Kraftwerk Living Technologies","kraftwerk.at","0.9","amtlich_namensbezug","","kraftwerk.at",""
"kramer und crew","Kramer & Crew GmbH & Co. KG","kramerundcrew.de","0.95","amtlich_bestaetigt","kramerundcrew.de","kramerundcrew.de",""
"ks at koenig solutions","KS AT Koenig Solutions GmbH","koenig.solutions","0.9","amtlich_namensbezug","","koenig.solutions",""
"ksl kommunalservice","KSL Kommunalservice GmbH","ksl-kommunal.de","0.9","amtlich_namensbezug","","ksl-kommunal.de",""
"kuhr + kuhr","Kuhr + Kuhr GmbH","kuhrundkuhr.de","0.9","amtlich_namensbezug","","kuhrundkuhr.de",""
"kuka systems","KUKA Systems GmbH","kuka.com","0.9","amtlich_namensbezug","kuka.com","",""
"kunze und ritter","Kunze & Ritter GmbH","kunze-ritter.de","0.9","amtlich_namensbezug","","kunze-ritter.de",""
"kupper it","Kupper IT GmbH","kupper-it.com","0.9","amtlich_namensbezug","","kupper-it.com",""
"kwa analytics","KWA Analytics LTD","kwa-analytics.com","0.9","amtlich_namensbezug","","kwa-analytics.com",""
"l und d support","L&D Support GmbH","ldsupport.de","0.95","amtlich_bestaetigt","ldsupport.de","ldsupport.de",""
"l und w datentechnik","L&W Datentechnik GmbH","lw-datentechnik.de","0.95","amtlich_bestaetigt","lw-datentechnik.de","lw-datentechnik.de",""
"l-mobile infrastructure","L-mobile infrastructure GmbH & Co. KG","l-mobile.com","0.9","amtlich_namensbezug","","l-mobile.com",""
"l2r","L2R GmbH","l2r.de","0.95","amtlich_bestaetigt","l2r.de","l2r.de",""
"landwerke m-v breitband","Landwerke M-V Breitband GmbH","rene-mv.de","0.9","amtlich_namensbezug","","rene-mv.de",""
"lang und lang","Lang&Lang GmbH","service-lang.de","0.9","amtlich_namensbezug","","service-lang.de",""
"langer it solutions","Langer IT Solutions GmbH","langer-its.com","0.9","amtlich_namensbezug","","langer-its.com",""
"lase peco systemtechnik","LASE PeCo Systemtechnik GmbH","lase-peco.com","0.95","amtlich_bestaetigt","lase-peco.com","lase-peco.com",""
"lb elektro und verkehrsanlagenbau","LB Elektro & Verkehrsanlagenbau GmbH & Co. KG","lb-evab.de","0.9","amtlich_namensbezug","lb-evab.de","",""
"lead consult","LEAD Consult Ltd.","leadconsult.eu","0.9","amtlich_namensbezug","","leadconsult.eu",""
"lecos","Lecos GmbH","lecos.de","0.9","amtlich_namensbezug","","lecos.de",""
"leifos","leifos GmbH","leifos.com","0.9","amtlich_namensbezug","","leifos.com",""
"leitek informations-und automatisierungstechnik","LEiTEK Informations- und Automatisierungstechnik GmbH","leitek.de","0.95","amtlich_bestaetigt","leitek.de","leitek.de",""
"lemka infra","Lemka Infra GmbH","lemka-infra.de","0.9","amtlich_namensbezug","","lemka-infra.de",""
"leuchtfeuer digital marketing","Leuchtfeuer Digital Marketing GmbH","leuchtfeuer.com","0.9","amtlich_namensbezug","","leuchtfeuer.com",""
"licht-con produktions","Licht-Con Produktions GmbH","lichtcon.de","0.9","amtlich_namensbezug","","lichtcon.de",""
"lifestyle webconsulting","Lifestyle Webconsulting GmbH","life-style.de","0.95","amtlich_bestaetigt","life-style.de","life-style.de",""
"limbus medical technologies","Limbus Medical Technologies GmbH","limbus-medtec.com","0.9","amtlich_namensbezug","","limbus-medtec.com",""
"limebit","Limebit GmbH","limebit.de","0.95","amtlich_bestaetigt","limebit.de","limebit.de",""
"link protect","link protect GmbH","linkprotect.de","0.95","amtlich_bestaetigt","linkprotect.de","linkprotect.de",""
"linkitsystems","LINKITSYSTEMS GmbH","linkitsystems.de","0.9","amtlich_namensbezug","","linkitsystems.de",""
"linux systems consulting","Linux Systems Consulting AG","linux-sysconsult.com","0.9","amtlich_namensbezug","","linux-sysconsult.com",""
"lis logistische informationssysteme","LIS Logistische Informationssysteme GmbH","lis.eu","0.9","amtlich_namensbezug","","lis.eu",""
"lkv service","LKV Service GmbH","lkv.bayern.de","0.95","amtlich_bestaetigt","lkv.bayern.de","lkv.bayern.de",""
"logic media solutions","LOGIC media Solutions GmbH","logic.tv","0.95","amtlich_bestaetigt","logic.tv","logic.tv",""
"logodata erfurt","LogoData ERFURT GmbH","logodata.de","0.9","amtlich_namensbezug","","logodata.de",""
"logpay financial services","LOGPAY Financial Services GmbH","logpay.de","0.9","amtlich_namensbezug","","logpay.de",""
"lorop","LOROP GmbH","lorop.de","0.95","amtlich_bestaetigt","lorop.de","lorop.de",""
"losch digital lab s a r l","Losch Digital Lab S.à r.l.","savvy.mobi","0.95","amtlich_bestaetigt","savvy.mobi","savvy.mobi",""
"lucke edv","Lucke EDV GmbH","lucke-edv.de","0.95","amtlich_bestaetigt","lucke-edv.de","lucke-edv.de",""
"lumaserv","LUMASERV GmbH","lumaserv.com","0.9","amtlich_namensbezug","","lumaserv.com",""
"lumino","Lumino GmbH","lumino.de","0.9","amtlich_namensbezug","","lumino.de",""
"lunatec","Lunatec GmbH","lunatec.de","0.9","amtlich_namensbezug","","lunatec.de",""
"lunzer + partner","LUNZER + PARTNER GMBH","lunzer-partner.com","0.9","amtlich_namensbezug","","lunzer-partner.com",""
"lwk leipziger lueftungs-und klimaanlagenbau","LWK Leipziger Lüftungs- und Klimaanlagenbau GmbH","lwk-leipzig.de","0.9","amtlich_namensbezug","","lwk-leipzig.de",""
"lynx media systems","LYNX Media Systems GmbH","lynxmedia.de","0.9","amtlich_namensbezug","","lynxmedia.de",""
"m s e","M.S.E. GmbH","msegmbh.de","0.95","amtlich_bestaetigt","msegmbh.de","msegmbh.de",""
"m2ing","m2ing GmbH","m2ing.com","0.9","amtlich_namensbezug","","m2ing.com",""
"m2p consulting","M2P Consulting GmbH","m2p.net","0.9","amtlich_namensbezug","","m2p.net",""
"mabinso soft­ware","maBinso soft­ware GmbH","mabinso.com","0.9","amtlich_namensbezug","","mabinso.com",""
"mach","MACH GmbH","mach.de","0.9","amtlich_namensbezug","","mach.de",""
"machtfit","machtfit GmbH","machtfit.de","0.95","amtlich_bestaetigt","machtfit.de","machtfit.de",""
"magh und boppert","Magh und Boppert GmbH","magh-boppert.de","0.9","amtlich_namensbezug","","magh-boppert.de",""
"mahr und mueller informationssyteme","Mahr & Müller Informationssyteme GmbH","m-m.de","0.95","amtlich_bestaetigt","m-m.de","m-m.de",""
"maintainet","Maintainet AG","maintainet.de","0.9","amtlich_namensbezug","","maintainet.de",""
"make studio","Make Studio GmbH","make.studio","0.95","amtlich_bestaetigt","make.studio","make.studio",""
"maloon","Maloon GmbH","maloon.de","0.9","amtlich_namensbezug","","maloon.de",""
"mapp digital c/o webtrekk","Mapp Digital c/o Webtrekk GmbH","webtrekk.com","0.95","amtlich_bestaetigt","webtrekk.com","webtrekk.com",""
"marco bungalski","Marco Bungalski GmbH","bungalski.de","0.9","amtlich_namensbezug","t-m-net.de","bungalski.de",""
"mario reifschneider","Mario Reifschneider e.K.","lapstars.de","0.95","amtlich_bestaetigt","lapstars.de","lapstars.de",""
"mathplan","MathPlan GmbH","mathplan.de","0.95","amtlich_bestaetigt","mathplan.de","mathplan.de",""
"matthias-film","Matthias-Film gGmbH","matthias-film.de","0.9","amtlich_namensbezug","","matthias-film.de",""
"mbits imaging","mbits imaging GmbH","mbits.info","0.95","amtlich_bestaetigt","mbits.info","mbits.info",""
"mcc","MCC GmbH","mcc.digital","0.9","amtlich_namensbezug","","mcc.digital",""
"mcc gmbh my compliance center","MCC GmbH My Compliance Center","mcc.digital","0.9","amtlich_namensbezug","","mcc.digital",""
"mcd medical computers deutschland","MCD Medical Computers Deutschland GmbH","mcd.de.com","0.95","amtlich_bestaetigt","mcd.de.com","mcd.de.com",""
"mcs","MCS GmbH","mcs.de","0.9","amtlich_namensbezug","","mcs.de",""
"mec management consulting","MEC Management Consulting Gmbh","mec-group.com","0.9","amtlich_namensbezug","mec-group.com","",""
"medavis","medavis GmbH","medavis.de","0.95","amtlich_bestaetigt","medavis.de","medavis.de",""
"meddv","medDV GmbH","meddv.de","0.95","amtlich_bestaetigt","meddv.de","meddv.de",""
"media broadcast","Media Broadcast GmbH","media-broadcast.com","0.9","amtlich_namensbezug","","media-broadcast.com",""
"media markt tv-hifi-elektro gmbh heidelberg-rohrbach","Media Markt TV-HiFi-Elektro GmbH HEidelberg-Rohrbach","media-saturn.com","0.9","amtlich_namensbezug","","media-saturn.com",""
"media markt tv-hifi-elektro gmbh heilbronn","Media Markt TV-HiFi-Elektro GmbH Heilbronn","mediamarkt.de","0.9","amtlich_namensbezug","","mediamarkt.de",""
"mediainterface","MediaInterface GmbH","mediainterface.de","0.9","amtlich_namensbezug","","mediainterface.de",""
"mediakom","mediakom GmbH & Co. KG","mediakom-online.de","0.9","amtlich_namensbezug","","mediakom-online.de",""
"medialine eurotrade","Medialine Eurotrade AG","medialine.ag","0.9","amtlich_namensbezug","","medialine.ag",""
"medialine security","Medialine Security GmbH","medialine.com","0.9","amtlich_namensbezug","","medialine.com",""
"medicalvalues","medicalvalues GmbH","medicalvalues.de","0.95","amtlich_bestaetigt","medicalvalues.de","medicalvalues.de",""
"medienlb","MedienLB GmbH","medienlb.de","0.9","amtlich_namensbezug","","medienlb.de",""
"medienprojekt wuppertal","Medienprojekt Wuppertal e.V.","medienprojekt-wuppertal.de","0.9","amtlich_namensbezug","","medienprojekt-wuppertal.de",""
"meedio","Meedio","meedio.me","0.95","amtlich_bestaetigt","meedio.me","meedio.me",""
"megware computer","MEGWARE Computer","megware.com","0.95","amtlich_bestaetigt","megware.com","megware.com",""
"megware computer vertrieb und service","MEGWARE Computer Vertrieb und Service GmbH","megware.com","0.95","amtlich_bestaetigt","megware.com","megware.com",""
"meierhofer","Meierhofer AG","meierhofer.com","0.95","amtlich_bestaetigt","meierhofer.com","meierhofer.com",""
"membrain","Membrain GmbH","membrain-it.com","0.9","amtlich_namensbezug","","membrain-it.com",""
"mentalis","mentalis GmbH","mentalis-health.com","0.95","amtlich_bestaetigt","mentalis-health.com","mentalis-health.com",""
"mentiq","mentIQ GmbH","mentiq.com","0.9","amtlich_namensbezug","","mentiq.com",""
"mesalvo","Mesalvo GmbH","mesalvo.com","0.95","amtlich_bestaetigt","mesalvo.com","mesalvo.com",""
"mesalvo mannheim","Mesalvo Mannheim GmbH","mesalvo.com","0.9","amtlich_namensbezug","","mesalvo.com",""
"metacomp gmbh computer + netzwerke ehemals ariston","MetaComp GmbH Computer + Netzwerke (ehemals ariston)","ariston.de","0.9","amtlich_namensbezug","","ariston.de",""
"meteoblue","meteoblue AG","meteoblue.com","0.9","amtlich_namensbezug","","meteoblue.com",""
"mfb musterfabrik berlin","MFB MusterFabrik Berlin GmbH","musterfabrik-berlin.de","0.9","amtlich_namensbezug","","musterfabrik-berlin.de",""
"mgm security partners","mgm security partners GmbH","mgm-sp.com","0.9","amtlich_namensbezug","","mgm-sp.com",""
"mh service","mh Service GmbH","mh-service.de","0.9","amtlich_namensbezug","","mh-service.de",""
"micro focus deutschland","Micro Focus Deutschland GmbH","microfocus.de","0.9","amtlich_namensbezug","microfocus.de","opentext.com",""
"micromata","Micromata GmbH","micromata.de","0.95","amtlich_bestaetigt","micromata.de","micromata.de",""
"microstaxx","Microstaxx GmbH","microstaxx.de","0.95","amtlich_bestaetigt","microstaxx.de","microstaxx.de",""
"microtronix","Microtronix GmbH","microtronix.de","0.95","amtlich_bestaetigt","microtronix.de","microtronix.de",""
"midland-it","Midland-IT GmbH","midland-it.de","0.9","amtlich_namensbezug","","midland-it.de",""
"mightycare solutions","Mightycare Solutions GmbH","mightycare.de","0.95","amtlich_bestaetigt","mightycare.de","mightycare.de",""
"mih","mih GmbH","mih-fiber.com","0.9","amtlich_namensbezug","","mih-fiber.com",""
"mikroplus","Mikroplus GmbH","mikroplus.de","0.95","amtlich_bestaetigt","mikroplus.de","mikroplus.de",""
"miller-anlagen","Miller-Anlagen GmbH","miller-anlagen.de","0.95","amtlich_bestaetigt","miller-anlagen.de","miller-anlagen.de",""
"minddistrict","Minddistrict GmbH","minddistrict.com","0.95","amtlich_bestaetigt","minddistrict.com","minddistrict.com",""
"mindheads","mindheads GmbH","mindheads.de","0.9","amtlich_namensbezug","","mindheads.de",""
"mindsquare","mindsquare AG","mindsquare.de","0.95","amtlich_bestaetigt","mindsquare.de","mindsquare.de",""
"mistral ai sas","Mistral AI SAS","mistral.ai","0.9","amtlich_namensbezug","","mistral.ai",""
"mixed world","mixed.world GmbH","mixed.world","0.95","amtlich_bestaetigt","mixed.world","mixed.world",""
"mmmake","mmmake GmbH","mmmake.com","0.9","amtlich_namensbezug","mmmake.com","",""
"mobilfunk kaltofen","Mobilfunk Kaltofen GmbH","mobilfunk-kaltofen.de","0.9","amtlich_namensbezug","","mobilfunk-kaltofen.de",""
"momentus technologies ungerboeck systems international","Momentus Technologies, Ungerboeck Systems International GmbH","gomomentus.com","0.95","amtlich_bestaetigt","gomomentus.com","gomomentus.com",""
"monday consulting","Monday Consulting GmbH","monday-consulting.com","0.95","amtlich_bestaetigt","monday-consulting.com","monday-consulting.com",""
"moody s analytics uk limited","Moody's Analytics UK Limited","moodys.com","0.95","amtlich_bestaetigt","moodys.com","moodys.com",""
"morgenstern","MORGENSTERN AG","morgenstern.de","0.9","amtlich_namensbezug","","morgenstern.de",""
"motiontag","motiontag GmbH","motiontag.com","0.95","amtlich_bestaetigt","motiontag.com","motiontag.com",""
"motorola solutions germany","Motorola Solutions Germany GmbH","motorolasolutions.com","0.9","amtlich_namensbezug","","motorolasolutions.com",""
"move elevator","move elevator GmbH","move-elevator.de","0.9","amtlich_namensbezug","","move-elevator.de",""
"moysies und partners","moysies & partners GmbH","moysies.de","0.9","amtlich_namensbezug","","moysies.de",""
"mr datentechnik","MR Datentechnik GmbH","mr-daten.de","0.95","amtlich_bestaetigt","mr-daten.de","mr-daten.de",""
"mr datentechnik vertriebs-und service","MR Datentechnik Vertriebs- und Service GmbH","mr-daten.de","0.95","amtlich_bestaetigt","mr-daten.de","mr-daten.de",""
"msg services","msg services gmbh","msg.group","0.9","amtlich_namensbezug","","msg.group",""
"msg systems","msg systems ag","msg.group","0.95","amtlich_bestaetigt","msg.group","msg.group",""
"mti technology","MTI Technology GmbH","mti.com","0.9","amtlich_namensbezug","","mti.com",""
"mto psychologische forschung und beratung","MTO Psychologische Forschung und Beratung GmbH","mto.de","0.95","amtlich_bestaetigt","mto.de","mto.de",""
"mtrix","MTRIX GmbH","mtrix.de","0.9","amtlich_namensbezug","","mtrix.de",""
"muenet","MUENET GmbH","muenet.net","0.95","amtlich_bestaetigt","muenet.net","muenet.net",""
"mundialis","mundialis GmbH & Co. KG","mundialis.de","0.9","amtlich_namensbezug","","mundialis.de",""
"mup buerohandels","MUP Bürohandels GmbH","mupi.de","0.95","amtlich_bestaetigt","mupi.de","mupi.de",""
"myon clinic","myon clinic GmbH","myon.clinic","0.9","amtlich_namensbezug","myon.clinic","",""
"muenstermann","Münstermann GmbH","muenstermann.de","0.95","amtlich_bestaetigt","muenstermann.de","muenstermann.de",""
"n-fuse","n-fuse GmbH","n-fuse.co","0.95","amtlich_bestaetigt","n-fuse.co","n-fuse.co",""
"n-komm","n-komm GmbH","n-komm.de","0.9","amtlich_namensbezug","n-komm.de","",""
"neam it-services","neam IT-Services GmbH","neam.de","0.95","amtlich_bestaetigt","neam.de","neam.de",""
"nec deutschland","NEC Deutschland GmbH","nec.com","0.9","amtlich_namensbezug","nec.com","emea.nec.com",""
"nect","Nect GmbH","nect.com","0.95","amtlich_bestaetigt","nect.com","nect.com",""
"neimcke","Neimcke GmbH & Co KG","neimcke.de","0.9","amtlich_namensbezug","","neimcke.de",""
"nerosoft it-security","Nerosoft IT-Security GmbH","nerosoft.de","0.9","amtlich_namensbezug","","nerosoft.de",""
"net services","net services GmbH & Co. KG","netservices.de","0.9","amtlich_namensbezug","","netservices.de",""
"netaachen","NetAachen GmbH","netaachen.com","0.9","amtlich_namensbezug","","netaachen.com",""
"netapp deutschland","NetApp Deutschland GmbH","netapp.com","0.9","amtlich_namensbezug","","netapp.com",""
"netcentric","Netcentric AG","netcentric.biz","0.9","amtlich_namensbezug","","netcentric.biz",""
"netcologne gesellschaft fuer telekommunikation","NetCologne Gesellschaft für Telekommunikation mbH","netcologne.com","0.9","amtlich_namensbezug","","netcologne.com",""
"netcom bw","NetCom BW GmbH","netcom-bw.de","0.95","amtlich_bestaetigt","netcom-bw.de","netcom-bw.de",""
"netconnect","NETCONNECT GmbH","netconnect-gmbh.de","0.95","amtlich_bestaetigt","netconnect-gmbh.de","netconnect-gmbh.de",""
"netdescribe","NetDescribe GmbH","netdescribe.com","0.9","amtlich_namensbezug","","netdescribe.com",""
"netfox","NETFOX AG","netfox.de","0.9","amtlich_namensbezug","","netfox.de",""
"netgo ost","netgo Ost GmbH","netgo.de","0.95","amtlich_bestaetigt","netgo.de","netgo.de",""
"netlight consulting","Netlight Consulting GmbH","netlight.com","0.95","amtlich_bestaetigt","netlight.com","netlight.com",""
"netline computer und netzwerksysteme","Netline Computer & Netzwerksysteme GmbH","netline-gmbh.de","0.9","amtlich_namensbezug","","netline-gmbh.de",""
"netopsie technologies","Netopsie Technologies GmbH","netopsie-tech.de","0.9","amtlich_namensbezug","","netopsie-tech.de",""
"netzint","Netzint GmbH","netzint.de","0.9","amtlich_namensbezug","","netzint.de",""
"netzwerk kommunikationssysteme","Netzwerk Kommunikationssysteme GmbH","netzwerk-gmbh.de","0.9","amtlich_namensbezug","","netzwerk-gmbh.de",""
"netzwerkplan","NetzWerkPlan GmbH","netzwerkplan.de","0.9","amtlich_namensbezug","","netzwerkplan.de",""
"netzwert","netzwert","netzwert.it","0.9","amtlich_namensbezug","","netzwert.it",""
"neuraflow","neuraflow GmbH","neuraflow.de","0.9","amtlich_namensbezug","","neuraflow.de",""
"nextcloud","Nextcloud GmbH","nextcloud.com","0.95","amtlich_bestaetigt","nextcloud.com","nextcloud.com",""
"nextcloud gmbh hauptmannsreute 44a d-70192 stuttgart","Nextcloud GmbH, Hauptmannsreute 44A, D-70192 Stuttgart","nextcloud.com","0.9","amtlich_namensbezug","","nextcloud.com",""
"nextron systems","Nextron Systems GmbH","nextron-systems.com","0.95","amtlich_bestaetigt","nextron-systems.com","nextron-systems.com",""
"nexus / e und l","NEXUS / E&L GmbH","nexus-eundl.com","0.9","amtlich_namensbezug","","nexus-eundl.com",""
"nexus","Nexus AG","nexus-ag.de","0.9","amtlich_namensbezug","","nexus-ag.de",""
"nexus deutschland","NEXUS Deutschland GmbH","nexus-ag.de","0.95","amtlich_bestaetigt","nexus-ag.de","nexus-ag.de",""
"nira dynamics","NIRA Dynamics","niradynamics.se","0.9","amtlich_namensbezug","","niradynamics.se",""
"noliam","Noliam AG","noliam.com","0.95","amtlich_bestaetigt","noliam.com","noliam.com",""
"nomad digital","Nomad Digital GmbH","nomadrail.com","0.9","amtlich_namensbezug","","nomadrail.com",""
"norcom information technology","NorCom Information Technology GmbH & Co. KGaA","norcom.de","0.95","amtlich_bestaetigt","norcom.de","norcom.de",""
"nordsonne identity","NORDSONNE IDENTITY GmbH","nordsonne.de","0.9","amtlich_namensbezug","nordsonne.de","",""
"noris network","noris network AG","norisnetworkag.de","0.9","amtlich_namensbezug","","norisnetworkag.de",""
"nova","nova GmbH","nova.digital","0.9","amtlich_namensbezug","","nova.digital",""
"nts deutschland","NTS Deutschland GmbH","nts.eu","0.95","amtlich_bestaetigt","nts.eu","nts.eu",""
"nttcable deutschland","NTTCable Deutschland KG","nttcable.com","0.95","amtlich_bestaetigt","nttcable.com","nttcable.com",""
"nuce consulting","NUCE Consulting GmbH","nuce-consulting.de","0.9","amtlich_namensbezug","","nuce-consulting.de",""
"nxtones","nxtOnes GmbH","nxtones.de","0.9","amtlich_namensbezug","","nxtones.de",""
"objective partner","objective partner AG","objective-partner.de","0.9","amtlich_namensbezug","","objective-partner.de",""
"odav","ODAV AG","odav.de","0.9","amtlich_namensbezug","","odav.de",""
"office partner","Office Partner GmbH","office-partner.de","0.95","amtlich_bestaetigt","office-partner.de","office-partner.de",""
"officexpress","OfficeXpress GmbH","officexpress.de","0.95","amtlich_bestaetigt","officexpress.de","officexpress.de",""
"offits","offITs GmbH","offits.net","0.9","amtlich_namensbezug","","offits.net",""
"okadis consulting","okadis Consulting GmbH","okadis.de","0.9","amtlich_namensbezug","","okadis.de",""
"okeanos smart data solutions","Okeanos Smart Data Solutions","okeanos.ai","0.9","amtlich_namensbezug","","okeanos.ai",""
"oktober kommunikationsdesign","Oktober Kommunikationsdesign GmbH","oktober.de","0.9","amtlich_namensbezug","","oktober.de",""
"olympus deutschland","Olympus Deutschland GmbH","olympus.com","0.9","amtlich_namensbezug","","olympus.com",""
"one data","One Data GmbH","onedata.de","0.9","amtlich_namensbezug","","onedata.de",""
"onpoint consulting","OnPoint Consulting GmbH","onpoint-consulting.de","0.9","amtlich_namensbezug","","onpoint-consulting.de",""
"onway","ONWAY AG","onway.ch","0.95","amtlich_bestaetigt","onway.ch","onway.ch",""
"opengis ch","OPENGIS.ch","opengis.ch","0.9","amtlich_namensbezug","","opengis.ch",""
"opentext","OpenText","opentext.com","0.95","amtlich_bestaetigt","opentext.com","opentext.com",""
"opitz consulting deutschland","OPITZ CONSULTING Deutschland GmbH","opitz-consulting.com","0.9","amtlich_namensbezug","","opitz-consulting.com",""
"opitz consulting","Opitz Consulting GmbH","opitz-consulting.com","0.9","amtlich_namensbezug","","opitz-consulting.com",""
"opsinnovate","OPSinnovate UG","opsinnovate.co","0.95","amtlich_bestaetigt","opsinnovate.co","opsinnovate.co",""
"optibus","Optibus GMBH","optibus.com","0.9","amtlich_namensbezug","optibus.com","",""
"optimal systems vertriebsgesellschaft dortmund","OPTIMAL SYSTEMS Vertriebsgesellschaft Dortmund mbH","optimal-systems.de","0.9","amtlich_namensbezug","","optimal-systems.de",""
"optimal systems vertriebsgesellschaft","OPTIMAL SYSTEMS Vertriebsgesellschaft mbH","optimal-systems.de","0.9","amtlich_namensbezug","optimal-systems.de","",""
"optomec inc","Optomec, Inc.","optomec.com","0.9","amtlich_namensbezug","","optomec.com",""
"orbis people","ORBIS People GmbH","orbispeople.de","0.95","amtlich_bestaetigt","orbispeople.de","orbispeople.de",""
"ordix","ORDIX AG","ordix.de","0.95","amtlich_bestaetigt","ordix.de","ordix.de",""
"osism","OSISM GmbH","osism.tech","0.9","amtlich_namensbezug","osism.tech","",""
"ostertag detewe","Ostertag DeTeWe GmbH","ostertagdetewe.de","0.9","amtlich_namensbezug","","ostertagdetewe.de",""
"otrs","OTRS AG","otrs.com","0.9","amtlich_namensbezug","","otrs.com",""
"ott hydromet","OTT Hydromet","otthydromet.com","0.9","amtlich_namensbezug","","otthydromet.com",""
"ovhcloud","OVHcloud","ovhcloud.com","0.9","amtlich_namensbezug","ovhcloud.com","",""
"p und w netzwerk","P&W Netzwerk GmbH & Co. KG","puw-netzwerk.de","0.9","amtlich_namensbezug","","puw-netzwerk.de",""
"p3 automotive","P3 automotive GmbH","p3-group.com","0.95","amtlich_bestaetigt","p3-group.com","p3-group.com",""
"p3 group","P3 group GmbH","p3-group.com","0.9","amtlich_namensbezug","","p3-group.com",""
"paintbucket games ug haftungsbeschraenkt","Paintbucket Games UG (haftungsbeschränkt)","paintbucket.de","0.9","amtlich_namensbezug","","paintbucket.de",""
"pan dacom direkt","Pan Dacom Direkt GmbH","pandacomdirekt.de","0.95","amtlich_bestaetigt","pandacomdirekt.de","pandacomdirekt.de",""
"pan dacom networking","Pan Dacom Networking AG","pandacom.de","0.9","amtlich_namensbezug","","pandacom.de",""
"pandata","Pandata GmbH","pandata.de","0.95","amtlich_bestaetigt","pandata.de","pandata.de",""
"paradatec ges fuer parallele datentechnik","Paradatec Ges. für parallele Datentechnik mbH","paradatec.de","0.9","amtlich_namensbezug","","paradatec.de",""
"parity quantum computing germany","Parity Quantum Computing Germany GmbH","parityqc.com","0.95","amtlich_bestaetigt","parityqc.com","parityqc.com",""
"parkefficient","Parkefficient GmbH","parkefficient.de","0.9","amtlich_namensbezug","","parkefficient.de",""
"parm","Parm AG","parm.com","0.9","amtlich_namensbezug","","parm.com",""
"pass system management","PASS System Management AG","pass-consulting.com","0.95","amtlich_bestaetigt","pass-consulting.com","pass-consulting.com",""
"paul it-service","PAUL IT-Service GmbH","paul-it-service.de","0.9","amtlich_namensbezug","","paul-it-service.de",""
"pauly bueromaschinen vertriebs","Pauly Büromaschinen Vertriebs GmbH","pauly.de","0.95","amtlich_bestaetigt","pauly.de","pauly.de",""
"paypr work","Paypr Work","paypr.work","0.9","amtlich_namensbezug","","paypr.work",""
"pbit systeme","PBIT Systeme GmbH & Co. KG","pbit-systeme.de","0.9","amtlich_namensbezug","","pbit-systeme.de",""
"pdv systeme sachsen","pdv systeme Sachsen GmbH","pdv-sachsen.net","0.9","amtlich_namensbezug","pdv-sachsen.net","",""
"pdv-systeme sachsen","pdv-systeme Sachsen GmbH","pdv-sachsen.net","0.9","amtlich_namensbezug","","pdv-sachsen.net",""
"pdv-systemhaus","PDV-Systemhaus GmbH","pdv-systemhaus.de","0.95","amtlich_bestaetigt","pdv-systemhaus.de","pdv-systemhaus.de",""
"peras","Peras","peras.de","0.9","amtlich_namensbezug","","peras.de",""
"perbility","PERBILITY GmbH","perbility.de","0.95","amtlich_bestaetigt","perbility.de","perbility.de",""
"personio se und co","Personio SE & Co. KG","personio.de","0.9","amtlich_namensbezug","personio.de","",""
"pfalzkom","PFALZKOM GmbH","pfalzkom.de","0.9","amtlich_namensbezug","","pfalzkom.de",""
"pfeffermind","Pfeffermind","pfeffermind.de","0.95","amtlich_bestaetigt","pfeffermind.de","pfeffermind.de",""
"phi partners international","Phi Partners International GmbH","phipartners.com","0.9","amtlich_namensbezug","","phipartners.com",""
"philips","Philips GmbH","philips.com","0.9","amtlich_namensbezug","","philips.com",""
"pico engineering","pico engineering GmbH","pico-engineering.de","0.95","amtlich_bestaetigt","pico-engineering.de","pico-engineering.de",""
"pico-engineering","pico-engineering GmbH","pico-engineering.de","0.9","amtlich_namensbezug","","pico-engineering.de",""
"picture","PICTURE GmbH","picture-gmbh.de","0.95","amtlich_bestaetigt","picture-gmbh.de","picture-gmbh.de",""
"pik","PIK AG","pik.de","0.9","amtlich_namensbezug","","pik.de",""
"pixelpoint multimedia werbe","pixelpoint multimedia werbe GmbH","pixelpoint.at","0.9","amtlich_namensbezug","","pixelpoint.at",""
"pke deutschland","PKE Deutschland GmbH","pke-de.com","0.9","amtlich_namensbezug","","pke-de.com",""
"pke mediacom","PKE Mediacom GmbH","pke-media.com","0.95","amtlich_bestaetigt","pke-media.com","pke-media.com",""
"planet labs germany","Planet Labs Germany GmbH","planet.com","0.9","amtlich_namensbezug","","planet.com",""
"planet solutions","Planet Solutions GmbH","planet.de","0.95","amtlich_bestaetigt","planet.de","planet.de",""
"plano solutions","plano solutions gmbh","plano-wfm.com","0.9","amtlich_namensbezug","","plano-wfm.com",""
"planon","Planon GmbH","planonsoftware.com","0.9","amtlich_namensbezug","","planonsoftware.com",""
"platomo","platomo GmbH","platomo.de","0.9","amtlich_namensbezug","","platomo.de",""
"poenicke consulting","poenicke consulting","poenicke-consulting.de","0.9","amtlich_namensbezug","","poenicke-consulting.de",""
"polavis","POLAVIS GmbH","polavis.de","0.95","amtlich_bestaetigt","polavis.de","polavis.de",""
"poolarserver","Poolarserver GmbH","poolarserver.com","0.9","amtlich_namensbezug","","poolarserver.com",""
"ppi","PPI AG","ppi.de","0.9","amtlich_namensbezug","","ppi.de",""
"ppm-stuttgart andreas ester/michael lorenz","ppm-stuttgart, andreas ester/michael lorenz gbr.","ppm-stuttgart.de","0.9","amtlich_namensbezug","diktat-stuttgart.de","ppm-stuttgart.de",""
"pragmatis","Pragmatis GmbH","pragmatis.de","0.9","amtlich_namensbezug","","pragmatis.de",""
"pressrelations","pressrelations","pressrelations.com","0.9","amtlich_namensbezug","","pressrelations.com",""
"pretix","pretix GmbH","pretix.eu","0.9","amtlich_namensbezug","","pretix.eu",""
"printvision","printvision AG","printvision.de","0.9","amtlich_namensbezug","","printvision.de",""
"priority dispatch corporation uk limited","Priority Dispatch Corporation UK Limited","prioritydispatch.net","0.9","amtlich_namensbezug","","prioritydispatch.net",""
"prisma european capacity platform","PRISMA European Capacity Platform GmbH","prisma-capacity.eu","0.95","amtlich_bestaetigt","prisma-capacity.eu","prisma-capacity.eu",""
"prisma solutions deutschland","PRISMA solutions Deutschland GmbH","prisma-solutions.com","0.9","amtlich_namensbezug","","prisma-solutions.com",""
"pro-com datensysteme","pro-com DATENSYSTEME GmbH","pro-com.org","0.95","amtlich_bestaetigt","pro-com.org","pro-com.org",""
"proact deutschland","Proact Deutschland GmbH","proact.de","0.95","amtlich_bestaetigt","proact.de","proact.de",""
"prodatis consulting","PRODATIS CONSULTING AG","prodatis.com","0.95","amtlich_bestaetigt","prodatis.com","prodatis.com",""
"profi","PROFI AG","profi-ag.de","0.9","amtlich_namensbezug","","profi-ag.de",""
"profi engineering systems","Profi Engineering Systems AG","profi-ag.de","0.95","amtlich_bestaetigt","profi-ag.de","profi-ag.de",""
"projekt0708","Projekt0708 GmbH","projekt0708.com","0.95","amtlich_bestaetigt","projekt0708.com","projekt0708.com",""
"projektron","Projektron GmbH","projektron.de","0.95","amtlich_bestaetigt","projektron.de","projektron.de",""
"promon as","Promon AS","promon.io","0.9","amtlich_namensbezug","","promon.io",""
"promos consult","PROMOS consult","promos-consult.de","0.9","amtlich_namensbezug","","promos-consult.de",""
"promos consult projektmanagement organisation und service","PROMOS consult Projektmanagement, Organisation und Service GmbH","promos-consult.de","0.9","amtlich_namensbezug","","promos-consult.de",""
"prosis","PROSIS GmbH","prosis.de","0.9","amtlich_namensbezug","","prosis.de",""
"prosoz herten","PROSOZ Herten GmbH","prosoz.de","0.95","amtlich_bestaetigt","prosoz.de","prosoz.de",""
"protiviti","Protiviti GmbH","protiviti.de","0.9","amtlich_namensbezug","protiviti.de","",""
"protos technologie","PROTOS Technologie GmbH","protos-tec.de","0.95","amtlich_bestaetigt","protos-tec.de","protos-tec.de",""
"prounix","ProUnix GmbH","prounix.de","0.95","amtlich_bestaetigt","prounix.de","prounix.de",""
"provectus technologies","Provectus Technologies GmbH","provectus.de","0.9","amtlich_namensbezug","","provectus.de",""
"proventa","Proventa AG","proventa.de","0.9","amtlich_namensbezug","","proventa.de",""
"proware solutions","proWare Solutions GmbH","proware-solutions.de","0.9","amtlich_namensbezug","","proware-solutions.de",""
"proxcel","proXcel GmbH","proxcel.de","0.9","amtlich_namensbezug","","proxcel.de",""
"prozessarchitekt","Prozessarchitekt","prozessarchitekt.de","0.9","amtlich_namensbezug","","prozessarchitekt.de",""
"prusa research a s","Prusa Research a.s.","prusa3d.cz","0.9","amtlich_namensbezug","","prusa3d.cz",""
"pta programier-technische arbeiten","PTA Programier-Technische Arbeiten GmbH","pta.de","0.9","amtlich_namensbezug","","pta.de",""
"pta programmier-technische arbeiten","PTA Programmier-Technische Arbeiten GmbH","pta.de","0.95","amtlich_bestaetigt","pta.de","pta.de",""
"ptc","PTC","ptc.com","0.9","amtlich_namensbezug","","ptc.com",""
"public edge","public edge GmbH","public-edge.de","0.9","amtlich_namensbezug","","public-edge.de",""
"publicplan","publicplan GmbH","publicplan.de","0.95","amtlich_bestaetigt","publicplan.de","publicplan.de",""
"pulmokard","Pulmokard GmbH","pulmokard.de","0.9","amtlich_namensbezug","","pulmokard.de",""
"pulsation it","pulsation IT GmbH","pulsation-it.com","0.95","amtlich_bestaetigt","pulsation-it.com","pulsation-it.com",""
"puntus","puntus GmbH","puntus.com","0.95","amtlich_bestaetigt","puntus.com","puntus.com",""
"purpleview de","purpleview.de","purpleview.de","0.9","amtlich_namensbezug","","purpleview.de",""
"pwc","PwC","pwc.com","0.9","amtlich_namensbezug","","pwc.com",""
"pwc pricewaterhousecoopers gmbh wirtschaftsgesellschaft","PwC PricewaterhouseCoopers GmbH Wirtschaftsgesellschaft GmbH","pwc.com","0.9","amtlich_namensbezug","","pwc.com",""
"pwp-systems","pwp-systems GmbH","pwp-systems.de","0.9","amtlich_namensbezug","","pwp-systems.de",""
"q beyond","q beyond AG","qbeyond.de","0.95","amtlich_bestaetigt","qbeyond.de","qbeyond.de",""
"qgroup","QGroup GmbH","qgroup.de","0.95","amtlich_bestaetigt","qgroup.de","qgroup.de",""
"qualitype forensics","Qualitype Forensics GmbH","qualitype-forensics.com","0.9","amtlich_namensbezug","","qualitype-forensics.com",""
"quantilia sas","Quantilia SAS","quantilia.com","0.9","amtlich_namensbezug","","quantilia.com",""
"quanto solutions","QUANTO Solutions GmbH","quanto-solutions.de","0.95","amtlich_bestaetigt","quanto-solutions.de","quanto-solutions.de",""
"quantum coorporation","Quantum Coorporation","quantum.com","0.9","amtlich_namensbezug","quantum.com","",""
"queo","queo GmbH","queo-group.com","0.95","amtlich_bestaetigt","queo-group.com","queo-group.com",""
"queue-it aps","Queue-it ApS","queue-it.de","0.9","amtlich_namensbezug","","queue-it.de",""
"qunis","QUNIS GmbH","qunis.de","0.9","amtlich_namensbezug","","qunis.de",""
"qvest","Qvest GmbH","qvest.com","0.9","amtlich_namensbezug","","qvest.com",""
"r-s-group","r-s-group GmbH","r-s-group.de","0.95","amtlich_bestaetigt","r-s-group.de","r-s-group.de",""
"raid media systems","RAID Media Systems GmbH","raidmedia.com","0.95","amtlich_bestaetigt","raidmedia.com","raidmedia.com",""
"ramboll management consulting","Ramboll Management Consulting GmbH","ramboll.com","0.9","amtlich_namensbezug","","ramboll.com",""
"ratiodata","Ratiodata SE","ratiodata.de","0.95","amtlich_bestaetigt","ratiodata.de","ratiodata.de",""
"raufeld medien","Raufeld Medien","raufeld.de","0.9","amtlich_namensbezug","","raufeld.de",""
"rds consulting","RDS CONSULTING GmbH","rds.de","0.95","amtlich_bestaetigt","rds.de","rds.de",""
"realtech","REALTECH AG","realtech.com","0.9","amtlich_namensbezug","","realtech.com",""
"recare deutschland","Recare Deutschland GmbH","recaresolutions.com","0.95","amtlich_bestaetigt","recaresolutions.com","recaresolutions.com",""
"regnology germany","Regnology Germany GmbH","regnology.net","0.9","amtlich_namensbezug","","regnology.net",""
"reply deutschland","Reply Deutschland SE","reply.de","0.9","amtlich_namensbezug","","reply.de",""
"research industrial systems engeneering forschungs-und grossberatung gmbh rise","Research Industrial Systems Engeneering Forschungs- und Großberatung GmbH (RISE)","rise-world.com","0.9","amtlich_namensbezug","","rise-world.com",""
"research industrial systems engineering rise forschungs-entwicklungs-und grossprojektberatung","Research Industrial Systems Engineering (RISE) Forschungs-, Entwicklungs- und Großprojektberatung GmbH","rise-world.com","0.95","amtlich_bestaetigt","rise-world.com","rise-world.com",""
"resiga ingenieurgesellschaft","RESIGA Ingenieurgesellschaft mbH","resiga-ing.com","0.9","amtlich_namensbezug","","resiga-ing.com",""
"ressourcenmangel","ressourcenmangel GmbH","ressourcenmangel.de","0.95","amtlich_bestaetigt","ressourcenmangel.de","ressourcenmangel.de",""
"rexx systems","rexx systems","rexx-systems.com","0.95","amtlich_bestaetigt","rexx-systems.com","rexx-systems.com",""
"rge – rolvering germann effing und partner unternehmensberatung","RGE – Rolvering, Germann, Effing & Partner, Unternehmensberatung","rge-partner.de","0.9","amtlich_namensbezug","","rge-partner.de",""
"rhein-main-verkehrsverbund servicegesellschaft mbh rms","Rhein-Main-Verkehrsverbund Servicegesellschaft mbH (rms GmbH)","rms-consult.de","0.95","amtlich_bestaetigt","rms-consult.de","rms-consult.de",""
"rhenus data office","Rhenus Data Office GmbH","rhenus.com","0.9","amtlich_namensbezug","aktenvernichtung.de","rhenus.com",""
"rib ims","RIB IMS GmbH","rib-ims.com","0.9","amtlich_namensbezug","","rib-ims.com",""
"ribbex","Ribbex GmbH","ribbex.de","0.9","amtlich_namensbezug","","ribbex.de",""
"ribbon communications germany","Ribbon Communications Germany GmbH","ribboncommunications.com","0.9","amtlich_namensbezug","ribboncommunications.com","rbbn.com",""
"richard wolf","Richard Wolf GmbH","richard-wolf.com","0.9","amtlich_namensbezug","","richard-wolf.com",""
"rightclick solutions","RightClick Solutions","rightclicksol.com","0.9","amtlich_namensbezug","","rightclicksol.com",""
"rittal","Rittal GmbH & Co. KG","rittal.de","0.9","amtlich_namensbezug","","rittal.de",""
"rku it","rku.it GmbH","rku-it.de","0.95","amtlich_bestaetigt","rku-it.de","rku-it.de",""
"rmdata","rmDATA GmbH","rmdatagroup.com","0.9","amtlich_namensbezug","","rmdatagroup.com",""
"robo-technology","Robo-Technology GmbH","robo-technology.de","0.9","amtlich_namensbezug","","robo-technology.de",""
"robotic care","robotic care GmbH","robotic-care.de","0.95","amtlich_bestaetigt","robotic-care.de","robotic-care.de",""
"roboyo","Roboyo GmbH","roboyo.de","0.9","amtlich_namensbezug","","roboyo.de",""
"roclub","roclub GmbH","roclub.com","0.95","amtlich_bestaetigt","roclub.com","roclub.com",""
"rottmeir patienten tv","Rottmeir Patienten TV GmbH","rottmeir.de","0.9","amtlich_namensbezug","","rottmeir.de",""
"rpdoc solutions","RpDoc Solutions GmbH","rpdoc.de","0.9","amtlich_namensbezug","","rpdoc.de",""
"rudolf berthold ges m b h","Rudolf Berthold Ges.m.b.H","berthold.at","0.95","amtlich_bestaetigt","berthold.at","berthold.at",""
"rzv","RZV GmbH","rzv.de","0.9","amtlich_namensbezug","rzv.de","",""
"s e a datentechnik","S.E.A. Datentechnik GmbH","sea-gmbh.com","0.95","amtlich_bestaetigt","sea-gmbh.com","sea-gmbh.com",""
"s i g","s.i.g.mbH","sig-ulm.de","0.95","amtlich_bestaetigt","sig-ulm.de","sig-ulm.de",""
"saas systems","SaaS Systems GmbH","saas-systems.de","0.9","amtlich_namensbezug","","saas-systems.de",""
"safetec it-systeme vertriebs","SAFETEC IT-SYSTEME Vertriebs GmbH","safetec.de","0.95","amtlich_bestaetigt","safetec.de","safetec.de",""
"safetec it-systeme vertriebsgesellschaft","SAFETEC IT-SYSTEME Vertriebsgesellschaft mbH","safetec.de","0.9","amtlich_namensbezug","","safetec.de",""
"sag aris","SAG Aris GmbH","aris.com","0.95","amtlich_bestaetigt","aris.com","aris.com",""
"sal a it services","Sal.A iT Services GmbH","sal-a.de","0.9","amtlich_namensbezug","","sal-a.de",""
"sandata edv-systemhaus","SanData EDV-Systemhaus GmbH","sandata.de","0.9","amtlich_namensbezug","","sandata.de",""
"sandata solutions","SanData Solutions GmbH","sandata.de","0.9","amtlich_namensbezug","","sandata.de",""
"sas institute","SAS Institute GmbH","sas.com","0.9","amtlich_namensbezug","","sas.com",""
"sauter automatisierung","Sauter Automatisierung GmbH","sauter-automatisierung.de","0.9","amtlich_namensbezug","","sauter-automatisierung.de",""
"save it first","save IT first GmbH","saveitfirst.de","0.9","amtlich_namensbezug","","saveitfirst.de",""
"scaltel","SCALTEL GmbH & Co. KG","scaltel.de","0.95","amtlich_bestaetigt","scaltel.de","scaltel.de",""
"scb","SCB GmbH & Co. KG","scb.de","0.9","amtlich_namensbezug","","scb.de",""
"scdsoft","scdsoft AG","scdsoft.de","0.95","amtlich_bestaetigt","scdsoft.de","scdsoft.de",""
"schnell trainingsgeraete","SCHNELL Trainingsgeräte","schnell-online.de","0.95","amtlich_bestaetigt","schnell-online.de","schnell-online.de",""
"schwarz digits cloud","Schwarz Digits Cloud GmbH & Co. KG","stackit.cloud","0.9","amtlich_namensbezug","stackit.de","stackit.cloud",""
"schweers consult","Schweers CONSULT GmbH","schweers.de","0.9","amtlich_namensbezug","","schweers.de",""
"schoenhofer sales and engineering","Schönhofer Sales and Engineering GmbH","schoenhofer.de","0.9","amtlich_namensbezug","","schoenhofer.de",""
"scienceos ug haftungsbeschraenkt","scienceOS UG (haftungsbeschränkt)","scienceos.ai","0.9","amtlich_namensbezug","scienceos.ai","",""
"scitech it solutions","scitech it solutions GmbH","scitech-gmbh.de","0.95","amtlich_bestaetigt","scitech-gmbh.de","scitech-gmbh.de",""
"scopevisio","Scopevisio AG","scopevisio.com","0.95","amtlich_bestaetigt","scopevisio.com","scopevisio.com",""
"sd worx","SD Worx GmbH","sdworx.com","0.9","amtlich_namensbezug","","sdworx.com",""
"seabay it und media services","SEABAY IT&Media Services GmbH","seabay-it.net","0.95","amtlich_bestaetigt","seabay-it.net","seabay-it.net",""
"secanda systems","SECANDA Systems AG","secanda.com","0.95","amtlich_bestaetigt","secanda.com","secanda.com",""
"secondred newmedia","SECONDRED Newmedia GmbH","secondred.de","0.9","amtlich_namensbezug","","secondred.de",""
"secuinfra","SECUINFRA GmbH","secuinfra.com","0.9","amtlich_namensbezug","","secuinfra.com",""
"secunet security networks","secunet Security Networks AG","secunet.de","0.9","amtlich_namensbezug","","secunet.de",""
"secupay","secupay AG","secupay.com","0.9","amtlich_namensbezug","","secupay.com",""
"secure service provision","Secure Service Provision GmbH","secure-service-provision.de","0.9","amtlich_namensbezug","","secure-service-provision.de",""
"securenication","Securenication GmbH","securenication.de","0.9","amtlich_namensbezug","","securenication.de",""
"securite operations","Securite Operations GmbH","securite.world","0.9","amtlich_namensbezug","","securite.world",""
"securiton","Securiton GmbH","securiton.de","0.9","amtlich_namensbezug","","securiton.de",""
"secutix deutschland","Secutix Deutschland GmbH","secutix.com","0.9","amtlich_namensbezug","","secutix.com",""
"seitenbau","SEITENBAU","seitenbau.com","0.9","amtlich_namensbezug","","seitenbau.com",""
"semanticedge","SemanticEdge GmbH","semanticedge.de","0.9","amtlich_namensbezug","","semanticedge.de",""
"semantics kommunikationsmanagement","semantics Kommunikationsmanagement GmbH","semantics.de","0.9","amtlich_namensbezug","","semantics.de",""
"semico computer","Semico Computer GmbH","semico.de","0.9","amtlich_namensbezug","","semico.de",""
"semper prospera","Semper Prospera GmbH","semper-prospera.de","0.9","amtlich_namensbezug","","semper-prospera.de",""
"senacor bcs","Senacor BCS GmbH","senacor.com","0.9","amtlich_namensbezug","","senacor.com",""
"sensis","sensis GmbH","sensis.de","0.95","amtlich_bestaetigt","sensis.de","sensis.de",""
"ser egovernment europe gmbh geschaeftsstelle muenster","SER eGovernment Europe GmbH Geschäftsstelle Münster","ser.de","0.9","amtlich_namensbezug","","ser.de",""
"serrala group","Serrala Group GmbH","serrala.com","0.9","amtlich_namensbezug","","serrala.com",""
"serverhero","Serverhero GmbH","serverhero.de","0.95","amtlich_bestaetigt","serverhero.de","serverhero.de",""
"service health erx","service health erx GmbH","service-health.de","0.95","amtlich_bestaetigt","service-health.de","service-health.de",""
"serviceocean salesde","ServiceOcean SalesDE GmbH","serviceocean.com","0.9","amtlich_namensbezug","","serviceocean.com",""
"set","SET GmbH","set.de","0.95","amtlich_bestaetigt","set.de","set.de",""
"seven principles solutions und consulting","Seven Principles Solutions & Consulting GmbH","7p-group.com","0.95","amtlich_bestaetigt","7p-group.com","7p-group.com",""
"shc netzwerktechnik","SHC Netzwerktechnik GmbH","shc.eu","0.95","amtlich_bestaetigt","shc.eu","shc.eu",""
"shd system-haus-dresden","SHD System-Haus-Dresden GmbH","shd-online.de","0.95","amtlich_bestaetigt","shd-online.de","shd-online.de",""
"shiftavenue","shiftavenue GmbH","shiftavenue.com","0.95","amtlich_bestaetigt","shiftavenue.com","shiftavenue.com",""
"si pro","SI PRO Gmbh","si-pro.de","0.9","amtlich_namensbezug","","si-pro.de",""
"si-building automation","SI-Building Automation GmbH","si-ba.de","0.95","amtlich_bestaetigt","si-ba.de","si-ba.de",""
"sidion","Sidion GmbH","sidion.de","0.9","amtlich_namensbezug","","sidion.de",""
"siemens","Siemens AG","siemens.com","0.9","amtlich_namensbezug","","siemens.com",""
"siemens ag muenchen industry","Siemens AG München, Industry","siemens.com","0.9","amtlich_namensbezug","","siemens.com",""
"siemens ag smart infrastructure","Siemens AG, Smart Infrastructure","siemens.com","0.95","amtlich_bestaetigt","siemens.com","siemens.com",""
"siemens energy global","Siemens Energy Global GmbH & Co. KG","siemens-energy.com","0.9","amtlich_namensbezug","siemens-energy.com","",""
"siemens healthineers","Siemens Healthineers AG","siemens-healthineers.com","0.95","amtlich_bestaetigt","siemens-healthineers.com","siemens-healthineers.com",""
"simovative","Simovative GmbH","simovative.com","0.9","amtlich_namensbezug","","simovative.com",""
"simplethings","SimpleThings GmbH","simplethings.de","0.9","amtlich_namensbezug","","simplethings.de",""
"simuserv","SIMUSERV GmbH","simuserv.de","0.9","amtlich_namensbezug","","simuserv.de",""
"sinc","SINC Gmbh","sinc.de","0.95","amtlich_bestaetigt","sinc.de","sinc.de",""
"sinell all-it","Sinell All-IT Gmbh","sinell.de","0.9","amtlich_namensbezug","","sinell.de",""
"sita airport it","SITA Airport IT GmbH","sita-airport-it.aero","0.95","amtlich_bestaetigt","sita-airport-it.aero","sita-airport-it.aero",""
"sits deutschland","SITS Deutschland GmbH","sits.com","0.9","amtlich_namensbezug","","sits.com",""
"sixsentix deutschland","Sixsentix Deutschland GmbH","sixsentix.com","0.95","amtlich_bestaetigt","sixsentix.com","sixsentix.com",""
"skaylink","skaylink GmbH","skaylink.com","0.9","amtlich_namensbezug","","skaylink.com",""
"slopelift pm media","SlopeLift PM Media GmbH","slopelift.com","0.9","amtlich_namensbezug","","slopelift.com",""
"smart cjm","Smart CJM GmbH","smart-cjm.com","0.9","amtlich_namensbezug","","smart-cjm.com",""
"smartify cic","Smartify CIC","smartify.org","0.9","amtlich_namensbezug","","smartify.org",""
"smartify it solutions","Smartify IT Solutions GmbH","smartify-it.de","0.9","amtlich_namensbezug","","smartify-it.de",""
"smartsys","SmartSys GmbH","smartsys-gmbh.de","0.9","amtlich_namensbezug","","smartsys-gmbh.de",""
"snap consulting systemnahe anwendungsprogrammierung und beratung","Snap Consulting Systemnahe Anwendungsprogrammierung und Beratung GmbH","snapconsult.de","0.9","amtlich_namensbezug","","snapconsult.de",""
"soft und cloud","Soft & Cloud GmbH","softandcloud.com","0.9","amtlich_namensbezug","","softandcloud.com",""
"softbox","Softbox GmbH","softbox.de","0.95","amtlich_bestaetigt","softbox.de","softbox.de",""
"softed systems","SoftEd Systems GmbH","softed.de","0.9","amtlich_namensbezug","","softed.de",""
"softgate","softgate gmbh","soft-gate.de","0.9","amtlich_namensbezug","","soft-gate.de",""
"solit","SOLIT GmbH","solit.de","0.9","amtlich_namensbezug","","solit.de",""
"solventum germany","Solventum Germany GmbH","solventum.com","0.95","amtlich_bestaetigt","solventum.com","solventum.com",""
"solvin information management","SOLVIN information management GmbH","solvin.com","0.9","amtlich_namensbezug","","solvin.com",""
"solvvision","SOLVVision AG","solvvision.de","0.9","amtlich_namensbezug","","solvvision.de",""
"somi experts","SOMI Experts GmbH","somi.de","0.95","amtlich_bestaetigt","somi.de","somi.de",""
"somi solutions","SOMI Solutions GmbH","somi.de","0.9","amtlich_namensbezug","","somi.de",""
"soptim","SOPTIM AG","soptim.de","0.9","amtlich_namensbezug","","soptim.de",""
"sourcepole","Sourcepole AG","sourcepole.ch","0.9","amtlich_namensbezug","","sourcepole.ch",""
"space applications services","Space Applications Services","spaceapplications.com","0.95","amtlich_bestaetigt","spaceapplications.com","spaceapplications.com",""
"sparky solution d o o","Sparky solution d.o.o.","sparky.science","0.95","amtlich_bestaetigt","sparky.science","sparky.science",""
"spectos","Spectos GmbH","spectos.com","0.95","amtlich_bestaetigt","spectos.com","spectos.com",""
"speicherwerke","Speicherwerke AG","speicherwerke.de","0.9","amtlich_namensbezug","","speicherwerke.de",""
"spheos","spheos GmbH","spheos.com","0.9","amtlich_namensbezug","","spheos.com",""
"spie building technology automation und traffic","SPIE Building Technology Automation & Traffic GmbH","spie.com","0.9","amtlich_namensbezug","","spie.com",""
"spie information und communication services","SPIE Information & Communication Services GmbH","spie.com","0.9","amtlich_namensbezug","spie.com","telba.de",""
"spie information und communication services gmbh-bk ecs","SPIE Information & Communication Services GmbH - BK ECS","spie.com","0.9","amtlich_namensbezug","","spie.com",""
"spie rodias","SPIE RODIAS GmbH","rodias.de","0.9","amtlich_namensbezug","","rodias.de",""
"spinncloud systems","SpiNNcloud Systems GmbH","spinncloud.com","0.9","amtlich_namensbezug","","spinncloud.com",""
"sprengnetter real estate services","Sprengnetter Real Estate Services GmbH","sprengnetter.com","0.9","amtlich_namensbezug","","sprengnetter.com",""
"sps consulting und services","SPS Consulting & Services GmbH","sps-cs.de","0.95","amtlich_bestaetigt","sps-cs.de","sps-cs.de",""
"sqior medical","Sqior medical GmbH","sqior.com","0.9","amtlich_namensbezug","sqior.com","",""
"src security research und consulting","SRC Security Research & Consulting GmbH","src-gmbh.de","0.9","amtlich_namensbezug","","src-gmbh.de",""
"sst it-services","SST IT-Services AG","sst-itservices.de","0.95","amtlich_bestaetigt","sst-itservices.de","sst-itservices.de",""
"ssystems","ssystems GmbH","ssystems.de","0.9","amtlich_namensbezug","","ssystems.de",""
"stackfield","Stackfield GmbH","stackfield.com","0.95","amtlich_bestaetigt","stackfield.com","stackfield.com",""
"stackmeister","Stackmeister GmbH","stackmeister.com","0.9","amtlich_namensbezug","","stackmeister.com",""
"stadler + schaaf mess-und regeltechnik","Stadler + Schaaf Mess- und Regeltechnik GmbH","stadler-schaaf.de","0.9","amtlich_namensbezug","","stadler-schaaf.de",""
"stadtwerke goerlitz","Stadtwerke Görlitz AG","stadtwerke-goerlitz.de","0.9","amtlich_namensbezug","","stadtwerke-goerlitz.de",""
"stadtwerke schneverdingen-neuenkirchen","Stadtwerke Schneverdingen-Neuenkirchen GmbH","heidjers-stadtwerke.de","0.95","amtlich_bestaetigt","heidjers-stadtwerke.de","heidjers-stadtwerke.de",""
"statcon","STATCON GmbH","statcon.de","0.9","amtlich_namensbezug","","statcon.de",""
"steffensen","Steffensen GmbH","steffensen.com","0.9","amtlich_namensbezug","","steffensen.com",""
"step it up consulting","Step IT up consulting GmbH","stepitup.eu","0.9","amtlich_namensbezug","","stepitup.eu",""
"sterilog","SteriLog GmbH","sterilog.de","0.9","amtlich_namensbezug","","sterilog.de",""
"stratslab sp z o o","StratsLab Sp. z o.o.","stratslab.com","0.9","amtlich_namensbezug","","stratslab.com",""
"studio 38 pure communication","studio 38 pure communication GmbH","studio38.de","0.95","amtlich_bestaetigt","studio38.de","studio38.de",""
"stuermer werkzeuge-maschinen","Stürmer Werkzeuge-Maschinen KG","stuermer-werkzeuge.de","0.9","amtlich_namensbezug","","stuermer-werkzeuge.de",""
"sulzer","Sulzer GmbH","sulzer.de","0.95","amtlich_bestaetigt","sulzer.de","sulzer.de",""
"sunzinet","SUNZINET GmbH","sunzinet.com","0.9","amtlich_namensbezug","","sunzinet.com",""
"sva system vertrieb alexander","SVA System Vertrieb Alexander GmbH","sva.de","0.95","amtlich_bestaetigt","sva.de","sva.de",""
"sva system vertrieb alexander gmbh-standort muenchen","SVA System Vertrieb Alexander GmbH - Standort München","sva.de","0.9","amtlich_namensbezug","","sva.de",""
"sva systemvertrieb alexander","SVA Systemvertrieb Alexander GmbH","sva.de","0.9","amtlich_namensbezug","","sva.de",""
"sw media","SW MEDIA GmbH","sw-media.de","0.9","amtlich_namensbezug","","sw-media.de",""
"swabian instruments","Swabian Instruments GmbH","swabianinstruments.com","0.95","amtlich_bestaetigt","swabianinstruments.com","swabianinstruments.com",""
"swarco traffic systems","Swarco Traffic Systems GmbH","swarco.de","0.9","amtlich_namensbezug","","swarco.de",""
"swarco traffic systems gmbh muenchen","Swarco Traffic Systems GmbH München","swarco.de","0.9","amtlich_namensbezug","","swarco.de",""
"swisio","Swisio GmbH","swisio.de","0.9","amtlich_namensbezug","","swisio.de",""
"swu telenet","SWU TeleNet GmbH","swu.de","0.9","amtlich_namensbezug","","swu.de",""
"synaforce","Synaforce GmbH","synaforce.com","0.9","amtlich_namensbezug","synaforce.com","",""
"synalis","Synalis GmbH & Co KG","synalis.de","0.9","amtlich_namensbezug","","synalis.de",""
"synexus","Synexus GmbH","synexus.de","0.9","amtlich_namensbezug","","synexus.de",""
"synflow","SynFlow GmbH","synflow.de","0.9","amtlich_namensbezug","","synflow.de",""
"sysgen","sysGen GmbH","sysgen.de","0.95","amtlich_bestaetigt","sysgen.de","sysgen.de",""
"sysgen systeme und informatikanwendungen nikisch","sysGen Systeme und Informatikanwendungen Nikisch GmbH","sysgen.de","0.95","amtlich_bestaetigt","sysgen.de","sysgen.de",""
"systema gesellschaft fuer angewandte datentechnik","Systema Gesellschaft für angewandte Datentechnik mbH","systema-online.de","0.95","amtlich_bestaetigt","systema-online.de","systema-online.de",""
"systematik","systematik GmbH","systematik.de","0.9","amtlich_namensbezug","","systematik.de",""
"systempartner it-vertriebs","Systempartner IT-Vertriebs GmbH & Co. KG","it-system-partner.de","0.9","amtlich_namensbezug","","it-system-partner.de",""
"systemtechnik","SYSTEMTECHNIK GmbH","systemtechnik-online.de","0.9","amtlich_namensbezug","","systemtechnik-online.de",""
"systhemis","SYSTHEMIS AG","systhemis.de","0.95","amtlich_bestaetigt","systhemis.de","systhemis.de",""
"systran s a s","SYSTRAN S.A.S.","systrangroup.com","0.9","amtlich_namensbezug","","systrangroup.com",""
"t-systems information service","T-Systems Information Service GmbH","t-systems.com","0.9","amtlich_namensbezug","","t-systems.com",""
"t-systems information services","T-Systems Information Services GmbH","t-systems.com","0.9","amtlich_namensbezug","","t-systems.com",""
"t-systems international","T-Systems International GmbH","t-systems.com","0.95","amtlich_bestaetigt","t-systems.com","t-systems.com",""
"t60 consulting","T60 Consulting GmbH","t60.com","0.9","amtlich_namensbezug","","t60.com",""
"ta triumph adler deutschland","TA Triumph Adler Deutschland GmbH","triumpf-adler.net","0.9","amtlich_namensbezug","","triumpf-adler.net",""
"ta triumph-adler deutschland","TA Triumph-Adler Deutschland GmbH","triumph-adler.net","0.95","amtlich_bestaetigt","triumph-adler.net","triumph-adler.net",""
"ta triumph-adler","TA Triumph-Adler GmbH","triumph-adler.net","0.9","amtlich_namensbezug","","triumph-adler.net",""
"tagueri","Tagueri AG","tagueri.com","0.9","amtlich_namensbezug","","tagueri.com",""
"tarador","TARADOR GmbH","tarador.de","0.95","amtlich_bestaetigt","tarador.de","tarador.de",""
"tcs cards und services","TCS CARDS & SERVICES GmbH","gnc-cardservices.de","0.9","amtlich_namensbezug","gnc-cardservices.de","tc-s.eu",""
"team23","TEAM23 GmbH","team23.de","0.9","amtlich_namensbezug","","team23.de",""
"teamative germany","teamative Germany GmbH","teamative.com","0.9","amtlich_namensbezug","","teamative.com",""
"tecbakery gmbh-wavepointer","TecBakery GmbH - WavePointer","wavepointer.com","0.95","amtlich_bestaetigt","wavepointer.com","wavepointer.com",""
"technia","TECHNIA GmbH","technia.com","0.9","amtlich_namensbezug","","technia.com",""
"technidata it service","TechniData IT Service GmbH","technidata.de","0.9","amtlich_namensbezug","","technidata.de",""
"technidata it-service","Technidata IT-Service GmbH","its-technidata.de","0.9","amtlich_namensbezug","","its-technidata.de",""
"technische hochschule nuernberg georg simon ohm","Technische Hochschule Nürnberg Georg Simon Ohm","th-nuernberg.de","0.9","amtlich_namensbezug","","th-nuernberg.de",""
"technische universitaet dortmund","Technische Universität Dortmund","tu-dortmund.de","0.9","amtlich_namensbezug","","tu-dortmund.de",""
"technologieberatung helge haug","Technologieberatung Helge Haug","swtech.de","0.95","amtlich_bestaetigt","swtech.de","swtech.de",""
"tecservice reparatur elektronischer systeme leipzig","TecService Reparatur elektronischer Systeme Leipzig GmbH","tecservice.de","0.95","amtlich_bestaetigt","tecservice.de","tecservice.de",""
"tedsoft","TEDSoft GmbH","tedsoft.de","0.9","amtlich_namensbezug","tedsoft.de","",""
"tele thorwarth","Tele Thorwarth","tele-torwarth.de","0.9","amtlich_namensbezug","","tele-torwarth.de",""
"telecomputer","Telecomputer GmbH","telecomputer.de","0.95","amtlich_bestaetigt","telecomputer.de","telecomputer.de",""
"telekom deutschland","Telekom Deutschland GmbH","telekom.de","0.95","amtlich_bestaetigt","telekom.de","telekom.de",""
"telekom deutschland gmbh lk be","Telekom Deutschland GmbH LK BE","telekom.de","0.9","amtlich_namensbezug","","telekom.de",""
"telekom deutschland gmbh mg","Telekom Deutschland GmbH, MG","telekom.de","0.95","amtlich_bestaetigt","telekom.de","telekom.de",""
"telent","telent GmbH","telent.de","0.9","amtlich_namensbezug","","telent.de",""
"teletech","TeleTech GmbH","teletech-net.de","0.9","amtlich_namensbezug","","teletech-net.de",""
"telonic","Telonic GmbH","telonic.de","0.95","amtlich_bestaetigt","telonic.de","telonic.de",""
"teqyard","TEQYARD GmbH","teqyard.de","0.95","amtlich_bestaetigt","teqyard.de","teqyard.de",""
"terrestris","terrestris GmbH & Co. KG","terrestris.de","0.9","amtlich_namensbezug","","terrestris.de",""
"test","test","test.com","0.9","amtlich_namensbezug","","test.com",""
"teuto net netzdienste","teuto.net Netzdienste GmbH","teuto.net","0.9","amtlich_namensbezug","","teuto.net",""
"the bristol group","The Bristol Group","bristol.de","0.95","amtlich_bestaetigt","bristol.de","bristol.de",""
"thepra didactic","THEPRA Didactic GmbH","thepra.de","0.95","amtlich_bestaetigt","thepra.de","thepra.de",""
"thermo fisher scientific","Thermo Fisher Scientific GmbH","thermofisher.com","0.95","amtlich_bestaetigt","thermofisher.com","thermofisher.com",""
"thieme compliance","Thieme Compliance GmbH","thieme-compliance.de","0.95","amtlich_bestaetigt","thieme-compliance.de","thieme-compliance.de",""
"thieme dokuform","Thieme DokuFORM GmbH","dokuform.de","0.9","amtlich_namensbezug","","dokuform.de",""
"thieme telecare","Thieme TeleCare","thime-telecare.de","0.9","amtlich_namensbezug","thime-telecare.de","",""
"think about it","think about IT GmbH","think-about.it","0.95","amtlich_bestaetigt","think-about.it","think-about.it",""
"thinkred","thinkRED GmbH","thinkred.de","0.95","amtlich_bestaetigt","thinkred.de","thinkred.de",""
"thinkred west","ThinkRED West GmbH","thinkred.de","0.95","amtlich_bestaetigt","thinkred.de","thinkred.de",""
"thomann","Thomann","thomann.de","0.9","amtlich_namensbezug","","thomann.de",""
"thomas sillmann","Thomas Sillmann","thomassillmann.dev","0.9","amtlich_namensbezug","","thomassillmann.dev",""
"tigersoft systemhaus","TIGERSOFT Systemhaus GmbH","tigersoft.de","0.9","amtlich_namensbezug","","tigersoft.de",""
"time4you gmbh communication und learning","time4you GmbH communication & learning","time4you.de","0.95","amtlich_bestaetigt","time4you.de","time4you.de",""
"tiplu","Tiplu GmbH","tiplu.de","0.95","amtlich_bestaetigt","tiplu.de","tiplu.de",""
"titanom solutions","Titanom Solutions GmbH","titanom.com","0.95","amtlich_bestaetigt","titanom.com","titanom.com",""
"tixel","TIXEL GmbH","tixeltec.com","0.9","amtlich_namensbezug","","tixeltec.com",""
"tixly","Tixly GmbH","tixly.com","0.9","amtlich_namensbezug","","tixly.com",""
"tmk thomas mack kommunikation","TMK THomas Mack Kommunikation GmbH","tmk.de","0.95","amtlich_bestaetigt","tmk.de","tmk.de",""
"tng stadtnetz","TNG Stadtnetz GmbH","tng.de","0.9","amtlich_namensbezug","","tng.de",""
"togeda it-service und beratung sebastian schumacher","Togeda IT-Service & Beratung Sebastian Schumacher","togeda.de","0.9","amtlich_namensbezug","","togeda.de",""
"topdesk deutschland","TOPdesk Deutschland GmbH","topdesk.de","0.9","amtlich_namensbezug","","topdesk.de",""
"topfloor consulting","TopFloor Consulting GmbH","topfloor-consulting.de","0.95","amtlich_bestaetigt","topfloor-consulting.de","topfloor-consulting.de",""
"tproneth","tproneth GmbH & Co.KG","tproneth.de","0.9","amtlich_namensbezug","","tproneth.de",""
"tproneth the storage company","tproneth The Storage Company GmbH & Co. KG","tproneth.de","0.9","amtlich_namensbezug","","tproneth.de",""
"tradex systems oue","TRADEX SYSTEMS OÜ","tradexsystems.eu","0.95","amtlich_bestaetigt","tradexsystems.eu","tradexsystems.eu",""
"traffgo road","TraffGo Road GmbH","traffgoroad.com","0.95","amtlich_bestaetigt","traffgoroad.com","traffgoroad.com",""
"trans4mation it","Trans4mation IT GmbH","trans4mation.de","0.9","amtlich_namensbezug","","trans4mation.de",""
"traut buerokommunikation","Traut Bürokommunikation GmbH & Co. KG","trautoffice.de","0.9","amtlich_namensbezug","","trautoffice.de",""
"treeconsult","treeConsult GmbH","treeconsult.de","0.9","amtlich_namensbezug","treeconsult.de","",""
"tricise","Tricise GmbH","tricise.com","0.9","amtlich_namensbezug","tricise.com","capture.eu",""
"trigonova","Trigonova GmbH","trigonova.de","0.9","amtlich_namensbezug","","trigonova.de",""
"triology","Triology GmbH","triology.de","0.95","amtlich_bestaetigt","triology.de","triology.de",""
"triple a consulting gmbh und cokg","Triple A Consulting Gmbh&CoKG","triple-a.de","0.9","amtlich_namensbezug","","triple-a.de",""
"trovent security","Trovent Security GmbH","trovent.io","0.9","amtlich_namensbezug","","trovent.io",""
"trust-halle / dittrich und ditze","TRUST-HALLE / Dittrich & Ditze GbR","trust-halle.de","0.9","amtlich_namensbezug","","trust-halle.de",""
"tsa public service","TSA Public Service GmbH","tsaps.de","0.95","amtlich_bestaetigt","tsaps.de","tsaps.de",""
"tukom","tukom GmbH","tukom.de","0.95","amtlich_bestaetigt","tukom.de","tukom.de",""
"tweede golf","Tweede Golf BV","tweedegolf.nl","0.9","amtlich_namensbezug","tweedegolf.nl","",""
"twenty 20","TWENTY 20 GmbH & Co. KG","twenty20.de","0.9","amtlich_namensbezug","","twenty20.de",""
"twenty l20","TWENTY l20 GmbH & Co. KG","twenty20.de","0.9","amtlich_namensbezug","","twenty20.de",""
"twl-kom","TWL-KOM GmbH","twl-kom.de","0.95","amtlich_bestaetigt","twl-kom.de","twl-kom.de",""
"tuev trust it gmbh unternehmensgruppe tuev austria","TÜV TRUST IT GMBH UNTERNEHMENSGRUPPE TÜV AUSTRIA","tuv-austria.com","0.9","amtlich_namensbezug","","tuv-austria.com",""
"ucware","UCware GmbH","ucware.com","0.9","amtlich_namensbezug","","ucware.com",""
"udf consulting","UDF Consulting AG","udf.de","0.95","amtlich_bestaetigt","udf.de","udf.de",""
"udg rhein-main","UDG Rhein-Main GmbH","udg.de","0.95","amtlich_bestaetigt","udg.de","udg.de",""
"uipath","UIPath GmbH","uipath.com","0.9","amtlich_namensbezug","","uipath.com",""
"ultra consulting network","Ultra Consulting Network GmbH","ultra.de","0.95","amtlich_bestaetigt","ultra.de","ultra.de",""
"umfragezentrum bonn – prof rudinger","Umfragezentrum Bonn – Prof. Rudinger GmbH","uzbonn.de","0.9","amtlich_namensbezug","","uzbonn.de",""
"unique projects","unique projects GmbH & Co. KG","unique-projects.com","0.95","amtlich_bestaetigt","unique-projects.com","unique-projects.com",""
"uniserv","Uniserv GmbH","uniserv.com","0.9","amtlich_namensbezug","","uniserv.com",""
"unite procurement deutschland","Unite Procurement Deutschland AG","unite.eu","0.95","amtlich_bestaetigt","unite.eu","unite.eu",""
"unity","UNITY AG","unity.de","0.95","amtlich_bestaetigt","unity.de","unity.de",""
"unity technologies sf","Unity Technologies SF","unity3d.com","0.9","amtlich_namensbezug","","unity3d.com",""
"univativ","univativ GmbH","univativ.de","0.9","amtlich_namensbezug","","univativ.de",""
"untis bayern","Untis Bayern GmbH","untis.de","0.9","amtlich_namensbezug","","untis.de",""
"untis","Untis GmbH","untis.at","0.95","amtlich_bestaetigt","untis.at","untis.at",""
"urano informationssysteme","URANO Informationssysteme GmbH","urano.de","0.9","amtlich_namensbezug","","urano.de",""
"urbetho cf","Urbetho CF GmbH","urbetho.com","0.9","amtlich_namensbezug","","urbetho.com",""
"uriot","Uriot GmbH & Co. KG","uriot.de","0.9","amtlich_namensbezug","","uriot.de",""
"usd","usd AG","usd.de","0.9","amtlich_namensbezug","","usd.de",""
"usu","USU GmbH","usu.com","0.95","amtlich_bestaetigt","usu.com","usu.com",""
"utimaco is","Utimaco IS GmbH","utimaco.com","0.9","amtlich_namensbezug","","utimaco.com",""
"v-bc de","V-BC.de","v-bc.de","0.95","amtlich_bestaetigt","v-bc.de","v-bc.de",""
"valantic amx","valantic AMX AG","valantic.com","0.9","amtlich_namensbezug","","valantic.com",""
"valiantys","Valiantys GmbH","valiantys.com","0.95","amtlich_bestaetigt","valiantys.com","valiantys.com",""
"valid digitalagentur","Valid Digitalagentur GmbH","valid-digital.com","0.95","amtlich_bestaetigt","valid-digital.com","valid-digital.com",""
"vater business it","Vater Business IT GmbH","vater-gruppe.de","0.9","amtlich_namensbezug","","vater-gruppe.de",""
"vaudience","vAudience GmbH","vaudience.ai","0.9","amtlich_namensbezug","","vaudience.ai",""
"vde verlag","VDE Verlag GmbH","vde-verlag.de","0.9","amtlich_namensbezug","","vde-verlag.de",""
"venios","Venios GmbH","venios.de","0.9","amtlich_namensbezug","","venios.de",""
"venturo ingenieurgesellschaft","Venturo Ingenieurgesellschaft mbH","venturo.de","0.9","amtlich_namensbezug","","venturo.de",""
"vergabekammer niedersachsen","Vergabekammer Niedersachsen","mw.niedersachsen.de","0.9","amtlich_namensbezug","","mw.niedersachsen.de",""
"verifeye online sia","Verifeye Online, Sia","verifeye.online","0.9","amtlich_namensbezug","","verifeye.online",""
"veritas medien","Veritas Medien GmbH","veritas-medien.de","0.9","amtlich_namensbezug","","veritas-medien.de",""
"verlag c h beck","Verlag C.H. Beck oHG","beck.de","0.9","amtlich_namensbezug","","beck.de",""
"vertigis","VertiGIS GmbH","vertigis.com","0.9","amtlich_namensbezug","aed-sicad.de","vertigis.com",""
"vertinex","Vertinex GmbH","vertinex.de","0.9","amtlich_namensbezug","","vertinex.de",""
"viadee unternehmensberatung","viadee Unternehmensberatung AG","viadee.de","0.9","amtlich_namensbezug","","viadee.de",""
"vidit systems","VIDIT SYSTEMS GmbH","vidit-systems.de","0.9","amtlich_namensbezug","","vidit-systems.de",""
"viind","viind GmbH","viind.com","0.9","amtlich_namensbezug","","viind.com",""
"villadata systemhaus","villadata systemhaus GmbH","villadata.de","0.9","amtlich_namensbezug","","villadata.de",""
"virtimo","Virtimo AG","virtimo.de","0.9","amtlich_namensbezug","","virtimo.de",""
"virtual7","virtual7 GmbH","virtual7.de","0.95","amtlich_bestaetigt","virtual7.de","virtual7.de",""
"vitagroup health intelligence","vitagroup health intelligence GmbH","vitagroup.ag","0.9","amtlich_namensbezug","","vitagroup.ag",""
"vital services","vital.services GmbH","vital-services.de","0.95","amtlich_bestaetigt","vital-services.de","vital-services.de",""
"vmz berlin betreibergesellschaft","VMZ Berlin Betreibergesellschaft mbH","vmzberlin.com","0.95","amtlich_bestaetigt","vmzberlin.com","vmzberlin.com",""
"vodafone","Vodafone GmbH","vodafone.com","0.95","amtlich_bestaetigt","vodafone.com","vodafone.com",""
"voize","voize GmbH","voize.de","0.9","amtlich_namensbezug","","voize.de",""
"vp verbund pflegehilfe","VP Verbund Pflegehilfe GmbH","pflegehilfe.de","0.9","amtlich_namensbezug","","pflegehilfe.de",""
"vp-systeme","VP-Systeme GmbH","vp-systeme.de","0.95","amtlich_bestaetigt","vp-systeme.de","vp-systeme.de",""
"vrvis","VRVis GmbH","vrvis.at","0.9","amtlich_namensbezug","","vrvis.at",""
"vrwhatyouwant s r o","VRwhatYOUwant s.r.o.","vrwhatyouwant.com","0.9","amtlich_namensbezug","vrwhatyouwant.com","vrwyw.cz",""
"vst vertriebsgesellschaft fuer video-system-und kommunikationstechnik","VST Vertriebsgesellschaft für Video-System- und Kommunikationstechnik mbH","vst-pro.de","0.9","amtlich_namensbezug","","vst-pro.de",""
"wasser-pfenning","Wasser - Pfenning GmbH","wasser-pfenning.de","0.9","amtlich_namensbezug","","wasser-pfenning.de",""
"wavestone","Wavestone","wavestone.com","0.9","amtlich_namensbezug","","wavestone.com",""
"wavestone germany","Wavestone Germany AG","wavestone.com","0.9","amtlich_namensbezug","","wavestone.com",""
"wbs it-service","WBS IT-Service GmbH","wbs-it.de","0.95","amtlich_bestaetigt","wbs-it.de","wbs-it.de",""
"weissenberg business consulting","Weissenberg Business Consulting GmbH","weissenberg-group.de","0.9","amtlich_namensbezug","","weissenberg-group.de",""
"weka media","WEKA Media GmbH & Co. KG","weka.de","0.95","amtlich_bestaetigt","weka.de","weka.de",""
"weloveapps","WeLoveApps GmbH","weloveapps.de","0.9","amtlich_namensbezug","","weloveapps.de",""
"wematch consulting","WeMatch Consulting GmbH","wematch.de","0.9","amtlich_namensbezug","","wematch.de",""
"wemove digital solutions","wemove digital solutions GmbH","wemove.com","0.9","amtlich_namensbezug","","wemove.com",""
"werkstatt lebenshilfe bergisches land","Werkstatt Lebenshilfe Bergisches Land GmbH","lhbl.de","0.95","amtlich_bestaetigt","lhbl.de","lhbl.de",""
"westconnect","Westconnect GmbH","westconnect.de","0.9","amtlich_namensbezug","","westconnect.de",""
"wheregroup","WhereGroup GmbH","wheregroup.com","0.9","amtlich_namensbezug","","wheregroup.com",""
"white rabbit security","White Rabbit Security GmbH","whiterabbitsecurity.com","0.9","amtlich_namensbezug","","whiterabbitsecurity.com",""
"wiegand von hartmann","Wiegand von Hartmann","wiegandvonhartmann.com","0.9","amtlich_namensbezug","","wiegandvonhartmann.com",""
"wipro limited","Wipro Limited","wipro.com","0.9","amtlich_namensbezug","","wipro.com",""
"wiresoft","Wiresoft AG","wiresoft.com","0.95","amtlich_bestaetigt","wiresoft.com","wiresoft.com",""
"wittler visuelle einrichtungen","wittler visuelle einrichtungen gmbh","wittler.biz","0.95","amtlich_bestaetigt","wittler.biz","wittler.biz",""
"wizardtales","WizardTales GmbH","wizardtales.com","0.9","amtlich_namensbezug","","wizardtales.com",""
"wonderwerk consulting","wonderwerk consulting GmbH","wonderwerk.com","0.95","amtlich_bestaetigt","wonderwerk.com","wonderwerk.com",""
"ws it-systeme","WS IT-Systeme GmbH","ws-it-systeme.de","0.9","amtlich_namensbezug","","ws-it-systeme.de",""
"wsw und partner","WSW & Partner GmbH","wsw-partner.de","0.9","amtlich_namensbezug","","wsw-partner.de",""
"wtg communication","WTG communication GmbH","wtg.com","0.9","amtlich_namensbezug","","wtg.com",""
"wtg leitstellentechnik","WTG Leitstellentechnik GmbH","wtg.com","0.95","amtlich_bestaetigt","wtg.com","wtg.com",""
"wtt campusone","WTT CampusONE GmbH","wtt-campusone.com","0.9","amtlich_namensbezug","","wtt-campusone.com",""
"wuestenberg landtechnik","Wüstenberg Landtechnik GmbH & Co. KG","wuestenberg-gruppe.de","0.9","amtlich_namensbezug","","wuestenberg-gruppe.de",""
"xalt business consulting","XALT Business Consulting GmbH","xalt.de","0.9","amtlich_namensbezug","","xalt.de",""
"xapio","xapio GmbH","xapio.de","0.95","amtlich_bestaetigt","xapio.de","xapio.de",""
"xcave technology","xCave Technology GmbH","xcave-technology.de","0.95","amtlich_bestaetigt","xcave-technology.de","xcave-technology.de",""
"xeedq","XeedQ GmbH","xeedq.com","0.95","amtlich_bestaetigt","xeedq.com","xeedq.com",""
"xignsys","XignSys","xignsys.com","0.9","amtlich_namensbezug","xignsys.com","",""
"xima media","XIMA MEDIA GmbH","xima.de","0.95","amtlich_bestaetigt","xima.de","xima.de",""
"xiting","Xiting GmbH","xiting.com","0.95","amtlich_bestaetigt","xiting.com","xiting.com",""
"xpertcon","XpertCon GmbH","xpertcon.de","0.95","amtlich_bestaetigt","xpertcon.de","xpertcon.de",""
"xpron systems","XPRON Systems GmbH","xpron.com","0.9","amtlich_namensbezug","","xpron.com",""
"xsuite group","xSuite Group GmbH","xsuite.com","0.95","amtlich_bestaetigt","xsuite.com","xsuite.com",""
"yona systems","YONA Systems GmbH","yona.app","0.95","amtlich_bestaetigt","yona.app","yona.app",""
"yunex","Yunex GmbH","yunextraffic.com","0.9","amtlich_namensbezug","","yunextraffic.com",""
"zehnbauer-it","Zehnbauer-it gmbH","zehnbauer-it.de","0.95","amtlich_bestaetigt","zehnbauer-it.de","zehnbauer-it.de",""
"zendesk inc","Zendesk, Inc.","zendesk.com","0.9","amtlich_namensbezug","","zendesk.com",""
"zeq","ZEQ AG","zeq.de","0.9","amtlich_namensbezug","","zeq.de",""
"zetcom informatikdienstleistungen deutschland","zetcom Informatikdienstleistungen Deutschland GmbH","zetcom.com","0.9","amtlich_namensbezug","","zetcom.com",""
"zugseil direct solutions","ZUGSEIL Direct Solutions GmbH","zugseil.com","0.9","amtlich_namensbezug","","zugseil.com",""
"zum goldenen hirschen valley","Zum goldenen Hirschen Valley GmbH","hirschen.de","0.95","amtlich_bestaetigt","hirschen.de","hirschen.de",""
"zwei loewen mediawerk","Zwei Löwen mediawerk GmbH","support.2loewen.de","0.9","amtlich_namensbezug","","support.2loewen.de",""
"oe_konzept agentur fuer werbung und kommunikation","ö_konzept Agentur für Werbung und Kommunikation GmbH & Co. KG","oe-konzept.de","0.95","amtlich_bestaetigt","oe-konzept.de","oe-konzept.de",""
"skoda trans­por­ta­tion a s","ŠKODA TRANS­POR­TA­TION a.s.","skodagroup.com","0.9","amtlich_namensbezug","","skodagroup.com",""
"+pluswerk","+Pluswerk AG","","0.6","amtlich_unbestaetigt","","pluswerk.digital","kein Namensbezug, Einzelquelle - unter Schwelle"
"1 und 1 versatel deutschland","1&1 Versatel Deutschland GmbH","","","","1und1.net","1und1.net","1und1.net steht bei 4 fremden Firmen"
"1 und 1 versatel","1&1 Versatel GmbH","","","","1und1.net","1und1.net","1und1.net steht bei 4 fremden Firmen"
"init","]init[ AG","","","","initse.com","init.de","url und Mail widersprechen sich, Namensbezug entscheidet nicht"
"aagon","Aagon GmbH","","","","aagon.de","aagon.com","url und Mail widersprechen sich, Namensbezug entscheidet nicht"
"abb","ABB AG","","0.6","amtlich_unbestaetigt","","de.abb.com","kein Namensbezug, Einzelquelle - unter Schwelle"
"accenture","Accenture GmbH","","","","accenture.de","accenture.com","url und Mail widersprechen sich, Namensbezug entscheidet nicht"
"acn associated consulting network","ACN Associated Consulting Network GmbH","","","","acn-group.net","acn-group.de","url und Mail widersprechen sich, Namensbezug entscheidet nicht"
"acp techrent","ACP TechRent GmbH","","","","techrent.acp-gruppe.com","acp.de","url und Mail widersprechen sich, Namensbezug entscheidet nicht"
"act digital deutschland","ACT Digital Deutschland GmbH","","0.6","amtlich_unbestaetigt","alter-solutions.de","","kein Namensbezug, Einzelquelle - unter Schwelle"
"actico","ACTICO GmbH","","","","","rentenbank.de","rentenbank.de ist eine Auftraggeberadresse; rentenbank.de steht bei 12 fremden Firmen"
"adp employer services","ADP Employer Services GmbH","","0.6","amtlich_unbestaetigt","","de.adp.com","kein Namensbezug, Einzelquelle - unter Schwelle"
"agi-information management consultants","AGI - Information Management Consultants","","0.6","amtlich_unbestaetigt","agi-imc.de","","kein Namensbezug, Einzelquelle - unter Schwelle"
"ait-atos information technology","AIT - Atos Information Technology GmbH","","","","de.atos.net","atos.net","atos.net steht bei 3 fremden Firmen"
"akirolabs","akirolabs GmbH","","","","","deutschebahn.com","deutschebahn.com ist eine Auftraggeberadresse; deutschebahn.com steht bei 19 fremden Firmen"
"akquinet business consulting","Akquinet Business Consulting GmbH","","0.6","amtlich_unbestaetigt","","ek-cg.com","kein Namensbezug, Einzelquelle - unter Schwelle"
"akquinet healthservice","akquinet healthservice GmbH","","","","","fb.hamburg.de","fb.hamburg.de ist eine Auftraggeberadresse; fb.hamburg.de steht bei 26 fremden Firmen"
"alasco","Alasco GmbH","","","","alasco.com","alasco.de","url und Mail widersprechen sich, Namensbezug entscheidet nicht"
"allgeier cyris","Allgeier CyRis GmbH","","","","allgeier-cyris.de","allgeier-it.de","url und Mail widersprechen sich, Namensbezug entscheidet nicht"
"alten","ALTEN GmbH","","","","de.alten.com","alten.com","url und Mail widersprechen sich, Namensbezug entscheidet nicht"
"amisol","Amisol GmbH","","0.6","amtlich_unbestaetigt","","allgaeudsl.de","kein Namensbezug, Einzelquelle - unter Schwelle"
"arktis it solutions","Arktis IT solutions GmbH","","","","arktis-gmbh.de","arktis.net","url und Mail widersprechen sich, Namensbezug entscheidet nicht"
"arvato systems","Arvato Systems GmbH","","0.6","amtlich_unbestaetigt","","bertelsmann.de","kein Namensbezug, Einzelquelle - unter Schwelle"
"asdis solutions","ASDIS Solutions GmbH","","0.6","amtlich_unbestaetigt","","infraray.com","kein Namensbezug, Einzelquelle - unter Schwelle"
"asf","asf gmbh","","","","ammg24.de","asf24.de","url und Mail widersprechen sich, Namensbezug entscheidet nicht"
"asknet solutions","Asknet Solutions AG","","","","asknet.de","asknet.com","url und Mail widersprechen sich, Namensbezug entscheidet nicht"
"asseco solutions","Asseco Solutions AG","","","","assecosolutions.com","assecosol.com","url und Mail widersprechen sich, Namensbezug entscheidet nicht"
"auralis group","Auralis Group GmbH","","","","auralis.group","auralispartners.com","url und Mail widersprechen sich, Namensbezug entscheidet nicht"
"avanade deutschland","Avanade Deutschland GmbH","","","","avanade.de","avanade.com","url und Mail widersprechen sich, Namensbezug entscheidet nicht"
"avit-consulting andrej vrbacki","AVIT-Consulting, Andrej Vrbacki","","","","","fb.hamburg.de","fb.hamburg.de ist eine Auftraggeberadresse; fb.hamburg.de steht bei 26 fremden Firmen"
"avodaq","avodaq AG","","","","avodaq.com","fb.hamburg.de","fb.hamburg.de ist eine Auftraggeberadresse; fb.hamburg.de steht bei 26 fremden Firmen"
"b und dt buerofachhandel und datentechnik","B&DT Bürofachhandel und Datentechnik GmbH","","","","interaktiv-displays.de","bdt-erfurt.de","url und Mail widersprechen sich, Namensbezug entscheidet nicht"
"b telligent deutschland","b.telligent Deutschland GmbH","","","","btelligent.com","deutschebahn.com","deutschebahn.com ist eine Auftraggeberadresse; deutschebahn.com steht bei 19 fremden Firmen"
"bacula systems sa","Bacula Systems SA","","","","","deutschebahn.com","deutschebahn.com ist eine Auftraggeberadresse; deutschebahn.com steht bei 19 fremden Firmen"
"bakpol wieslawa hendrys lech hendrys pawel hendrys bartosz hendrys s c","Bakpol Wieslawa Hendrys, Lech Hendrys, Pawel Hendrys, Bartosz Hendrys s.c.","","0.6","amtlich_unbestaetigt","","heritus.pl","kein Namensbezug, Einzelquelle - unter Schwelle"
"bananaglue","BananaGlue GmbH","","0.6","amtlich_unbestaetigt","","fireapp.io","kein Namensbezug, Einzelquelle - unter Schwelle"
"be shaping the future-performance transformation digital","Be Shaping The Future - Performance, Transformation, Digital GmbH","","","","be-tse.de","beshapingthefuture.de","url und Mail widersprechen sich, Namensbezug entscheidet nicht"
"bearingpoint","BearingPoint GmbH","","","","bearingpoint.de","bearingpoint.com","url und Mail widersprechen sich, Namensbezug entscheidet nicht"
"bechtle network und security solutions","Bechtle Network & Security Solutions GmbH","","","","bechtle-network.com","bechtle.com","url und Mail widersprechen sich, Namensbezug entscheidet nicht"
"bechtle plm deutschland","Bechtle PLM Deutschland GmbH","","0.6","amtlich_unbestaetigt","","coffee.de","kein Namensbezug, Einzelquelle - unter Schwelle"
"better decisions","better decisions GmbH","","0.6","amtlich_unbestaetigt","","bdg.io","kein Namensbezug, Einzelquelle - unter Schwelle"
"bettermarks","bettermarks GmbH","","","","bettermarks.de","bettermarks.com","url und Mail widersprechen sich, Namensbezug entscheidet nicht"
"bibliotheka germany","Bibliotheka Germany GmbH","","0.6","amtlich_unbestaetigt","","bibliotheca.com","kein Namensbezug, Einzelquelle - unter Schwelle"
"biege 3rd level support kisa 25fei80593 c/o pan dacom direkt","BIEGE 3rd Level Support KISA 25FEI80593 c/o Pan Dacom Direkt GmbH","","","","","deutschebahn.com","deutschebahn.com ist eine Auftraggeberadresse; deutschebahn.com steht bei 19 fremden Firmen"
"biege projektsteuerung nbs dresden-prag c/o voessing ingenieurgesellschaft","BIEGE Projektsteuerung NBS Dresden-Prag c/o Vössing Ingenieurgesellschaft mbH","","","","","deutschebahn.com","deutschebahn.com ist eine Auftraggeberadresse; deutschebahn.com steht bei 19 fremden Firmen"
"bijdebron","Bijdebron","","0.6","amtlich_unbestaetigt","","atelierbrenda.com","kein Namensbezug, Einzelquelle - unter Schwelle"
"binect","Binect GmbH","","0.6","amtlich_unbestaetigt","","eventit.ag","kein Namensbezug, Einzelquelle - unter Schwelle"
"bloomberg finance l p","Bloomberg Finance L.P.","","","","bloomberg.com","bloomberg.net","url und Mail widersprechen sich, Namensbezug entscheidet nicht"
"blu professionals","blu Professionals GmbH","","0.6","amtlich_unbestaetigt","","bluprof.com","kein Namensbezug, Einzelquelle - unter Schwelle"
"bonpago","Bonpago GmbH","","","","","rentenbank.de","rentenbank.de ist eine Auftraggeberadresse; rentenbank.de steht bei 12 fremden Firmen"
"booker","booker GmbH","","0.6","amtlich_unbestaetigt","","vr-ticket.de","kein Namensbezug, Einzelquelle - unter Schwelle"
"boston server und storage solutions","Boston Server & Storage Solutions GmbH","","","","bostondeutschland.de","boston-it.de","url und Mail widersprechen sich, Namensbezug entscheidet nicht"
"br-bt-00514-0205","BR-BT-00514-0205","","0.6","amtlich_unbestaetigt","","msr-albrecht.at","kein Namensbezug, Einzelquelle - unter Schwelle"
"bredex","Bredex GmbH","","","","bredex.de","fb.hamburg.de","fb.hamburg.de ist eine Auftraggeberadresse; fb.hamburg.de steht bei 26 fremden Firmen"
"bull","Bull GmbH","","0.6","amtlich_unbestaetigt","","eviden.com","kein Namensbezug, Einzelquelle - unter Schwelle"
"bundesdruckerei","Bundesdruckerei","","","","","bdr.de","bdr.de ist eine Auftraggeberadresse"
"buerofachhandel und datentechnik","Bürofachhandel & Datentechnik GmbH","","0.6","amtlich_unbestaetigt","","bdt-erfurt.de","kein Namensbezug, Einzelquelle - unter Schwelle"
"cancom gmbh nord/ost","CANCOM GmbH Nord/Ost","","","","","fb.hamburg.de","fb.hamburg.de ist eine Auftraggeberadresse; fb.hamburg.de steht bei 26 fremden Firmen"
"cato-tech a/s","Cato-Tech A/S","","","","","deutschebahn.com","deutschebahn.com ist eine Auftraggeberadresse; deutschebahn.com steht bei 19 fremden Firmen"
"cerner health services deutschland","Cerner Health Services Deutschland GmbH","","0.6","amtlich_unbestaetigt","","oracle.com","kein Namensbezug, Einzelquelle - unter Schwelle"
"coforge","Coforge GmbH","","","","","deutschebahn.com","deutschebahn.com ist eine Auftraggeberadresse; deutschebahn.com steht bei 19 fremden Firmen"
"com in","Com In GmbH & Co. KG","","0.6","amtlich_unbestaetigt","comin.de","","kein Namensbezug, Einzelquelle - unter Schwelle"
"com on","com'on GmbH","","0.6","amtlich_unbestaetigt","","comonline.com","kein Namensbezug, Einzelquelle - unter Schwelle"
"composafe data systems","CompoSafe Data Systems AG","","0.6","amtlich_unbestaetigt","","compusafe.de","kein Namensbezug, Einzelquelle - unter Schwelle"
"computacenter ag und co","Computacenter AG & Co. oHG","","","","computacenter.de","computacenter.com","url und Mail widersprechen sich, Namensbezug entscheidet nicht"
"connectedcare","ConnectedCare GmbH","","","","de.connectedcare.net","connectedcare.net","url und Mail widersprechen sich, Namensbezug entscheidet nicht"
"converge technology solutions germany","Converge Technology Solutions Germany GmbH","","","","converge.com","convergetp.de","url und Mail widersprechen sich, Namensbezug entscheidet nicht"
"convit","Convit GmbH","","","","","fb.hamburg.de","fb.hamburg.de ist eine Auftraggeberadresse; fb.hamburg.de steht bei 26 fremden Firmen"
"cos","COS GmbH","","0.6","amtlich_unbestaetigt","","cosonline.de","kein Namensbezug, Einzelquelle - unter Schwelle"
"cosmo consult","COSMO CONSULT GmbH","","","","de.cosmoconsult.com","cosmoconsult.com","url und Mail widersprechen sich, Namensbezug entscheidet nicht"
"croz dach","CROZ DACH","","","","","fb.hamburg.de","fb.hamburg.de ist eine Auftraggeberadresse; fb.hamburg.de steht bei 26 fremden Firmen"
"cryptas it-security","CRYPTAS it-Security GmbH","","","","","fb.hamburg.de","fb.hamburg.de ist eine Auftraggeberadresse; fb.hamburg.de steht bei 26 fremden Firmen"
"cv cryptovision","cv cryptovision gmbH","","0.6","amtlich_unbestaetigt","","eviden.com","kein Namensbezug, Einzelquelle - unter Schwelle"
"cybertec postgresql international","CYBERTEC PostgreSQL International GmbH","","","","cybertec-postgresql.com","cybertec.at","url und Mail widersprechen sich, Namensbezug entscheidet nicht"
"d-fine","d-fine GmbH","","","","d-fine.com","d-fine.de","url und Mail widersprechen sich, Namensbezug entscheidet nicht"
"d-trust","D-Trust GmbH","","","","d-trust.net","bdr.de","bdr.de ist eine Auftraggeberadresse"
"dal33t","dal33t GmbH","","0.6","amtlich_unbestaetigt","","powerfolder.com","kein Namensbezug, Einzelquelle - unter Schwelle"
"datacenter one","Datacenter One Gmbh","","0.6","amtlich_unbestaetigt","","dc1.com","kein Namensbezug, Einzelquelle - unter Schwelle"
"datagroup rhein-main","DATAGROUP Rhein-Main GmbH","","0.6","amtlich_unbestaetigt","","urano.de","kein Namensbezug, Einzelquelle - unter Schwelle"
"datawin","DATAWIN GmbH","","0.6","amtlich_unbestaetigt","","inotec.eu","kein Namensbezug, Einzelquelle - unter Schwelle"
"dc-datacenter-group","DC-Datacenter-Group GmbH","","0.6","amtlich_unbestaetigt","","datacenter-group.com","kein Namensbezug, Einzelquelle - unter Schwelle"
"dell","Dell GmbH","","","","dell.de","dell.com","url und Mail widersprechen sich, Namensbezug entscheidet nicht"
"deloitte consulting","Deloitte Consulting GmbH","","","","deloitte.com","deloitte.de","url und Mail widersprechen sich, Namensbezug entscheidet nicht"
"deutsche telekom bs","Deutsche Telekom BS GmbH","","","","","fb.hamburg.de","fb.hamburg.de ist eine Auftraggeberadresse; fb.hamburg.de steht bei 26 fremden Firmen"
"deutsche telekom business solutions","DEUTSCHE TELEKOM BUSINESS SOLUTIONS GMBH","","","","business.telekom.com","telekom.de","url und Mail widersprechen sich, Namensbezug entscheidet nicht"
"deutsche telekom business solutions gmbh lk bwl","Deutsche Telekom Business Solutions GmbH LK BWL","","","","geschaeftskunden.telekom.de","telekom.de","url und Mail widersprechen sich, Namensbezug entscheidet nicht"
"deutsche telekom business solutions gmbh lk nw","Deutsche Telekom Business Solutions GmbH LK NW","","","","geschaeftskunden.telekom.de","telekom.de","url und Mail widersprechen sich, Namensbezug entscheidet nicht"
"deutscher fachverlag","Deutscher Fachverlag GmbH","","0.6","amtlich_unbestaetigt","","wdv.de","kein Namensbezug, Einzelquelle - unter Schwelle"
"deutsches zentrum fuer luft-und raumfahrt","Deutsches Zentrum für Luft- und Raumfahrt e.V.","","","","dlr.de","dlr.de","dlr.de ist eine Auftraggeberadresse"
"digital services 42","Digital Services 42 GmbH","","0.6","amtlich_unbestaetigt","","ds42.it","kein Namensbezug, Einzelquelle - unter Schwelle"
"digitale lernwelten","Digitale Lernwelten GmbH","","0.6","amtlich_unbestaetigt","","dilewe.de","kein Namensbezug, Einzelquelle - unter Schwelle"
"dtbs","DTBS GmbH","","","","geschaeftskunden.telekom.de","telekom.de","telekom.de steht bei 3 fremden Firmen"
"doerte wehmoeller","Dörte Wehmöller","","0.6","amtlich_unbestaetigt","","netcologne.de","kein Namensbezug, Einzelquelle - unter Schwelle"
"ebf-edv beratung foellmer","EBF - EDV Beratung Föllmer GmbH","","0.6","amtlich_unbestaetigt","","ebf.com","kein Namensbezug, Einzelquelle - unter Schwelle"
"ebsco information services","EBSCO Information Services GmbH","","","","ebsco.de","ebsco.com","url und Mail widersprechen sich, Namensbezug entscheidet nicht"
"ecospeed deutschland","Ecospeed Deutschland GmbH","","","","","fb.hamburg.de","fb.hamburg.de ist eine Auftraggeberadresse; fb.hamburg.de steht bei 26 fremden Firmen"
"edudip","edudip GmbH","","","","next.edudip.com","edudip.com","url und Mail widersprechen sich, Namensbezug entscheidet nicht"
"emagine-bid management","emagine - Bid Management","","0.6","amtlich_unbestaetigt","","emagine.org","kein Namensbezug, Einzelquelle - unter Schwelle"
"energieversorgung oberhausen","Energieversorgung Oberhausen AG","","0.6","amtlich_unbestaetigt","evo-energie.de","","kein Namensbezug, Einzelquelle - unter Schwelle"
"epi-use","EPI-USE GmbH","","","","epiuse.de","epiuse.com","url und Mail widersprechen sich, Namensbezug entscheidet nicht"
"erich schmidt verlag","Erich Schmidt Verlag GmbH & Co. KG","","0.6","amtlich_unbestaetigt","","esvmedien.de","kein Namensbezug, Einzelquelle - unter Schwelle"
"esg elektroniksystem-und logistik-gmbh","ESG Elektroniksystem- und Logistik-GmbH","","0.6","amtlich_unbestaetigt","","hensoldt.net","kein Namensbezug, Einzelquelle - unter Schwelle"
"essemtec","Essemtec AG","","0.6","amtlich_unbestaetigt","","nano-di.com","kein Namensbezug, Einzelquelle - unter Schwelle"
"european dynamics deutschland","EUROPEAN DYNAMICS Deutschland GmbH","","0.6","amtlich_unbestaetigt","","eurodyn.com","kein Namensbezug, Einzelquelle - unter Schwelle"
"european dynamics s a","EUROPEAN DYNAMICS S.A.","","0.6","amtlich_unbestaetigt","","eurodyn.com","kein Namensbezug, Einzelquelle - unter Schwelle"
"eurotech spa","EUROTECH SPA","","","","","deutschebahn.com","deutschebahn.com ist eine Auftraggeberadresse; deutschebahn.com steht bei 19 fremden Firmen"
"eviden germany","Eviden Germany GmbH","","","","eviden.com","atos.net","atos.net steht bei 3 fremden Firmen"
"evoila germany","evoila Germany GmbH","","","","evoila.de","de.evoila.com","url und Mail widersprechen sich, Namensbezug entscheidet nicht"
"ewetel","EWETEL GmbH","","","","","fb.hamburg.de","fb.hamburg.de ist eine Auftraggeberadresse; fb.hamburg.de steht bei 26 fremden Firmen"
"extra computer","EXTRA Computer GmbH","","","","","global.ntt","global.ntt steht bei 3 fremden Firmen"
"ey consulting","EY Consulting GmbH","","","","ey.com","de.ey.com","de.ey.com steht bei 4 fremden Firmen"
"ey strategy und transactions","EY Strategy & Transactions GmbH","","","","","de.ey.com","de.ey.com steht bei 4 fremden Firmen"
"ey tax gmbh steuerberatungsgesellschaft","EY Tax GmbH Steuerberatungsgesellschaft","","","","ey.com","de.ey.com","de.ey.com steht bei 4 fremden Firmen"
"ey-parthenon gmbh wirtschaftspruefungsgesellschaft","EY-Parthenon GmbH Wirtschaftsprüfungsgesellschaft","","","","","de.ey.com","de.ey.com steht bei 4 fremden Firmen"
"fela deutschland","FELA Deutschland GmbH","","","","","deutschebahn.com","deutschebahn.com ist eine Auftraggeberadresse; deutschebahn.com steht bei 19 fremden Firmen"
"finanz informatik","Finanz Informatik GmbH & Co. KG","","0.6","amtlich_unbestaetigt","","f-i.de","kein Namensbezug, Einzelquelle - unter Schwelle"
"finanz informatik solutions plus","Finanz Informatik Solutions Plus GmbH & Co. KG","","","","","rentenbank.de","rentenbank.de ist eine Auftraggeberadresse; rentenbank.de steht bei 12 fremden Firmen"
"fincon reply","Fincon Reply GmbH","","","","fincon.eu","reply.de","url und Mail widersprechen sich, Namensbezug entscheidet nicht"
"first data","First Data GmbH","","","","","fb.hamburg.de","fb.hamburg.de ist eine Auftraggeberadresse; fb.hamburg.de steht bei 26 fremden Firmen"
"fischer knoblauch und co medienproduktionsgesellschaft ffm","Fischer, Knoblauch & Co Medienproduktionsgesellschaft (FFM) mbH","","0.6","amtlich_unbestaetigt","","fkc-online.com","kein Namensbezug, Einzelquelle - unter Schwelle"
"fraunhofer-institut fuer graphische datenverarbeitung","Fraunhofer-Institut für Graphische Datenverarbeitung","","0.6","amtlich_unbestaetigt","","igd-r.fraunhofer.de","kein Namensbezug, Einzelquelle - unter Schwelle"
"fraunhofer-institut fuer kommunikation informationsverarbeitung und ergonomie fkie","Fraunhofer-Institut für Kommunikation, Informationsverarbeitung und Ergonomie (FKIE)","","","","","zv.fraunhofer.de","zv.fraunhofer.de ist eine Auftraggeberadresse"
"fraunhofer-institut fuer verkehrs-und infrastruktursysteme ivi","Fraunhofer-Institut für Verkehrs- und Infrastruktursysteme (IVI)","","","","","zv.fraunhofer.de","zv.fraunhofer.de ist eine Auftraggeberadresse"
"fsas","Fsas GmbH","","0.6","amtlich_unbestaetigt","","ts.fujitsu.com","kein Namensbezug, Einzelquelle - unter Schwelle"
"fsas technologies gmbh dresden","Fsas Technologies GmbH Dresden","","0.6","amtlich_unbestaetigt","","fujitsu.com","kein Namensbezug, Einzelquelle - unter Schwelle"
"fuchsfabrik digitalagentur","Fuchsfabrik Digitalagentur","","0.6","amtlich_unbestaetigt","","ff-office.com","kein Namensbezug, Einzelquelle - unter Schwelle"
"fujitsu","Fujitsu","","","","ts.fujitsu.com","fujitsu.com","url und Mail widersprechen sich, Namensbezug entscheidet nicht"
"foerderung von verfahren zur sprachstandserhebung und sprachfoerderung","Förderung von Verfahren zur Sprachstandserhebung und Sprachförderung e.V.","","0.6","amtlich_unbestaetigt","wuschel-app.de","","kein Namensbezug, Einzelquelle - unter Schwelle"
"g e o s ingenieurgesellschaft","G.E.O.S. Ingenieurgesellschaft mbH","","0.6","amtlich_unbestaetigt","","geosfreiberg.de","kein Namensbezug, Einzelquelle - unter Schwelle"
"gantner electronic gmbh deutschland","GANTNER Electronic GmbH Deutschland","","","","gantner.com","gantner.de","url und Mail widersprechen sich, Namensbezug entscheidet nicht"
"geomagic","GEOMAGIC GmbH","","","","geomagic.de","geomagic.world","url und Mail widersprechen sich, Namensbezug entscheidet nicht"
"gesellschaft fuer digitale bildung","Gesellschaft für digitale Bildung mbH","","0.6","amtlich_unbestaetigt","","gfdb.de","kein Namensbezug, Einzelquelle - unter Schwelle"
"gesundheit berlin-brandenburg","Gesundheit Berlin-Brandenburg e.V.","","","","mbjs.brandenburg.de","gesundheitbb.de","mbjs.brandenburg.de ist eine Auftraggeberadresse"
"glasfaser plus","Glasfaser Plus GmbH","","","","","telekom.de","telekom.de steht bei 3 fremden Firmen"
"glasfaserplusgmbh","GlasfaserPlusGmbH","","","","","telekom.de","telekom.de steht bei 3 fremden Firmen"
"global ct services und consulting","Global CT Services & Consulting GmbH","","","","","rentenbank.de","rentenbank.de ist eine Auftraggeberadresse; rentenbank.de steht bei 12 fremden Firmen"
"governikus","Governikus GmbH & Co KG","","","","governikus.de","governikus.com","url und Mail widersprechen sich, Namensbezug entscheidet nicht"
"green it","Green IT GmbH","","","","greenit-dortmund.de","greenit.systems","url und Mail widersprechen sich, Namensbezug entscheidet nicht"
"gurobi","Gurobi GmbH","","","","","deutschebahn.com","deutschebahn.com ist eine Auftraggeberadresse; deutschebahn.com steht bei 19 fremden Firmen"
"h und g hansen und gieraths it solutions gmbh/public edge","H & G Hansen & Gieraths IT Solutions GmbH/Public Edge GmbH","","","","","hug.de","hug.de steht bei 8 fremden Firmen"
"h und g hansen und gieraths edv vertriebs","H&G Hansen & Gieraths EDV Vertriebs GmbH","","","","","hug.de","hug.de steht bei 8 fremden Firmen"
"h und g hansen und gieraths edv vertriebsgesellschaft","H&G Hansen & Gieraths EDV Vertriebsgesellschaft mbH","","","","hug.de","hug.de","hug.de steht bei 8 fremden Firmen"
"h und g hansen und gieraths edv vetriebsgesellschaft","H&G Hansen & Gieraths EDV Vetriebsgesellschaft mbH","","","","hug.de","hug.de","hug.de steht bei 8 fremden Firmen"
"h und g hansen und gieraths it solutions","H&G Hansen & Gieraths IT Solutions GmbH","","","","hug.de","hug.de","hug.de steht bei 8 fremden Firmen"
"h und h datenverarbeitung und beratungsgesellschaft","H&H Datenverarbeitung und Beratungsgesellschaft mbH","","","","","hh-berlin.de","hh-berlin.de steht bei 3 fremden Firmen"
"h und h datenverarbeitungs-und beratungsgesellschaft","H&H Datenverarbeitungs- und Beratungsgesellschaft mbH","","","","hh-berlin.de","hh-berlin.de","hh-berlin.de steht bei 3 fremden Firmen"
"han­se­com public trans­port ticke­ting solu­ti­ons","Han­se­Com Public Trans­port Ticke­ting Solu­ti­ons GmbH","","0.6","amtlich_unbestaetigt","","hansecom.com","kein Namensbezug, Einzelquelle - unter Schwelle"
"health information management","Health Information Management GmbH","","0.6","amtlich_unbestaetigt","","him-info.com","kein Namensbezug, Einzelquelle - unter Schwelle"
"heinlein consulting","Heinlein Consulting GmbH","","","","heinlein-consulting.de","heinlein-support.de","url und Mail widersprechen sich, Namensbezug entscheidet nicht"
"heusch/boesefeldt","Heusch/Boesefeldt GmbH","","0.6","amtlich_unbestaetigt","","heuboe.de","kein Namensbezug, Einzelquelle - unter Schwelle"
"hewlett-packard","Hewlett-Packard GmbH","","0.6","amtlich_unbestaetigt","","hpe.com","kein Namensbezug, Einzelquelle - unter Schwelle"
"heydt-verlags-gmbh","Heydt-Verlags-GmbH","","0.6","amtlich_unbestaetigt","","heydt.com","kein Namensbezug, Einzelquelle - unter Schwelle"
"heyjobs","HeyJobs GmbH","","","","heyjobs.co","heyjobs.de","url und Mail widersprechen sich, Namensbezug entscheidet nicht"
"hlkomm telekommunikations","HLkomm Telekommunikations GmbH","","0.6","amtlich_unbestaetigt","","business.pyur.com","kein Namensbezug, Einzelquelle - unter Schwelle"
"hlkomm-telekommunikations","HLkomm-Telekommunikations GmbH","","","","","fb.hamburg.de","fb.hamburg.de ist eine Auftraggeberadresse; fb.hamburg.de steht bei 26 fremden Firmen"
"hugo hamann","Hugo Hamann GmbH & Co. KG","","0.6","amtlich_unbestaetigt","","buerokompetenz.de","kein Namensbezug, Einzelquelle - unter Schwelle"
"ibh connect","IBH connect GmbH","","","","mengelundpartner.de","ibh.de","mengelundpartner.de ist eine Auftraggeberadresse"
"ideri","IDERI GmbH","","","","ideri.com","ideri.de","url und Mail widersprechen sich, Namensbezug entscheidet nicht"
"if-tech","IF-Tech AG","","","","if-tech.de","fb.hamburg.de","fb.hamburg.de ist eine Auftraggeberadresse; fb.hamburg.de steht bei 26 fremden Firmen"
"imec vzw","IMEC vzw","","","","imec-int.com","imec.be","url und Mail widersprechen sich, Namensbezug entscheidet nicht"
"imediapp s a","iMediapp S.A","","0.6","amtlich_unbestaetigt","","batch.com","kein Namensbezug, Einzelquelle - unter Schwelle"
"innoton/cedar deutschland uwe seyfert","INNOTON/CEDAR Deutschland Uwe Seyfert","","0.6","amtlich_unbestaetigt","","innoton.de","kein Namensbezug, Einzelquelle - unter Schwelle"
"interflex datensysteme","Interflex Datensysteme GmbH","","0.6","amtlich_unbestaetigt","","allegion.com","kein Namensbezug, Einzelquelle - unter Schwelle"
"intersaar","intersaar GmbH","","","","intersaar.de","intersaar.net","url und Mail widersprechen sich, Namensbezug entscheidet nicht"
"ipoque","ipoque GmbH","","","","","rohde-schwarz.com","rohde-schwarz.com steht bei 3 fremden Firmen"
"iqul","IQUL GmbH","","","","iqul.com","iqul.de","url und Mail widersprechen sich, Namensbezug entscheidet nicht"
"iris-gmbh","iris-GmbH","","","","","iris-sensing.com","iris-sensing.com steht bei 3 fremden Firmen"
"iris-gmbh infrared und intelligent sensors","iris-GmbH infrared & intelligent sensors","","","","iris-sensing.com","iris-sensing.com","iris-sensing.com steht bei 3 fremden Firmen"
"irz","iRZ GmbH","","0.6","amtlich_unbestaetigt","","i-rz.de","kein Namensbezug, Einzelquelle - unter Schwelle"
"iserv","IServ GmbH","","","","iserv.de","iserv.eu","url und Mail widersprechen sich, Namensbezug entscheidet nicht"
"it professionals","IT Professionals Aktiengesellschaft","","","","","rentenbank.de","rentenbank.de ist eine Auftraggeberadresse; rentenbank.de steht bei 12 fremden Firmen"
"itec systems","itec systems AG","","","","itec.ag","itec-ag.com","url und Mail widersprechen sich, Namensbezug entscheidet nicht"
"iteratec","iteratec GmbH","","","","iteratec.com","iteratec.de","url und Mail widersprechen sich, Namensbezug entscheidet nicht"
"itesys de","itesys DE GmbH","","","","itesys.expert","itesys.ch","url und Mail widersprechen sich, Namensbezug entscheidet nicht"
"itinera projects und experts","ITinera projects & experts GmbH & Co KG","","","","","rentenbank.de","rentenbank.de ist eine Auftraggeberadresse; rentenbank.de steht bei 12 fremden Firmen"
"itis","ITIS GmbH","","","","unibw.de","unibw.de","unibw.de ist eine Auftraggeberadresse"
"jatosha","jatosha GmbH","","","","jatosha.com","jatosha.de","url und Mail widersprechen sich, Namensbezug entscheidet nicht"
"johnson und johnson medical gmbh geschaeftsbereich electrophysiology","Johnson & Johnson Medical GmbH Geschäftsbereich Electrophysiology","","0.6","amtlich_unbestaetigt","jnjmedtech.com","","kein Namensbezug, Einzelquelle - unter Schwelle"
"johnson controls systems und service","Johnson Controls Systems & Service GmbH","","0.6","amtlich_unbestaetigt","","jci.com","kein Namensbezug, Einzelquelle - unter Schwelle"
"jungmann systemtechnik","Jungmann Systemtechnik GmbH & Co. KG","","0.6","amtlich_unbestaetigt","","jst.ag","kein Namensbezug, Einzelquelle - unter Schwelle"
"junidas","Junidas GmbH","","0.6","amtlich_unbestaetigt","empacta.de","","kein Namensbezug, Einzelquelle - unter Schwelle"
"jurec-it social und green remarketing","JuRec-IT Social & Green Remarketing GmbH","","","","jurec-it.de","jurecit.de","url und Mail widersprechen sich, Namensbezug entscheidet nicht"
"k+b e-tech","K+B E-Tech GmbH & Co. KG","","0.6","amtlich_unbestaetigt","","k-b.de","kein Namensbezug, Einzelquelle - unter Schwelle"
"kathi herrmann","Kathi Herrmann","","","","ricoh.de","service.ricoh.de","url und Mail widersprechen sich, Namensbezug entscheidet nicht"
"keysight technologies deutschland","Keysight Technologies Deutschland GmbH","","0.6","amtlich_unbestaetigt","","agilent.com","kein Namensbezug, Einzelquelle - unter Schwelle"
"kmg advisory","KMG Advisory GmbH & Co. KG","","","","","deutschebahn.com","deutschebahn.com ist eine Auftraggeberadresse; deutschebahn.com steht bei 19 fremden Firmen"
"komm/it gesellschaft fuer informationstechnik","komm/IT Gesellschaft für Informationstechnik mbH","","0.6","amtlich_unbestaetigt","","komm-it.de","kein Namensbezug, Einzelquelle - unter Schwelle"
"kontron transportation deutschland","Kontron Transportation Deutschland","","","","","deutschebahn.com","deutschebahn.com ist eine Auftraggeberadresse; deutschebahn.com steht bei 19 fremden Firmen"
"krieger systemhaus und elektronik","Krieger Systemhaus & Elektronik","","","","krieger-systemhaus.de","krieger-gmbh.de","url und Mail widersprechen sich, Namensbezug entscheidet nicht"
"labor3","labor3","","","","labor3.com","labor3.de","url und Mail widersprechen sich, Namensbezug entscheidet nicht"
"lancom systems","LANCOM Systems","","","","rohde-schwarz.com","rohde-schwarz.com","rohde-schwarz.com steht bei 3 fremden Firmen"
"landesbetrieb daten und information","Landesbetrieb Daten und Information","","","","ldi.rlp.de","","ldi.rlp.de ist eine Auftraggeberadresse"
"lebenshilfe muenchen","Lebenshilfe München","","0.6","amtlich_unbestaetigt","","lhw-muc.de","kein Namensbezug, Einzelquelle - unter Schwelle"
"lebenshilfe werkstatt gmbh muenchen","Lebenshilfe Werkstatt GmbH München","","0.6","amtlich_unbestaetigt","","lhw-muc.de","kein Namensbezug, Einzelquelle - unter Schwelle"
"lerngut-bildungsmedien","lerngut-Bildungsmedien","","0.6","amtlich_unbestaetigt","","lerngut.com","kein Namensbezug, Einzelquelle - unter Schwelle"
"levi ray und shoup inc","Levi, Ray & Shoup Inc.","","0.6","amtlich_unbestaetigt","lrsoutputmanagement.com","","kein Namensbezug, Einzelquelle - unter Schwelle"
"lexmark deutschland","Lexmark Deutschland GmbH","","","","","deutschebahn.com","deutschebahn.com ist eine Auftraggeberadresse; deutschebahn.com steht bei 19 fremden Firmen"
"logic works","Logic Works GmbH","","","","logic-works.biz","logic-works.de","url und Mail widersprechen sich, Namensbezug entscheidet nicht"
"ls computersysteme","LS Computersysteme GmbH & Co. KG","","0.6","amtlich_unbestaetigt","","server-bau.de","kein Namensbezug, Einzelquelle - unter Schwelle"
"lufthansa industry solutions as","Lufthansa Industry Solutions AS GmbH","","0.6","amtlich_unbestaetigt","","lhind.dlh.de","kein Namensbezug, Einzelquelle - unter Schwelle"
"lur sl","Lur SL GmbH","","","","google.de","lursl.de","url und Mail widersprechen sich, Namensbezug entscheidet nicht"
"m2 technology und project consulting","M2. technology & project consulting GmbH","","0.6","amtlich_unbestaetigt","","m2dot.com","kein Namensbezug, Einzelquelle - unter Schwelle"
"macaw netzkern","Macaw netzkern GmbH","","","","macaw.de","macaw.net","url und Mail widersprechen sich, Namensbezug entscheidet nicht"
"mareval","Mareval AG","","","","","fb.hamburg.de","fb.hamburg.de ist eine Auftraggeberadresse; fb.hamburg.de steht bei 26 fremden Firmen"
"materna information und communications","Materna Information & Communications SE","","","","materna.de","materna.group","url und Mail widersprechen sich, Namensbezug entscheidet nicht"
"materna informations und communications","Materna Informations & Communications SE","","","","materna.de","materna.group","url und Mail widersprechen sich, Namensbezug entscheidet nicht"
"mckinsey und company inc","McKinsey & Company, Inc.","","","","mckinsey.de","mckinsey.com","url und Mail widersprechen sich, Namensbezug entscheidet nicht"
"medialmotion","medialmotion GmbH","","","","medicalmotion.com","medicalmotion.de","url und Mail widersprechen sich, Namensbezug entscheidet nicht"
"medienhandel kay gollhardt","Medienhandel Kay Gollhardt e.K.","","0.6","amtlich_unbestaetigt","","eduflat.de","kein Namensbezug, Einzelquelle - unter Schwelle"
"megasoft it","megasoft IT GmbH & Co. KG","","0.6","amtlich_unbestaetigt","","t-systems.com","kein Namensbezug, Einzelquelle - unter Schwelle"
"meltwater deutschland","Meltwater Deutschland GmbH","","","","","fb.hamburg.de","fb.hamburg.de ist eine Auftraggeberadresse; fb.hamburg.de steht bei 26 fremden Firmen"
"memorysolution","Memorysolution GmbH","","","","","fb.hamburg.de","fb.hamburg.de ist eine Auftraggeberadresse; fb.hamburg.de steht bei 26 fremden Firmen"
"mensch und maschine deutschland","Mensch und Maschine Deutschland GmbH","","0.6","amtlich_unbestaetigt","","mum.de","kein Namensbezug, Einzelquelle - unter Schwelle"
"microsec zrt","Microsec zrt.","","0.6","amtlich_unbestaetigt","","v2x-pki.com","kein Namensbezug, Einzelquelle - unter Schwelle"
"mitteldeutsche it","mitteldeutsche IT GmbH","","","","mittdeutsche-it.de","mitteldeutsche-it.de","url und Mail widersprechen sich, Namensbezug entscheidet nicht"
"msg for banking","msg for banking AG","","","","msgforbanking.de","rentenbank.de","rentenbank.de ist eine Auftraggeberadresse; rentenbank.de steht bei 12 fremden Firmen"
"mtg-kommunikations-technik","MTG-Kommunikations-Technik GmbH","","0.6","amtlich_unbestaetigt","","mtg-systemhaus.de","kein Namensbezug, Einzelquelle - unter Schwelle"
"musarubra ireland","Musarubra Ireland","","0.6","amtlich_unbestaetigt","","trellix.com","kein Namensbezug, Einzelquelle - unter Schwelle"
"muse electronics","MUSE Electronics GmbH.","","0.6","amtlich_unbestaetigt","","backbone.io","kein Namensbezug, Einzelquelle - unter Schwelle"
"n+p informationssysteme","N+P Informationssysteme GmbH","","0.6","amtlich_unbestaetigt","","nupis.de","kein Namensbezug, Einzelquelle - unter Schwelle"
"nds netzwerksysteme","nds Netzwerksysteme GmbH","","","","nds-systemhaus.de","nds-gmbh.de","url und Mail widersprechen sich, Namensbezug entscheidet nicht"
"netgo group","netgo group GmbH","","","","","fb.hamburg.de","fb.hamburg.de ist eine Auftraggeberadresse; fb.hamburg.de steht bei 26 fremden Firmen"
"nexus / marabu","NEXUS / MARABU GmbH","","","","nexus-marabu.de","nexus-ag.de","url und Mail widersprechen sich, Namensbezug entscheidet nicht"
"nexus technology","Nexus Technology GmbH","","0.6","amtlich_unbestaetigt","","ingroupe.com","kein Namensbezug, Einzelquelle - unter Schwelle"
"nikon deutschland","Nikon Deutschland","","","","nikoninstruments.com","nikon.com","url und Mail widersprechen sich, Namensbezug entscheidet nicht"
"noris automation","NORIS Automation GmbH","","","","","deutschebahn.com","deutschebahn.com ist eine Auftraggeberadresse; deutschebahn.com steht bei 19 fremden Firmen"
"nortal","Nortal AG","","","","nortal.com","nortal.cpm","url und Mail widersprechen sich, Namensbezug entscheidet nicht"
"novacair b v","Novacair B.V.","","","","novacair.com","novacair.nl","url und Mail widersprechen sich, Namensbezug entscheidet nicht"
"ntt","NTT","","","","","global.ntt","global.ntt steht bei 3 fremden Firmen"
"ntt germany","NTT Germany AG & Co. KG","","","","hello.global.ntt","global.ntt","global.ntt steht bei 3 fremden Firmen"
"orange cyberdefense germany","Orange Cyberdefense Germany GmbH","","","","orangecyberdefense.com","de.orangecyberdefense.com","url und Mail widersprechen sich, Namensbezug entscheidet nicht"
"p und i","P&I AG","","","","","pi-ag.com","pi-ag.com steht bei 4 fremden Firmen"
"p und i personal und informatik","P&I Personal & Informatik AG","","","","pi-ag.com","pi-ag.com","pi-ag.com steht bei 4 fremden Firmen"
"p und i personal und infromatik","P&I Personal & Infromatik AG","","","","","pi-ag.com","pi-ag.com steht bei 4 fremden Firmen"
"pass it-consulting dipl-inf g rienecker","PASS IT-Consulting Dipl.-Inf. G. Rienecker GmbH & Co. KG","","","","","rentenbank.de","rentenbank.de ist eine Auftraggeberadresse; rentenbank.de steht bei 12 fremden Firmen"
"paul ruester und co","Paul Rüster & Co. GmbH","","","","","deutschebahn.com","deutschebahn.com ist eine Auftraggeberadresse; deutschebahn.com steht bei 19 fremden Firmen"
"perblity","Perblity GmbH","","0.6","amtlich_unbestaetigt","","perbility.de","kein Namensbezug, Einzelquelle - unter Schwelle"
"perlsystem it solutions","PerlSystem it solutions","","","","perlsystem.de","perlsystem.com","url und Mail widersprechen sich, Namensbezug entscheidet nicht"
"pit-cup","pit-cup","","0.6","amtlich_unbestaetigt","","pit.de","kein Namensbezug, Einzelquelle - unter Schwelle"
"pluxee deutschland","Pluxee Deutschland GmbH","","","","pluxee.de","pluxeegroup.com","url und Mail widersprechen sich, Namensbezug entscheidet nicht"
"pmcs","PMCS GmbH & Co. KG","","0.6","amtlich_unbestaetigt","serviceware-se.com","","kein Namensbezug, Einzelquelle - unter Schwelle"
"point cloud technology","Point Cloud Technology GmbH","","","","","fb.hamburg.de","fb.hamburg.de ist eine Auftraggeberadresse; fb.hamburg.de steht bei 26 fremden Firmen"
"polytex technologies","Polytex Technologies GmbH","","0.6","amtlich_unbestaetigt","","textilautomaten.com","kein Namensbezug, Einzelquelle - unter Schwelle"
"positive group chemnitz","Positive Group Chemnitz GmbH","","0.6","amtlich_unbestaetigt","","mailingwork.de","kein Namensbezug, Einzelquelle - unter Schwelle"
"pricewaterhousecoopers","PricewaterhouseCoopers GmbH","","","","","pwc.com","pwc.com ist eine Auftraggeberadresse; pwc.com steht bei 4 fremden Firmen"
"pricewaterhousecoopers gmbh wirtschaftspruefungsgesellschaft","PricewaterhouseCoopers GmbH Wirtschaftsprüfungsgesellschaft","","","","pwc.com","pwc.com","pwc.com ist eine Auftraggeberadresse; pwc.com steht bei 4 fremden Firmen"
"pricewaterhousecoopers gmbh wpg","PricewaterhouseCoopers GmbH WPG","","","","","pwc.com","pwc.com ist eine Auftraggeberadresse; pwc.com steht bei 4 fremden Firmen"
"primeline solutions","primeLine Solutions GmbH","","","","primeline-solutions.de","primeline.org","url und Mail widersprechen sich, Namensbezug entscheidet nicht"
"primion technology","Primion Technology GmbH","","","","primion.io","primion.eu","url und Mail widersprechen sich, Namensbezug entscheidet nicht"
"projective holding","Projective Holding BV","","","","","rentenbank.de","rentenbank.de ist eine Auftraggeberadresse; rentenbank.de steht bei 12 fremden Firmen"
"prowise","Prowise GmbH","","","","prowise.de","prowise.com","url und Mail widersprechen sich, Namensbezug entscheidet nicht"
"prozoz herten","PROZOZ Herten GmbH","","0.6","amtlich_unbestaetigt","","prosoz.de","kein Namensbezug, Einzelquelle - unter Schwelle"
"ptv planung transport verkehr","PTV Planung Transport Verkehr GmbH","","0.6","amtlich_unbestaetigt","","ptvgroup.com","kein Namensbezug, Einzelquelle - unter Schwelle"
"pwc gmbh wpg","PwC GmbH WPG","","","","pwc.de","pwc.com","url und Mail widersprechen sich, Namensbezug entscheidet nicht"
"pwc solutions","PwC Solutions GmbH","","","","pwc.de","pwc.com","url und Mail widersprechen sich, Namensbezug entscheidet nicht"
"quentic","Quentic GmbH","","","","quentic.de","quentic.com","url und Mail widersprechen sich, Namensbezug entscheidet nicht"
"raum fuer fuehrung","Raum Für Führung GmbH","","0.6","amtlich_unbestaetigt","","rf-f.com","kein Namensbezug, Einzelquelle - unter Schwelle"
"red commerce","Red Commerce GmbH","","0.6","amtlich_unbestaetigt","","redglobal.com","kein Namensbezug, Einzelquelle - unter Schwelle"
"reiswolf akten-und datenvernichtung","Reiswolf Akten- und Datenvernichtung GmbH","","0.6","amtlich_unbestaetigt","","reisswolf-sachsen.de","kein Namensbezug, Einzelquelle - unter Schwelle"
"responsibletimespending","ResponsibleTimeSpending UG","","","","","fb.hamburg.de","fb.hamburg.de ist eine Auftraggeberadresse; fb.hamburg.de steht bei 26 fremden Firmen"
"ricoh deutschland","Ricoh Deutschland GmbH","","","","ricoh.de","service.ricoh.de","url und Mail widersprechen sich, Namensbezug entscheidet nicht"
"rmk","RMK","","0.6","amtlich_unbestaetigt","","rmkconsult.de","kein Namensbezug, Einzelquelle - unter Schwelle"
"rother oss","Rother OSS GmbH","","0.6","amtlich_unbestaetigt","","otobo.de","kein Namensbezug, Einzelquelle - unter Schwelle"
"s und n invent","S&N Invent GmbH","","","","","rentenbank.de","rentenbank.de ist eine Auftraggeberadresse; rentenbank.de steht bei 12 fremden Firmen"
"s-management services","S-Management Services","","","","","fb.hamburg.de","fb.hamburg.de ist eine Auftraggeberadresse; fb.hamburg.de steht bei 26 fremden Firmen"
"s-tec","S-TEC GmbH","","0.6","amtlich_unbestaetigt","","scanmedia.net","kein Namensbezug, Einzelquelle - unter Schwelle"
"sag deutschland","SAG Deutschland GmbH","","0.6","amtlich_unbestaetigt","","softwareag.com","kein Namensbezug, Einzelquelle - unter Schwelle"
"sales:consult","Sales:Consult","","0.6","amtlich_unbestaetigt","","salesconsult.biz","kein Namensbezug, Einzelquelle - unter Schwelle"
"samedi","samedi GmbH","","","","samedi.com","samedi.de","url und Mail widersprechen sich, Namensbezug entscheidet nicht"
"sat:io","sat:io GmbH","","0.6","amtlich_unbestaetigt","","satio.space","kein Namensbezug, Einzelquelle - unter Schwelle"
"sauter-cumulus","Sauter-Cumulus GmbH","","0.6","amtlich_unbestaetigt","","de.sauter-bc.com","kein Namensbezug, Einzelquelle - unter Schwelle"
"scheer","Scheer GmbH","","","","scheer-management.com","scheer-group.com","url und Mail widersprechen sich, Namensbezug entscheidet nicht"
"schmidt + partner","Schmidt + Partner GmbH","","0.6","amtlich_unbestaetigt","","sp-consulting.com","kein Namensbezug, Einzelquelle - unter Schwelle"
"scholz und friends berlin","Scholz und Friends Berlin","","0.6","amtlich_unbestaetigt","","s-f.com","kein Namensbezug, Einzelquelle - unter Schwelle"
"schwaebisch hall facility management","Schwäbisch Hall Facility Management GmbH","","0.6","amtlich_unbestaetigt","","shfm.de","kein Namensbezug, Einzelquelle - unter Schwelle"
"scientific games international","Scientific Games International GmbH","","","","scientificgames.com","scigames.at","url und Mail widersprechen sich, Namensbezug entscheidet nicht"
"scopeland technology","Scopeland Technology GmbH","","0.6","amtlich_unbestaetigt","","shodan.de","kein Namensbezug, Einzelquelle - unter Schwelle"
"seibert solutions","Seibert Solutions GmbH","","","","de.seibert.group","seibert.group","url und Mail widersprechen sich, Namensbezug entscheidet nicht"
"semasystems","SEMAsystems GmbH","","","","semasystems-software.de","semasystems.de","url und Mail widersprechen sich, Namensbezug entscheidet nicht"
"siemens mobility","Siemens Mobility GmbH","","","","","deutschebahn.com","deutschebahn.com ist eine Auftraggeberadresse; deutschebahn.com steht bei 19 fremden Firmen"
"skinsoft","Skinsoft","","","","skinsoft.fr","skin-soft.org","url und Mail widersprechen sich, Namensbezug entscheidet nicht"
"smartinfra","SmartInfra GmbH","","0.6","amtlich_unbestaetigt","","gruppe-pohl.de","kein Namensbezug, Einzelquelle - unter Schwelle"
"softline","Softline GmbH","","","","softline.de","softline-group.com","url und Mail widersprechen sich, Namensbezug entscheidet nicht"
"solutions information technology","Solutions Information Technology GmbH","","0.6","amtlich_unbestaetigt","","msit.at","kein Namensbezug, Einzelquelle - unter Schwelle"
"sopra steria","Sopra Steria SE","","","","soprasteria.de","soprasteria.com","url und Mail widersprechen sich, Namensbezug entscheidet nicht"
"stackit","STACKIT GmbH & Co. KG","","","","stackit.com","stackit.cloud","url und Mail widersprechen sich, Namensbezug entscheidet nicht"
"stichting iea secretariaat nederland","Stichting IEA Secretariaat Nederland","","","","iea.nl","iea-hamburg.de","url und Mail widersprechen sich, Namensbezug entscheidet nicht"
"supercomputing systems","Supercomputing Systems AG","","0.6","amtlich_unbestaetigt","","scs.ch","kein Namensbezug, Einzelquelle - unter Schwelle"
"sva","SVA GmbH","","","","sva.de","fb.hamburg.de","fb.hamburg.de ist eine Auftraggeberadresse; fb.hamburg.de steht bei 26 fremden Firmen"
"systemhaus for you","Systemhaus for you GmbH","","0.6","amtlich_unbestaetigt","","sh4u.de","kein Namensbezug, Einzelquelle - unter Schwelle"
"tata consultancy services deutschland","Tata Consultancy Services Deutschland GmbH","","0.6","amtlich_unbestaetigt","tcs.com","","kein Namensbezug, Einzelquelle - unter Schwelle"
"telefonica germany gmbh und co","Telefónica Germany GmbH & Co. OHG","","","","telefonica.de","telefonica.com","url und Mail widersprechen sich, Namensbezug entscheidet nicht"
"televic rail","Televic Rail GmbH","","","","","deutschebahn.com","deutschebahn.com ist eine Auftraggeberadresse; deutschebahn.com steht bei 19 fremden Firmen"
"the boston consulting group","The Boston Consulting Group GmbH","","0.6","amtlich_unbestaetigt","","bcg.com","kein Namensbezug, Einzelquelle - unter Schwelle"
"the brettinghams","THE BRETTINGHAMS GmbH","","0.6","amtlich_unbestaetigt","","brettingham.de","kein Namensbezug, Einzelquelle - unter Schwelle"
"the i-engineers","the i-engineers GmbH","","0.6","amtlich_unbestaetigt","","tie.ch","kein Namensbezug, Einzelquelle - unter Schwelle"
"the mathworks","The MathWorks GmbH","","","","mathworks.de","mathworks.com","url und Mail widersprechen sich, Namensbezug entscheidet nicht"
"thryve-mhealth pioneers","Thryve - mHealth pioneers GmbH","","0.6","amtlich_unbestaetigt","thryve.de","","kein Namensbezug, Einzelquelle - unter Schwelle"
"time4you","time4you GmbH","","","","karlsruhe.de","time4you.de","karlsruhe.de ist eine Auftraggeberadresse"
"timetoact group","TIMETOACT GROUP GmbH","","","","timetoact-group.com","deutschebahn.com","deutschebahn.com ist eine Auftraggeberadresse; deutschebahn.com steht bei 19 fremden Firmen"
"tkd solutions","TKD Solutions GmbH","","0.6","amtlich_unbestaetigt","","tkdeutschland.de","kein Namensbezug, Einzelquelle - unter Schwelle"
"toolboxx-media ug haftungsbeschraenkt","toolboxx-media UG (haftungsbeschränkt)","","0.6","amtlich_unbestaetigt","","toolboxx.de","kein Namensbezug, Einzelquelle - unter Schwelle"
"top itservices","top itservices AG","","","","top.itservices.com","top-itservices.com","url und Mail widersprechen sich, Namensbezug entscheidet nicht"
"tra­peze switz­er­land","Tra­peze Switz­er­land GmbH","","0.6","amtlich_unbestaetigt","","trapezgroup.com","kein Namensbezug, Einzelquelle - unter Schwelle"
"triptec hl ug haftungsbeschraenkt","TRIPTEC HL UG (haftungsbeschränkt)","","","","","deutschebahn.com","deutschebahn.com ist eine Auftraggeberadresse; deutschebahn.com steht bei 19 fremden Firmen"
"tripunkt","tripunkt GmbH","","","","","fb.hamburg.de","fb.hamburg.de ist eine Auftraggeberadresse; fb.hamburg.de steht bei 26 fremden Firmen"
"tuev rheinland consulting","TÜV Rheinland Consulting GmbH","","0.6","amtlich_unbestaetigt","","de.tuv.com","kein Namensbezug, Einzelquelle - unter Schwelle"
"ucg united consulting group","UCG United Consulting Group GmbH","","","","","rentenbank.de","rentenbank.de ist eine Auftraggeberadresse; rentenbank.de steht bei 12 fremden Firmen"
"unify communication and collaboration","Unify Communication and Collaboration GmbH & Co. KG","","0.6","amtlich_unbestaetigt","","mitel.com","kein Namensbezug, Einzelquelle - unter Schwelle"
"unify communications and collaboration","Unify Communications and Collaboration GmbH & Co.KG","","","","unify.com","atos.net","atos.net steht bei 3 fremden Firmen"
"unternehmensberatung h und d","Unternehmensberatung H & D GmbH","","0.6","amtlich_unbestaetigt","","h-d-gmbh.de","kein Namensbezug, Einzelquelle - unter Schwelle"
"urban lighting innovations","Urban Lighting Innovations GmbH","","0.6","amtlich_unbestaetigt","","uli.city","kein Namensbezug, Einzelquelle - unter Schwelle"
"valantic business analytics","valantic Business Analytics GmbH","","","","valantic.com","ba.valantic.com","url und Mail widersprechen sich, Namensbezug entscheidet nicht"
"valantic enterprise solutions","valantic Enterprise Solutions GmbH","","","","valantic.com","solutions.valantic.com","url und Mail widersprechen sich, Namensbezug entscheidet nicht"
"valantic nxt","valantic NXT GmbH","","0.6","amtlich_unbestaetigt","","mm1.de","kein Namensbezug, Einzelquelle - unter Schwelle"
"verifone payments","Verifone Payments GmbH","","","","","fb.hamburg.de","fb.hamburg.de ist eine Auftraggeberadresse; fb.hamburg.de steht bei 26 fremden Firmen"
"viakom","Viakom GmbH","","","","","fb.hamburg.de","fb.hamburg.de ist eine Auftraggeberadresse; fb.hamburg.de steht bei 26 fremden Firmen"
"virtualcitysystems","virtualcitySYSTEMS GmbH","","0.6","amtlich_unbestaetigt","vc.systems","","kein Namensbezug, Einzelquelle - unter Schwelle"
"vision consulting","Vision Consulting GmbH","","0.6","amtlich_unbestaetigt","","vc-g.de","kein Namensbezug, Einzelquelle - unter Schwelle"
"visunext","Visunext SE","","","","visunext.de","visunextgroup.com","url und Mail widersprechen sich, Namensbezug entscheidet nicht"
"vitaservices","vitaservices GmbH & Co. KG","","0.6","amtlich_unbestaetigt","","vitagroup.ag","kein Namensbezug, Einzelquelle - unter Schwelle"
"voquz public","VOQUZ Public GmbH","","","","public.voquz.com","voquz.com","url und Mail widersprechen sich, Namensbezug entscheidet nicht"
"vs vereinigte spezialmoebelfabriken gmbh und co kg-vertrieb it-loesungen","VS Vereinigte Spezialmöbelfabriken GmbH & Co. KG - Vertrieb IT-Lösungen","","","","vs.de","vs-moebel.de","url und Mail widersprechen sich, Namensbezug entscheidet nicht"
"web inclusion","Web Inclusion GmbH","","0.6","amtlich_unbestaetigt","","eye-able.com","kein Namensbezug, Einzelquelle - unter Schwelle"
"webit! gesellschaft fuer neue medien","webit! Gesellschaft für neue Medien mbH","","0.6","amtlich_unbestaetigt","","webit.de","kein Namensbezug, Einzelquelle - unter Schwelle"
"westernacher solutions","Westernacher Solutions GmbH","","","","westernacher-solutions.com","westernacher.com","url und Mail widersprechen sich, Namensbezug entscheidet nicht"
"willy tel","willy.tel GmbH","","","","","fb.hamburg.de","fb.hamburg.de ist eine Auftraggeberadresse; fb.hamburg.de steht bei 26 fremden Firmen"
"wird nicht veroeffentlicht","wird nicht veröffentlicht","","","","","bwbm.de","bwbm.de ist eine Auftraggeberadresse"
"waertsilae voyage oy","Wärtsilä Voyage Oy","","0.6","amtlich_unbestaetigt","","wartsila.com","kein Namensbezug, Einzelquelle - unter Schwelle"
"x-tention informationstechnologie","x-tention Informationstechnologie GmbH","","","","x-tention.com","x-tention.de","url und Mail widersprechen sich, Namensbezug entscheidet nicht"
"x1f management und technology services","x1F Management & Technology Services","","","","","rentenbank.de","rentenbank.de ist eine Auftraggeberadresse; rentenbank.de steht bei 12 fremden Firmen"
"ziuz forensics and digital / decos hq","ZiuZ Forensics and Digital / Decos HQ","","","","decos.com","ziuzforensics.com","url und Mail widersprechen sich, Namensbezug entscheidet nicht"
"zolitron-the internet of things company","Zolitron - The Internet of Things Company GmbH","","0.6","amtlich_unbestaetigt","","zolitron.com","kein Namensbezug, Einzelquelle - unter Schwelle"
"‍greenique","‍greenique GmbH & Co. KG","","0.6","amtlich_unbestaetigt","","greenique.de","kein Namensbezug, Einzelquelle - unter Schwelle"
