"company_id","legal_name","domain","domain_confidence","domain_source","city","postal_code","employees","tier","tier_rationale","proof_type","proof_confidence","proof_url","proof_date","awards_total","last_award_date","buyers","cpv_profile","consortium_only","supplier_ids","sources","first_seen"
"josef gottlieb handel und vertrieb","Josef Gottlieb Handel & Vertrieb e.K.","","","","Pocking","94060","","B","Zuschlagsbeleg (P1_zuschlag_24m), Mitarbeiterzahl nicht ermittelt","P1_zuschlag_24m","0.95","https://oeffentlichevergabe.de/ui/de/notice/ocds-mnwr74-16000a26-761c-4e36-81a5-18647bdde558","2026-08-10","155","2026-08-10","Handwerkskammer Niederbayern-Oberpfalz","30213000;30213100;30213200;30232140;30233132;30237200;31154000;31158000;31320000;31500000","nein","6361380d-9f19-4a8a-83f6-31c33c369a92","dovs","2026-09-23"
"acp it solutions ag vormals sws computersysteme","ACP IT Solutions AG (Vormals SWS Computersysteme AG)","","","","Regensburg","93059","","B","Zuschlagsbeleg (P1_zuschlag_24m), Mitarbeiterzahl nicht ermittelt","P1_zuschlag_24m","0.95","https://oeffentlichevergabe.de/ui/de/notice/ocds-mnwr74-16000a26-761c-4e36-81a5-18647bdde558","2026-08-10","115","2026-08-10","Handwerkskammer Niederbayern-Oberpfalz","30213000;30213100;30232140;30233132;31154000;31158000;31320000;32323100;32324310;32413100","nein","c4d68b70-9350-499f-9d91-3baef80fcde2","dovs","2026-09-23"
"schoenberger + weiss","Schönberger + Weiss GmbH","","","","Nürnberg","90431","","B","Zuschlagsbeleg (P1_zuschlag_24m), Mitarbeiterzahl nicht ermittelt","P1_zuschlag_24m","0.95","https://oeffentlichevergabe.de/ui/de/notice/ocds-mnwr74-26c82cfe-679b-41a9-bb8e-b8bbd75c38d3","2026-07-07","112","2026-07-07","Handwerkskammer Niederbayern-Oberpfalz","30213000;30213100;30213200;30232140;30237200;31158000;31320000;31500000;31682210;32323100","nein","e837458c-d35e-403b-b567-84bb62175fb3","dovs","2026-09-23"
"hahn+kolb werkzeuge","HAHN+KOLB Werkzeuge GmbH","","","","Ludwigsburg","71636","","B","Zuschlagsbeleg (P1_zuschlag_24m), Mitarbeiterzahl nicht ermittelt","P1_zuschlag_24m","0.95","https://oeffentlichevergabe.de/ui/de/notice/ocds-mnwr74-26c82cfe-679b-41a9-bb8e-b8bbd75c38d3","2026-07-07","112","2026-07-07","Handwerkskammer Niederbayern-Oberpfalz","30213000;30213100;30213200;30232140;30237200;31158000;31320000;31500000;31682210;32323100","nein","30b81068-0985-44c7-b74c-3e52b31816a0","dovs","2026-09-23"
"odav","ODAV AG","","","","Straubing","94315","","B","Zuschlagsbeleg (P1_zuschlag_24m), Mitarbeiterzahl nicht ermittelt","P1_zuschlag_24m","0.95","https://oeffentlichevergabe.de/ui/de/notice/ocds-mnwr74-26c82cfe-679b-41a9-bb8e-b8bbd75c38d3","2026-07-07","112","2026-07-07","Handwerkskammer Niederbayern-Oberpfalz","30213000;30213100;30213200;30232140;30237200;31158000;31320000;31500000;31682210;32323100","nein","ac777d41-f0b4-4bce-bc72-f23d1b95030b","dovs","2026-09-23"
"solarvan","SolarVan","","","","Freiburg","79117","","B","Zuschlagsbeleg (P1_zuschlag_24m), Mitarbeiterzahl nicht ermittelt","P1_zuschlag_24m","0.95","https://oeffentlichevergabe.de/ui/de/notice/ocds-mnwr74-26c82cfe-679b-41a9-bb8e-b8bbd75c38d3","2026-07-07","112","2026-07-07","Handwerkskammer Niederbayern-Oberpfalz","30213000;30213100;30213200;30232140;30237200;31158000;31320000;31500000;31682210;32323100","nein","9772b8c6-7e27-4776-9bba-b31ea336b416","dovs","2026-09-23"
"avf audiovisuelle technik ferstl","AVF Audiovisuelle Technik Ferstl","","","","Oberviechtach","92526","","B","Zuschlagsbeleg (P1_zuschlag_24m), Mitarbeiterzahl nicht ermittelt","P1_zuschlag_24m","0.95","https://oeffentlichevergabe.de/ui/de/notice/ocds-mnwr74-26c82cfe-679b-41a9-bb8e-b8bbd75c38d3","2026-07-07","112","2026-07-07","Handwerkskammer Niederbayern-Oberpfalz","30213000;30213100;30213200;30232140;30237200;31158000;31320000;31500000;31682210;32323100","nein","3cec5e67-f12e-4fb5-ba31-6a27a0708343","dovs","2026-09-23"
"lur sl","Lur SL GmbH","","","","Leuterod","56244","","B","Zuschlagsbeleg (P1_zuschlag_24m), Mitarbeiterzahl nicht ermittelt","P1_zuschlag_24m","0.95","https://oeffentlichevergabe.de/ui/de/notice/ocds-mnwr74-26c82cfe-679b-41a9-bb8e-b8bbd75c38d3","2026-07-07","112","2026-07-07","Handwerkskammer Niederbayern-Oberpfalz","30213000;30213100;30213200;30232140;30237200;31158000;31320000;31500000;31682210;32323100","nein","2a449914-6950-4165-92ad-220bd03bc2c2","dovs","2026-09-23"
"stuermer werkzeuge-maschinen","Stürmer Werkzeuge-Maschinen KG","","","","Hallstadt","96103","","B","Zuschlagsbeleg (P1_zuschlag_24m), Mitarbeiterzahl nicht ermittelt","P1_zuschlag_24m","0.95","https://oeffentlichevergabe.de/ui/de/notice/ocds-mnwr74-26c82cfe-679b-41a9-bb8e-b8bbd75c38d3","2026-07-07","112","2026-07-07","Handwerkskammer Niederbayern-Oberpfalz","30213000;30213100;30213200;30232140;30237200;31158000;31320000;31500000;31682210;32323100","nein","af0c7ddd-67b4-4d89-a076-3445878a42b2","dovs","2026-09-23"
"huettinger holzbearbeitungsmaschinen","Hüttinger Holzbearbeitungsmaschinen","","","","Treuchtlingen","91757","","B","Zuschlagsbeleg (P1_zuschlag_24m), Mitarbeiterzahl nicht ermittelt","P1_zuschlag_24m","0.95","https://oeffentlichevergabe.de/ui/de/notice/ocds-mnwr74-26c82cfe-679b-41a9-bb8e-b8bbd75c38d3","2026-07-07","72","2026-07-07","Handwerkskammer Niederbayern-Oberpfalz","30213000;30213100;30232140;31158000;31320000;32323100;32413100;38548000","nein","c599b43d-de10-4206-b751-802114ad2573","dovs","2026-09-23"
"fritzoffice","fritzoffice GmbH","","","","Viechtach","94234","","B","Zuschlagsbeleg (P1_zuschlag_24m), Mitarbeiterzahl nicht ermittelt","P1_zuschlag_24m","0.95","https://oeffentlichevergabe.de/ui/de/notice/ocds-mnwr74-26c82cfe-679b-41a9-bb8e-b8bbd75c38d3","2026-07-07","72","2026-07-07","Handwerkskammer Niederbayern-Oberpfalz","30213000;30213100;30232140;31158000;31320000;32323100;32413100;38548000","nein","72ec377e-a3d2-4b74-a01f-fbb18917b1b2","dovs","2026-09-23"
"eder","EDER GmbH","","","","Tuntenhausen","83104","","B","Zuschlagsbeleg (P1_zuschlag_24m), Mitarbeiterzahl nicht ermittelt","P1_zuschlag_24m","0.95","https://oeffentlichevergabe.de/ui/de/notice/ocds-mnwr74-26c82cfe-679b-41a9-bb8e-b8bbd75c38d3","2026-07-07","72","2026-07-07","Handwerkskammer Niederbayern-Oberpfalz","30213000;30213100;30232140;31158000;31320000;32323100;32413100;38548000","nein","627712dc-40db-4fd4-8413-2ce2201ea949","dovs","2026-09-23"
"neimcke","Neimcke GmbH & Co KG","","","","Mühldorf","84453","","B","Zuschlagsbeleg (P1_zuschlag_24m), Mitarbeiterzahl nicht ermittelt","P1_zuschlag_24m","0.95","https://oeffentlichevergabe.de/ui/de/notice/ocds-mnwr74-26c82cfe-679b-41a9-bb8e-b8bbd75c38d3","2026-07-07","72","2026-07-07","Handwerkskammer Niederbayern-Oberpfalz","30213000;30213100;30232140;31158000;31320000;32323100;32413100;38548000","nein","20081f01-a05b-48c7-b458-ad2e54b8e71d","dovs","2026-09-23"
"fps werkzeugmaschinen","FPS Werkzeugmaschinen GmbH","","","","Warngau","83627","","B","Zuschlagsbeleg (P1_zuschlag_24m), Mitarbeiterzahl nicht ermittelt","P1_zuschlag_24m","0.95","https://oeffentlichevergabe.de/ui/de/notice/ocds-mnwr74-26c82cfe-679b-41a9-bb8e-b8bbd75c38d3","2026-07-07","72","2026-07-07","Handwerkskammer Niederbayern-Oberpfalz","30213000;30213100;30232140;31158000;31320000;32323100;32413100;38548000","nein","f3d3d142-d959-4b63-994a-27de33913093","dovs","2026-09-23"
"ets didactic","ETS DIDACTIC GMBH","","","","Kinding","85125","","B","Zuschlagsbeleg (P1_zuschlag_24m), Mitarbeiterzahl nicht ermittelt","P1_zuschlag_24m","0.95","https://oeffentlichevergabe.de/ui/de/notice/ocds-mnwr74-26c82cfe-679b-41a9-bb8e-b8bbd75c38d3","2026-07-07","72","2026-07-07","Handwerkskammer Niederbayern-Oberpfalz","30213000;30213100;30232140;31158000;31320000;32323100;32413100;38548000","nein","b688cd23-42a2-4d1f-8c24-5eeaa376ed74","dovs","2026-09-23"
"fa friedrich dorner","Fa. Friedrich Dorner GmbH","","","","91177 Thalmässing","91177","","B","Zuschlagsbeleg (P1_zuschlag_24m), Mitarbeiterzahl nicht ermittelt","P1_zuschlag_24m","0.95","https://oeffentlichevergabe.de/ui/de/notice/ocds-mnwr74-26c82cfe-679b-41a9-bb8e-b8bbd75c38d3","2026-07-07","72","2026-07-07","Handwerkskammer Niederbayern-Oberpfalz","30213000;30213100;30232140;31158000;31320000;32323100;32413100;38548000","nein","57ffb9b0-7ffd-41c9-8da1-107b132c3b6f","dovs","2026-09-23"
"oskar boettcher","Oskar Böttcher GmbH & Co. KG","","","","Berlin","12277","","B","Zuschlagsbeleg (P1_zuschlag_24m), Mitarbeiterzahl nicht ermittelt","P1_zuschlag_24m","0.95","https://oeffentlichevergabe.de/ui/de/notice/ocds-mnwr74-26c82cfe-679b-41a9-bb8e-b8bbd75c38d3","2026-07-07","72","2026-07-07","Handwerkskammer Niederbayern-Oberpfalz","30213000;30213100;30232140;31158000;31320000;32323100;32413100;38548000","nein","c3f78e74-82f5-461f-8c29-91e0eb70d877","dovs","2026-09-23"
"wuetschner","Wütschner","","","","93055","93055","","B","Zuschlagsbeleg (P1_zuschlag_24m), Mitarbeiterzahl nicht ermittelt","P1_zuschlag_24m","0.95","https://oeffentlichevergabe.de/ui/de/notice/ocds-mnwr74-26c82cfe-679b-41a9-bb8e-b8bbd75c38d3","2026-07-07","72","2026-07-07","Handwerkskammer Niederbayern-Oberpfalz","30213000;30213100;30232140;31158000;31320000;32323100;32413100;38548000","nein","83ed9a0b-530b-412a-868b-b5065d1e08ce","dovs","2026-09-23"
"visunext","visunext SE","","","","Emsdetten","48282","","B","Zuschlagsbeleg (P1_zuschlag_24m), Mitarbeiterzahl nicht ermittelt","P1_zuschlag_24m","0.95","https://oeffentlichevergabe.de/ui/de/notice/ocds-mnwr74-16000a26-761c-4e36-81a5-18647bdde558","2026-08-10","43","2026-08-10","Handwerkskammer Niederbayern-Oberpfalz","30233132;31154000;32324310;32413100;32420000;32424000;32560000;38300000","nein","d8b44a7c-69db-4c0e-a6bb-65ac7abac015","dovs","2026-09-23"
"enthus","enthus","","","","Böblingen","71032","","B","Zuschlagsbeleg (P1_zuschlag_24m), Mitarbeiterzahl nicht ermittelt","P1_zuschlag_24m","0.95","https://oeffentlichevergabe.de/ui/de/notice/ocds-mnwr74-16000a26-761c-4e36-81a5-18647bdde558","2026-08-10","43","2026-08-10","Handwerkskammer Niederbayern-Oberpfalz","30233132;31154000;32324310;32413100;32420000;32424000;32560000;38300000","nein","434693db-7a83-4f4e-b605-c5e91b6efa0a","dovs","2026-09-23"
"ficonet systems","FICONET systems GmbH","","","","Steinberg","08237","","B","Zuschlagsbeleg (P1_zuschlag_24m), Mitarbeiterzahl nicht ermittelt","P1_zuschlag_24m","0.95","https://oeffentlichevergabe.de/ui/de/notice/ocds-mnwr74-16000a26-761c-4e36-81a5-18647bdde558","2026-08-10","43","2026-08-10","Handwerkskammer Niederbayern-Oberpfalz","30233132;31154000;32324310;32413100;32420000;32424000;32560000;38300000","nein","d69c8d98-7523-40f4-868c-b0198b058830","dovs","2026-09-23"
"netzwerk systeme","Netzwerk Systeme","","","","Bärnau","95671","","B","Zuschlagsbeleg (P1_zuschlag_24m), Mitarbeiterzahl nicht ermittelt","P1_zuschlag_24m","0.95","https://oeffentlichevergabe.de/ui/de/notice/ocds-mnwr74-16000a26-761c-4e36-81a5-18647bdde558","2026-08-10","43","2026-08-10","Handwerkskammer Niederbayern-Oberpfalz","30233132;31154000;32324310;32413100;32420000;32424000;32560000;38300000","nein","124c399b-b82f-4214-937d-6e1d33a8a7db","dovs","2026-09-23"
"dr-ing paul christiani","Dr.-Ing. Paul Christiani GmbH & Co. KG","","","","Konstanz","78464","","B","Zuschlagsbeleg (P1_zuschlag_24m), Mitarbeiterzahl nicht ermittelt","P1_zuschlag_24m","0.95","https://oeffentlichevergabe.de/ui/de/notice/ocds-mnwr74-16000a26-761c-4e36-81a5-18647bdde558","2026-08-10","43","2026-08-10","Handwerkskammer Niederbayern-Oberpfalz","30233132;31154000;32324310;32413100;32420000;32424000;32560000;38300000","nein","533fe009-5595-4e50-be0d-1eff8460b402","dovs","2026-09-23"
"netssu bionique","Netssu Bionique GmbH","","","","Berlin","13595","","B","Zuschlagsbeleg (P1_zuschlag_24m), Mitarbeiterzahl nicht ermittelt","P1_zuschlag_24m","0.95","https://oeffentlichevergabe.de/ui/de/notice/ocds-mnwr74-16000a26-761c-4e36-81a5-18647bdde558","2026-08-10","43","2026-08-10","Handwerkskammer Niederbayern-Oberpfalz","30233132;31154000;32324310;32413100;32420000;32424000;32560000;38300000","nein","abd0221d-7bab-42e3-af07-b01faff5c64e","dovs","2026-09-23"
"harich werkzeuge-maschinen","harich Werkzeuge-Maschinen GmbH","","","","Feucht","90537","","B","Zuschlagsbeleg (P1_zuschlag_24m), Mitarbeiterzahl nicht ermittelt","P1_zuschlag_24m","0.95","https://oeffentlichevergabe.de/ui/de/notice/ocds-mnwr74-aeb4aa32-b1a8-41e1-9746-3cf1312098ba","2026-02-02","40","2026-02-02","Handwerkskammer Niederbayern-Oberpfalz","30213100;30213200;30237200;31500000;31682210;38651600;39112000;39151100","nein","e97afeed-088a-4597-8385-44d727600c41","dovs","2026-09-23"
"huber holzbearbeitungsmaschinen","Huber Holzbearbeitungsmaschinen GmbH & Co.KG","","","","Oberviechtach","92526","","B","Zuschlagsbeleg (P1_zuschlag_24m), Mitarbeiterzahl nicht ermittelt","P1_zuschlag_24m","0.95","https://oeffentlichevergabe.de/ui/de/notice/ocds-mnwr74-aeb4aa32-b1a8-41e1-9746-3cf1312098ba","2026-02-02","40","2026-02-02","Handwerkskammer Niederbayern-Oberpfalz","30213100;30213200;30237200;31500000;31682210;38651600;39112000;39151100","nein","090532d7-5814-4ee5-8b8e-26f7892c1bee","dovs","2026-09-23"
"hoffmann gmbh qualitaetswerkzeuge","Hoffmann GmbH Qualitätswerkzeuge","","","","München","81241","","B","Zuschlagsbeleg (P1_zuschlag_24m), Mitarbeiterzahl nicht ermittelt","P1_zuschlag_24m","0.95","https://oeffentlichevergabe.de/ui/de/notice/ocds-mnwr74-aeb4aa32-b1a8-41e1-9746-3cf1312098ba","2026-02-02","40","2026-02-02","Handwerkskammer Niederbayern-Oberpfalz","30213100;30213200;30237200;31500000;31682210;38651600;39112000;39151100","nein","87879312-8b95-48a4-81b8-597693253b7d","dovs","2026-09-23"
"fronius deutschland","Fronius Deutschland GmbH","","","","Neuhof-Dorfborn","36119","","B","Zuschlagsbeleg (P1_zuschlag_24m), Mitarbeiterzahl nicht ermittelt","P1_zuschlag_24m","0.95","https://oeffentlichevergabe.de/ui/de/notice/ocds-mnwr74-aeb4aa32-b1a8-41e1-9746-3cf1312098ba","2026-02-02","40","2026-02-02","Handwerkskammer Niederbayern-Oberpfalz","30213100;30213200;30237200;31500000;31682210;38651600;39112000;39151100","nein","39b882ad-eed3-43c3-921b-376e00fd09ca","dovs","2026-09-23"
"bartmann und scholz","Bartmann & Scholz","","","","Nabburg","92507","","B","Zuschlagsbeleg (P1_zuschlag_24m), Mitarbeiterzahl nicht ermittelt","P1_zuschlag_24m","0.95","https://oeffentlichevergabe.de/ui/de/notice/ocds-mnwr74-aeb4aa32-b1a8-41e1-9746-3cf1312098ba","2026-02-02","40","2026-02-02","Handwerkskammer Niederbayern-Oberpfalz","30213100;30213200;30237200;31500000;31682210;38651600;39112000;39151100","nein","db9a7e3a-fce2-4eea-aa6a-23f1f70d76fe","dovs","2026-09-23"
"bbh technische anlagen","BBH Technische Anlagen GmbH","","","","Hemer","58675","","B","Zuschlagsbeleg (P1_zuschlag_24m), Mitarbeiterzahl nicht ermittelt","P1_zuschlag_24m","0.95","https://oeffentlichevergabe.de/ui/de/notice/ocds-mnwr74-aeb4aa32-b1a8-41e1-9746-3cf1312098ba","2026-02-02","40","2026-02-02","Handwerkskammer Niederbayern-Oberpfalz","30213100;30213200;30237200;31500000;31682210;38651600;39112000;39151100","nein","95e3bfdc-8e2d-490d-928c-180f98c657bf","dovs","2026-09-23"
"heinrich und schleyer","Heinrich & Schleyer GmbH","","","","Kitzingen","97318","","B","Zuschlagsbeleg (P1_zuschlag_24m), Mitarbeiterzahl nicht ermittelt","P1_zuschlag_24m","0.95","https://oeffentlichevergabe.de/ui/de/notice/ocds-mnwr74-aeb4aa32-b1a8-41e1-9746-3cf1312098ba","2026-02-02","40","2026-02-02","Handwerkskammer Niederbayern-Oberpfalz","30213100;30213200;30237200;31500000;31682210;38651600;39112000;39151100","nein","86b134e6-02e9-4b94-993d-21c8d4e86389","dovs","2026-09-23"
"janetschek","Janetschek GmbH","","","","Cham","93413","","B","Zuschlagsbeleg (P1_zuschlag_24m), Mitarbeiterzahl nicht ermittelt","P1_zuschlag_24m","0.95","https://oeffentlichevergabe.de/ui/de/notice/ocds-mnwr74-aeb4aa32-b1a8-41e1-9746-3cf1312098ba","2026-02-02","40","2026-02-02","Handwerkskammer Niederbayern-Oberpfalz","30213100;30213200;30237200;31500000;31682210;38651600;39112000;39151100","nein","cac80d9e-3ae1-4f18-a45a-054a93604181","dovs","2026-09-23"
"weinig vertrieb und service","Weinig Vertrieb und Service GmbH & Co. KG","","","","Tauberbischofsheim","97941","","B","Zuschlagsbeleg (P1_zuschlag_24m), Mitarbeiterzahl nicht ermittelt","P1_zuschlag_24m","0.95","https://oeffentlichevergabe.de/ui/de/notice/ocds-mnwr74-aeb4aa32-b1a8-41e1-9746-3cf1312098ba","2026-02-02","40","2026-02-02","Handwerkskammer Niederbayern-Oberpfalz","30213100;30213200;30237200;31500000;31682210;38651600;39112000;39151100","nein","b5c11c78-7425-4f8b-ab24-c5ef2c34a42e","dovs","2026-09-23"
"baywa ag sparte technik","BayWa AG (Sparte Technik)","","","","München","81925","","B","Zuschlagsbeleg (P1_zuschlag_24m), Mitarbeiterzahl nicht ermittelt","P1_zuschlag_24m","0.95","https://oeffentlichevergabe.de/ui/de/notice/ocds-mnwr74-aeb4aa32-b1a8-41e1-9746-3cf1312098ba","2026-02-02","40","2026-02-02","Handwerkskammer Niederbayern-Oberpfalz","30213100;30213200;30237200;31500000;31682210;38651600;39112000;39151100","nein","c1c2324f-8295-46e7-8b29-b84af3bdf785","dovs","2026-09-23"
"stahlgruber","STAHLGRUBER GmbH","","","","Ottobrunn","85521","","B","Zuschlagsbeleg (P1_zuschlag_24m), Mitarbeiterzahl nicht ermittelt","P1_zuschlag_24m","0.95","https://oeffentlichevergabe.de/ui/de/notice/ocds-mnwr74-aeb4aa32-b1a8-41e1-9746-3cf1312098ba","2026-02-02","40","2026-02-02","Handwerkskammer Niederbayern-Oberpfalz","30213100;30213200;30237200;31500000;31682210;38651600;39112000;39151100","nein","82c5ae31-edfd-4e02-ac75-993de269379a","dovs","2026-09-23"
"lucas-nuelle","Lucas-Nuelle GmbH","","","","Kerpen","50170","","B","Zuschlagsbeleg (P1_zuschlag_24m), Mitarbeiterzahl nicht ermittelt","P1_zuschlag_24m","0.95","https://oeffentlichevergabe.de/ui/de/notice/ocds-mnwr74-aeb4aa32-b1a8-41e1-9746-3cf1312098ba","2026-02-02","40","2026-02-02","Handwerkskammer Niederbayern-Oberpfalz","30213100;30213200;30237200;31500000;31682210;38651600;39112000;39151100","nein","b0aa1bde-adc5-4b7a-86d5-7b4dcd3ce505","dovs","2026-09-23"
"adesso","adesso SE","","","","Dortmund","44269","","B","Zuschlagsbeleg (P1_zuschlag_24m), Mitarbeiterzahl nicht ermittelt","P1_zuschlag_24m","0.95","https://oeffentlichevergabe.de/ui/de/notice/ocds-mnwr74-1aa35524-c90b-441d-8521-71d62b20f315","2026-05-26","22","2026-05-26","BG-Phoenics GmbH;Freistaat Bayern vertreten durch das Bayerische Landesamt für Gesundheit und Lebensmittelsicherheit ;Freistaat Bayern vertreten durch das Staatsinstitut für Schulqualität und Bildungsforschung (ISB);Polizei Berlin;WBM Wohnungsbaugesellschaft Berlin-Mitte mbH","48000000;72000000;72230000;79111000","nein","DE 208 318 527;c2874df6-6f22-4e20-b31e-c1ac7d7039bc;c534ff90-3f7e-41a9-93b8-4e51053066da","dovs","2026-09-23"
"msg systems","msg systems ag","","","","Ismaning/München","85737","","B","Zuschlagsbeleg (P1_zuschlag_24m), Mitarbeiterzahl nicht ermittelt","P1_zuschlag_24m","0.95","https://oeffentlichevergabe.de/ui/de/notice/ocds-mnwr74-c13b4c36-d707-43b2-9a3e-3f78f0ccf319","2026-07-20","20","2026-07-20","BG-Phoenics GmbH;Der Regierende Bürgermeister von Berlin - Senatskanzlei;Freistaat Bayern vertreten durch das Bayerische Landesamt für Gesundheit und Lebensmittelsicherheit ","72000000;79111000","nein","0c15eb71-f61b-4196-a8d9-491c126c0a70;5d71223d-9277-4bb6-a66c-baf5653e1ffa;DE 129 420 400","dovs","2026-09-23"
"pwc solutions","PwC Solutions GmbH","","","","Frankfurt","60327","","B","Zuschlagsbeleg (P1_zuschlag_24m), Mitarbeiterzahl nicht ermittelt","P1_zuschlag_24m","0.95","https://oeffentlichevergabe.de/ui/de/notice/ocds-mnwr74-b76d87f4-45bb-4f57-a534-5e2b4cd02456","2026-03-30","16","2026-03-30","Freistaat Bayern vertreten durch das Bayerische Landesamt für Gesundheit und Lebensmittelsicherheit ;Münchner Verkehrs- und Tarifverbund GmbH","72000000;72230000;79111000","nein","DE312576587;be045edd-4ef3-4e43-bc59-94089b302b45","dovs","2026-09-23"
"bearingpoint","BearingPoint GmbH","","","","Frankfurt am Main","60327","","B","Zuschlagsbeleg (P1_zuschlag_24m), Mitarbeiterzahl nicht ermittelt","P1_zuschlag_24m","0.95","https://oeffentlichevergabe.de/ui/de/notice/ocds-mnwr74-6d822218-9924-4a41-b390-6c6d8c40195a","2026-05-26","15","2026-05-26","Freistaat Bayern vertreten durch das Bayerische Landesamt für Gesundheit und Lebensmittelsicherheit ;KfW Bankengruppe","72000000;72221000;79111000","nein","1880ece8-c477-453f-b2c6-e99d95b300de;2b11e7ad-efe9-45af-bd70-dc3216250c34","dovs","2026-09-23"
"sopra steria","Sopra Steria SE","","","","Hamburg","22085","","B","Zuschlagsbeleg (P1_zuschlag_24m), Mitarbeiterzahl nicht ermittelt","P1_zuschlag_24m","0.95","https://oeffentlichevergabe.de/ui/de/notice/ocds-mnwr74-c6d0b7bb-a16f-407f-ba1a-392f71a5121b","2026-05-13","15","2026-05-13","Berliner Feuerwehr;Freistaat Bayern vertreten durch das Bayerische Landesamt für Gesundheit und Lebensmittelsicherheit ","72000000;79111000","nein","6b65b9c2-b6ec-426e-ac4a-4ed2259112c7;DE 118671351","dovs","2026-09-23"
"bechtle","Bechtle GmbH & Co. KG","","","","Neckarsulm","74172","","B","Zuschlagsbeleg (P1_zuschlag_24m), Mitarbeiterzahl nicht ermittelt","P1_zuschlag_24m","0.95","https://oeffentlichevergabe.de/ui/de/notice/ocds-mnwr74-eb8a753b-3a7e-4090-a1f4-b3ff997e46dd","2026-09-15","14","2026-09-15","Asklepios Klinik Gauting GmbH - Asklepios Klinik Bad Oldesloe;BARMER Beschaffung und Vergabe;Berufsgenossenschaft Rohstoffe und chemische Industrie;Deutsche Nationalbibliothek - Bundesunmittelbare Anstalt des Öffentlichen Rechts;Landesbaudirektion Bayern","30213000;30213100;30214000;30231000;48000000;48771000;48800000;72000000;72514000","nein","000;74591e9d-c0b0-4757-96fb-39b7a6a7d9e5;DE 813 141 404;DE143849458;DE150107718;DE335726817;DE81314134;DE813141540;HRB 22922 (AG Dortmund);d6d9ac7c-17e2-4a4c-a835-84018ccfbe52","dovs","2026-09-23"
"rge – rolvering germann effing und partner unternehmensberatung","RGE – Rolvering, Germann, Effing & Partner, Unternehmensberatung","","","","München","80333","","B","Zuschlagsbeleg (P1_zuschlag_24m), Mitarbeiterzahl nicht ermittelt","P1_zuschlag_24m","0.95","https://oeffentlichevergabe.de/ui/de/notice/ocds-mnwr74-f660bb1b-8095-49a5-a45b-fb45392fe754","2026-02-24","14","2026-02-24","Freistaat Bayern vertreten durch das Bayerische Landesamt für Gesundheit und Lebensmittelsicherheit ","72000000;79111000","nein","9c079f75-efb1-4c60-b4a4-d57085ec3420","dovs","2026-09-23"
"mn glasfaser","MN Glasfaser GmbH","","","","Coesfeld","48653","","B","Zuschlagsbeleg (P1_zuschlag_24m), Mitarbeiterzahl nicht ermittelt","P1_zuschlag_24m","0.95","https://oeffentlichevergabe.de/ui/de/notice/ocds-mnwr74-795cb274-769a-4546-8933-7d8210b61b54","2026-02-23","12","2026-02-23","Kreis Steinfurt;Landkreis Cuxhaven","64200000","ja","DE 335521640;HRB 11525 - 12329","dovs","2026-09-23"
"iteratec","iteratec GmbH","","","","München","81669","","B","Zuschlagsbeleg (P1_zuschlag_24m), Mitarbeiterzahl nicht ermittelt","P1_zuschlag_24m","0.95","https://oeffentlichevergabe.de/ui/de/notice/ocds-mnwr74-e7510616-5715-4bb6-8911-21a31cc2f5bb","2026-02-25","9","2026-02-25","BG-Phoenics GmbH;Hamburg Port Authority AöR;Rhein-Main-Verkehrsverbund Servicegesellschaft mbH","72000000;72200000;72211000","nein","5ffb2fba-e0ec-4bf5-93b8-dc8a2aa014c2;DE 180 825 431;UStID.DE180825431","dovs","2026-09-23"
"sva system vertrieb alexander","SVA System Vertrieb Alexander GmbH","","","","Wiesbaden","65205","","B","Zuschlagsbeleg (P1_zuschlag_24m), Mitarbeiterzahl nicht ermittelt","P1_zuschlag_24m","0.95","https://oeffentlichevergabe.de/ui/de/notice/ocds-mnwr74-9024924b-6a51-40b0-9f20-aab247a11632","2026-08-19","8","2026-08-19","IT-Dienstleistungszentrum Berlin (AöR);Julius-Maximilians-Universität Würzburg als staatliche Einrichtung in Vertretung des FS Bayern;Landesamt für Gesundheit und Soziales;Polizei Berlin;Stadt Bruchsal","48000000;50312610;51610000;72000000","nein","3f411fc7-f98e-4fd6-866c-7a8eecf38fe9;DE 185 176 948;DE185176948","dovs","2026-09-23"
"computacenter ag und co","Computacenter AG & Co OHG","","","","Kerpen","50170","","B","Zuschlagsbeleg (P1_zuschlag_24m), Mitarbeiterzahl nicht ermittelt","P1_zuschlag_24m","0.95","https://oeffentlichevergabe.de/ui/de/notice/ocds-mnwr74-ff74b2c6-7bac-4a47-a390-e1d7ec12b3da","2026-04-20","8","2026-04-20","Berliner Feuerwehr;IT-Dienstleistungszentrum Berlin (AöR);Kommunaler Zweckverband ITK Rheinland;Kommunaler Zweckverband ITK Rheinland (Auftraggeber);Münchner Wohnen GmbH","30200000;30213200;30232100;48000000;48210000","nein","4109bfab-c9e0-46b1-a072-7c7c0d262a5b;DE186262134;ORG-0001","dovs","2026-09-23"
"telekom deutschland","Telekom Deutschland GmbH","","","","Bonn","53227","","B","Zuschlagsbeleg (P1_zuschlag_24m), Mitarbeiterzahl nicht ermittelt","P1_zuschlag_24m","0.95","https://oeffentlichevergabe.de/ui/de/notice/ocds-mnwr74-0c856617-23ee-4665-b2d2-49bed13ce87a","2026-03-23","7","2026-03-23","Landkreis Cuxhaven;Landkreis Saalekreis","64200000;72400000","nein","DE 122265872;DE122265872","dovs","2026-09-23"
"muenet","MUENET GmbH & Co.KG","","","","Coesfeld","48653","","B","Zuschlagsbeleg (P1_zuschlag_24m), Mitarbeiterzahl nicht ermittelt","P1_zuschlag_24m","0.95","https://oeffentlichevergabe.de/ui/de/notice/ocds-mnwr74-795cb274-769a-4546-8933-7d8210b61b54","2026-02-23","7","2026-02-23","Landkreis Cuxhaven","64200000","ja","DE 335521640","dovs","2026-09-23"
"cancom","CANCOM GmbH","","","","Leipzig","04158","","B","Zuschlagsbeleg (P1_zuschlag_24m), Mitarbeiterzahl nicht ermittelt","P1_zuschlag_24m","0.95","https://oeffentlichevergabe.de/ui/de/notice/ocds-mnwr74-76f21a0c-7485-4b64-a06d-43e3e16dd42c","2026-08-01","6","2026-08-01","BundesInnungskrankenkasse Gesundheit, kurz BIG direkt gesund;Klinikum der Landeshauptstadt Stuttgart gKAöR;MEDICLIN Kliniken Bad Düben GmbH & Co. KG;MEDICLIN Management GmbH & Co. KG - Niederlassung Plau am See;MEDICLIN Management GmbH & Co. KG - Niederlassung Waren (Müritz)","30210000;48000000;48100000;72000000","nein","DE 12 879 1177;DE 128 791 177;DE 15 21 06 008;DE128791177","dovs","2026-09-23"
"accenture","Accenture GmbH","","","","Kronberg im Taunus","61476","","B","Zuschlagsbeleg (P1_zuschlag_24m), Mitarbeiterzahl nicht ermittelt","P1_zuschlag_24m","0.95","https://oeffentlichevergabe.de/ui/de/notice/ocds-mnwr74-6d822218-9924-4a41-b390-6c6d8c40195a","2026-05-26","6","2026-05-26","BG-Phoenics GmbH;KfW Bankengruppe","72000000;72221000","nein","a0a12920-73e1-4706-9331-7bbface8941e;daef7888-ed86-49c3-b480-bae315b1d5c7","dovs","2026-09-23"
"converge technology solutions germany","Converge Technology Solutions Germany GmbH","","","","Mainz","55129","","B","Zuschlagsbeleg (P1_zuschlag_24m), Mitarbeiterzahl nicht ermittelt","P1_zuschlag_24m","0.95","https://oeffentlichevergabe.de/ui/de/notice/ocds-mnwr74-8211f591-7235-4350-b561-bf8ce100ec01","2026-08-31","5","2026-08-31","Bundesanstalt für Post und Telekommunikation - Deutsche Bundespost;Landesbaudirektion Bayern;Landkreis Kronach","30213100;30213200;48624000","nein","DE 346 687 964;DE346687964;DE346860661","dovs","2026-09-23"
"mr datentechnik vertriebs-und service","MR Datentechnik Vertriebs- und Service GmbH","","","","Nürnberg","90411","","B","Zuschlagsbeleg (P1_zuschlag_24m), Mitarbeiterzahl nicht ermittelt","P1_zuschlag_24m","0.95","https://oeffentlichevergabe.de/ui/de/notice/ocds-mnwr74-666feec5-fa43-40a0-8fc4-6bfc74093c68","2026-09-04","5","2026-09-04","Landeshauptstadt Hannover - Fachbereich Personal und Organisation;Stadt Regensburg;Stadt Würzburg","48800000;72000000","nein","DE167292167","dovs","2026-09-23"
"acp techwerk","ACP TechWerk GmbH","","","","Wien","1230","","B","Zuschlagsbeleg (P1_zuschlag_24m), Mitarbeiterzahl nicht ermittelt","P1_zuschlag_24m","0.95","https://oeffentlichevergabe.de/ui/de/notice/ocds-mnwr74-5237a97c-6cbf-4015-82e7-4de3b942d069","2026-09-07","5","2026-09-07","Landeshauptstadt Magdeburg, Die Oberbürgermeisterin","30213200","nein","FN 300347m","dovs","2026-09-23"
"fs elektronik","FS Elektronik GmbH","","","","Riegelsberg","66292","","B","Zuschlagsbeleg (P1_zuschlag_24m), Mitarbeiterzahl nicht ermittelt","P1_zuschlag_24m","0.95","https://oeffentlichevergabe.de/ui/de/notice/ocds-mnwr74-5237a97c-6cbf-4015-82e7-4de3b942d069","2026-09-07","5","2026-09-07","Landeshauptstadt Magdeburg, Die Oberbürgermeisterin","30213200","nein","HR 16324","dovs","2026-09-23"
"eomi","EOMI AG","","","","Hamburg","20099","","B","Zuschlagsbeleg (P1_zuschlag_24m), Mitarbeiterzahl nicht ermittelt","P1_zuschlag_24m","0.95","https://oeffentlichevergabe.de/ui/de/notice/ocds-mnwr74-5fcee4b9-d9d9-4b22-81a6-1b626c1ae0f0","2026-09-07","5","2026-09-07","Betrieb für Informationstechnologie Bremerhaven;Stadt Neumünster - FD IT und Digitalisierung;medbo - KU","48000000;48218000","nein","DE363383008;t: 030 800 980 650","dovs","2026-09-23"
"acp it solutions","ACP IT Solutions GmbH","","","","Münster","48155","","B","Zuschlagsbeleg (P1_zuschlag_24m), Mitarbeiterzahl nicht ermittelt","P1_zuschlag_24m","0.95","https://oeffentlichevergabe.de/ui/de/notice/ocds-mnwr74-e23af3b4-6093-4d79-99f7-48f91889594f","2026-09-14","5","2026-09-14","DRK gemeinnützige Krankenhaus mbH Saarland;IT-Consult Halle GmbH;Museum für Naturkunde Berlin Leibniz-Institut für Evolutions- und Biodiversitätsforschung;Polizei Berlin","30200000;48000000;48821000","nein","123654879;DE362612619;DE363799212;HRB 201508","dovs","2026-09-23"
"gcc grothcompany concepts","gcc grothcompany concepts gmbH","","","","Hamburg","20099","","B","Zuschlagsbeleg (P1_zuschlag_24m), Mitarbeiterzahl nicht ermittelt","P1_zuschlag_24m","0.95","https://oeffentlichevergabe.de/ui/de/notice/ocds-mnwr74-5bc1966d-3e91-4b1e-8393-baf9f95534c8","2026-06-08","5","2026-06-08","Hamburg Port Authority AöR","72200000;72262000","nein","DE 231547226;DE231547226","dovs","2026-09-23"
"dirk hallen datensysteme","Dirk Hallen Datensysteme e.K.","","","","Velbert","42553","","B","Zuschlagsbeleg (P1_zuschlag_24m), Mitarbeiterzahl nicht ermittelt","P1_zuschlag_24m","0.95","https://oeffentlichevergabe.de/ui/de/notice/ocds-mnwr74-da7e3064-3c36-4f5f-89f9-aa6efe6e2a20","2026-06-09","5","2026-06-09","Gartenstadt Haan, Der Bürgermeister, Kaiserstr. 85, 42781 Haan.;Medizinischer Dienst Nordrhein","30210000;48820000;72228000","nein","020-5392-3161;DE121134722","dovs","2026-09-23"
"h hugendubel","H. Hugendubel GmbH & Co. KG","","","","Darmstadt","64295","","B","Zuschlagsbeleg (P1_zuschlag_24m), Mitarbeiterzahl nicht ermittelt","P1_zuschlag_24m","0.95","https://oeffentlichevergabe.de/ui/de/notice/ocds-mnwr74-cc0adac9-6c1a-4e14-9254-9043c3452e96","2026-03-01","5","2026-03-01","Land Berlin vertr. durch BA Mitte v. Berlin","22113000;48911000","nein","DE 130499587","dovs","2026-09-23"
"ekz bibliotheksservice","ekz.bibliotheksservice GmbH","","","","Reutlingen","72764","","B","Zuschlagsbeleg (P1_zuschlag_24m), Mitarbeiterzahl nicht ermittelt","P1_zuschlag_24m","0.95","https://oeffentlichevergabe.de/ui/de/notice/ocds-mnwr74-cc0adac9-6c1a-4e14-9254-9043c3452e96","2026-03-01","5","2026-03-01","Land Berlin vertr. durch BA Mitte v. Berlin","22113000;48911000","nein","DE146477275","dovs","2026-09-23"
"dussmann das kulturkaufhaus","Dussmann das KulturKaufhaus GmbH","","","","Berlin","10117","","B","Zuschlagsbeleg (P1_zuschlag_24m), Mitarbeiterzahl nicht ermittelt","P1_zuschlag_24m","0.95","https://oeffentlichevergabe.de/ui/de/notice/ocds-mnwr74-cc0adac9-6c1a-4e14-9254-9043c3452e96","2026-03-01","5","2026-03-01","Land Berlin vertr. durch BA Mitte v. Berlin","22113000;48911000","nein","DE 183032559","dovs","2026-09-23"
"deloitte gmbh wirtschaftspruefungsgesellschaft","Deloitte GmbH Wirtschaftsprüfungsgesellschaft","","","","München","81669","","B","Zuschlagsbeleg (P1_zuschlag_24m), Mitarbeiterzahl nicht ermittelt","P1_zuschlag_24m","0.95","https://oeffentlichevergabe.de/ui/de/notice/ocds-mnwr74-a0a7480c-9dd5-404d-9161-f32edf0dd057","2026-03-09","5","2026-03-09","Bundesamt für Sicherheit in der Informationstechnik;Investitionsbank Schleswig-Holstein","72000000","nein","991-07335-68;DE 81 367 1378","dovs","2026-09-23"
"group24","Group24 AG","","","","Gescher","48712","","B","Zuschlagsbeleg (P1_zuschlag_24m), Mitarbeiterzahl nicht ermittelt","P1_zuschlag_24m","0.95","https://oeffentlichevergabe.de/ui/de/notice/ocds-mnwr74-9f531d47-7b0d-428d-af59-cb37fdf1c446","2025-12-08","5","2025-12-08","Landesbaudirektion Bayern","30213000;30213100;30214000;30231000","nein","DE278870511","dovs","2026-09-23"
"itmediaconsult","ITMediaConsult AG","","","","Züsch","54422","","B","Zuschlagsbeleg (P1_zuschlag_24m), Mitarbeiterzahl nicht ermittelt","P1_zuschlag_24m","0.95","https://oeffentlichevergabe.de/ui/de/notice/ocds-mnwr74-9f531d47-7b0d-428d-af59-cb37fdf1c446","2025-12-08","5","2025-12-08","Landesbaudirektion Bayern","30213000;30213100;30214000;30231000","nein","DE813016796","dovs","2026-09-23"
"h und g hansen und gieraths it solutions","H&G Hansen & Gieraths IT Solutions GmbH","","","","Bonn","53111","","B","Zuschlagsbeleg (P1_zuschlag_24m), Mitarbeiterzahl nicht ermittelt","P1_zuschlag_24m","0.95","https://oeffentlichevergabe.de/ui/de/notice/ocds-mnwr74-9f531d47-7b0d-428d-af59-cb37fdf1c446","2025-12-08","5","2025-12-08","Landesbaudirektion Bayern","30213000;30213100;30214000;30231000","nein","DE812353430","dovs","2026-09-23"
"epcan","epcan GmbH","","","","Vreden","48691","","B","Zuschlagsbeleg (P1_zuschlag_24m), Mitarbeiterzahl nicht ermittelt","P1_zuschlag_24m","0.95","https://oeffentlichevergabe.de/ui/de/notice/ocds-mnwr74-da1858ee-e0ac-4bda-b81e-613aeb6e436e","2025-10-08","5","2025-10-08","Kreis Steinfurt","64200000","ja","HRB 11525 - 12329","dovs","2026-09-23"
"idv","IDV GmbH","","","","München","80339","","B","Zuschlagsbeleg (P1_zuschlag_24m), Mitarbeiterzahl nicht ermittelt","P1_zuschlag_24m","0.95","https://oeffentlichevergabe.de/ui/de/notice/ocds-mnwr74-9df59cc6-3cad-445e-b76a-9202d4485ebf","2025-10-27","5","2025-10-27","BG-Phoenics GmbH","72000000","nein","f984aae3-b836-44e1-adfc-9a8baf1d2fc3","dovs","2026-09-23"
"convista consulting","ConVista Consulting AG","","","","Walldorf","69190","","B","Zuschlagsbeleg (P1_zuschlag_24m), Mitarbeiterzahl nicht ermittelt","P1_zuschlag_24m","0.95","https://oeffentlichevergabe.de/ui/de/notice/ocds-mnwr74-9df59cc6-3cad-445e-b76a-9202d4485ebf","2025-10-27","5","2025-10-27","BG-Phoenics GmbH","72000000","nein","9dc1ac4f-ce01-4c6e-b26e-4eb1720f0811","dovs","2026-09-23"
"top itservices","top itservices AG","","","","Unterhaching","82008","","B","Zuschlagsbeleg (P1_zuschlag_24m), Mitarbeiterzahl nicht ermittelt","P1_zuschlag_24m","0.95","https://oeffentlichevergabe.de/ui/de/notice/ocds-mnwr74-9df59cc6-3cad-445e-b76a-9202d4485ebf","2025-10-27","5","2025-10-27","BG-Phoenics GmbH","72000000","nein","7942de32-c0b5-47bd-87a7-1185bff146fc","dovs","2026-09-23"
"deloitte consulting","Deloitte Consulting GmbH","","","","Düsseldorf","40476","","B","Zuschlagsbeleg (P1_zuschlag_24m), Mitarbeiterzahl nicht ermittelt","P1_zuschlag_24m","0.95","https://oeffentlichevergabe.de/ui/de/notice/ocds-mnwr74-9df59cc6-3cad-445e-b76a-9202d4485ebf","2025-10-27","5","2025-10-27","BG-Phoenics GmbH","72000000","nein","2b6ccbf3-367c-4d96-b832-8cf3eafda592","dovs","2026-09-23"
"simplytest","Simplytest GmbH","","","","Nürnberg","90409","","B","Zuschlagsbeleg (P1_zuschlag_24m), Mitarbeiterzahl nicht ermittelt","P1_zuschlag_24m","0.95","https://oeffentlichevergabe.de/ui/de/notice/ocds-mnwr74-9df59cc6-3cad-445e-b76a-9202d4485ebf","2025-10-27","5","2025-10-27","BG-Phoenics GmbH","72000000","nein","6e8e8d09-9707-494e-ae46-853ecfcd91c3","dovs","2026-09-23"
"prowise","Prowise GmbH","","","","Köln","50667","","B","Zuschlagsbeleg (P1_zuschlag_24m), Mitarbeiterzahl nicht ermittelt","P1_zuschlag_24m","0.95","https://oeffentlichevergabe.de/ui/de/notice/ocds-mnwr74-7570f939-a70d-4522-b43b-66b5b7e372c5","2026-09-01","4","2026-09-01","KDN Dachverband Kommunaler IT-Dienstleister","30200000","nein","HRB91595 Köln","dovs","2026-09-23"
"ricoh deutschland","RICOH Deutschland GmbH","","","","Hannover","30179","","B","Zuschlagsbeleg (P1_zuschlag_24m), Mitarbeiterzahl nicht ermittelt","P1_zuschlag_24m","0.95","https://oeffentlichevergabe.de/ui/de/notice/ocds-mnwr74-f49b0b16-ca28-41f4-ba92-6e3b6e627bb0","2026-06-30","4","2026-06-30","Bezirksamt Reinickendorf von Berlin;Deutsche Bahn AG Konzernleitung (Bukr 10);Stadt Arnsberg","30232100;48000000","nein","DE 115 823 764;Umsatzsteuer-Identifikationsnummer: DE 115 823 764;ed564e5f-822d-4103-9843-3cad115c70cf","dovs","2026-09-23"
"lufthansa industry solutions as","Lufthansa Industry Solutions AS GmbH","","","","Norderstedt","22848","","B","Zuschlagsbeleg (P1_zuschlag_24m), Mitarbeiterzahl nicht ermittelt","P1_zuschlag_24m","0.95","https://oeffentlichevergabe.de/ui/de/notice/ocds-mnwr74-916b6537-ae75-4b61-aab5-d2369ad3de6c","2026-07-13","4","2026-07-13","Hamburg Port Authority AöR","72200000","nein","DE174869827","dovs","2026-09-23"
"dedalus healthcare","Dedalus HealthCare GmbH","","","","Bonn","53227","","B","Zuschlagsbeleg (P1_zuschlag_24m), Mitarbeiterzahl nicht ermittelt","P1_zuschlag_24m","0.95","https://oeffentlichevergabe.de/ui/de/notice/ocds-mnwr74-5bbc29e6-4105-4c83-ae2f-a3b595af4e70","2026-04-16","4","2026-04-16","Asklepios Klinik Bad Wildungen GmbH;Asklepios Klinik Lich GmbH;Asklepios Stadtklinik Bad Tölz GmbH;Universitätsmedizin Göttingen (UMG), Stiftung Öffentlichen Rechts","48100000;48814400","nein","DE 172711289;DE172711289","dovs","2026-09-23"
"cas concepts and solutions ag und arreba consulting","CAS Concepts and Solutions AG & ARREBA Consulting GmbH","","","","Hamburg","22087","","B","Zuschlagsbeleg (P1_zuschlag_24m), Mitarbeiterzahl nicht ermittelt","P1_zuschlag_24m","0.95","https://oeffentlichevergabe.de/ui/de/notice/ocds-mnwr74-a0a7480c-9dd5-404d-9161-f32edf0dd057","2026-03-09","4","2026-03-09","Investitionsbank Schleswig-Holstein","72000000","ja","DE812620974","dovs","2026-09-23"
"mto psychologische forschung und beratung","MTO Psychologische Forschung und Beratung GmbH","","","","Tübingen","72070","","B","Zuschlagsbeleg (P1_zuschlag_24m), Mitarbeiterzahl nicht ermittelt","P1_zuschlag_24m","0.95","https://oeffentlichevergabe.de/ui/de/notice/ocds-mnwr74-00a6b7c4-419d-4bcc-8240-4ffc7fba7121","2025-12-02","4","2025-12-02","Bildungsministerium Rheinland-Pfalz","72212100;72230000","nein","DE 225 543 113","dovs","2026-09-23"
"bechtle gmbh it-systemhaus nuernberg/wuerzburg","Bechtle GmbH
IT-Systemhaus Nürnberg/Würzburg","","","","Nürnberg","90429","","B","Zuschlagsbeleg (P1_zuschlag_24m), Mitarbeiterzahl nicht ermittelt","P1_zuschlag_24m","0.95","https://oeffentlichevergabe.de/ui/de/notice/ocds-mnwr74-5a350346-bd71-4f4d-b9cc-43244719b705","2025-11-12","4","2025-11-12","Klinikum Main-Spessart","48000000;48218000;48820000","nein","HRB 26703","dovs","2026-09-23"
"media markt bamberg tv-hifi-elektro","Media Markt Bamberg TV-Hifi-Elektro GmbH","","","","Bamberg","96052","","B","Zuschlagsbeleg (P1_zuschlag_24m), Mitarbeiterzahl nicht ermittelt","P1_zuschlag_24m","0.95","https://oeffentlichevergabe.de/ui/de/notice/ocds-mnwr74-8211f591-7235-4350-b561-bf8ce100ec01","2026-08-31","3","2026-08-31","Landkreis Kronach","30213200","nein","DE128589066","dovs","2026-09-23"
"axon public safety germany","Axon Public Safety Germany SE","","","","Dietzenbach","63128","","B","Zuschlagsbeleg (P1_zuschlag_24m), Mitarbeiterzahl nicht ermittelt","P1_zuschlag_24m","0.95","https://oeffentlichevergabe.de/ui/de/notice/ocds-mnwr74-913ce9c6-e2bd-4fc5-b615-1ff660d54744","2026-09-06","3","2026-09-06","Polizeiinspektion Zentrale Dienste Sachsen-Anhalt","35125300;35200000;48324000","nein","DE338148805","dovs","2026-09-23"
"p und i personal und informatik","P&I Personal & Informatik AG","","","","Wiesbaden","65205","","B","Zuschlagsbeleg (P1_zuschlag_24m), Mitarbeiterzahl nicht ermittelt","P1_zuschlag_24m","0.95","https://oeffentlichevergabe.de/ui/de/notice/ocds-mnwr74-49e2fd88-7fc6-4767-8a89-cbc95cecea07","2026-09-10","3","2026-09-10","Klinikum Region Hannover GmbH;Landkreis Freising;Stadt Coburg","48450000;72268000","nein","CHE-108.578.208;DE812576084","dovs","2026-09-23"
"eduxpert","EduXpert GmbH","","","","Regensburg","93053","","B","Zuschlagsbeleg (P1_zuschlag_24m), Mitarbeiterzahl nicht ermittelt","P1_zuschlag_24m","0.95","https://oeffentlichevergabe.de/ui/de/notice/ocds-mnwr74-2576105c-09be-4edc-a5d0-37a910d772f9","2026-08-10","3","2026-08-10","Stadt Ingolstadt;Stadt Sankt Augustin","30213200","nein","DE400376604;nicht bekannt","dovs","2026-09-23"
"hugo hamann","Hugo Hamann GmbH & Co. KG","","","","Kiel","24105","","B","Zuschlagsbeleg (P1_zuschlag_24m), Mitarbeiterzahl nicht ermittelt","P1_zuschlag_24m","0.95","https://oeffentlichevergabe.de/ui/de/notice/ocds-mnwr74-2687d3bc-e310-4200-b5a7-ac7e7881f44e","2026-07-07","3","2026-07-07","Hamburg Port Authority AöR","30232100","nein","DE134838857","dovs","2026-09-23"
"canon deutschland","Canon Deutschland GmbH","","","","Krefeld","47807","","B","Zuschlagsbeleg (P1_zuschlag_24m), Mitarbeiterzahl nicht ermittelt","P1_zuschlag_24m","0.95","https://oeffentlichevergabe.de/ui/de/notice/ocds-mnwr74-2687d3bc-e310-4200-b5a7-ac7e7881f44e","2026-07-07","3","2026-07-07","Hamburg Port Authority AöR","30232100","nein","DE 120 678 391","dovs","2026-09-23"
"ey consulting","EY Consulting GmbH","","","","Berlin","10117 ","","B","Zuschlagsbeleg (P1_zuschlag_24m), Mitarbeiterzahl nicht ermittelt","P1_zuschlag_24m","0.95","https://oeffentlichevergabe.de/ui/de/notice/ocds-mnwr74-c4dcda7d-13e4-4fdb-9fcd-4cbce5bba93f","2026-07-01","3","2026-07-01","Autobahn GmbH des Bundes;F&W Fördern & Wohnen AöR;Klinikum der Technischen Universität München (TUM Klinikum)","72000000;72200000;72263000","nein","0002;DE 364274332;ee7b3079-bd04-4027-9dd0-8316c9b6b80e","dovs","2026-09-23"
"mddsl-mitteldeutsche gesellschaft fuer kommunikation","MDDSL-Mitteldeutsche Gesellschaft für Kommunikation mbH","","","","Barleben","39179","","B","Zuschlagsbeleg (P1_zuschlag_24m), Mitarbeiterzahl nicht ermittelt","P1_zuschlag_24m","0.95","https://oeffentlichevergabe.de/ui/de/notice/ocds-mnwr74-ccb76c26-8da3-4821-975f-d010520e8f4d","2026-03-30","3","2026-03-30","Landkreis Saalekreis","72400000","nein","DE249646514","dovs","2026-09-23"
"die texterkolonie","Die Texterkolonie","","","","Leipzig","04177","","B","Zuschlagsbeleg (P1_zuschlag_24m), Mitarbeiterzahl nicht ermittelt","P1_zuschlag_24m","0.95","https://oeffentlichevergabe.de/ui/de/notice/ocds-mnwr74-7f5d1b5d-e435-4463-8af2-0b4686839865","2026-02-03","3","2026-02-03","IT-Dienstleistungszentrum Berlin (AöR)","72260000;79550000;79822500","nein","DE267909154","dovs","2026-09-23"
"fsas technologies","Fsas Technologies GmbH","","","","München","80807","","B","Zuschlagsbeleg (P1_zuschlag_24m), Mitarbeiterzahl nicht ermittelt","P1_zuschlag_24m","0.95","https://oeffentlichevergabe.de/ui/de/notice/ocds-mnwr74-5e2b3159-2a73-41c2-aa98-84775bc4943e","2026-01-08","3","2026-01-08","Bayerisches Landeskriminalamt (BLKA);Leitstelle für Informationstechnologie der sächsischen Justiz","30210000;48000000","nein","DE113580069;HRB113308","dovs","2026-09-23"
"esri deutschland","Esri Deutschland GmbH","","","","Kranzberg","85402","","B","Zuschlagsbeleg (P1_zuschlag_24m), Mitarbeiterzahl nicht ermittelt","P1_zuschlag_24m","0.95","https://oeffentlichevergabe.de/ui/de/notice/ocds-mnwr74-6cdbfa01-02d5-4f53-b393-3334faa39201","2025-11-28","3","2025-11-28","Berliner Feuerwehr;Freistaat Bayern, vertreten durch das Bayerische Staatsministerium der Finanzen und für Heimat;Magistrat der Stadt Kassel","48000000;72260000","nein","000;DE 128949748","dovs","2026-09-23"
"soft und cloud","Soft & Cloud GmbH","","","","Münster","48147","","B","Zuschlagsbeleg (P1_zuschlag_24m), Mitarbeiterzahl nicht ermittelt","P1_zuschlag_24m","0.95","https://oeffentlichevergabe.de/ui/de/notice/ocds-mnwr74-0dc41b93-ce04-4f88-97a6-48249048ec69","2026-08-31","2","2026-08-31","Stadt Regensburg;Stadtverwaltung Gera","48000000","nein","DE356447747","dovs","2026-09-23"
"hermann kessler","Hermann Kessler","","","","Augsburg","86199","","B","Zuschlagsbeleg (P1_zuschlag_24m), Mitarbeiterzahl nicht ermittelt","P1_zuschlag_24m","0.95","https://oeffentlichevergabe.de/ui/de/notice/ocds-mnwr74-1cb50e7b-4db4-404f-a204-e9c6d4d2b9da","2026-07-06","2","2026-07-06","Münchner Wohnen GmbH","72000000","nein","keine Angabe","dovs","2026-09-23"
"albacon systemhaus","Albacon Systemhaus GmbH","","","","Bad Doberan","18209","","B","Zuschlagsbeleg (P1_zuschlag_24m), Mitarbeiterzahl nicht ermittelt","P1_zuschlag_24m","0.95","https://oeffentlichevergabe.de/ui/de/notice/ocds-mnwr74-3330851e-5901-467f-93d5-683b7286530b","2026-08-28","2","2026-08-28","Landkreis Augsburg - Vergabestelle","30213300","nein","DE176273489","dovs","2026-09-23"
"megware computer vertrieb und service","MEGWARE Computer Vertrieb und Service GmbH","","","","Chemnitz","09247","","B","Zuschlagsbeleg (P1_zuschlag_24m), Mitarbeiterzahl nicht ermittelt","P1_zuschlag_24m","0.95","https://oeffentlichevergabe.de/ui/de/notice/ocds-mnwr74-d69aac0b-a06b-4d3a-bd71-e3439c2f491b","2026-09-11","2","2026-09-11","GFZ Helmholtz-Zentrum für Geoforschung;Landkreis Sächsische Schweiz-Osterzgebirge","30231310;48820000","nein","DE 140853167;DE140853167","dovs","2026-09-23"
"best practice consulting","best practice consulting AG","","","","Münster","48155","","B","Zuschlagsbeleg (P1_zuschlag_24m), Mitarbeiterzahl nicht ermittelt","P1_zuschlag_24m","0.95","https://oeffentlichevergabe.de/ui/de/notice/ocds-mnwr74-d6cd285e-07e3-41a7-b424-459d62cd5d15","2026-09-01","2","2026-09-01","ITEBO GmbH","72000000","nein","DE222343174","dovs","2026-09-23"
"cnt management consulting","CNT Management Consulting GmbH","","","","Mainz","55116","","B","Zuschlagsbeleg (P1_zuschlag_24m), Mitarbeiterzahl nicht ermittelt","P1_zuschlag_24m","0.95","https://oeffentlichevergabe.de/ui/de/notice/ocds-mnwr74-d6cd285e-07e3-41a7-b424-459d62cd5d15","2026-09-01","2","2026-09-01","ITEBO GmbH","72000000","nein","DE02397083","dovs","2026-09-23"
"wbs it-service","WBS IT-Service GmbH","","","","Leipzig","04109","","B","Zuschlagsbeleg (P1_zuschlag_24m), Mitarbeiterzahl nicht ermittelt","P1_zuschlag_24m","0.95","https://oeffentlichevergabe.de/ui/de/notice/ocds-mnwr74-4d645a3d-2951-4394-bd25-4dbcff8150e4","2026-09-18","2","2026-09-18","Leibniz- Institut für Neurobiologie;Stadt Aalen - Amt für IT und Digitalisierung","48218000;48800000","nein","231/122/04040 K02/2;keine Angabe","dovs","2026-09-23"
"telefonica germany gmbh und co","Telefónica Germany GmbH & Co. OHG","","","","München","80992","","B","Zuschlagsbeleg (P1_zuschlag_24m), Mitarbeiterzahl nicht ermittelt","P1_zuschlag_24m","0.95","https://oeffentlichevergabe.de/ui/de/notice/ocds-mnwr74-30f76072-c0d2-4dc3-9b02-a4d8bb3b22bf","2026-08-17","2","2026-08-17","Rhein-Neckar-Verkehr GmbH;Stadtreinigung Hamburg AöR","30213200;64212000","nein","8a45ea42-12a3-4e00-b733-380d4451af06;DE 811 889 638","dovs","2026-09-23"
"mg industrieelektronik","MG Industrieelektronik GmbH","","","","Ettlingen","76275","","B","Zuschlagsbeleg (P1_zuschlag_24m), Mitarbeiterzahl nicht ermittelt","P1_zuschlag_24m","0.95","https://oeffentlichevergabe.de/ui/de/notice/ocds-mnwr74-207f5537-3270-4cf1-89f3-cdc35583c2bc","2026-07-10","2","2026-07-10","Personenverkehrsgesellschaft
PVG Burgenlandkreis mbH;RVK | Regionalverkehr Köln GmbH","48000000;48813000","nein","DE 186 768 318;UStID: DE186768318","dovs","2026-09-23"
"controlware","Controlware GmbH","","","","Dietzenbach","63128","","B","Zuschlagsbeleg (P1_zuschlag_24m), Mitarbeiterzahl nicht ermittelt","P1_zuschlag_24m","0.95","https://oeffentlichevergabe.de/ui/de/notice/ocds-mnwr74-bea1dcd6-f0f2-40c7-9856-b2edb141954d","2026-07-27","2","2026-07-27","BG-Phoenics GmbH;IT-Dienstleistungszentrum Berlin (AöR)","30211200;48800000","nein","DE113539225;c54e2e17-17ca-4a95-abbd-d2f3c17fda0e","dovs","2026-09-23"
"mistral ai sas","Mistral AI SAS","","","","Paris","75001","","B","Zuschlagsbeleg (P1_zuschlag_24m), Mitarbeiterzahl nicht ermittelt","P1_zuschlag_24m","0.95","https://oeffentlichevergabe.de/ui/de/notice/ocds-mnwr74-48bdd6a1-52b4-4161-a2b2-64575b48b102","2026-06-29","2","2026-06-29","Land Hessen, vertreten durch die Hessische Zentrale für
Datenverarbeitung;Land Hessen, vertreten durch die Hessische Zentrale für Datenverarbeitung","72000000","nein","952 418 325 Paris Trade and Companie Register (R.C.S.)","dovs","2026-09-23"
"queue-it aps","Queue-it ApS","","","","Kopenhagen","1717","","B","Zuschlagsbeleg (P1_zuschlag_24m), Mitarbeiterzahl nicht ermittelt","P1_zuschlag_24m","0.95","https://oeffentlichevergabe.de/ui/de/notice/ocds-mnwr74-a84b27c5-ea38-46d7-8ba7-e7a61bc749d6","2026-07-27","2","2026-07-27","Freistaat Bayern vertreten durch das Bayerische Landesamt für Steuern - Zentrale Vergabestelle (Referat Z 2)","72000000","nein","123456","dovs","2026-09-23"
"brainlab sales","BrainLAB Sales GmbH","","","","München","81829","","B","Zuschlagsbeleg (P1_zuschlag_24m), Mitarbeiterzahl nicht ermittelt","P1_zuschlag_24m","0.95","https://oeffentlichevergabe.de/ui/de/notice/ocds-mnwr74-2689a6c0-bbd7-4a02-a470-69e7aa9878e8","2026-06-15","2","2026-06-15","Klinikum Bayreuth GmbH","48180000","nein","UST-IdNr. DE213505546","dovs","2026-09-23"
"nect","Nect GmbH","","","","Hamburg","20457","","B","Zuschlagsbeleg (P1_zuschlag_24m), Mitarbeiterzahl nicht ermittelt","P1_zuschlag_24m","0.95","https://oeffentlichevergabe.de/ui/de/notice/ocds-mnwr74-374bd1e9-29e0-4d26-96cd-5ec93919f371","2026-07-15","2","2026-07-15","Freistaat Bayern vertreten durch das Bayerische Landesamt für Steuern - Zentrale Vergabestelle (Referat Z 2)","72222300","nein","123456","dovs","2026-09-23"
"abl solutions","abl solutions GmbH","","","","Nürnberg","90411","","B","Zuschlagsbeleg (P1_zuschlag_24m), Mitarbeiterzahl nicht ermittelt","P1_zuschlag_24m","0.95","https://oeffentlichevergabe.de/ui/de/notice/ocds-mnwr74-486c2be6-01d3-4ce7-b5cd-4337ef32747a","2026-07-17","2","2026-07-17","Land Berlin, vertreten durch das Landesamt für Flüchtlingsangelegenheiten","72000000","nein","DE290197646","dovs","2026-09-23"
"hotsplots","hotsplots GmbH","","","","Berlin","10245","","B","Zuschlagsbeleg (P1_zuschlag_24m), Mitarbeiterzahl nicht ermittelt","P1_zuschlag_24m","0.95","https://oeffentlichevergabe.de/ui/de/notice/ocds-mnwr74-486c2be6-01d3-4ce7-b5cd-4337ef32747a","2026-07-17","2","2026-07-17","Land Berlin, vertreten durch das Landesamt für Flüchtlingsangelegenheiten","72000000","nein","DE237345081","dovs","2026-09-23"
"capgemini deutschland holding","Capgemini Deutschland Holding GmbH","","","","Berlin","10785","","B","Zuschlagsbeleg (P1_zuschlag_24m), Mitarbeiterzahl nicht ermittelt","P1_zuschlag_24m","0.95","https://oeffentlichevergabe.de/ui/de/notice/ocds-mnwr74-3d05b00a-a54d-4164-8e12-fd6c45b93b0b","2026-07-27","2","2026-07-27","Freistaat Bayern vertreten durch das Bayerische Landesamt für Steuern - Zentrale Vergabestelle (Referat Z 2)","72222300","nein","123456","dovs","2026-09-23"
"mgm technology partners","mgm technology partners GmbH","","","","München","80807","","B","Zuschlagsbeleg (P1_zuschlag_24m), Mitarbeiterzahl nicht ermittelt","P1_zuschlag_24m","0.95","https://oeffentlichevergabe.de/ui/de/notice/ocds-mnwr74-4dc8dc5a-4979-4782-b12f-e73c77465945","2026-07-28","2","2026-07-28","Freistaat Bayern vertreten durch das Bayerische Landesamt für Steuern - Zentrale Vergabestelle (Referat Z 2)","72222300","nein","123456","dovs","2026-09-23"
"scopeland technology","Scopeland Technology GmbH","","","","Berlin","13469","","B","Zuschlagsbeleg (P1_zuschlag_24m), Mitarbeiterzahl nicht ermittelt","P1_zuschlag_24m","0.95","https://oeffentlichevergabe.de/ui/de/notice/ocds-mnwr74-4fce558a-0621-4557-95bb-7345976f3136","2026-06-03","2","2026-06-03","Berliner Feuerwehr;Umweltbundesamt","72212440;72268000","nein","DE 183446349","dovs","2026-09-23"
"rexx systems","Rexx Systems GmbH","","","","Hamburg","20097","","B","Zuschlagsbeleg (P1_zuschlag_24m), Mitarbeiterzahl nicht ermittelt","P1_zuschlag_24m","0.95","https://oeffentlichevergabe.de/ui/de/notice/ocds-mnwr74-235b85b3-01b1-4772-a519-230f3d9d971e","2026-06-01","2","2026-06-01","FMS Wertmanagement AöR (Anstalt öffentlichen Rechts)","72260000","nein","HRB 78749","dovs","2026-09-23"
"kpmg ag wirtschaftspruefungsgesellschaft","KPMG AG Wirtschaftsprüfungsgesellschaft","","","","Berlin","10785","","B","Zuschlagsbeleg (P1_zuschlag_24m), Mitarbeiterzahl nicht ermittelt","P1_zuschlag_24m","0.95","https://oeffentlichevergabe.de/ui/de/notice/ocds-mnwr74-6d822218-9924-4a41-b390-6c6d8c40195a","2026-05-26","2","2026-05-26","KfW Bankengruppe;Universität Hamburg","72000000;72221000","nein","38ff1a29-98b1-4513-b4ca-f0acbd99177f;54ffc22b-0f54-4fa0-a9f9-5209b5c8da6c","dovs","2026-09-23"
"d-fine","d-fine GmbH","","","","Frankfurt am Main","60313","","B","Zuschlagsbeleg (P1_zuschlag_24m), Mitarbeiterzahl nicht ermittelt","P1_zuschlag_24m","0.95","https://oeffentlichevergabe.de/ui/de/notice/ocds-mnwr74-6d822218-9924-4a41-b390-6c6d8c40195a","2026-05-26","2","2026-05-26","KfW Bankengruppe;TenneT TSO GmbH","72000000;72221000","nein","15892e2e-e33f-40e1-9473-4bf674c5894c;d-fine","dovs","2026-09-23"
"zolitron-the internet of things company","Zolitron - The Internet of Things Company GmbH","","","","Bochum","44799","","B","Zuschlagsbeleg (P1_zuschlag_24m), Mitarbeiterzahl nicht ermittelt","P1_zuschlag_24m","0.95","https://oeffentlichevergabe.de/ui/de/notice/ocds-mnwr74-6f5aad6c-9a5d-4def-903d-e5451c14943c","2026-06-24","2","2026-06-24","Stadtreinigung Hamburg AöR","72262000","nein","DE334836491","dovs","2026-09-23"
"untis","Untis GmbH","","","","Stockerau","A-2000","","B","Zuschlagsbeleg (P1_zuschlag_24m), Mitarbeiterzahl nicht ermittelt","P1_zuschlag_24m","0.95","https://oeffentlichevergabe.de/ui/de/notice/ocds-mnwr74-3f34b8e0-3f2e-496a-8ad0-e5b643482f6e","2026-05-27","2","2026-05-27","Bildungsministerium Rheinland-Pfalz","48000000","nein","UID ATU69811938","dovs","2026-09-23"
"infra run service","infra.run Service GmbH","","","","Berlin","10243","","B","Zuschlagsbeleg (P1_zuschlag_24m), Mitarbeiterzahl nicht ermittelt","P1_zuschlag_24m","0.95","https://oeffentlichevergabe.de/ui/de/notice/ocds-mnwr74-c6873f48-e813-4537-8978-7046b612b081","2026-05-03","2","2026-05-03","Senatsverwaltung für Bildung, Jugend und Familie","72000000","nein","DE340100821","dovs","2026-09-23"
"titanom solutions","Titanom Solutions GmbH","","","","Germering","82110","","B","Zuschlagsbeleg (P1_zuschlag_24m), Mitarbeiterzahl nicht ermittelt","P1_zuschlag_24m","0.95","https://oeffentlichevergabe.de/ui/de/notice/ocds-mnwr74-c6873f48-e813-4537-8978-7046b612b081","2026-05-03","2","2026-05-03","Senatsverwaltung für Bildung, Jugend und Familie","72000000","nein","DE451509056","dovs","2026-09-23"
"ebcont operations","EBCONT operations GmbH","","","","Neulengbach","3040","","B","Zuschlagsbeleg (P1_zuschlag_24m), Mitarbeiterzahl nicht ermittelt","P1_zuschlag_24m","0.95","https://oeffentlichevergabe.de/ui/de/notice/ocds-mnwr74-50d25171-2ee2-4259-91ef-f965543ed23d","2026-05-05","2","2026-05-05","Stadt Augsburg","48000000","nein","ATU68135644","dovs","2026-09-23"
"sysgen","sysGen GmbH","","","","Bremen","28327","","B","Zuschlagsbeleg (P1_zuschlag_24m), Mitarbeiterzahl nicht ermittelt","P1_zuschlag_24m","0.95","https://oeffentlichevergabe.de/ui/de/notice/ocds-mnwr74-abd87b7d-e518-4c0a-9b84-d19fda1241ff","2026-05-08","2","2026-05-08","Deutsches Zentrum für Luft- und Raumfahrt e.V. (DLR)","30210000","nein","177360158","dovs","2026-09-23"
"copythek lausitz gmbh-los 1","CopyThek Lausitz GmbH - LOS 1","","","","Hoyerswerda - Wojerecy","02977","","B","Zuschlagsbeleg (P2_zuschlag_48m), Mitarbeiterzahl nicht ermittelt","P2_zuschlag_48m","0.85","https://oeffentlichevergabe.de/ui/de/notice/ocds-mnwr74-525aac5c-01a6-4d5c-9ed1-3e81820b0d54","2024-09-16","2","2024-09-16","Lausitzer und Mitteldeutsche Bergbau-Verwaltungsgesellschaft mbH","50313200","nein","DE363218395","dovs","2026-09-23"
"nasko it systeme gmbh-los 2","Nasko IT Systeme GmbH - LOS 2","","","","Altenburg","04600","","B","Zuschlagsbeleg (P2_zuschlag_48m), Mitarbeiterzahl nicht ermittelt","P2_zuschlag_48m","0.85","https://oeffentlichevergabe.de/ui/de/notice/ocds-mnwr74-525aac5c-01a6-4d5c-9ed1-3e81820b0d54","2024-09-16","2","2024-09-16","Lausitzer und Mitteldeutsche Bergbau-Verwaltungsgesellschaft mbH","50313200","nein","DE-156904494","dovs","2026-09-23"
"trolleymaker","trolleymaker GmbH","","","","Karlsruhe","76185","","B","Zuschlagsbeleg (P1_zuschlag_24m), Mitarbeiterzahl nicht ermittelt","P1_zuschlag_24m","0.95","https://oeffentlichevergabe.de/ui/de/notice/ocds-mnwr74-36c0330e-8e1a-4d56-856d-d7f3deb88fb6","2026-04-30","2","2026-04-30","NVBW - Nahverkehrsgesellschaft Baden-Württemberg mbH","71000000;72000000","nein","DE327004499","dovs","2026-09-23"
"plano solutions","plano solutions gmbh","","","","Ilmenau","98693","","B","Zuschlagsbeleg (P1_zuschlag_24m), Mitarbeiterzahl nicht ermittelt","P1_zuschlag_24m","0.95","https://oeffentlichevergabe.de/ui/de/notice/ocds-mnwr74-3f74dcf0-a0dc-43df-8776-1212b7def40f","2026-03-27","2","2026-03-27","Berliner Feuerwehr;Polizei Berlin","72212000;72267100","nein","DE355089147","dovs","2026-09-23"
"clemens hilft!","Clemens hilft!","","","","Maulbronn","75433","","B","Zuschlagsbeleg (P1_zuschlag_24m), Mitarbeiterzahl nicht ermittelt","P1_zuschlag_24m","0.95","https://oeffentlichevergabe.de/ui/de/notice/ocds-mnwr74-d9e93b45-5466-4f8c-b2fa-3341f9049dfa","2026-03-27","2","2026-03-27","Bildungsministerium Rheinland-Pfalz","48190000","nein","keine Angabe","dovs","2026-09-23"
"materna information und communications","Materna Information & Communications SE","","","","Dortmund","44263","","B","Zuschlagsbeleg (P1_zuschlag_24m), Mitarbeiterzahl nicht ermittelt","P1_zuschlag_24m","0.95","https://oeffentlichevergabe.de/ui/de/notice/ocds-mnwr74-02ce0487-b297-4701-b1d2-d04582f2c8d1","2026-04-13","2","2026-04-13","Umweltbundesamt","72220000;72267000","nein","DE 124 904 070;DE124904070","dovs","2026-09-23"
"beneering","BeNeering GmbH","","","","Hünxe","46569","","B","Zuschlagsbeleg (P1_zuschlag_24m), Mitarbeiterzahl nicht ermittelt","P1_zuschlag_24m","0.95","https://oeffentlichevergabe.de/ui/de/notice/ocds-mnwr74-202c51df-ffce-4180-a849-b3e27335b27e","2026-03-10","2","2026-03-10","50Hertz Transmission GmbH;Medizinische Hochschule Hannover","72000000;72268000","nein","DE814827944","dovs","2026-09-23"
"eviden germany","Eviden Germany GmbH","","","","Berlin","12489","","B","Zuschlagsbeleg (P1_zuschlag_24m), Mitarbeiterzahl nicht ermittelt","P1_zuschlag_24m","0.95","https://oeffentlichevergabe.de/ui/de/notice/ocds-mnwr74-7f2786c1-c7e0-43b5-93b3-24d4398068b4","2026-03-26","2","2026-03-26","Abrechnungszentrum Emmendingen;Eviden Germany GmbH","72000000;72250000","nein","5493000GKWL23MABZD98;null","dovs","2026-09-23"
"lexmark deutschland","Lexmark Deutschland GmbH","","","","Neu-Isenburg","63263","","B","Zuschlagsbeleg (P1_zuschlag_24m), Mitarbeiterzahl nicht ermittelt","P1_zuschlag_24m","0.95","https://oeffentlichevergabe.de/ui/de/notice/ocds-mnwr74-38bfeba4-4dad-42ae-a110-568af4aac1e5","2026-01-26","2","2026-01-26","Deutsche Bahn AG Konzernleitung (Bukr 10)","30232100","nein","36858e16-7bdb-494e-aa87-e8851d45a373","dovs","2026-09-23"
"smartify cic","Smartify CIC","","","","London","N80QS","","B","Zuschlagsbeleg (P1_zuschlag_24m), Mitarbeiterzahl nicht ermittelt","P1_zuschlag_24m","0.95","https://oeffentlichevergabe.de/ui/de/notice/ocds-mnwr74-7a5bfc5e-3d07-4521-b75b-4b8b7bec37ac","2025-12-22","2","2025-12-22","Stadt Wuppertal","48700000","nein","263733105","dovs","2026-09-23"
"arktis it solutions","Arktis IT solutions GmbH","","","","Berlin, Spandau","13581","","B","Zuschlagsbeleg (P1_zuschlag_24m), Mitarbeiterzahl nicht ermittelt","P1_zuschlag_24m","0.95","https://oeffentlichevergabe.de/ui/de/notice/ocds-mnwr74-09e6f731-845b-4e15-8e20-4bd9bb75b3d2","2025-09-24","2","2025-09-24","BEW Berliner Energie und Wärme GmbH;Senatsverwaltung für Stadtentwicklung, Bauen und Wohnen, V M 1 - Vergabestelle für den Öffentlichen Hochbau","30200000;30210000","nein","28619b35-b9ef-4663-b4d2-3118bf51d350;DE136763061","dovs","2026-09-23"
"t-systems international","T-Systems International GmbH","","","","Frankfurt am Main","60528","","B","Zuschlagsbeleg (P1_zuschlag_24m), Mitarbeiterzahl nicht ermittelt","P1_zuschlag_24m","0.95","https://oeffentlichevergabe.de/ui/de/notice/ocds-mnwr74-5d04226a-174a-4eed-8e17-8fcebd8f2850","2026-02-24","2","2026-02-24","DB Systel GmbH (Bukr 2B, 44);Sächsisches Staatsministerium der Finanzen","48820000;72200000","nein","UstID: DE118645675;a9155f72-e099-413f-9e37-87729783a2b5","dovs","2026-09-23"
"cykero","Cykero GmbH","","","","Berlin","10785","","B","Zuschlagsbeleg (P1_zuschlag_24m), Mitarbeiterzahl nicht ermittelt","P1_zuschlag_24m","0.95","https://oeffentlichevergabe.de/ui/de/notice/ocds-mnwr74-7608c960-3b09-4843-9d83-69eca55ef2fb","2025-12-18","2","2025-12-18","Stadt Regensburg","30213200","nein","ORG-0001","dovs","2026-09-23"
"netlight consulting","Netlight Consulting GmbH","","","","Frankfurt am Main","60329","","B","Zuschlagsbeleg (P1_zuschlag_24m), Mitarbeiterzahl nicht ermittelt","P1_zuschlag_24m","0.95","https://oeffentlichevergabe.de/ui/de/notice/ocds-mnwr74-ce5f11b0-5cc3-48e2-b8fe-d83060d1325b","2025-12-30","2","2025-12-30","Rhein-Main-Verkehrsverbund Servicegesellschaft mbH","72260000","nein","Umsatzsteuer-Identifikation: DE276206820","dovs","2026-09-23"
"fobizz | 101skills","fobizz | 101skills GmbH","","","","Hamburg","20099","","B","Zuschlagsbeleg (P1_zuschlag_24m), Mitarbeiterzahl nicht ermittelt","P1_zuschlag_24m","0.95","https://oeffentlichevergabe.de/ui/de/notice/ocds-mnwr74-86ccbe99-8219-41de-b8c8-88758cb4ca76","2025-12-16","2","2025-12-16","Bildungsministerium Rheinland-Pfalz","48931000","nein","Ust-IdNr.: DE318770192","dovs","2026-09-23"
"fidus","Fidus","","","","Darmstadt","64291","","B","Zuschlagsbeleg (P1_zuschlag_24m), Mitarbeiterzahl nicht ermittelt","P1_zuschlag_24m","0.95","https://oeffentlichevergabe.de/ui/de/notice/ocds-mnwr74-855639d7-c229-4d2e-900e-b4c72d00e4a3","2025-12-09","2","2025-12-09","Universitätsklinikum Halle (Saale) AöR","48814400","ja","DE192006242","dovs","2026-09-23"
"open reply","Open Reply GmbH","","","","Gütersloh","33334","","B","Zuschlagsbeleg (P1_zuschlag_24m), Mitarbeiterzahl nicht ermittelt","P1_zuschlag_24m","0.95","https://oeffentlichevergabe.de/ui/de/notice/ocds-mnwr74-6d0d0f6f-0dbe-40e1-b17a-53bd91cf072f","2025-11-28","2","2025-11-28","Freistaat Thüringen vertreten durch das Thüringer Ministerium für Soziales, Gesundheit, Arbeit und Familie","72230000","nein","HRB10323 (AG Gütersloh)","dovs","2026-09-23"
"ebp deutschland","EBP Deutschland GmbH","","","","Berlin","10557","","B","Zuschlagsbeleg (P1_zuschlag_24m), Mitarbeiterzahl nicht ermittelt","P1_zuschlag_24m","0.95","https://oeffentlichevergabe.de/ui/de/notice/ocds-mnwr74-3c0d61c6-4477-4e37-ace0-fb9b04fd7181","2025-12-16","2","2025-12-16","Deutscher Wetterdienst;Landesbaudirektion Bayern","72000000;72212100","nein","991-01769-82;DE152768391","dovs","2026-09-23"
"wiresoft","Wiresoft AG","","","","Baar","CH-6340","","B","Zuschlagsbeleg (P1_zuschlag_24m), Mitarbeiterzahl nicht ermittelt","P1_zuschlag_24m","0.95","https://oeffentlichevergabe.de/ui/de/notice/ocds-mnwr74-bc6f9057-ef13-447b-908e-c9c51236c4e2","2025-11-10","2","2025-11-10","Landkreis Zwickau - Landratsamt;Stadt Arnsberg","48000000","nein","CHE-112.097.691;UStID.CHE-112.097.691","dovs","2026-09-23"
"deutsche telekom business solution gmbh public sector-laender und kommunen","Deutsche Telekom Business Solution GmbH
Public Sector - Länder und Kommunen","","","","Magdeburg","39124","","B","Zuschlagsbeleg (P1_zuschlag_24m), Mitarbeiterzahl nicht ermittelt","P1_zuschlag_24m","0.95","https://oeffentlichevergabe.de/ui/de/notice/ocds-mnwr74-12a538ea-1b8c-4c75-8d9b-7ce54bf0f115","2025-10-06","2","2025-10-06","Landeshauptstadt Magdeburg, Die Oberbürgermeisterin","64210000","nein","HR 19645","dovs","2026-09-23"
"datavision deutschland","DataVision Deutschland GmbH","","","","Düsseldorf","40589","","B","Zuschlagsbeleg (P1_zuschlag_24m), Mitarbeiterzahl nicht ermittelt","P1_zuschlag_24m","0.95","https://oeffentlichevergabe.de/ui/de/notice/ocds-mnwr74-be14b5ea-6519-420a-aff3-671010559b79","2025-10-22","2","2025-10-22","Stadt Regensburg","30210000","nein","DE 811848009","dovs","2026-09-23"
"heinekingmedia","heinekingmedia GmbH","","","","Hannover","30161","","B","Zuschlagsbeleg (P1_zuschlag_24m), Mitarbeiterzahl nicht ermittelt","P1_zuschlag_24m","0.95","https://oeffentlichevergabe.de/ui/de/notice/ocds-mnwr74-42ae1559-c7ea-4055-bda5-d8bd037ae515","2026-08-31","1","2026-08-31","Landkreis Celle","30231000","nein","DE813777792","dovs","2026-09-23"
"quantum coorporation","Quantum Coorporation","","","","München","80538","","B","Zuschlagsbeleg (P1_zuschlag_24m), Mitarbeiterzahl nicht ermittelt","P1_zuschlag_24m","0.95","https://oeffentlichevergabe.de/ui/de/notice/ocds-mnwr74-66bf3ccb-e198-4494-858b-2063f565fe75","2026-08-25","1","2026-08-25","Max-Planck-Gesellschaft zur Förderung der Wissenschaften e. V.","30233160","nein","HRA 109088","dovs","2026-09-23"
"gisa","GISA GmbH","","","","Halle (Saale)","06112","","B","Zuschlagsbeleg (P1_zuschlag_24m), Mitarbeiterzahl nicht ermittelt","P1_zuschlag_24m","0.95","https://oeffentlichevergabe.de/ui/de/notice/ocds-mnwr74-2054194d-8363-4932-9fc0-4cd0d77c2e12","2026-07-10","1","2026-07-10","GFZ Helmholtz-Zentrum für Geoforschung","72260000","nein","USt-IdNr: DE158253683","dovs","2026-09-23"
"instikom","InstiKom GmbH","","","","Würzburg","97076","","B","Zuschlagsbeleg (P1_zuschlag_24m), Mitarbeiterzahl nicht ermittelt","P1_zuschlag_24m","0.95","https://oeffentlichevergabe.de/ui/de/notice/ocds-mnwr74-aaf6f9ea-8a6c-42f1-86fe-5fb6a8854c3b","2026-08-26","1","2026-08-26","Stadt Ulm - Zentrale Vergabestelle Liefer- und Dienstleistungen","48510000","nein","DE318475274","dovs","2026-09-23"
"telekom deutschland gmbh lk be","Telekom Deutschland GmbH LK BE","","","","Berlin","10117","","B","Zuschlagsbeleg (P1_zuschlag_24m), Mitarbeiterzahl nicht ermittelt","P1_zuschlag_24m","0.95","https://oeffentlichevergabe.de/ui/de/notice/ocds-mnwr74-9a8d4c4b-2dee-4532-ba65-49023c0a08d7","2026-04-14","1","2026-04-14","WBM Wohnungsbaugesellschaft Berlin-Mitte mbH","64212000","nein","WBF Wohnungsbaugesellschaft Friedrichshain mbH","dovs","2026-09-23"
"conet deutschland","conet Deutschland GmbH","","","","Bonn","53113","","B","Zuschlagsbeleg (P1_zuschlag_24m), Mitarbeiterzahl nicht ermittelt","P1_zuschlag_24m","0.95","https://oeffentlichevergabe.de/ui/de/notice/ocds-mnwr74-e79e79a7-3f45-44f7-b0aa-5e9bbb772a83","2026-08-10","1","2026-08-10","Bundesministerium für Umwelt, Klimaschutz, Naturschutz und nukleare Sicherheit ","72000000","nein","UStID. DE814495408","dovs","2026-09-23"
"ssystems","ssystems GmbH","","","","Muenchen","80804","","B","Zuschlagsbeleg (P1_zuschlag_24m), Mitarbeiterzahl nicht ermittelt","P1_zuschlag_24m","0.95","https://oeffentlichevergabe.de/ui/de/notice/ocds-mnwr74-f4ef8d69-2aff-4990-814d-ce657a1fc1a6","2026-09-07","1","2026-09-07","Hochschule Weihenstephan-Triesdorf","72261000","nein","854da49e-cb9a-4668-96c4-280638fe5f01","dovs","2026-09-23"
"derovis","Derovis GmbH","","","","Berlin","12681","","B","Zuschlagsbeleg (P1_zuschlag_24m), Mitarbeiterzahl nicht ermittelt","P1_zuschlag_24m","0.95","https://oeffentlichevergabe.de/ui/de/notice/ocds-mnwr74-8ce9e910-cea3-43bd-a090-fa1478e2ae9b","2026-07-30","1","2026-07-30","REVG Rhein-Erft-Verkehrsgesellschaft mbH","72260000","nein","DE258431558","dovs","2026-09-23"
"condat","Condat AG","","","","Berlin","10559","","B","Zuschlagsbeleg (P1_zuschlag_24m), Mitarbeiterzahl nicht ermittelt","P1_zuschlag_24m","0.95","https://oeffentlichevergabe.de/ui/de/notice/ocds-mnwr74-cfeb5833-a727-4163-b89b-7bd391ad34aa","2026-09-08","1","2026-09-08","Berufsgenossenschaft für Gesundheitsdienst und Wohlfahrtspflege (BGW)","72200000","nein","DE813445784","dovs","2026-09-23"
"team23","TEAM23 GmbH","","","","Augsburg","86153","","B","Zuschlagsbeleg (P1_zuschlag_24m), Mitarbeiterzahl nicht ermittelt","P1_zuschlag_24m","0.95","https://oeffentlichevergabe.de/ui/de/notice/ocds-mnwr74-16305b81-8280-4b76-a9f3-e72c8e3a11f0","2026-09-14","1","2026-09-14","Stadt Augsburg","72000000","nein","DE 308 873 371","dovs","2026-09-23"
"isgus","ISGUS GmbH","","","","Erfurt","99092","","B","Zuschlagsbeleg (P1_zuschlag_24m), Mitarbeiterzahl nicht ermittelt","P1_zuschlag_24m","0.95","https://oeffentlichevergabe.de/ui/de/notice/ocds-mnwr74-6305d62a-8938-470a-98ab-de3bf799b291","2026-08-18","1","2026-08-18","Leitstelle für Informationstechnologie der sächsischen Justiz","72268000","nein","DE211242988","dovs","2026-09-23"
"netline computer und netzwerksysteme","Netline Computer & Netzwerksysteme GmbH","","","","Nörten-Hardenberg","37176","","B","Zuschlagsbeleg (P1_zuschlag_24m), Mitarbeiterzahl nicht ermittelt","P1_zuschlag_24m","0.95","https://oeffentlichevergabe.de/ui/de/notice/ocds-mnwr74-67f0de61-7546-4219-8600-d6301af8d1ff","2026-09-16","1","2026-09-16","Universitätsmedizin Göttingen (UMG), Stiftung Öffentlichen Rechts","48000000","nein","DE 156 266 055","dovs","2026-09-23"
"8com","8com GmbH & Co. KG","","","","67434","Neustadt","","B","Zuschlagsbeleg (P1_zuschlag_24m), Mitarbeiterzahl nicht ermittelt","P1_zuschlag_24m","0.95","https://oeffentlichevergabe.de/ui/de/notice/ocds-mnwr74-b1000000-c0de-4000-a000-00d461522403","2026-07-07","1","2026-07-07","Kreis Schleswig-Flensburg - Der Landrat","72222100","nein","T: 06321484462093","dovs","2026-09-23"
"aixom","aixom GmbH","","","","Stuttgart","70173","","B","Zuschlagsbeleg (P1_zuschlag_24m), Mitarbeiterzahl nicht ermittelt","P1_zuschlag_24m","0.95","https://oeffentlichevergabe.de/ui/de/notice/ocds-mnwr74-f50b8133-a74e-4175-8aa2-56517e53b4ce","2026-09-14","1","2026-09-14","FMS Wertmanagement AöR (Anstalt öffentlichen Rechts)","72260000","nein","HRB794103","dovs","2026-09-23"
"avelios medical","Avelios Medical GmbH","","","","München","80339","","B","Zuschlagsbeleg (P1_zuschlag_24m), Mitarbeiterzahl nicht ermittelt","P1_zuschlag_24m","0.95","https://oeffentlichevergabe.de/ui/de/notice/ocds-mnwr74-dde50bb3-7e51-4e39-922e-189fd7085b77","2026-08-03","1","2026-08-03","Klinikum der Landeshauptstadt Stuttgart gKAöR","72000000","nein","071127832414","dovs","2026-09-23"
"ceyoniq technology","Ceyoniq Technology GmbH","","","","Bielefeld","33613","","B","Zuschlagsbeleg (P1_zuschlag_24m), Mitarbeiterzahl nicht ermittelt","P1_zuschlag_24m","0.95","https://oeffentlichevergabe.de/ui/de/notice/ocds-mnwr74-b51941bc-8d4a-430d-a85e-e68273e0fe91","2026-08-21","1","2026-08-21","Berliner Stadtreinigungsbetriebe AöR","48000000","nein","DE813503229","dovs","2026-09-23"
"siemens healthineers","Siemens Healthineers AG","","","","Forchheim","91301","","B","Zuschlagsbeleg (P1_zuschlag_24m), Mitarbeiterzahl nicht ermittelt","P1_zuschlag_24m","0.95","https://oeffentlichevergabe.de/ui/de/notice/ocds-mnwr74-0c863f58-0f18-4f56-bedf-75186dcdb214","2026-09-22","1","2026-09-22","Asklepios Klinik Weißenfels GmbH","48100000","nein","DE 315879502","dovs","2026-09-23"
"shc netzwerktechnik","SHC Netzwerktechnik GmbH","","","","Berlin","13507","","B","Zuschlagsbeleg (P1_zuschlag_24m), Mitarbeiterzahl nicht ermittelt","P1_zuschlag_24m","0.95","https://oeffentlichevergabe.de/ui/de/notice/ocds-mnwr74-f813c816-304c-4b93-881c-e04d2314f803","2026-07-31","1","2026-07-31","Museum für Naturkunde
Leibniz-Institut für Evolutions- und Biodiversitätsforschung","48760000","nein","HRB 74301","dovs","2026-09-23"
"frequentis deutschland","Frequentis Deutschland GmbH","","","","Langen","63225","","B","Zuschlagsbeleg (P1_zuschlag_24m), Mitarbeiterzahl nicht ermittelt","P1_zuschlag_24m","0.95","https://oeffentlichevergabe.de/ui/de/notice/ocds-mnwr74-17666f32-473d-4c2b-9316-e2a8e0558cd2","2026-05-18","1","2026-05-18","Ennepe-Ruhr-Kreis","72000000","nein","DE154335662","dovs","2026-09-23"
"fme","fme AG","","","","Braunschweig","38102","","B","Zuschlagsbeleg (P1_zuschlag_24m), Mitarbeiterzahl nicht ermittelt","P1_zuschlag_24m","0.95","https://oeffentlichevergabe.de/ui/de/notice/ocds-mnwr74-f5778436-3fe4-4e69-9826-fec5cb959ebf","2026-08-04","1","2026-08-04","Berliner Feuerwehr","48482000","nein","DE178236072","dovs","2026-09-23"
"toolboxx-media ug haftungsbeschraenkt","toolboxx-media UG (haftungsbeschränkt)","","","","Magdeburg","39112","","B","Zuschlagsbeleg (P1_zuschlag_24m), Mitarbeiterzahl nicht ermittelt","P1_zuschlag_24m","0.95","https://oeffentlichevergabe.de/ui/de/notice/ocds-mnwr74-ac40f309-27cb-4849-bcdf-d2a3491a09f7","2026-08-04","1","2026-08-04","Land Berlin, vertreten durch Senatsverwaltung für Arbeit, Soziales, Gleichstellung, Integration, Vielfalt und Antidiskriminierung","72260000","nein","DE289951118","dovs","2026-09-23"
"deloitte ip","Deloitte IP GmbH","","","","Düsseldorf","40476","","B","Zuschlagsbeleg (P1_zuschlag_24m), Mitarbeiterzahl nicht ermittelt","P1_zuschlag_24m","0.95","https://oeffentlichevergabe.de/ui/de/notice/ocds-mnwr74-86a750ee-4679-40a0-98f4-c83b299ab821","2026-07-30","1","2026-07-30","FMS Wertmanagement AöR","72260000","nein","HRB 81445","dovs","2026-09-23"
"boc information technologies consulting","BOC Information Technologies Consulting GmbH","","","","Berlin","10245","","B","Zuschlagsbeleg (P1_zuschlag_24m), Mitarbeiterzahl nicht ermittelt","P1_zuschlag_24m","0.95","https://oeffentlichevergabe.de/ui/de/notice/ocds-mnwr74-86a750ee-4679-40a0-98f4-c83b299ab821","2026-07-30","1","2026-07-30","FMS Wertmanagement AöR","72260000","nein","HRB 61469","dovs","2026-09-23"
"dalco ag industriestr 28 8604 volketswil","DALCO AG
Industriestr. 28
8604 Volketswil","","","","Volketswil","8604","","B","Zuschlagsbeleg (P1_zuschlag_24m), Mitarbeiterzahl nicht ermittelt","P1_zuschlag_24m","0.95","https://oeffentlichevergabe.de/ui/de/notice/ocds-mnwr74-0087cbf1-431b-415b-ae6f-cdf743eb414c","2026-07-28","1","2026-07-28","Albert-Ludwigs-Universität Freiburg","30211300","nein","DALCO AG","dovs","2026-09-23"
"airitsystems","AirITSystems GmbH","","",""," Langenhagen","30855","","B","Zuschlagsbeleg (P1_zuschlag_24m), Mitarbeiterzahl nicht ermittelt","P1_zuschlag_24m","0.95","https://oeffentlichevergabe.de/ui/de/notice/ocds-mnwr74-1aeacb9f-578e-4b17-ac5f-efb8d7bb361d","2026-08-10","1","2026-08-10","Kassenärztliche Vereinigung Sachsen","48626000","nein","DE 217 954 781","dovs","2026-09-23"
"tuev trust it gmbh unternehmensgruppe tuev austria","TÜV TRUST IT GMBH UNTERNEHMENSGRUPPE TÜV AUSTRIA","","","","Köln","51069","","B","Zuschlagsbeleg (P1_zuschlag_24m), Mitarbeiterzahl nicht ermittelt","P1_zuschlag_24m","0.95","https://oeffentlichevergabe.de/ui/de/notice/ocds-mnwr74-0800fbfa-d126-4fa6-9045-090fabf74ffa","2026-07-29","1","2026-07-29","Landesbetrieb Straßenbau und Verkehr Schleswig-Holstein, Standort Kiel","72260000","nein","DE266780629","dovs","2026-09-23"
"ws it-systeme","WS IT-Systeme GmbH","","","","Vohburg a. d. Donau","85088","","B","Zuschlagsbeleg (P1_zuschlag_24m), Mitarbeiterzahl nicht ermittelt","P1_zuschlag_24m","0.95","https://oeffentlichevergabe.de/ui/de/notice/ocds-mnwr74-ca663451-8d0a-4e08-a77f-81032eea3de5","2026-08-10","1","2026-08-10","Landkreis Augsburg - Vergabestelle","30213100","nein","DE322683603","dovs","2026-09-23"
"kommunix","Kommunix GmbH","","","","Unna","59425","","B","Zuschlagsbeleg (P1_zuschlag_24m), Mitarbeiterzahl nicht ermittelt","P1_zuschlag_24m","0.95","https://oeffentlichevergabe.de/ui/de/notice/ocds-mnwr74-274ce478-f42b-4902-b825-92ae81a6ff80","2026-07-13","1","2026-07-13","Stadt Ingolstadt","48000000","nein","DE 124898028","dovs","2026-09-23"
"dts systeme","DTS Systeme GmbH","","","","Herford","32051","","B","Zuschlagsbeleg (P1_zuschlag_24m), Mitarbeiterzahl nicht ermittelt","P1_zuschlag_24m","0.95","https://oeffentlichevergabe.de/ui/de/notice/ocds-mnwr74-425a5b15-9660-4afd-8091-75751dfc6ec2","2026-08-12","1","2026-08-12","Landkreis Celle","48000000","nein","DE 125346465","dovs","2026-09-23"
"consulting4it","Consulting4It GmbH","","","","Waldbronn","76337","","B","Zuschlagsbeleg (P1_zuschlag_24m), Mitarbeiterzahl nicht ermittelt","P1_zuschlag_24m","0.95","https://oeffentlichevergabe.de/ui/de/notice/ocds-mnwr74-511fdd1c-6457-4d38-b022-b62bd156063c","2026-08-13","1","2026-08-13","Landratsamt Heilbronn","48000000","nein","DE228984804","dovs","2026-09-23"
"groundkeeper ug haftungsbeschraenkt","Groundkeeper UG (haftungsbeschränkt)","","","","Kiel","24118","","B","Zuschlagsbeleg (P1_zuschlag_24m), Mitarbeiterzahl nicht ermittelt","P1_zuschlag_24m","0.95","https://oeffentlichevergabe.de/ui/de/notice/ocds-mnwr74-51644995-950d-41d4-9932-8afba65d36c0","2026-08-11","1","2026-08-11","Land Berlin, vertreten durch Senatsverwaltung für Arbeit, Soziales, Gleichstellung, Integration, Vielfalt und Antidiskriminierung","72000000","nein","11-1301150000-74","dovs","2026-09-23"
"iges institut","IGES Institut GmbH","","","","Berlin","10117","","B","Zuschlagsbeleg (P1_zuschlag_24m), Mitarbeiterzahl nicht ermittelt","P1_zuschlag_24m","0.95","https://oeffentlichevergabe.de/ui/de/notice/ocds-mnwr74-87deec8c-3144-41c7-a6cb-2c2194ccff2c","2026-08-10","1","2026-08-10","IDG Institut für digitale Gesundheitsdaten RLP gGmbH","72316000","nein","DE452485295","dovs","2026-09-23"
"mai – spheos bestehend aus den mitgliedern xpose360 gmbh digitalberatung gmbh leonex internet gmbh spheos gmbh vertreten durch die xpose360","MAI – spheos, bestehend aus den Mitgliedern xpose360 GmbH, Digitalberatung GmbH, Leonex Internet GmbH, spheos GmbH, vertreten durch die xpose360 GmbH","","","","Hamburg","22303","","B","Zuschlagsbeleg (P1_zuschlag_24m), Mitarbeiterzahl nicht ermittelt","P1_zuschlag_24m","0.95","https://oeffentlichevergabe.de/ui/de/notice/ocds-mnwr74-589bbd1b-ae50-4604-8348-3122bb6e6b80","2026-08-18","1","2026-08-18","Olympiapark München GmbH","72000000","ja","n-a","dovs","2026-09-23"
"t-systems information services","T-Systems Information Services GmbH","","","","Berlin","10587","","B","Zuschlagsbeleg (P1_zuschlag_24m), Mitarbeiterzahl nicht ermittelt","P1_zuschlag_24m","0.95","https://oeffentlichevergabe.de/ui/de/notice/ocds-mnwr74-6a684de7-c72f-4b9b-9bca-326c655d8d15","2026-08-04","1","2026-08-04","Polizei Berlin","72212000","nein","DE193456493","dovs","2026-09-23"
"venturo ingenieurgesellschaft","Venturo Ingenieurgesellschaft mbH","","","","Berlin","12205","","B","Zuschlagsbeleg (P1_zuschlag_24m), Mitarbeiterzahl nicht ermittelt","P1_zuschlag_24m","0.95","https://oeffentlichevergabe.de/ui/de/notice/ocds-mnwr74-7031ed12-1742-48c4-8bbf-28397578ca98","2026-08-20","1","2026-08-20","ZRE Zentrum für Ressourcen und Energie GmbH","72220000","nein","0000","dovs","2026-09-23"
"studio 38 pure communication","studio 38 pure communication GmbH","","","","Berlin","10437","","B","Zuschlagsbeleg (P1_zuschlag_24m), Mitarbeiterzahl nicht ermittelt","P1_zuschlag_24m","0.95","https://oeffentlichevergabe.de/ui/de/notice/ocds-mnwr74-33819be5-5db6-4526-a4c7-076d5aa7ac60","2026-08-10","1","2026-08-10","Kulturraum Berlin gGmbH","72230000","nein","DE 813258769","dovs","2026-09-23"
"arvato systems","Arvato Systems GmbH","","","","Gütersloh","33333","","B","Zuschlagsbeleg (P1_zuschlag_24m), Mitarbeiterzahl nicht ermittelt","P1_zuschlag_24m","0.95","https://oeffentlichevergabe.de/ui/de/notice/ocds-mnwr74-e41c0cbf-9174-46cf-bd87-c6c9c99eba73","2026-08-18","1","2026-08-18","TenneT TSO GmbH","72000000","nein","3981","dovs","2026-09-23"
"virtimo","Virtimo AG","","","","Berlin","10245","","B","Zuschlagsbeleg (P1_zuschlag_24m), Mitarbeiterzahl nicht ermittelt","P1_zuschlag_24m","0.95","https://oeffentlichevergabe.de/ui/de/notice/ocds-mnwr74-3388fc07-c436-4bef-998a-8c2f83e2656f","2026-07-21","1","2026-07-21","TenneT TSO GmbH","72000000","nein","HRB13128B","dovs","2026-09-23"
"swu telenet","SWU TeleNet GmbH","","","","Ulm","89077","","B","Zuschlagsbeleg (P1_zuschlag_24m), Mitarbeiterzahl nicht ermittelt","P1_zuschlag_24m","0.95","https://oeffentlichevergabe.de/ui/de/notice/ocds-mnwr74-75b78908-3b59-4697-8414-2ea22f9523b2","2026-06-18","1","2026-06-18","Stadt Ulm - Zentrale Vergabestelle Liefer- und Dienstleistungen","72210000","nein","DE 147035610","dovs","2026-09-23"
"exterro inc","Exterro, Inc.","","","","New York","10038","","B","Zuschlagsbeleg (P1_zuschlag_24m), Mitarbeiterzahl nicht ermittelt","P1_zuschlag_24m","0.95","https://oeffentlichevergabe.de/ui/de/notice/ocds-mnwr74-f9c6472b-9b6c-464a-b3dc-d69c23e795e8","2026-07-01","1","2026-07-01","Freistaat Bayern vertreten durch das Bayerische Landesamt für
Steuern - Zentrale Vergabestelle (Referat Z 2)","48600000","nein","123456","dovs","2026-09-23"
"aurex","AUREX GmbH","","","","Köln","50823","","B","Zuschlagsbeleg (P1_zuschlag_24m), Mitarbeiterzahl nicht ermittelt","P1_zuschlag_24m","0.95","https://oeffentlichevergabe.de/ui/de/notice/ocds-mnwr74-518eed3b-9705-4333-a8ac-64895143ab29","2026-07-07","1","2026-07-07","KfW Bankengruppe","72260000","nein","d5338535-d22c-47fe-93a3-a317acff8d71","dovs","2026-09-23"
"argos security","Argos Security GmbH","","","","München","81379","","B","Zuschlagsbeleg (P1_zuschlag_24m), Mitarbeiterzahl nicht ermittelt","P1_zuschlag_24m","0.95","https://oeffentlichevergabe.de/ui/de/notice/ocds-mnwr74-9195c88c-a164-4629-a7e1-91886d2cd71a","2026-06-11","1","2026-06-11","Klinikum Lippe GmbH","48000000","nein","DE457351414","dovs","2026-09-23"
"mensch und maschine deutschland","Mensch und Maschine Deutschland GmbH","","","","Wessling","82234","","B","Zuschlagsbeleg (P1_zuschlag_24m), Mitarbeiterzahl nicht ermittelt","P1_zuschlag_24m","0.95","https://oeffentlichevergabe.de/ui/de/notice/ocds-mnwr74-d148e340-55ea-4c30-9e93-b2e30acd759f","2026-07-06","1","2026-07-06","Landeshauptstadt Hannover - Fachbereich Personal und Organisation","48000000","nein","DE 157469349","dovs","2026-09-23"
"cpro industry projects und solutions","Cpro Industry Projects & Solutions GmbH","","","","Hamburg","22083","","B","Zuschlagsbeleg (P1_zuschlag_24m), Mitarbeiterzahl nicht ermittelt","P1_zuschlag_24m","0.95","https://oeffentlichevergabe.de/ui/de/notice/ocds-mnwr74-916b6537-ae75-4b61-aab5-d2369ad3de6c","2026-07-13","1","2026-07-13","Hamburg Port Authority AöR","72200000","nein","DE231559214","dovs","2026-09-23"
"payone","PAYONE GmbH","","","","Frankfurt am Main","60528","","B","Zuschlagsbeleg (P1_zuschlag_24m), Mitarbeiterzahl nicht ermittelt","P1_zuschlag_24m","0.95","https://oeffentlichevergabe.de/ui/de/notice/ocds-mnwr74-f299e25d-f468-4321-b027-2036cec88afe","2026-07-10","1","2026-07-10","Personenverkehrsgesellschaft
PVG Burgenlandkreis mbH","48110000","nein","UStID: DE185996311","dovs","2026-09-23"
"acs group","ACS Group GmbH","","","","Ottobrunn","85521","","B","Zuschlagsbeleg (P1_zuschlag_24m), Mitarbeiterzahl nicht ermittelt","P1_zuschlag_24m","0.95","https://oeffentlichevergabe.de/ui/de/notice/ocds-mnwr74-7d8034c5-3ef3-40d3-b92d-30384bd42de9","2026-07-16","1","2026-07-16","Landkreis Augsburg - Vergabestelle","30213200","nein","DE192860620","dovs","2026-09-23"
"axon ivy ag zweigniederlassung muenchen","Axon Ivy AG, Zweigniederlassung München","","","","München","80809","","B","Zuschlagsbeleg (P1_zuschlag_24m), Mitarbeiterzahl nicht ermittelt","P1_zuschlag_24m","0.95","https://oeffentlichevergabe.de/ui/de/notice/ocds-mnwr74-8b3c0f1d-2aef-4995-9908-a1b7dc82267f","2026-07-21","1","2026-07-21","Universitätsklinikum Halle (Saale) AöR","48100000","nein","UStID.DE 272 007 219","dovs","2026-09-23"
"okeanos smart data solutions seba hydrometrie gmbh und co kg riwa gmbh vertreten durch die okeanos smart data solutions","Okeanos Smart Data Solutions, SEBA Hydrometrie GmbH & Co. KG, RIWA GmbH vertreten durch die Okeanos Smart Data Solutions","","","","Bochum","44787","","B","Zuschlagsbeleg (P1_zuschlag_24m), Mitarbeiterzahl nicht ermittelt","P1_zuschlag_24m","0.95","https://oeffentlichevergabe.de/ui/de/notice/ocds-mnwr74-842c1bd5-3d75-43d8-bef7-e89eba2af613","2026-07-20","1","2026-07-20","Arbeitsgemeinschaft Solidarischer Hochwasserschutz e.V.","72263000","ja","023-4 93-247-988","dovs","2026-09-23"
"tixly","Tixly GmbH","","","","München","80335","","B","Zuschlagsbeleg (P1_zuschlag_24m), Mitarbeiterzahl nicht ermittelt","P1_zuschlag_24m","0.95","https://oeffentlichevergabe.de/ui/de/notice/ocds-mnwr74-eb6f9d58-809f-487d-b487-3dd62ac33661","2026-06-23","1","2026-06-23","Stadt Heilbronn Rechtsamt - Zentrales Vergabemanagement -","48000000","nein","DE342139631","dovs","2026-09-23"
"pbit systeme","PBIT Systeme GmbH & Co. KG","","","","Cottbus","03046","","B","Zuschlagsbeleg (P1_zuschlag_24m), Mitarbeiterzahl nicht ermittelt","P1_zuschlag_24m","0.95","https://oeffentlichevergabe.de/ui/de/notice/ocds-mnwr74-2cdf4bbd-7bd9-4c9a-8e05-b0e391704307","2026-06-25","1","2026-06-25","neu-itec GmbH","48000000","nein","DE302250232","dovs","2026-09-23"
"trapeze group deutschland","Trapeze Group Deutschland GmbH","","","","Braunschweig","38112","","B","Zuschlagsbeleg (P1_zuschlag_24m), Mitarbeiterzahl nicht ermittelt","P1_zuschlag_24m","0.95","https://oeffentlichevergabe.de/ui/de/notice/ocds-mnwr74-f246e222-91e5-4048-acec-b461f2fbc559","2026-07-07","1","2026-07-07","Nahverkehrsservice Sachsen-Anhalt GmbH (NASA GmbH)","48100000","nein","110579","dovs","2026-09-23"
"deborate","deborate GmbH","","","","Unterhaching","82008","","B","Zuschlagsbeleg (P2_zuschlag_48m), Mitarbeiterzahl nicht ermittelt","P2_zuschlag_48m","0.85","https://oeffentlichevergabe.de/ui/de/notice/ocds-mnwr74-da2b5ae3-d351-4c74-a94f-6687312ab77f","2024-05-07","1","2024-05-07","Bayerisches Landesamt für Umwelt","72260000","nein","HRB 133971","dovs","2026-09-23"
"bmu hoffmann und jakobs","BMU HOFFMANN & JAKOBS","","","","Sinzig","53489","","B","Zuschlagsbeleg (P1_zuschlag_24m), Mitarbeiterzahl nicht ermittelt","P1_zuschlag_24m","0.95","https://oeffentlichevergabe.de/ui/de/notice/ocds-mnwr74-72df2f43-4cf9-42d6-a7ab-f5fff2381245","2026-06-26","1","2026-06-26","Bundesministerium für Umwelt, Klimaschutz, Naturschutz und nukleare Sicherheit ","72000000","ja","USTID. DE304974080","dovs","2026-09-23"
"geva group","GEVA Group AG","","","","Aachen","52074","","B","Zuschlagsbeleg (P1_zuschlag_24m), Mitarbeiterzahl nicht ermittelt","P1_zuschlag_24m","0.95","https://oeffentlichevergabe.de/ui/de/notice/ocds-mnwr74-2e5daf25-eda9-44c7-9ab1-cf21c705d709","2026-07-06","1","2026-07-06","Kemptener Kommunalunternehmen (KKU)","72310000","nein","5207452074","dovs","2026-09-23"
"dynasys datentechnik","dynasys Datentechnik GmbH","","","","Augsburg","86167","","B","Zuschlagsbeleg (P1_zuschlag_24m), Mitarbeiterzahl nicht ermittelt","P1_zuschlag_24m","0.95","https://oeffentlichevergabe.de/ui/de/notice/ocds-mnwr74-1c845d82-710e-4499-a872-2658613fb039","2026-07-24","1","2026-07-24","Landkreis Augsburg - Vergabestelle","30213300","nein","DE812245774","dovs","2026-09-23"
"fonn group germany","Fonn Group Germany GMBH","","","","München","80807","","B","Zuschlagsbeleg (P1_zuschlag_24m), Mitarbeiterzahl nicht ermittelt","P1_zuschlag_24m","0.95","https://oeffentlichevergabe.de/ui/de/notice/ocds-mnwr74-302ed4ec-99c9-4ed2-b309-07c5307a26ab","2026-07-24","1","2026-07-24","Zweites Deutsches Fernsehen","48000000","nein","DE341586294","dovs","2026-09-23"
"prisma solutions deutschland","PRISMA solutions Deutschland GmbH","","","","Frankfurt am Main","60549","","B","Zuschlagsbeleg (P1_zuschlag_24m), Mitarbeiterzahl nicht ermittelt","P1_zuschlag_24m","0.95","https://oeffentlichevergabe.de/ui/de/notice/ocds-mnwr74-d3823c35-4a72-4b7d-a496-db4a804e4fb9","2026-07-07","1","2026-07-07","Land Berlin, Senatsverwaltung für Mobilität, Verkehr, Klimaschutz und Umwelt","48000000","nein","DE305260288","dovs","2026-09-23"
"media broadcast","Media Broadcast GmbH","","","","Köln","51103","","B","Zuschlagsbeleg (P1_zuschlag_24m), Mitarbeiterzahl nicht ermittelt","P1_zuschlag_24m","0.95","https://oeffentlichevergabe.de/ui/de/notice/ocds-mnwr74-b4376a90-53f6-4713-a079-d535c029dbea","2026-07-24","1","2026-07-24","Zweites Deutsches Fernsehen","72720000","nein","DE 253 828 051","dovs","2026-09-23"
"scaltel","SCALTEL GmbH & Co. KG","","","","Waltenhofen","87448","","B","Zuschlagsbeleg (P1_zuschlag_24m), Mitarbeiterzahl nicht ermittelt","P1_zuschlag_24m","0.95","https://oeffentlichevergabe.de/ui/de/notice/ocds-mnwr74-e4acedc6-0045-42e7-92c3-d2bd4524c689","2026-07-24","1","2026-07-24","Stadt Augsburg","72000000","nein","DE361095338","dovs","2026-09-23"
"ihp","IHP GmbH","","","","Fraunkfurt (Oder)","15236","","B","Zuschlagsbeleg (P1_zuschlag_24m), Mitarbeiterzahl nicht ermittelt","P1_zuschlag_24m","0.95","https://oeffentlichevergabe.de/ui/de/notice/ocds-mnwr74-97a1b68f-d189-4fac-9ed4-f055f750c724","2026-07-17","1","2026-07-17","Bundesamt für Sicherheit in der Informationstechnik","72000000","nein","000000000","dovs","2026-09-23"
"hvcc hamburg vessel coordination center","HVCC Hamburg Vessel Coordination Center GmbH","","","","Hamburg","20457","","B","Zuschlagsbeleg (P1_zuschlag_24m), Mitarbeiterzahl nicht ermittelt","P1_zuschlag_24m","0.95","https://oeffentlichevergabe.de/ui/de/notice/ocds-mnwr74-3ac09825-13fc-41a9-904e-2277d7d39615","2026-03-31","1","2026-03-31","Freie Hansestadt Bremen (Stadtgemeinde) Sonstiges Sondervermögen Hafen vertreten durch die bremenports GmbH & Co. KG
diese vertreten durch die bremenports Beteiligungs-GmbH
diese vertreten durch ihre Geschäftsführung","48100000","nein","UStID. DE265465108","dovs","2026-09-23"
"datagroup business solutions gmbh-berlin","DATAGROUP Business Solutions GmbH - Berlin","","","","Berlin","12059","","B","Zuschlagsbeleg (P1_zuschlag_24m), Mitarbeiterzahl nicht ermittelt","P1_zuschlag_24m","0.95","https://oeffentlichevergabe.de/ui/de/notice/ocds-mnwr74-ff24cd63-3e31-424e-9400-89ef50c3c797","2026-06-02","1","2026-06-02","BEW Berliner Energie und Wärme GmbH","72120000","nein","2ffe674f-7797-49e6-8c5f-6db144f1afb2","dovs","2026-09-23"
"ibm deutschland","IBM Deutschland GmbH","","","","Ehningen","71139","","B","Zuschlagsbeleg (P2_zuschlag_48m), Mitarbeiterzahl nicht ermittelt","P2_zuschlag_48m","0.85","https://oeffentlichevergabe.de/ui/de/notice/ocds-mnwr74-f6a3d9e8-38ae-4f96-9afa-352e3fb58ef6","2023-12-01","1","2023-12-01","Forschungszentrum Jülich GmbH","30211100","nein","DE145178813","dovs","2026-09-23"
"gis consult","GIS Consult GmbH","","","","Haltern am See","45721","","B","Zuschlagsbeleg (P1_zuschlag_24m), Mitarbeiterzahl nicht ermittelt","P1_zuschlag_24m","0.95","https://oeffentlichevergabe.de/ui/de/notice/ocds-mnwr74-61f96ed2-7207-4ecc-84f5-3f37f1ed41e8","2026-06-07","1","2026-06-07","Bundesanstalt für Straßen- und Verkehrswesen","72200000","nein","DE 186 141 696","dovs","2026-09-23"
"ebf-edv beratung foellmer","EBF - EDV Beratung Föllmer GmbH","","","","Köln","50988","","B","Zuschlagsbeleg (P1_zuschlag_24m), Mitarbeiterzahl nicht ermittelt","P1_zuschlag_24m","0.95","https://oeffentlichevergabe.de/ui/de/notice/ocds-mnwr74-75233da7-5fb0-4720-9603-9fed5c7c2336","2026-05-20","1","2026-05-20","Berufsgenossenschaft für Gesundheitsdienst und Wohlfahrtspflege (BGW)","48000000","nein","315362082","dovs","2026-09-23"
"sauter automatisierung","Sauter Automatisierung GmbH","","","","Bretten","75015","","B","Zuschlagsbeleg (P1_zuschlag_24m), Mitarbeiterzahl nicht ermittelt","P1_zuschlag_24m","0.95","https://oeffentlichevergabe.de/ui/de/notice/ocds-mnwr74-1421bbde-15df-49fe-a7c7-2fd73bde3864","2026-05-18","1","2026-05-18","Staatliches Bauamt Erlangen-Nürnberg, Technische Geschäftsleitung,  SG Bau","48820000","nein","DE323532242","dovs","2026-09-23"
"kieback und peter","Kieback&Peter GmbH & Co. KG","","","","Berlin","12347","","B","Zuschlagsbeleg (P1_zuschlag_24m), Mitarbeiterzahl nicht ermittelt","P1_zuschlag_24m","0.95","https://oeffentlichevergabe.de/ui/de/notice/ocds-mnwr74-45f63367-5af0-4e92-9bb2-c577e64f5187","2026-02-20","1","2026-02-20","Staatliches Bau- und Liegenschaftsamt Rostock","72268000","nein","DE136651427","dovs","2026-09-23"
"2av","2av GmbH","","","","Ulm","89073","","B","Zuschlagsbeleg (P1_zuschlag_24m), Mitarbeiterzahl nicht ermittelt","P1_zuschlag_24m","0.95","https://oeffentlichevergabe.de/ui/de/notice/ocds-mnwr74-6bcb921a-8c89-4155-a2f1-6c5fe415a4cf","2026-06-10","1","2026-06-10","Deutsches Museum von Meisterwerken der Naturwissenschaft und Technik (AdöR)","72212100","ja","USt-IdNr:DE267673508","dovs","2026-09-23"
"insynergie gmbh-vertreten durch 2av","inSynergie GmbH - vertreten durch 2av GmbH","","","","Ulm","89073","","B","Zuschlagsbeleg (P1_zuschlag_24m), Mitarbeiterzahl nicht ermittelt","P1_zuschlag_24m","0.95","https://oeffentlichevergabe.de/ui/de/notice/ocds-mnwr74-6bcb921a-8c89-4155-a2f1-6c5fe415a4cf","2026-06-10","1","2026-06-10","Deutsches Museum von Meisterwerken der Naturwissenschaft und Technik (AdöR)","72212100","ja","USt-IdNr:DE267673508","dovs","2026-09-23"
"b1 systems","B1 Systems GmbH","","","","Vohburg","85088","","B","Zuschlagsbeleg (P1_zuschlag_24m), Mitarbeiterzahl nicht ermittelt","P1_zuschlag_24m","0.95","https://oeffentlichevergabe.de/ui/de/notice/ocds-mnwr74-2488ec5a-72b6-40f2-974a-f9549dc21675","2026-06-10","1","2026-06-10","Deutsches Zentrum für Luft- und Raumfahrt e.V. (DLR)","72260000","nein","DE814104746","dovs","2026-09-23"
"clc xinteg","CLC xinteg GmbH","","","","Bexbach","66450","","B","Zuschlagsbeleg (P1_zuschlag_24m), Mitarbeiterzahl nicht ermittelt","P1_zuschlag_24m","0.95","https://oeffentlichevergabe.de/ui/de/notice/ocds-mnwr74-df98a19d-7725-4b22-926d-a1a2bee93d21","2026-06-11","1","2026-06-11","Deutscher Akademischer Austauschdienst e. V.","72000000","nein","UStId. DE266021164","dovs","2026-09-23"
"p36","p36 GmbH","","","","Bad Hersfeld","36251","","B","Zuschlagsbeleg (P1_zuschlag_24m), Mitarbeiterzahl nicht ermittelt","P1_zuschlag_24m","0.95","https://oeffentlichevergabe.de/ui/de/notice/ocds-mnwr74-df98a19d-7725-4b22-926d-a1a2bee93d21","2026-06-11","1","2026-06-11","Deutscher Akademischer Austauschdienst e. V.","72000000","nein","UStId. DE301525516","dovs","2026-09-23"
"regnology germany","Regnology Germany GmbH","","","","Frankfurt am Main","60341","","B","Zuschlagsbeleg (P1_zuschlag_24m), Mitarbeiterzahl nicht ermittelt","P1_zuschlag_24m","0.95","https://oeffentlichevergabe.de/ui/de/notice/ocds-mnwr74-8d189370-0ea6-45c2-92ca-662a5643bf02","2026-06-17","1","2026-06-17","Hamburgische Investitions- und Förderbank","48000000","nein","DEM1201.HRB81430","dovs","2026-09-23"
"lkv service","LKV Service GmbH","","","","München","80319","","B","Zuschlagsbeleg (P1_zuschlag_24m), Mitarbeiterzahl nicht ermittelt","P1_zuschlag_24m","0.95","https://oeffentlichevergabe.de/ui/de/notice/ocds-mnwr74-03f9fd7c-ee2a-46a4-ac14-a4af1ff2f092","2026-06-18","1","2026-06-18","Freistaat Bayern, vertreten durch das Bayer. StM f. Ernährung, Landwirtschaft, Forsten und Tourismus","72253000","nein","c803a3f7-4904-49ca-819e-86353d56ee33","dovs","2026-09-23"
"link protect","link protect GmbH","","","","Kirchseeon","85614 ","","B","Zuschlagsbeleg (P1_zuschlag_24m), Mitarbeiterzahl nicht ermittelt","P1_zuschlag_24m","0.95","https://oeffentlichevergabe.de/ui/de/notice/ocds-mnwr74-bc755f31-49ed-4d01-92c0-4f331a5e8a85","2026-06-17","1","2026-06-17","WERK1.Bayern GmbH","50312300","nein","HRB 156657","dovs","2026-09-23"
"iqul","IQUL GmbH","","","","Bergisch Gladbach","51429","","B","Zuschlagsbeleg (P1_zuschlag_24m), Mitarbeiterzahl nicht ermittelt","P1_zuschlag_24m","0.95","https://oeffentlichevergabe.de/ui/de/notice/ocds-mnwr74-98f78193-2b02-4ae4-96b7-4b8c05c69379","2026-06-23","1","2026-06-23","Freie und Hansestadt Hamburg - Gemeinsame IT-Abteilung des Hanseatischen OLG und der Hamburger AGe","72268000","nein","2cb9c0f9-cf3d-48e8-a032-fe28c00e9e24","dovs","2026-09-23"
"com in","Com In GmbH & Co. KG","","","","Schwerin","19053","","B","Zuschlagsbeleg (P1_zuschlag_24m), Mitarbeiterzahl nicht ermittelt","P1_zuschlag_24m","0.95","https://oeffentlichevergabe.de/ui/de/notice/ocds-mnwr74-ce806097-4307-4161-9ff9-bec320450918","2026-06-23","1","2026-06-23","Lausitzer und Mitteldeutsche Bergbau-Verwaltungsgesellschaft mbH","72268000","nein","UStID.DE814543644","dovs","2026-09-23"
"asanus medizintechnik","ASANUS Medizintechnik GmbH","","","","Neuhausen ob Eck / Tuttlingen","78579","","B","Zuschlagsbeleg (P1_zuschlag_24m), Mitarbeiterzahl nicht ermittelt","P1_zuschlag_24m","0.95","https://oeffentlichevergabe.de/ui/de/notice/ocds-mnwr74-a773455b-d1e0-4357-ac14-f01c0e4d49db","2026-06-25","1","2026-06-25","Universitätsklinikum Erlangen","48814300","nein","9a9bf6ea-379b-4521-a159-f826d61de89e","dovs","2026-09-23"
"msg for banking","msg for banking ag","","","","Frankfurt am Main","60549","","B","Zuschlagsbeleg (P1_zuschlag_24m), Mitarbeiterzahl nicht ermittelt","P1_zuschlag_24m","0.95","https://oeffentlichevergabe.de/ui/de/notice/ocds-mnwr74-6d822218-9924-4a41-b390-6c6d8c40195a","2026-05-26","1","2026-05-26","KfW Bankengruppe","72221000","nein","5c01fc66-e204-4b4e-b551-c166e3e62f88","dovs","2026-09-23"
"capgemini deutschland","Capgemini Deutschland GmbH","","","","Köln","50679","","B","Zuschlagsbeleg (P1_zuschlag_24m), Mitarbeiterzahl nicht ermittelt","P1_zuschlag_24m","0.95","https://oeffentlichevergabe.de/ui/de/notice/ocds-mnwr74-6d822218-9924-4a41-b390-6c6d8c40195a","2026-05-26","1","2026-05-26","KfW Bankengruppe","72221000","nein","450c289e-24cc-4452-873a-8007f0d01c30","dovs","2026-09-23"
"sopra financial technology","Sopra Financial Technology GmbH","","","","Nürnberg","90461","","B","Zuschlagsbeleg (P1_zuschlag_24m), Mitarbeiterzahl nicht ermittelt","P1_zuschlag_24m","0.95","https://oeffentlichevergabe.de/ui/de/notice/ocds-mnwr74-367ccebf-688c-4658-8b34-4387acde1b82","2026-05-05","1","2026-05-05","BARMER Beschaffung und Vergabe","72000000","nein","USt.-ID. DE815827479","dovs","2026-09-23"
"noris network","noris network AG","","","","Nürnberg","90471","","B","Zuschlagsbeleg (P1_zuschlag_24m), Mitarbeiterzahl nicht ermittelt","P1_zuschlag_24m","0.95","https://oeffentlichevergabe.de/ui/de/notice/ocds-mnwr74-367ccebf-688c-4658-8b34-4387acde1b82","2026-05-05","1","2026-05-05","BARMER Beschaffung und Vergabe","72000000","nein","USt.-ID. DE813063498","dovs","2026-09-23"
"wavestone germany","Wavestone Germany AG","","","","München","80802","","B","Zuschlagsbeleg (P1_zuschlag_24m), Mitarbeiterzahl nicht ermittelt","P1_zuschlag_24m","0.95","https://oeffentlichevergabe.de/ui/de/notice/ocds-mnwr74-4a05e043-ac49-4a49-a0d7-591075c015ea","2026-03-06","1","2026-03-06","Land Berlin, vertreten durch die Tegel Projekt GmbH","72300000","nein","DE 174175484","dovs","2026-09-23"
"htp","htp GmbH","","","","Hannover","30539","","B","Zuschlagsbeleg (P1_zuschlag_24m), Mitarbeiterzahl nicht ermittelt","P1_zuschlag_24m","0.95","https://oeffentlichevergabe.de/ui/de/notice/ocds-mnwr74-21482e1a-1647-48de-bdb2-30b606f44ad2","2026-04-24","1","2026-04-24","Landeshauptstadt Hannover - Fachbereich Personal und Organisation","64210000","nein","25/202/40207","dovs","2026-09-23"
"src security research und consulting","SRC Security Research & Consulting GmbH","","","","Bonn","53113","","B","Zuschlagsbeleg (P1_zuschlag_24m), Mitarbeiterzahl nicht ermittelt","P1_zuschlag_24m","0.95","https://oeffentlichevergabe.de/ui/de/notice/ocds-mnwr74-acfc031b-444a-4ca4-b9ec-9fbe90a0deda","2026-04-28","1","2026-04-28","Bundesminsiterium für Wirtschaft und Energie","72000000","nein","USt-IdNr.: DE212254844","dovs","2026-09-23"
"init ag fuer digitale kommunikation","]init[ AG für digitale Kommunikation","","","","Berlin","10997","","B","Zuschlagsbeleg (P1_zuschlag_24m), Mitarbeiterzahl nicht ermittelt","P1_zuschlag_24m","0.95","https://oeffentlichevergabe.de/ui/de/notice/ocds-mnwr74-b257b8a8-7d98-4e7e-b6f1-fcb1e5d59954","2026-05-07","1","2026-05-07","Stadt Regensburg","72413000","nein","DE 812816783","dovs","2026-09-23"
"kks kemmler kopiersysteme","KKS Kemmler Kopiersysteme GmbH","","","","Kaiserslautern","67657","","B","Zuschlagsbeleg (P1_zuschlag_24m), Mitarbeiterzahl nicht ermittelt","P1_zuschlag_24m","0.95","https://oeffentlichevergabe.de/ui/de/notice/ocds-mnwr74-eac2ea1b-f683-4107-8621-fe27ef20d1f5","2026-05-04","1","2026-05-04","Kreisverwaltung Mainz-Bingen, Fachbereich ""Controlling/Organisation""","30232100","nein","DE 243055211","dovs","2026-09-23"
"imec vzw","IMEC vzw","","","","Leuven","3001","","B","Zuschlagsbeleg (P1_zuschlag_24m), Mitarbeiterzahl nicht ermittelt","P1_zuschlag_24m","0.95","https://oeffentlichevergabe.de/ui/de/notice/ocds-mnwr74-dd13864c-9396-47f9-93da-78e1eeedd140","2026-05-21","1","2026-05-21","Forschungszentrum Jülich GmbH","30237000","nein","0208:0425260668","dovs","2026-09-23"
"bechtle gmbh it-systemhaus rheinland","Bechtle GmbH IT-Systemhaus Rheinland","","","","Köln","50858","","B","Zuschlagsbeleg (P1_zuschlag_24m), Mitarbeiterzahl nicht ermittelt","P1_zuschlag_24m","0.95","https://oeffentlichevergabe.de/ui/de/notice/ocds-mnwr74-504fe506-6094-4064-9463-84647b1c4abe","2026-05-26","1","2026-05-26","Deutscher Akademischer Austauschdienst e. V.","72000000","nein","UStID. DE813209881","dovs","2026-09-23"
"cancom public","CANCOM Public GmbH","","","","Berlin","10587","","B","Zuschlagsbeleg (P1_zuschlag_24m), Mitarbeiterzahl nicht ermittelt","P1_zuschlag_24m","0.95","https://oeffentlichevergabe.de/ui/de/notice/ocds-mnwr74-26b13a3d-5bb0-47e6-b24a-b78bc70b990a","2026-05-25","1","2026-05-25","Berliner Feuerwehr","48000000","nein","DE183447190","dovs","2026-09-23"
"netconnect","NETCONNECT GmbH","","","","Hamburg","22399","","B","Zuschlagsbeleg (P1_zuschlag_24m), Mitarbeiterzahl nicht ermittelt","P1_zuschlag_24m","0.95","https://oeffentlichevergabe.de/ui/de/notice/ocds-mnwr74-b87a7e14-b2f7-4812-a790-8e927dbf7ba0","2026-05-25","1","2026-05-25","Asklepios Klinik Birkenwerder","48100000","nein","DE191985008","dovs","2026-09-23"
"promos consult projektmanagement organisation und service","PROMOS consult Projektmanagement, Organisation und Service GmbH","","","","Berlin","10179","","B","Zuschlagsbeleg (P1_zuschlag_24m), Mitarbeiterzahl nicht ermittelt","P1_zuschlag_24m","0.95","https://oeffentlichevergabe.de/ui/de/notice/ocds-mnwr74-d81444be-bd3c-4977-a2cf-439c49cab81e","2026-05-15","1","2026-05-15","WBM Wohnungsbaugesellschaft Berlin-Mitte mbH","72263000","nein","DE255974153","dovs","2026-09-23"
"colt technology services","Colt Technology Services GmbH","","","","Frankfurt am Main","60322","","B","Zuschlagsbeleg (P1_zuschlag_24m), Mitarbeiterzahl nicht ermittelt","P1_zuschlag_24m","0.95","https://oeffentlichevergabe.de/ui/de/notice/ocds-mnwr74-a44fba08-2369-4b4f-83a3-10a8d1b4a154","2026-04-22","1","2026-04-22","Deutsches Zentrum für Luft- und Raumfahrt e.V. (DLR)","72700000","nein","t:08928641227","dovs","2026-09-23"
"bananaglue","BananaGlue GmbH","","","","Berlin","10967","","B","Zuschlagsbeleg (P1_zuschlag_24m), Mitarbeiterzahl nicht ermittelt","P1_zuschlag_24m","0.95","https://oeffentlichevergabe.de/ui/de/notice/ocds-mnwr74-ddb6e776-410a-47c9-97f5-38899fbc76d9","2026-03-30","1","2026-03-30","Berliner Feuerwehr","72260000","nein","DE 271325364","dovs","2026-09-23"
"meddv","medDV GmbH","","","","Fernwald","35463","","B","Zuschlagsbeleg (P1_zuschlag_24m), Mitarbeiterzahl nicht ermittelt","P1_zuschlag_24m","0.95","https://oeffentlichevergabe.de/ui/de/notice/ocds-mnwr74-326d87de-1941-4782-856f-133ec275796f","2026-03-31","1","2026-03-31","Landkreis Celle","48814000","nein","DE 233 715 494","dovs","2026-09-23"
"anthony cheung","Anthony Cheung","","","","Kowloon","nicht vorhanden","","B","Zuschlagsbeleg (P1_zuschlag_24m), Mitarbeiterzahl nicht ermittelt","P1_zuschlag_24m","0.95","https://oeffentlichevergabe.de/ui/de/notice/ocds-mnwr74-3a116c00-b3aa-466e-9a02-6b0f8ded8fee","2026-04-08","1","2026-04-08","Universität Hamburg","72316000","nein","keine Angabe","dovs","2026-09-23"
"bredex","Bredex GmbH","","","","Braunschweig","38100","","B","Zuschlagsbeleg (P1_zuschlag_24m), Mitarbeiterzahl nicht ermittelt","P1_zuschlag_24m","0.95","https://oeffentlichevergabe.de/ui/de/notice/ocds-mnwr74-dffb4b1e-9973-4e7d-a5bb-f5ab8186b414","2026-03-23","1","2026-03-23","Dataport AöR","72000000","nein","2177ce42-1c82-4673-a246-fb5a1243b4ae","dovs","2026-09-23"
"eplass project collaboration","EPLASS project collaboration GmbH","","","","Würzburg","97080","","B","Zuschlagsbeleg (P2_zuschlag_48m), Mitarbeiterzahl nicht ermittelt","P2_zuschlag_48m","0.85","https://oeffentlichevergabe.de/ui/de/notice/ocds-mnwr74-e0711b8a-68c8-49f6-b76b-25fd374ab950","2023-04-17","1","2023-04-17","Autobahn GmbH des Bundes","48000000","nein","DE 341 244 730","dovs","2026-09-23"
"akquinet data center competence","akquinet data center competence GmbH","","","","Norderstedt","22850","","B","Zuschlagsbeleg (P1_zuschlag_24m), Mitarbeiterzahl nicht ermittelt","P1_zuschlag_24m","0.95","https://oeffentlichevergabe.de/ui/de/notice/ocds-mnwr74-93705d7e-bd18-492c-977c-590e31c3c102","2026-03-23","1","2026-03-23","Klinikum der Landeshauptstadt Stuttgart gKAöR","72000000","nein","251105_SC-IT","dovs","2026-09-23"
"samedi","samedi GmbH","","","","Berlin","10247","","B","Zuschlagsbeleg (P1_zuschlag_24m), Mitarbeiterzahl nicht ermittelt","P1_zuschlag_24m","0.95","https://oeffentlichevergabe.de/ui/de/notice/ocds-mnwr74-f76c4751-5976-4797-bd9c-124f06fd6a2d","2026-04-15","1","2026-04-15","MEDICLIN Waldkrankenhaus Bad Düben","48100000","nein","DE260137799","dovs","2026-09-23"
"minddistrict","Minddistrict GmbH","","","","Berlin","10117","","B","Zuschlagsbeleg (P1_zuschlag_24m), Mitarbeiterzahl nicht ermittelt","P1_zuschlag_24m","0.95","https://oeffentlichevergabe.de/ui/de/notice/ocds-mnwr74-4f03524a-632a-44b5-9dac-2ea07263c553","2026-04-19","1","2026-04-19","MEDICLIN Kliniken Bad Düben GmbH & Co. KG  - MEDICLIN Waldkrankenhaus Bad Düben","48100000","nein","DE281781620","dovs","2026-09-23"
"itec systems","itec systems AG","","","","Düsseldorf","40211","","B","Zuschlagsbeleg (P1_zuschlag_24m), Mitarbeiterzahl nicht ermittelt","P1_zuschlag_24m","0.95","https://oeffentlichevergabe.de/ui/de/notice/ocds-mnwr74-0586972c-50e3-4d50-b4a6-e739f0da53d5","2026-04-20","1","2026-04-20","Deutscher Akademischer Austauschdienst e. V.","72000000","nein","UStID. DE813093732","dovs","2026-09-23"
"semicon sp z o o","Semicon Sp. z.o.o.","","","","Warschau","04-761","","B","Zuschlagsbeleg (P1_zuschlag_24m), Mitarbeiterzahl nicht ermittelt","P1_zuschlag_24m","0.95","https://oeffentlichevergabe.de/ui/de/notice/ocds-mnwr74-39d3f6b0-6b11-43c4-ab4b-5caf1f4b943b","2026-04-22","1","2026-04-22","Bundesamt für Strahlenschutz","30237140","nein","PL5260303208 (Handelsregisternummer)","dovs","2026-09-23"
"cancontrols","CanControls GmbH","","","","Aachen","52062","","B","Zuschlagsbeleg (P1_zuschlag_24m), Mitarbeiterzahl nicht ermittelt","P1_zuschlag_24m","0.95","https://oeffentlichevergabe.de/ui/de/notice/ocds-mnwr74-1a89c90b-69e1-4427-b844-80e8be375a67","2026-04-22","1","2026-04-22","Bundesanstalt für Straßen- und Verkehrswesen","72200000","nein","DE815581658","dovs","2026-09-23"
"optimal systems vertriebsgesellschaft","OPTIMAL SYSTEMS Vertriebsgesellschaft mbH","","","","Hannover","30179","","B","Zuschlagsbeleg (P1_zuschlag_24m), Mitarbeiterzahl nicht ermittelt","P1_zuschlag_24m","0.95","https://oeffentlichevergabe.de/ui/de/notice/ocds-mnwr74-eabd3599-94fc-4853-9a8e-9125504ddba5","2026-03-30","1","2026-03-30","Institut für medizinische und pharmazeutische Prüfungsfragen","72268000","nein","USt. ID-Nr.: DE190901604","dovs","2026-09-23"
"offits","offITs GmbH","","","","Regensburg","93053","","B","Zuschlagsbeleg (P1_zuschlag_24m), Mitarbeiterzahl nicht ermittelt","P1_zuschlag_24m","0.95","https://oeffentlichevergabe.de/ui/de/notice/ocds-mnwr74-bf2fbe83-fb42-49eb-aad9-ed896bc69b34","2026-03-02","1","2026-03-02","Berufsschulverband Straubing-Bogen","30231320","nein","DE210357751","dovs","2026-09-23"
"bechtle gmbh und co kg it-systemhaus muenchen","Bechtle GmbH & Co. KG IT-Systemhaus München","","","","Unterschleißheim","85716","","B","Zuschlagsbeleg (P1_zuschlag_24m), Mitarbeiterzahl nicht ermittelt","P1_zuschlag_24m","0.95","https://oeffentlichevergabe.de/ui/de/notice/ocds-mnwr74-2b2389e3-22f3-4da6-bfa1-1e2990b9b0c0","2026-02-03","1","2026-02-03","Freistaat Bayern, vertreten durch das Bayerische Staatsministerium der Justiz","72514000","nein","9a966442-53d6-49e9-92d1-a2c7f8018a86","dovs","2026-09-23"
"speicherwerke","Speicherwerke AG","","","","München","81829","","B","Zuschlagsbeleg (P1_zuschlag_24m), Mitarbeiterzahl nicht ermittelt","P1_zuschlag_24m","0.95","https://oeffentlichevergabe.de/ui/de/notice/ocds-mnwr74-d5d6eda2-d28c-4c67-b81b-c78a96fd8a58","2026-01-22","1","2026-01-22","Stadt Regensburg","30200000","nein","DE286270704","dovs","2026-09-23"
"webit! gesellschaft fuer neue medien","webit! Gesellschaft für neue Medien mbH","","","","Dresden","01277","","B","Zuschlagsbeleg (P1_zuschlag_24m), Mitarbeiterzahl nicht ermittelt","P1_zuschlag_24m","0.95","https://oeffentlichevergabe.de/ui/de/notice/ocds-mnwr74-a0fac5a3-9eb4-4b82-a6f4-b5d91f499fae","2025-10-01","1","2025-10-01","GESOBAU AG","72421000","nein","DE 193477690","dovs","2026-09-23"
"vertigis","VertiGIS GmbH","","","","Bonn","53177","","B","Zuschlagsbeleg (P1_zuschlag_24m), Mitarbeiterzahl nicht ermittelt","P1_zuschlag_24m","0.95","https://oeffentlichevergabe.de/ui/de/notice/ocds-mnwr74-d94e3b87-96ca-408f-9f0a-0513d4606259","2026-02-04","1","2026-02-04","Landesbetrieb Geoinformation und Vermessung","72268000","nein","92560259-8dbd-42b6-90cd-bc50279d0051","dovs","2026-09-23"
"pro-com datensysteme","pro-com DATENSYSTEME GmbH","","","","Eislingen","73054","","B","Zuschlagsbeleg (P1_zuschlag_24m), Mitarbeiterzahl nicht ermittelt","P1_zuschlag_24m","0.95","https://oeffentlichevergabe.de/ui/de/notice/ocds-mnwr74-7247e1c5-8068-434e-86bd-f94c851f82b4","2026-01-29","1","2026-01-29","Fraunhofer-Gesellschaft zur Förderung der angewandten Forschung e. V., für ihr Fraunhofer-Institut für Integrierte Schaltungen IIS,","30211300","nein","N.N","dovs","2026-09-23"
"infraforce","Infraforce GmbH","","","","Marburg","35037","","B","Zuschlagsbeleg (P1_zuschlag_24m), Mitarbeiterzahl nicht ermittelt","P1_zuschlag_24m","0.95","https://oeffentlichevergabe.de/ui/de/notice/ocds-mnwr74-1ee26810-d1cf-4647-86c4-f21c8b5e2d49","2026-03-10","1","2026-03-10","Magistrat der Stadt Wetzlar","48000000","nein","FR280918689","dovs","2026-09-23"
"abb ag-energy industries-standort minden","ABB AG - Energy Industries - Standort Minden","","","","Minden","32425","","B","Zuschlagsbeleg (P1_zuschlag_24m), Mitarbeiterzahl nicht ermittelt","P1_zuschlag_24m","0.95","https://oeffentlichevergabe.de/ui/de/notice/ocds-mnwr74-d112fe3d-3c4a-474a-b336-2134f1a4c0f8","2026-03-09","1","2026-03-09","Stadtreinigung Hamburg AöR","48150000","nein","004","dovs","2026-09-23"
"avantum consult","avantum consult GmbH","","","","Filderstadt-Bernhausen","70794","","B","Zuschlagsbeleg (P2_zuschlag_48m), Mitarbeiterzahl nicht ermittelt","P2_zuschlag_48m","0.85","https://oeffentlichevergabe.de/ui/de/notice/ocds-mnwr74-a32cdabe-3f64-4989-a624-b34690f39e83","2024-01-21","1","2024-01-21","WBM Wohnungsbaugesellschaft Berlin-Mitte mbH","72212482","nein","DE813707912","dovs","2026-09-23"
"secunet security networks","secunet Security Networks AG","","","","Essen","45138","","B","Zuschlagsbeleg (P1_zuschlag_24m), Mitarbeiterzahl nicht ermittelt","P1_zuschlag_24m","0.95","https://oeffentlichevergabe.de/ui/de/notice/ocds-mnwr74-09eb21a4-ef4b-4897-bbef-a68aeb363d5b","2026-03-11","1","2026-03-11","Freistaat Bayern vertreten durch das Bayerische Landesamt für
Steuern - Zentrale Vergabestelle (Referat Z 2)","30213000","nein","123456","dovs","2026-09-23"
"gk datentechnik","GK Datentechnik e. K.","","","","Haarbach","D-94542","","B","Zuschlagsbeleg (P1_zuschlag_24m), Mitarbeiterzahl nicht ermittelt","P1_zuschlag_24m","0.95","https://oeffentlichevergabe.de/ui/de/notice/ocds-mnwr74-ce2c5b00-adfe-4646-907d-3f24fb8756f4","2025-12-08","1","2025-12-08","medbo - KU","48820000","nein","DE814999338","dovs","2026-09-23"
"datagroup business solutions","DATAGROUP Business Solutions GmbH","","","","Berlin","12059","","B","Zuschlagsbeleg (P1_zuschlag_24m), Mitarbeiterzahl nicht ermittelt","P1_zuschlag_24m","0.95","https://oeffentlichevergabe.de/ui/de/notice/ocds-mnwr74-37b0d43c-1784-4244-b165-60116cc0d5e8","2026-03-12","1","2026-03-12","Land Berlin, vertreten durch die Tegel Projekt GmbH","72000000","nein","HRB10683","dovs","2026-09-23"
"sw media","SW MEDIA GmbH","","","","Oberhausen","46117","","B","Zuschlagsbeleg (P1_zuschlag_24m), Mitarbeiterzahl nicht ermittelt","P1_zuschlag_24m","0.95","https://oeffentlichevergabe.de/ui/de/notice/ocds-mnwr74-5bb8e8a2-e0c0-4a89-8d7e-e67563a77e27","2026-03-16","1","2026-03-16","Berufsgenossenschaft Rohstoffe und chemische Industrie","72000000","nein","e1e2e38d-f35e-4b88-8c81-50eebb3d3192","dovs","2026-09-23"
"zentrum fuer sonnenenergie-und wasserstoff-forschung zsw","Zentrum für Sonnenenergie- und Wasserstoff-Forschung (ZSW)","","","","Stuttgart","70563","","B","Zuschlagsbeleg (P1_zuschlag_24m), Mitarbeiterzahl nicht ermittelt","P1_zuschlag_24m","0.95","https://oeffentlichevergabe.de/ui/de/notice/ocds-mnwr74-be0f7df6-32cb-43eb-b426-f97fd657c632","2026-03-16","1","2026-03-16","Ministerium für Verkehr Baden-Württemberg","72314000","nein","DE 147839443","dovs","2026-09-23"
"sterilog","SteriLog GmbH","","","","Neuhausen ob Eck","78579","","B","Zuschlagsbeleg (P1_zuschlag_24m), Mitarbeiterzahl nicht ermittelt","P1_zuschlag_24m","0.95","https://oeffentlichevergabe.de/ui/de/notice/ocds-mnwr74-ffb23475-2fd0-4ca7-b69e-8581881d9d49","2026-03-24","1","2026-03-24","Universitätsmedizin Göttingen (UMG), Stiftung Öffentlichen Rechts","72220000","nein","DE179719792","dovs","2026-09-23"
"meierhofer","Meierhofer AG","","","","München","81829","","B","Zuschlagsbeleg (P1_zuschlag_24m), Mitarbeiterzahl nicht ermittelt","P1_zuschlag_24m","0.95","https://oeffentlichevergabe.de/ui/de/notice/ocds-mnwr74-fa0b9bd1-b999-426e-88eb-ff62fa02cb8c","2026-03-25","1","2026-03-25","MEDICLIN Waldkrankenhaus Bad Düben","48100000","nein","DE 1986 12 833","dovs","2026-09-23"
"datagroup stuttgart","DATAGROUP Stuttgart GmbH","","","","Pliezhausen","72124","","B","Zuschlagsbeleg (P1_zuschlag_24m), Mitarbeiterzahl nicht ermittelt","P1_zuschlag_24m","0.95","https://oeffentlichevergabe.de/ui/de/notice/ocds-mnwr74-53666e69-5d99-4c63-a594-9094855365fd","2026-02-23","1","2026-02-23","Dataport AöR","72253000","nein","d598513f-1b77-43b8-b393-9dd181ff1ea6","dovs","2026-09-23"
"g data cyberdefense","G DATA CyberDefense AG","","","","Bochum","44799","","B","Zuschlagsbeleg (P1_zuschlag_24m), Mitarbeiterzahl nicht ermittelt","P1_zuschlag_24m","0.95","https://oeffentlichevergabe.de/ui/de/notice/ocds-mnwr74-3db1fab0-4bea-4206-8572-5199c8ae4ae7","2026-02-26","1","2026-02-26","Ennepe-Ruhr-Kreis","72000000","nein","DE 127 065 359","dovs","2026-09-23"
"ibro service","IBRo Service GmbH","","","","Roggentin","18184","","B","Zuschlagsbeleg (P1_zuschlag_24m), Mitarbeiterzahl nicht ermittelt","P1_zuschlag_24m","0.95","https://oeffentlichevergabe.de/ui/de/notice/ocds-mnwr74-a9b1a1af-8466-4c04-8ed5-389051ed5388","2026-01-26","1","2026-01-26","Berufsgenossenschaft für Gesundheitsdienst und Wohlfahrtspflege (BGW)","64214000","nein","DE814577320","dovs","2026-09-23"
"umfragezentrum bonn – prof rudinger","Umfragezentrum Bonn – Prof. Rudinger GmbH","","","","Bonn","53115","","B","Zuschlagsbeleg (P1_zuschlag_24m), Mitarbeiterzahl nicht ermittelt","P1_zuschlag_24m","0.95","https://oeffentlichevergabe.de/ui/de/notice/ocds-mnwr74-6e5b763c-8b4a-4cab-a153-a614999d88b7","2026-01-28","1","2026-01-28","Deutscher Akademischer Austauschdienst e. V.","72316000","nein","UStID. DE160372432","dovs","2026-09-23"
"goriscon","Goriscon GmbH","","","","Rosenheim","83022","","B","Zuschlagsbeleg (P1_zuschlag_24m), Mitarbeiterzahl nicht ermittelt","P1_zuschlag_24m","0.95","https://oeffentlichevergabe.de/ui/de/notice/ocds-mnwr74-bba3b626-6d9f-4045-bbc9-959a8d78e9ee","2026-02-02","1","2026-02-02","Max-Planck-Gesellschaft zur Förderung der Wissenschaften e.V., Generalverwaltung","48000000","nein","UStID. DEDE297730243","dovs","2026-09-23"
"planorg informatik","PlanOrg Informatik GmbH","","","","Jena","07743","","B","Zuschlagsbeleg (P1_zuschlag_24m), Mitarbeiterzahl nicht ermittelt","P1_zuschlag_24m","0.95","https://oeffentlichevergabe.de/ui/de/notice/ocds-mnwr74-8046652c-da28-48b9-b9a0-53f73b7feb16","2026-02-09","1","2026-02-09","Universitätsklinikum Halle (Saale) AöR","72250000","nein","UStID. DE 199938711","dovs","2026-09-23"
"hypertegrity","Hypertegrity AG","","","","Büren","33142","","B","Zuschlagsbeleg (P1_zuschlag_24m), Mitarbeiterzahl nicht ermittelt","P1_zuschlag_24m","0.95","https://oeffentlichevergabe.de/ui/de/notice/ocds-mnwr74-7b1ae87b-8994-45d6-99a7-62ff9c3cca6d","2025-12-19","1","2025-12-19","Land Berlin, vertreten durch die Tegel Projekt GmbH","72300000","nein","DE326842184","dovs","2026-09-23"
"richard wolf","Richard Wolf GmbH","","","","Knittlingen","75438","","B","Zuschlagsbeleg (P1_zuschlag_24m), Mitarbeiterzahl nicht ermittelt","P1_zuschlag_24m","0.95","https://oeffentlichevergabe.de/ui/de/notice/ocds-mnwr74-5cbeef01-7420-4cb2-ba7e-993e62aa54fd","2026-02-04","1","2026-02-04","Krankenhaus Rummelsberg GmbH","48814100","nein","DE144521586","dovs","2026-09-23"
"anyplace it","anyplace IT GmbH","","","","Wurmlingen","78573","","B","Zuschlagsbeleg (P1_zuschlag_24m), Mitarbeiterzahl nicht ermittelt","P1_zuschlag_24m","0.95","https://oeffentlichevergabe.de/ui/de/notice/ocds-mnwr74-813fcf09-fe33-4ab9-864f-27e516b09c0a","2025-12-16","1","2025-12-16","Münchner Wohnen GmbH","72268000","nein","DE289839781","dovs","2026-09-23"
"mach","MACH GmbH","","","","Lübeck","23558","","B","Zuschlagsbeleg (P1_zuschlag_24m), Mitarbeiterzahl nicht ermittelt","P1_zuschlag_24m","0.95","https://oeffentlichevergabe.de/ui/de/notice/ocds-mnwr74-1ea29578-9bcc-44fc-ab9f-bc6c9ab7af6f","2026-02-09","1","2026-02-09","Hochschule für Technik und Wirtschaft - Berlin","72263000","nein","DE 216344019","dovs","2026-09-23"
"intrexx","INTREXX GmbH","","","","Freiburg","79106","","B","Zuschlagsbeleg (P1_zuschlag_24m), Mitarbeiterzahl nicht ermittelt","P1_zuschlag_24m","0.95","https://oeffentlichevergabe.de/ui/de/notice/ocds-mnwr74-e1225cf7-ad33-4a72-a7b1-cb6fa5274dad","2026-01-30","1","2026-01-30","IT-Dienstleistungszentrum Berlin (AöR)","48000000","nein","DE 339733060","dovs","2026-09-23"
"infodas gesellschaft fuer systementwicklung und informationsverarbeitung","INFODAS Gesellschaft für Systementwicklung und Informationsverarbeitung mbH","","","","Köln","50765","","B","Zuschlagsbeleg (P1_zuschlag_24m), Mitarbeiterzahl nicht ermittelt","P1_zuschlag_24m","0.95","https://oeffentlichevergabe.de/ui/de/notice/ocds-mnwr74-be51f23b-5745-47e5-ba5b-d60101a28f50","2026-02-18","1","2026-02-18","Deutscher Akademischer Austauschdienst e. V.","72000000","nein","UStID. DE 122810060","dovs","2026-09-23"
"reply deutschland","Reply Deutschland SE","","","","München","80636","","B","Zuschlagsbeleg (P1_zuschlag_24m), Mitarbeiterzahl nicht ermittelt","P1_zuschlag_24m","0.95","https://oeffentlichevergabe.de/ui/de/notice/ocds-mnwr74-dc13797e-81b1-4fad-9549-3a7078035ae3","2025-07-15","1","2025-07-15","SWM Services GmbH","72000000","nein","DE287595257","dovs","2026-09-23"
"envite consulting","envite consulting GmbH","","","","Stuttgart","70567","","B","Zuschlagsbeleg (P1_zuschlag_24m), Mitarbeiterzahl nicht ermittelt","P1_zuschlag_24m","0.95","https://oeffentlichevergabe.de/ui/de/notice/ocds-mnwr74-d1a6f578-6e94-4ac4-8179-8e2419b71e2b","2026-02-03","1","2026-02-03","Berufsgenossenschaft für Gesundheitsdienst und Wohlfahrtspflege (BGW)","48000000","nein","DE349426863","dovs","2026-09-23"
"bechtle gmbh it systemhaus berlin","Bechtle GmbH IT Systemhaus Berlin","","","","Berlin","10587","","B","Zuschlagsbeleg (P1_zuschlag_24m), Mitarbeiterzahl nicht ermittelt","P1_zuschlag_24m","0.95","https://oeffentlichevergabe.de/ui/de/notice/ocds-mnwr74-60aba968-ba6c-444d-851d-3764165653d9","2026-02-20","1","2026-02-20","Bezirksamt Reinickendorf von Berlin","72000000","nein","DE147847138","dovs","2026-09-23"
"unite procurement deutschland","Unite Procurement Deutschland AG","","","","München","81669","","B","Zuschlagsbeleg (P1_zuschlag_24m), Mitarbeiterzahl nicht ermittelt","P1_zuschlag_24m","0.95","https://oeffentlichevergabe.de/ui/de/notice/ocds-mnwr74-d02499c1-0be1-4e95-bc40-5eb1d8fe8cb9","2026-02-24","1","2026-02-24","JEN Jülicher Entsorgungsgesellschaft für Nuklearanlagen mbH","48000000","nein","HRB 243681","dovs","2026-09-23"
"interactive instruments","interactive instruments GmbH","","","","Bonn","53113","","B","Zuschlagsbeleg (P1_zuschlag_24m), Mitarbeiterzahl nicht ermittelt","P1_zuschlag_24m","0.95","https://oeffentlichevergabe.de/ui/de/notice/ocds-mnwr74-a7c48537-9fb3-4ef9-b782-ac705439af0c","2026-02-04","1","2026-02-04","Bundesanstalt für Gewässerkunde","72000000","nein","DE122121189","dovs","2026-09-23"
"scopevisio","Scopevisio AG","","","","Bonn","53227","","B","Zuschlagsbeleg (P1_zuschlag_24m), Mitarbeiterzahl nicht ermittelt","P1_zuschlag_24m","0.95","https://oeffentlichevergabe.de/ui/de/notice/ocds-mnwr74-a2e62fa1-bf65-429a-ac47-78934f437d98","2025-09-30","1","2025-09-30","Rhein-Main-Verkehrsverbund Servicegesellschaft mbH","48444000","nein","UStID.DE254222079","dovs","2026-09-23"
"s-management services","S-Management Services","","","","Stuttgart","70565","","B","Zuschlagsbeleg (P1_zuschlag_24m), Mitarbeiterzahl nicht ermittelt","P1_zuschlag_24m","0.95","https://oeffentlichevergabe.de/ui/de/notice/ocds-mnwr74-82904b84-12d6-476c-86b9-5f68c99f6b80","2025-11-20","1","2025-11-20","Dataport AöR","48000000","nein","2f08b101-7e10-4204-ac20-5d128d22ebd4","dovs","2026-09-23"
"sandata edv-systemhaus","SanData EDV-Systemhaus GmbH","","","","Nürnberg","90411","","B","Zuschlagsbeleg (P1_zuschlag_24m), Mitarbeiterzahl nicht ermittelt","P1_zuschlag_24m","0.95","https://oeffentlichevergabe.de/ui/de/notice/ocds-mnwr74-62440d82-de3d-41d4-b50a-78ef1dd19f41","2026-01-05","1","2026-01-05","BG-Phoenics GmbH","72000000","nein","1d8ae31a-41db-429d-8ae7-6c4c3b7dac03","dovs","2026-09-23"
"onway","ONWAY AG","","","","Zürich","8004","","B","Zuschlagsbeleg (P1_zuschlag_24m), Mitarbeiterzahl nicht ermittelt","P1_zuschlag_24m","0.95","https://oeffentlichevergabe.de/ui/de/notice/ocds-mnwr74-d8872d06-3825-4d6a-baea-f3d1148c786d","2026-01-04","1","2026-01-04","Rhein-Main-Verkehrsverbund Servicegesellschaft mbH","48219500","nein","HR CH-130.3.014.124-7","dovs","2026-09-23"
"tele columbus netz","Tele Columbus Netz GmbH","","","","Leipzig","04356","","B","Zuschlagsbeleg (P1_zuschlag_24m), Mitarbeiterzahl nicht ermittelt","P1_zuschlag_24m","0.95","https://oeffentlichevergabe.de/ui/de/notice/ocds-mnwr74-6aa48ee5-4380-4b9f-8688-a8d961ace7e0","2025-12-22","1","2025-12-22","WBM Wohnungsbaugesellschaft Berlin-Mitte mbH","64210000","nein","DE127478842","dovs","2026-09-23"
"prozoz herten","PROZOZ Herten GmbH","","","","Herten","45699","","B","Zuschlagsbeleg (P1_zuschlag_24m), Mitarbeiterzahl nicht ermittelt","P1_zuschlag_24m","0.95","https://oeffentlichevergabe.de/ui/de/notice/ocds-mnwr74-6d872f5b-9134-4ce0-844b-cbb121e2a177","2026-01-06","1","2026-01-06","Hessische Zentrale für Datenverarbeitung","72000000","nein","t:02366188223","dovs","2026-09-23"
"dipf leibniz-institut fuer bildungsforschung und bildungsinformation","DIPF Leibniz-Institut für Bildungsforschung und Bildungsinformation","","","","Frankfurt am Main","60323","","B","Zuschlagsbeleg (P1_zuschlag_24m), Mitarbeiterzahl nicht ermittelt","P1_zuschlag_24m","0.95","https://oeffentlichevergabe.de/ui/de/notice/ocds-mnwr74-f8ac5930-c884-4db4-b049-450cfc85021e","2026-01-06","1","2026-01-06","Land Hessen, vertreten durch die Hessische Zentrale für Datenverarbeitung","72000000","nein","t:069247080","dovs","2026-09-23"
"technische universitaet dortmund","Technische Universität Dortmund","","","","Dortmund","44227","","B","Zuschlagsbeleg (P1_zuschlag_24m), Mitarbeiterzahl nicht ermittelt","P1_zuschlag_24m","0.95","https://oeffentlichevergabe.de/ui/de/notice/ocds-mnwr74-f8ac5930-c884-4db4-b049-450cfc85021e","2026-01-06","1","2026-01-06","Land Hessen, vertreten durch die Hessische Zentrale für Datenverarbeitung","72000000","nein","t:02317551","dovs","2026-09-23"
"xalt business consulting","XALT Business Consulting GmbH","","","","München","81673","","B","Zuschlagsbeleg (P1_zuschlag_24m), Mitarbeiterzahl nicht ermittelt","P1_zuschlag_24m","0.95","https://oeffentlichevergabe.de/ui/de/notice/ocds-mnwr74-f08333b0-5036-454c-935f-67a4c4134452","2025-12-19","1","2025-12-19","Deutscher Akademischer Austauschdienst e. V.","72000000","nein","UStID. DE306119808","dovs","2026-09-23"
"prodatis consulting","PRODATIS CONSULTING AG","","","","Dresden","01067","","B","Zuschlagsbeleg (P1_zuschlag_24m), Mitarbeiterzahl nicht ermittelt","P1_zuschlag_24m","0.95","https://oeffentlichevergabe.de/ui/de/notice/ocds-mnwr74-032965ce-1460-4f5b-aaca-6e2caf03e4da","2026-01-07","1","2026-01-07","Hochschule Weihenstephan-Triesdorf","72212450","nein","ea8fbb73-5bfc-417f-a3e4-2109165ab807","dovs","2026-09-23"
"voize","voize GmbH","","","","Potsdam","14482","","B","Zuschlagsbeleg (P1_zuschlag_24m), Mitarbeiterzahl nicht ermittelt","P1_zuschlag_24m","0.95","https://oeffentlichevergabe.de/ui/de/notice/ocds-mnwr74-16e50e20-2ce5-4b5d-b04a-85e03271ae2b","2026-01-06","1","2026-01-06","Stadt Augsburg","48000000","nein","DE330586102","dovs","2026-09-23"
"rittal","Rittal GmbH & Co. KG","","","","Herborn","35745","","B","Zuschlagsbeleg (P1_zuschlag_24m), Mitarbeiterzahl nicht ermittelt","P1_zuschlag_24m","0.95","https://oeffentlichevergabe.de/ui/de/notice/ocds-mnwr74-2d81c9d4-ffbc-4e10-84c4-a7b8f5cd0ffe","2025-10-30","1","2025-10-30","Landratsamt Greiz","30210000","nein","DE111796669","dovs","2026-09-23"
"nagarro es","Nagarro ES GmbH","","","","Kronberg im Taunus","61476","","B","Zuschlagsbeleg (P1_zuschlag_24m), Mitarbeiterzahl nicht ermittelt","P1_zuschlag_24m","0.95","https://oeffentlichevergabe.de/ui/de/notice/ocds-mnwr74-913a2440-1813-4591-a642-32d6d2b78e1d","2025-10-20","1","2025-10-20","Landeshauptstadt Hannover - Fachbereich Personal und Organisation","72000000","nein","DE 815 660 472","dovs","2026-09-23"
"tts knowledge products","TTS Knowledge Products GmbH","","","","Köln","50667","","B","Zuschlagsbeleg (P1_zuschlag_24m), Mitarbeiterzahl nicht ermittelt","P1_zuschlag_24m","0.95","https://oeffentlichevergabe.de/ui/de/notice/ocds-mnwr74-cb0e296b-68c1-467e-8372-6259ea30f532","2025-12-18","1","2025-12-18","Berufsgenossenschaft für Gesundheitsdienst und Wohlfahrtspflege (BGW)","72000000","nein","DE813674420","dovs","2026-09-23"
"arbeitgestalten beratungsgesellschaft mbh ahlhoff","ArbeitGestalten Beratungsgesellschaft mbH, Ahlhoff","","","","Berlin","10559","","B","Zuschlagsbeleg (P1_zuschlag_24m), Mitarbeiterzahl nicht ermittelt","P1_zuschlag_24m","0.95","https://oeffentlichevergabe.de/ui/de/notice/ocds-mnwr74-3b643001-719c-4bcb-baeb-1e108d9099c1","2025-11-25","1","2025-11-25","Land Berlin, vertreten durch die Senatsverwaltung für Wissenschaft, Gesundheit und Pflege","72413000","nein","DE303530018","dovs","2026-09-23"
"born2design egbr","born2design eGbR","","","","Karlsruhe","76185","","B","Zuschlagsbeleg (P1_zuschlag_24m), Mitarbeiterzahl nicht ermittelt","P1_zuschlag_24m","0.95","https://oeffentlichevergabe.de/ui/de/notice/ocds-mnwr74-aa86a99e-02a2-4fab-a2c1-6e5d9f8b2919","2026-01-19","1","2026-01-19","Magistrat der Stadt Wetzlar","72000000","nein","DE318912754","dovs","2026-09-23"
"techtalk","TechTalk GmbH","","","","Wien","1220","","B","Zuschlagsbeleg (P1_zuschlag_24m), Mitarbeiterzahl nicht ermittelt","P1_zuschlag_24m","0.95","https://oeffentlichevergabe.de/ui/de/notice/ocds-mnwr74-b4f9e6ce-5310-4052-8fa0-8e35351d7744","2025-12-22","1","2025-12-22","Bundesamt für die Sicherheit der nuklearen Entsorgung","72268000","nein","ATU16152400","dovs","2026-09-23"
"docuteam","docuteam AG","","","","Dättwill","5405","","B","Zuschlagsbeleg (P1_zuschlag_24m), Mitarbeiterzahl nicht ermittelt","P1_zuschlag_24m","0.95","https://oeffentlichevergabe.de/ui/de/notice/ocds-mnwr74-b4f9e6ce-5310-4052-8fa0-8e35351d7744","2025-12-22","1","2025-12-22","Bundesamt für die Sicherheit der nuklearen Entsorgung","72268000","nein","CHE110.048.641","dovs","2026-09-23"
"gesellschaft fuer digitale bildung","Gesellschaft für digitale Bildung mbH","","","","Hamburg","22763","","B","Zuschlagsbeleg (P1_zuschlag_24m), Mitarbeiterzahl nicht ermittelt","P1_zuschlag_24m","0.95","https://oeffentlichevergabe.de/ui/de/notice/ocds-mnwr74-0f9c35b2-591b-4235-8833-902517d018aa","2025-11-17","1","2025-11-17","Stadt Ingolstadt","30200000","nein","DE 346687964","dovs","2026-09-23"
"step it up consulting","step IT up consulting GmbH","","","","Berlin","10315","","B","Zuschlagsbeleg (P1_zuschlag_24m), Mitarbeiterzahl nicht ermittelt","P1_zuschlag_24m","0.95","https://oeffentlichevergabe.de/ui/de/notice/ocds-mnwr74-2a88dd92-68c1-453d-b1ae-92fdf6681f3b","2026-01-27","1","2026-01-27","Ständigen Konferenz der Kultusminister der Länder in der BRD","72000000","nein","DE349558066","dovs","2026-09-23"
"unity","UNITY AG","","","","Büren","33142","","B","Zuschlagsbeleg (P1_zuschlag_24m), Mitarbeiterzahl nicht ermittelt","P1_zuschlag_24m","0.95","https://oeffentlichevergabe.de/ui/de/notice/ocds-mnwr74-f5d4151b-f5fe-45c0-8807-f10f5c285f47","2025-06-04","1","2025-06-04","Agaplesion Bethesda Krankenhaus Bergedorf gGmbH","72230000","nein","DE 176 253 436","dovs","2026-09-23"
"puavo","Puavo GmbH","","","","Berlin","10117","","B","Zuschlagsbeleg (P1_zuschlag_24m), Mitarbeiterzahl nicht ermittelt","P1_zuschlag_24m","0.95","https://oeffentlichevergabe.de/ui/de/notice/ocds-mnwr74-4f483c2e-aee1-4997-a993-86b9c9691f7d","2026-01-21","1","2026-01-21","Landeshauptstadt Magdeburg, Die Oberbürgermeisterin","72267000","nein","HR 259941 B","dovs","2026-09-23"
"tenzir","Tenzir GmbH","","","","Hamburg","20097","","B","Zuschlagsbeleg (P1_zuschlag_24m), Mitarbeiterzahl nicht ermittelt","P1_zuschlag_24m","0.95","https://oeffentlichevergabe.de/ui/de/notice/ocds-mnwr74-1c2e25e8-7dab-4852-8492-5b50414e78fc","2025-11-30","1","2025-11-30","Bundesamt für Sicherheit in der Informationstechnik","72000000","nein","000000","dovs","2026-09-23"
"comava","COMAVA GmbH","","","","Berlin","10179","","B","Zuschlagsbeleg (P1_zuschlag_24m), Mitarbeiterzahl nicht ermittelt","P1_zuschlag_24m","0.95","https://oeffentlichevergabe.de/ui/de/notice/ocds-mnwr74-62127c85-3604-44dc-a5a2-0df4b2a33302","2025-11-26","1","2025-11-26","HOWOGE Wohnungsbaugesellschaft mbH","48000000","nein","DE219558512","dovs","2026-09-23"
"ptv planung transport verkehr","PTV Planung Transport Verkehr GmbH","","","","Karlsruhe","76131","","B","Zuschlagsbeleg (P1_zuschlag_24m), Mitarbeiterzahl nicht ermittelt","P1_zuschlag_24m","0.95","https://oeffentlichevergabe.de/ui/de/notice/ocds-mnwr74-cbb6a095-8c60-4a04-b21d-9879fc2271af","2025-12-02","1","2025-12-02","Landesbaudirektion Bayern","72000000","nein","09-0990002-23","dovs","2026-09-23"
"avepoint deutschland","AvePoint Deutschland GmbH","","","","München","80335","","B","Zuschlagsbeleg (P1_zuschlag_24m), Mitarbeiterzahl nicht ermittelt","P1_zuschlag_24m","0.95","https://oeffentlichevergabe.de/ui/de/notice/ocds-mnwr74-f3b7ed53-f7a7-41d8-b290-ab1393ae3c4b","2025-12-08","1","2025-12-08","Max-Planck-Gesellschaft zur Förderung der Wissenschaften e.V., Generalverwaltung","48000000","nein","UStID. DE266802758","dovs","2026-09-23"
"asknet solutions","Asknet Solutions AG","","","","Karlsruhe","76131","","B","Zuschlagsbeleg (P1_zuschlag_24m), Mitarbeiterzahl nicht ermittelt","P1_zuschlag_24m","0.95","https://oeffentlichevergabe.de/ui/de/notice/ocds-mnwr74-a91363c4-f109-43a3-914e-1e6f2044f0c8","2025-10-27","1","2025-10-27","Friedrich-Schiller-Universität Jena","48218000","nein","t: 0721 9588260","dovs","2026-09-23"
"m2ing","m2ing GmbH","","","","München","81379","","B","Zuschlagsbeleg (P1_zuschlag_24m), Mitarbeiterzahl nicht ermittelt","P1_zuschlag_24m","0.95","https://oeffentlichevergabe.de/ui/de/notice/ocds-mnwr74-1be66848-c702-406c-b007-ac627b93a42c","2025-12-04","1","2025-12-04","Hamburg Port Authority AöR","48100000","nein","DE351192120","dovs","2026-09-23"
"juris","juris GmbH","","","","Saarbrücken","66121","","B","Zuschlagsbeleg (P1_zuschlag_24m), Mitarbeiterzahl nicht ermittelt","P1_zuschlag_24m","0.95","https://oeffentlichevergabe.de/ui/de/notice/ocds-mnwr74-4f686041-a4d0-486d-a00a-021a90f4bf99","2025-12-02","1","2025-12-02","Senatsverwaltung für Justiz und Verbraucherschutz","72320000","nein","DE 138102575","dovs","2026-09-23"
"bibliotheka germany","Bibliotheka Germany GmbH","","","","Reutlingen","72762","","B","Zuschlagsbeleg (P1_zuschlag_24m), Mitarbeiterzahl nicht ermittelt","P1_zuschlag_24m","0.95","https://oeffentlichevergabe.de/ui/de/notice/ocds-mnwr74-a6100354-32cd-456a-a847-7671db9432ab","2025-11-24","1","2025-11-24","Stadt Neumünster - FD Kultur und Sport","30238000","nein","DE250354096","dovs","2026-09-23"
"nts deutschland","NTS Deutschland GmbH","","","","Leipzig","04109","","B","Zuschlagsbeleg (P1_zuschlag_24m), Mitarbeiterzahl nicht ermittelt","P1_zuschlag_24m","0.95","https://oeffentlichevergabe.de/ui/de/notice/ocds-mnwr74-ca61b0ed-89ea-458d-8537-2c926ffae29d","2025-11-13","1","2025-11-13","Landratsamt Weilheim-Schongau, Sb. 10.4 - Vergabe- und Beschaffungswesen","30233100","nein","2025_Z2.3_01 2","dovs","2026-09-23"
"tproneth the storage company","tproneth The Storage Company GmbH & Co. KG","","","","Puchheim","82178","","B","Zuschlagsbeleg (P1_zuschlag_24m), Mitarbeiterzahl nicht ermittelt","P1_zuschlag_24m","0.95","https://oeffentlichevergabe.de/ui/de/notice/ocds-mnwr74-64bda05a-73d4-4806-9b6e-b8e6a491162a","2025-12-05","1","2025-12-05","Münchner Volkshochschule GmbH","48710000","nein","DE814059219","dovs","2026-09-23"
"ta triumph-adler deutschland","TA Triumph-Adler Deutschland GmbH","","","","Nürnberg","90449","","B","Zuschlagsbeleg (P1_zuschlag_24m), Mitarbeiterzahl nicht ermittelt","P1_zuschlag_24m","0.95","https://oeffentlichevergabe.de/ui/de/notice/ocds-mnwr74-a1c996fd-27b4-49aa-b462-dafcc6c09b2d","2025-11-14","1","2025-11-14","Münchner Wohnen GmbH","50313200","nein","DE 251881968","dovs","2026-09-23"
"coforge","Coforge GmbH","","","","Frankfurt am Main","60325","","B","Zuschlagsbeleg (P1_zuschlag_24m), Mitarbeiterzahl nicht ermittelt","P1_zuschlag_24m","0.95","https://oeffentlichevergabe.de/ui/de/notice/ocds-mnwr74-d6c0ccd8-a122-4d09-8a69-b870367e7012","2025-11-23","1","2025-11-23","DB Fernverkehr AG (Bukr 13)","48000000","nein","4f7c2e50-b3f4-4f99-b737-7b388213b519","dovs","2026-09-23"
"perbility","PERBILITY GmbH","","","","Bamberg","96050","","B","Zuschlagsbeleg (P1_zuschlag_24m), Mitarbeiterzahl nicht ermittelt","P1_zuschlag_24m","0.95","https://oeffentlichevergabe.de/ui/de/notice/ocds-mnwr74-efc42582-0d20-4a32-92f9-945c9354ae96","2025-11-17","1","2025-11-17","Berliner Stadtreinigungsbetriebe AöR","72212700","nein","DE265447389","dovs","2026-09-23"
"mtg-kommunikations-technik","MTG-Kommunikations-Technik GmbH","","","","München","81825","","B","Zuschlagsbeleg (P1_zuschlag_24m), Mitarbeiterzahl nicht ermittelt","P1_zuschlag_24m","0.95","https://oeffentlichevergabe.de/ui/de/notice/ocds-mnwr74-5f5b7ff2-6864-4f74-be7d-5d36991d4bbc","2025-11-24","1","2025-11-24","Bezirk Schwaben","48000000","nein","DE141500033","dovs","2026-09-23"
"v-bc de","V-BC.de","","","","Reinsdorf","08141","","B","Zuschlagsbeleg (P1_zuschlag_24m), Mitarbeiterzahl nicht ermittelt","P1_zuschlag_24m","0.95","https://oeffentlichevergabe.de/ui/de/notice/ocds-mnwr74-9d35dae0-ee89-4363-b986-d93e94913834","2025-11-17","1","2025-11-17","Burgenlandkreis","30200000","nein","UStID: DE163870710","dovs","2026-09-23"
"konica minolta business solutions deutschland","Konica Minolta Business Solutions Deutschland GmbH","","","","Langenhagen","30855","","B","Zuschlagsbeleg (P1_zuschlag_24m), Mitarbeiterzahl nicht ermittelt","P1_zuschlag_24m","0.95","https://oeffentlichevergabe.de/ui/de/notice/ocds-mnwr74-df8274b3-b8e1-401d-9186-4ee2c3246f07","2025-12-16","1","2025-12-16","Magistrat der Stadt Wetzlar","30232100","nein","DE 228 895 321","dovs","2026-09-23"
"deutsches institut fuer normung","Deutsches Institut für Normung e.V.","","","","Berlin","10787","","B","Zuschlagsbeleg (P1_zuschlag_24m), Mitarbeiterzahl nicht ermittelt","P1_zuschlag_24m","0.95","https://oeffentlichevergabe.de/ui/de/notice/ocds-mnwr74-958c57a3-f03d-4742-bc07-5a28c90e62cf","2025-12-18","1","2025-12-18","Bundesamt für Sicherheit in der Informationstechnik","72000000","nein","00000","dovs","2026-09-23"
"usu","USU GmbH","","","","Möglingen","71696","","B","Zuschlagsbeleg (P1_zuschlag_24m), Mitarbeiterzahl nicht ermittelt","P1_zuschlag_24m","0.95","https://oeffentlichevergabe.de/ui/de/notice/ocds-mnwr74-f9c7155c-2f24-470d-8e0f-c47c59e86fd0","2025-12-18","1","2025-12-18","Stadtreinigung Hamburg AöR","48000000","nein","DE146188290","dovs","2026-09-23"
"destination one","destination.one GmbH","","","","Landsberg am Lech","86899","","B","Zuschlagsbeleg (P1_zuschlag_24m), Mitarbeiterzahl nicht ermittelt","P1_zuschlag_24m","0.95","https://oeffentlichevergabe.de/ui/de/notice/ocds-mnwr74-5e7ab939-f065-4121-a4db-f0c64dc35201","2025-12-12","1","2025-12-12","Rheinhessenwein e.V. und Rheinhessen-Touristik GmbH","72413000","nein","USt.-ID-NR.: DE815626066","dovs","2026-09-23"
"abs team","ABS Team GmbH","","","","Bovenden","37120","","B","Zuschlagsbeleg (P1_zuschlag_24m), Mitarbeiterzahl nicht ermittelt","P1_zuschlag_24m","0.95","https://oeffentlichevergabe.de/ui/de/notice/ocds-mnwr74-f6df1bfb-62d7-42eb-b8f5-5532d19f2318","2025-12-22","1","2025-12-22","Medizinische Hochschule Hannover","72227000","nein","Ust.-ID DE115305229","dovs","2026-09-23"
"infofabrik","InfoFabrik GmbH","","","","Wiesbaden","65189","","B","Zuschlagsbeleg (P1_zuschlag_24m), Mitarbeiterzahl nicht ermittelt","P1_zuschlag_24m","0.95","https://oeffentlichevergabe.de/ui/de/notice/ocds-mnwr74-1d2c2248-7270-4399-b371-16685535ed2d","2025-12-15","1","2025-12-15","Investitionsbank Schleswig-Holstein","72200000","nein","DE241921365","dovs","2026-09-23"
"informatica","Informatica GmbH","","","","Stuttgart","70499","","B","Zuschlagsbeleg (P1_zuschlag_24m), Mitarbeiterzahl nicht ermittelt","P1_zuschlag_24m","0.95","https://oeffentlichevergabe.de/ui/de/notice/ocds-mnwr74-f694d7ef-5117-4836-84ee-6220d11fde94","2025-12-15","1","2025-12-15","ARD ZDF Deutschlandradio Beitragsservice","72268000","nein","HRB 750698","dovs","2026-09-23"
"communardo","Communardo GmbH","","","","Dresden","0129","","B","Zuschlagsbeleg (P1_zuschlag_24m), Mitarbeiterzahl nicht ermittelt","P1_zuschlag_24m","0.95","https://oeffentlichevergabe.de/ui/de/notice/ocds-mnwr74-e4e9aa84-33c0-4db9-9b42-596af5212faa","2025-12-05","1","2025-12-05","Abrechnungszentrum Emmendingen","48000000","nein","DE213200303","dovs","2026-09-23"
"dydocon","dydocon GmbH","","","","Frankfurt am Main","60439","","B","Zuschlagsbeleg (P1_zuschlag_24m), Mitarbeiterzahl nicht ermittelt","P1_zuschlag_24m","0.95","https://oeffentlichevergabe.de/ui/de/notice/ocds-mnwr74-4f6434e8-2457-4b23-9370-7f843af96acb","2025-12-09","1","2025-12-09","Berufsgenossenschaft für Gesundheitsdienst und Wohlfahrtspflege (BGW)","72000000","nein","DE 246456745","dovs","2026-09-23"
"gauss-lvs","GAUSS-LVS mbH","","","","Paderborn","33100","","B","Zuschlagsbeleg (P1_zuschlag_24m), Mitarbeiterzahl nicht ermittelt","P1_zuschlag_24m","0.95","https://oeffentlichevergabe.de/ui/de/notice/ocds-mnwr74-4208a5a3-79ec-4dba-a52a-1a1977536428","2025-11-03","1","2025-11-03","Senatsverwaltung für Arbeit, Soziales, Gleichstellung, Integration, Vielfalt und Antidiskriminierung","72261000","nein","ORG-9000","dovs","2026-09-23"
"hydrotec ingenieurgesellschaft fuer wasser und umwelt","Hydrotec Ingenieurgesellschaft für Wasser und Umwelt mbH","","","","Aachen","52066","","B","Zuschlagsbeleg (P1_zuschlag_24m), Mitarbeiterzahl nicht ermittelt","P1_zuschlag_24m","0.95","https://oeffentlichevergabe.de/ui/de/notice/ocds-mnwr74-ba4cad3d-0455-41c0-ac76-29e5186bf917","2025-10-22","1","2025-10-22","Bundesanstalt für Gewässerkunde","72000000","nein","DE121678010","dovs","2026-09-23"
"cms it-consulting","CMS IT-Consulting GmbH","","","","Grasbrunn","85630","","B","Zuschlagsbeleg (P1_zuschlag_24m), Mitarbeiterzahl nicht ermittelt","P1_zuschlag_24m","0.95","https://oeffentlichevergabe.de/ui/de/notice/ocds-mnwr74-5a50ee5c-1d60-4773-bf79-86637d93b122","2025-11-05","1","2025-11-05","Landkreis Augsburg - Vergabestelle","30210000","nein","DE 184 171 580","dovs","2026-09-23"
"fidelity information services front arena ab","Fidelity Information Services Front Arena AB","","","","Stockholm","SE-118 28","","B","Zuschlagsbeleg (P1_zuschlag_24m), Mitarbeiterzahl nicht ermittelt","P1_zuschlag_24m","0.95","https://oeffentlichevergabe.de/ui/de/notice/ocds-mnwr74-2b6d1b02-b5d8-4b1f-a9ed-8068edc316a0","2025-10-14","1","2025-10-14","FMS Wertmanagement AöR (Anstalt öffentlichen Rechts)","72260000","nein","556300-6567","dovs","2026-09-23"
"dataloom","dataLoom. GmbH","","","","Stuttgart","70191","","B","Zuschlagsbeleg (P1_zuschlag_24m), Mitarbeiterzahl nicht ermittelt","P1_zuschlag_24m","0.95","https://oeffentlichevergabe.de/ui/de/notice/ocds-mnwr74-af0264ce-1c35-403b-9918-3492f52b1acb","2025-11-06","1","2025-11-06","Medizinische Hochschule Hannover","72227000","nein","Ust.-ID DE450373316","dovs","2026-09-23"
"interface systems","interface systems GmbH","","","","Dresden","01277","","B","Zuschlagsbeleg (P1_zuschlag_24m), Mitarbeiterzahl nicht ermittelt","P1_zuschlag_24m","0.95","https://oeffentlichevergabe.de/ui/de/notice/ocds-mnwr74-8c1d803e-1c50-4cc1-8bcc-5f9dc3f7ec63","2025-10-28","1","2025-10-28","Dataport AöR","72250000","nein","cff22b5f-60c7-4f7e-bcd1-42ef4badfef5","dovs","2026-09-23"
"cancom gmbh nord/ost","CANCOM GmbH Nord/Ost","","","","Jettingen-Scheppach","89343","","B","Zuschlagsbeleg (P1_zuschlag_24m), Mitarbeiterzahl nicht ermittelt","P1_zuschlag_24m","0.95","https://oeffentlichevergabe.de/ui/de/notice/ocds-mnwr74-5a0b65ca-11a5-4072-ba66-5ed0810d8a6a","2025-08-18","1","2025-08-18","Dataport AöR","48000000","nein","1cffbd14-dfa1-4b84-8418-3b059c4d5793","dovs","2026-09-23"
"interflex datensysteme","Interflex Datensysteme GmbH","","","","Stuttgart","70567","","B","Zuschlagsbeleg (P1_zuschlag_24m), Mitarbeiterzahl nicht ermittelt","P1_zuschlag_24m","0.95","https://oeffentlichevergabe.de/ui/de/notice/ocds-mnwr74-24943291-6989-425c-bc13-3e0eb895c41c","2025-09-04","1","2025-09-04","Kraftfahrt-Bundesamt","48450000","nein","HRB 757952 Stuttgart","dovs","2026-09-23"
"siemens ag muenchen industry","Siemens AG München, Industry","","","","München","81739","","B","Zuschlagsbeleg (P1_zuschlag_24m), Mitarbeiterzahl nicht ermittelt","P1_zuschlag_24m","0.95","https://oeffentlichevergabe.de/ui/de/notice/ocds-mnwr74-25ba28a5-8b86-4fa8-8e39-062e0259b5e9","2025-11-13","1","2025-11-13","Landeshauptstadt München, Baureferat","72265000","nein","DE129274202","dovs","2026-09-23"
"in-innovative navigation","in-innovative navigation GmbH","","","","Kornwestheim","70806","","B","Zuschlagsbeleg (P1_zuschlag_24m), Mitarbeiterzahl nicht ermittelt","P1_zuschlag_24m","0.95","https://oeffentlichevergabe.de/ui/de/notice/ocds-mnwr74-157031ac-a5a1-4d6a-a63f-916565c13bf4","2025-11-19","1","2025-11-19","Amt für Binnen-Verkehrstechnik","72212100","nein","HRB 205770","dovs","2026-09-23"
"arxio","arxio GmbH","","","","Karlsruhe","76131","","B","Zuschlagsbeleg (P1_zuschlag_24m), Mitarbeiterzahl nicht ermittelt","P1_zuschlag_24m","0.95","https://oeffentlichevergabe.de/ui/de/notice/ocds-mnwr74-3e0773bc-33cb-487b-a2af-8724659539e0","2025-10-01","1","2025-10-01","Bundesrepublik Deutschland, vertreten durch das Bundesministerium für Verkehr, dieses wiederum vertreten durch die Bundesanstalt für Wasserbau (BAW)","72260000","nein","991-04361-66","dovs","2026-09-23"
"innovative datensysteme gmbh indasys","Innovative Datensysteme GmbH indasys","","","","Stuttgart","70499","","B","Zuschlagsbeleg (P1_zuschlag_24m), Mitarbeiterzahl nicht ermittelt","P1_zuschlag_24m","0.95","https://oeffentlichevergabe.de/ui/de/notice/ocds-mnwr74-8fffd18b-f7a0-4924-97ec-9719f7f80cb1","2025-11-24","1","2025-11-24","Landkreis Augsburg - Vergabestelle","30210000","nein","DE199226070","dovs","2026-09-23"
"buecker it-security","Bücker IT-Security GmbH","","","","Hille","32479","","B","Zuschlagsbeleg (P1_zuschlag_24m), Mitarbeiterzahl nicht ermittelt","P1_zuschlag_24m","0.95","https://oeffentlichevergabe.de/ui/de/notice/ocds-mnwr74-379dc3d9-4455-44c5-ba31-d5d7f323a95d","2025-09-18","1","2025-09-18","Stadt Ulm - Zentrale Vergabestelle Liefer- und Dienstleistungen","48730000","nein","DE126018177","dovs","2026-09-23"
"aareon deutschland","Aareon Deutschland GmbH","","","","Hamburg","22303","","B","Zuschlagsbeleg (P1_zuschlag_24m), Mitarbeiterzahl nicht ermittelt","P1_zuschlag_24m","0.95","https://oeffentlichevergabe.de/ui/de/notice/ocds-mnwr74-763d93bb-6351-4fa1-b5d1-a0ec7f975253","2025-09-30","1","2025-09-30","STADT UND LAND Wohnbauten-Gesellschaft mbH","72000000","nein","t:1707903563","dovs","2026-09-23"
"dierichsweiler unternehmens-und prozessberatung","Dierichsweiler Unternehmens- und Prozessberatung GmbH","","","","Mainz","55130","","B","Zuschlagsbeleg (P1_zuschlag_24m), Mitarbeiterzahl nicht ermittelt","P1_zuschlag_24m","0.95","https://oeffentlichevergabe.de/ui/de/notice/ocds-mnwr74-b7b0ef4b-e032-4881-96cc-e1f24a66e2cc","2025-09-30","1","2025-09-30","Freistaat Bayern, vertreten durch das Bayer. StM f. Ernährung, Landwirtschaft, Forsten und Tourismus","72200000","nein","b0573db0-5bc0-4375-b1ad-fb5a1ea60762","dovs","2026-09-23"
"fourenergy","FourEnergy GmbH","","","","Schönefeld","12529","","B","Zuschlagsbeleg (P1_zuschlag_24m), Mitarbeiterzahl nicht ermittelt","P1_zuschlag_24m","0.95","https://oeffentlichevergabe.de/ui/de/notice/ocds-mnwr74-8eca01f9-3109-4ae4-b65c-cce0acce3376","2025-09-22","1","2025-09-22","Zentrale Vergabestelle im Bayerischen Landesamt für Steuern","72000000","nein","c937aba4-7e4d-4afa-9083-4e1711abbd3c","dovs","2026-09-23"
"scieneers","scieneers GmbH","","","","Karlsruhe","76137","","B","Zuschlagsbeleg (P1_zuschlag_24m), Mitarbeiterzahl nicht ermittelt","P1_zuschlag_24m","0.95","https://oeffentlichevergabe.de/ui/de/notice/ocds-mnwr74-ef1fa2d2-8ade-40fd-9a9b-949fa9428d57","2025-10-07","1","2025-10-07","Deutscher Akademischer Austauschdienst e. V.","72000000","nein","UStID. DE328113394","dovs","2026-09-23"
"peopleware","Peopleware GmbH","","","","Düsseldorf","40221","","B","Zuschlagsbeleg (P1_zuschlag_24m), Mitarbeiterzahl nicht ermittelt","P1_zuschlag_24m","0.95","https://oeffentlichevergabe.de/ui/de/notice/ocds-mnwr74-10ddc40b-7274-40f0-9964-fed848d81f99","2025-10-06","1","2025-10-06","IT-Dienstleistungszentrum Berlin (AöR)","48450000","nein","DE 216 136 216","dovs","2026-09-23"
"optimal systems gmbh unternehmenszentrale","OPTIMAL SYSTEMS GmbH Unternehmenszentrale","","","","Berlin","10709","","B","Zuschlagsbeleg (P1_zuschlag_24m), Mitarbeiterzahl nicht ermittelt","P1_zuschlag_24m","0.95","https://oeffentlichevergabe.de/ui/de/notice/ocds-mnwr74-9ad0fc2b-698a-4a9d-bf05-201f064663d5","2025-10-06","1","2025-10-06","WBM Wohnungsbaugesellschaft Berlin-Mitte mbH","72250000","nein","DE 136722551","dovs","2026-09-23"
"team cymru inc","Team Cymru, Inc.","","","","Lake Mary","FL 32746","","B","Zuschlagsbeleg (P1_zuschlag_24m), Mitarbeiterzahl nicht ermittelt","P1_zuschlag_24m","0.95","https://oeffentlichevergabe.de/ui/de/notice/ocds-mnwr74-52995fbe-ec93-47a2-930b-d7b12de7b0ed","2025-10-12","1","2025-10-12","Bayerisches Landeskriminalamt","48461000","nein","keine Angabe","dovs","2026-09-23"
"cloudeteer","CLOUDETEER GmbH","","","","Hamburg","20539","","B","Zuschlagsbeleg (P1_zuschlag_24m), Mitarbeiterzahl nicht ermittelt","P1_zuschlag_24m","0.95","https://oeffentlichevergabe.de/ui/de/notice/ocds-mnwr74-f4cb96cc-6536-4471-ab0e-fee27f2abe8e","2025-09-19","1","2025-09-19","DAK-Gesundheit","72000000","nein","NN","dovs","2026-09-23"
"port-neo group","port-neo Group GmbH","","","","Stuttgart","70174","","B","Zuschlagsbeleg (P1_zuschlag_24m), Mitarbeiterzahl nicht ermittelt","P1_zuschlag_24m","0.95","https://oeffentlichevergabe.de/ui/de/notice/ocds-mnwr74-387307ec-20f5-4941-9673-152297125513","2025-10-17","1","2025-10-17","Bayerische Gesellschaft für Internationale Wirtschaftsbeziehungen mbH","72000000","nein","0711-123-5000","dovs","2026-09-23"
"ioki","ioki GmbH","","","","Frankfurt am Main","60322","","B","Zuschlagsbeleg (P1_zuschlag_24m), Mitarbeiterzahl nicht ermittelt","P1_zuschlag_24m","0.95","https://oeffentlichevergabe.de/ui/de/notice/ocds-mnwr74-c5d34842-44a7-42e7-b90b-150b7b8e7380","2025-09-30","1","2025-09-30","Landratsamt Heidenheim","72000000","nein","DE320097653","dovs","2026-09-23"
"mbits imaging","mbits imaging GmbH","","","","Heidelberg","69115","","B","Zuschlagsbeleg (P1_zuschlag_24m), Mitarbeiterzahl nicht ermittelt","P1_zuschlag_24m","0.95","https://oeffentlichevergabe.de/ui/de/notice/ocds-mnwr74-9ccc918c-8cab-4abf-a93c-e3e17df3ff05","2025-10-20","1","2025-10-20","Asklepios Klinikum Bad Abbach GmbH","48180000","nein","DE 301 075 836","dovs","2026-09-23"
"imito","imito AG","","","","Zurich","08047","","B","Zuschlagsbeleg (P1_zuschlag_24m), Mitarbeiterzahl nicht ermittelt","P1_zuschlag_24m","0.95","https://oeffentlichevergabe.de/ui/de/notice/ocds-mnwr74-7efd0889-b5c6-4c9d-b869-21bc9978e2ef","2025-10-21","1","2025-10-21","Universitätsmedizin Göttingen (UMG), Stiftung Öffentlichen Rechts","48180000","nein","CHE-299.051.734 MWST","dovs","2026-09-23"
"fraunhofer-gesellschaft zur foerderung der angewandten forschung e v fuer fraunhofer institut fuer produktionsanlagen und konstruktionstechnik ipk","Fraunhofer-Gesellschaft zur Förderung der angewandten Forschung e.V. für  Fraunhofer Institut für Produktionsanlagen und Konstruktionstechnik IPK","","","","Berlin","10587","","B","Zuschlagsbeleg (P1_zuschlag_24m), Mitarbeiterzahl nicht ermittelt","P1_zuschlag_24m","0.95","https://oeffentlichevergabe.de/ui/de/notice/ocds-mnwr74-9a5c8a87-0ccf-47c0-aca7-a5894076259a","2025-10-13","1","2025-10-13","Bundesinsitut für Bau-, Stadt- und Raumforschung (BBSR) im Bundesamt für Bauwesen und Raumordnung (BBR)","72000000","nein","22222","dovs","2026-09-23"
"bechtle-comsoft","Bechtle-Comsoft GmbH","","","","Neckarsulm","74172","","B","Zuschlagsbeleg (P1_zuschlag_24m), Mitarbeiterzahl nicht ermittelt","P1_zuschlag_24m","0.95","https://oeffentlichevergabe.de/ui/de/notice/ocds-mnwr74-b1000000-c0de-4000-a000-00d458468544","2025-09-15","1","2025-09-15","Leibniz-Institut für Katalyse e. V.","48000000","nein","DE274334138","dovs","2026-09-23"
"mh service","mh Service GmbH","","","","Kandel","76870","","B","Zuschlagsbeleg (P1_zuschlag_24m), Mitarbeiterzahl nicht ermittelt","P1_zuschlag_24m","0.95","https://oeffentlichevergabe.de/ui/de/notice/ocds-mnwr74-c5f6b086-f3e3-4de7-8129-b6f4b020a034","2025-10-22","1","2025-10-22","Beschaffungsamt des BMI","72268000","nein","HRB 32063","dovs","2026-09-23"
"calpana business consulting deutschland","CALPANA business consulting
Deutschland GmbH","","","","Hamburg","22761","","B","Zuschlagsbeleg (P1_zuschlag_24m), Mitarbeiterzahl nicht ermittelt","P1_zuschlag_24m","0.95","https://oeffentlichevergabe.de/ui/de/notice/ocds-mnwr74-e1198ef5-bb39-41ac-856b-667c4e4b38e3","2025-10-23","1","2025-10-23","Berufsgenossenschaft für Gesundheitsdienst und Wohlfahrtspflege (BGW)","48000000","nein","DE321075774","dovs","2026-09-23"
"ewe tel","EWE Tel GmbH","","","","Oldenburg","26133","","B","Zuschlagsbeleg (P1_zuschlag_24m), Mitarbeiterzahl nicht ermittelt","P1_zuschlag_24m","0.95","https://oeffentlichevergabe.de/ui/de/notice/ocds-mnwr74-b1000000-c0de-4000-a000-00d459019326","2025-10-23","1","2025-10-23","Landkreis Friesland","72400000","nein","EWE TEL GmbH","dovs","2026-09-23"
"sinus nachrichtentechnik","SINUS Nachrichtentechnik GmbH","","","","Barsbüttel","22885","","B","Zuschlagsbeleg (P1_zuschlag_24m), Mitarbeiterzahl nicht ermittelt","P1_zuschlag_24m","0.95","https://oeffentlichevergabe.de/ui/de/notice/ocds-mnwr74-f12b011e-e8fb-4166-ac29-d652f65d13a5","2025-10-27","1","2025-10-27","Stadt Göttingen","72700000","nein","DE118711017","dovs","2026-09-23"
"ritterwald unternehmensberatung","RITTERWALD Unternehmensberatung GmbH","","","","Berlin","10719","","B","Zuschlagsbeleg (P1_zuschlag_24m), Mitarbeiterzahl nicht ermittelt","P1_zuschlag_24m","0.95","https://oeffentlichevergabe.de/ui/de/notice/ocds-mnwr74-ff4b01fe-c7ce-4bab-b2e3-7ba01bb7fa2d","2025-09-25","1","2025-09-25","WBM Wohnungsbaugesellschaft Berlin-Mitte mbH","72000000","nein","DE277547127","dovs","2026-09-23"
"ivu traffic technologies","IVU Traffic Technologies AG","","","","Berlin","12161","","B","Zuschlagsbeleg (P1_zuschlag_24m), Mitarbeiterzahl nicht ermittelt","P1_zuschlag_24m","0.95","https://oeffentlichevergabe.de/ui/de/notice/ocds-mnwr74-375aaa7a-3349-455f-a1f0-f34f3d245c07","2025-09-22","1","2025-09-22","Verkehrsgesellschaft Vorpommern-Greifswald mbH","48000000","nein","DE812680010","dovs","2026-09-23"
"it-novum","it-novum GmbH","","","","Berlin","36043","","B","Zuschlagsbeleg (P1_zuschlag_24m), Mitarbeiterzahl nicht ermittelt","P1_zuschlag_24m","0.95","https://oeffentlichevergabe.de/ui/de/notice/ocds-mnwr74-f17ae970-ffb4-4721-9840-2bf17fff127e","2025-10-28","1","2025-10-28","Die Präsidentin des Kammergerichts","72512000","nein","DE287719913","dovs","2026-09-23"
"eurofunk kappacher gmbh deutschland","eurofunk Kappacher GmbH Deutschland","","","","Ainring","83404","","C","Public-Sector-Bezug belegt, aber kein Zuschlag gefunden - moeglicher Dauerbieter ohne Zuschlag, hoher Bedarf","P3_rahmenvertrag","0.8","https://oeffentlichevergabe.de/ui/de/notice/ocds-mnwr74-7cb439bd-22b1-4801-aaf9-bca18a915c6c","2022-04-13","4","2022-04-13","Stadt Regensburg","30200000;32322000;39134000","nein","DE131558679","dovs","2026-09-23"
"bechtle it-systemhaus","Bechtle IT-Systemhaus GmbH","","","","Berlin","10587","","C","Public-Sector-Bezug belegt, aber kein Zuschlag gefunden - moeglicher Dauerbieter ohne Zuschlag, hoher Bedarf","P3_rahmenvertrag","0.8","https://oeffentlichevergabe.de/ui/de/notice/ocds-mnwr74-9b0b3055-8346-42b8-9d3f-c7f9bd5fcba3","2022-02-18","1","2022-02-18","Autobahn GmbH des Bundes","72000000","nein","DE143849458","dovs","2026-09-23"
"edv-dr haller und co","EDV - Dr. Haller & Co. GmbH","","","","Plauen","08523","","C","Public-Sector-Bezug belegt, aber kein Zuschlag gefunden - moeglicher Dauerbieter ohne Zuschlag, hoher Bedarf","P3_rahmenvertrag","0.8","https://oeffentlichevergabe.de/ui/de/notice/ocds-mnwr74-8ff70ba8-e338-40de-957d-4331a7406f02","2021-11-19","1","2021-11-19","Autobahn GmbH des Bundes","48100000","nein","DE141242661","dovs","2026-09-23"
"green it das systemhaus","Green IT Das Systemhaus GmbH","","","","Dortmund","44227","","C","Public-Sector-Bezug belegt, aber kein Zuschlag gefunden - moeglicher Dauerbieter ohne Zuschlag, hoher Bedarf","P3_rahmenvertrag","0.8","https://oeffentlichevergabe.de/ui/de/notice/ocds-mnwr74-d586533a-cca7-44d1-ab53-13aed8b3121c","2021-01-01","1","2021-01-01","Knappschaft Kliniken vertreten durch die Knappschaft Kliniken Solution GmbH","30232100","nein","N.N","dovs","2026-09-23"
