"company_id","score","score_components"
"siemens","85","{""formula"": ""min(best(weight x recency x fit_d x conf_d) + stacking, cap) / cap x 100"", ""tier"": ""A"", ""icp_fit"": 1.0, ""dampening"": ""fit und confidence wirken auf [0.4 .. 1.0]"", ""signal_count"": 4, ""distinct_signal_types"": [""rahmenvertrag_laeuft_aus"", ""zuschlag_gewonnen""], ""stacking_bonus"": 2.0, ""driver"": {""signal_type"": ""rahmenvertrag_laeuft_aus"", ""event_date"": ""2026-10-03"", ""weight"": 9, ""recency"": 1.0, ""icp_fit_dampened"": 1.0, ""confidence"": 0.85, ""confidence_dampened"": 0.91, ""raw"": 8.19, ""source_url"": ""https://oeffentlichevergabe.de/api/notices/0811ff10-bf52-4aad-a7c2-ff7b76325518?format=pdf""}, ""all_signals"": [{""signal_type"": ""rahmenvertrag_laeuft_aus"", ""event_date"": ""2026-10-03"", ""weight"": 9, ""recency"": 1.0, ""icp_fit_dampened"": 1.0, ""confidence"": 0.85, ""confidence_dampened"": 0.91, ""raw"": 8.19, ""source_url"": ""https://oeffentlichevergabe.de/api/notices/0811ff10-bf52-4aad-a7c2-ff7b76325518?format=pdf""}, {""signal_type"": ""zuschlag_gewonnen"", ""event_date"": ""2026-09-10"", ""weight"": 6, ""recency"": 0.8, ""icp_fit_dampened"": 1.0, ""confidence"": 0.85, ""confidence_dampened"": 0.91, ""raw"": 4.368, ""source_url"": ""https://oeffentlichevergabe.de/api/notices/0811ff10-bf52-4aad-a7c2-ff7b76325518?format=pdf""}, {""signal_type"": ""zuschlag_gewonnen"", ""event_date"": ""2026-09-10"", ""weight"": 6, ""recency"": 0.8, ""icp_fit_dampened"": 1.0, ""confidence"": 0.72, ""confidence_dampened"": 0.832, ""raw"": 3.994, ""source_url"": ""https://ted.europa.eu/en/notice/-/detail/623636-2026""}, {""signal_type"": ""zuschlag_gewonnen"", ""event_date"": ""2026-09-01"", ""weight"": 6, ""recency"": 0.6, ""icp_fit_dampened"": 1.0, ""confidence"": 0.72, ""confidence_dampened"": 0.832, ""raw"": 2.995, ""source_url"": ""https://ted.europa.eu/en/notice/-/detail/599729-2026""}]}"
"cassini consulting","85","{""formula"": ""min(best(weight x recency x fit_d x conf_d) + stacking, cap) / cap x 100"", ""tier"": ""A"", ""icp_fit"": 1.0, ""dampening"": ""fit und confidence wirken auf [0.4 .. 1.0]"", ""signal_count"": 3, ""distinct_signal_types"": [""rahmenvertrag_laeuft_aus"", ""zuschlag_gewonnen""], ""stacking_bonus"": 2.0, ""driver"": {""signal_type"": ""rahmenvertrag_laeuft_aus"", ""event_date"": ""2026-10-03"", ""weight"": 9, ""recency"": 1.0, ""icp_fit_dampened"": 1.0, ""confidence"": 0.85, ""confidence_dampened"": 0.91, ""raw"": 8.19, ""source_url"": ""https://oeffentlichevergabe.de/api/notices/cf38d6c7-602c-4222-a4f6-4f1171631a3a?format=pdf""}, ""all_signals"": [{""signal_type"": ""rahmenvertrag_laeuft_aus"", ""event_date"": ""2026-10-03"", ""weight"": 9, ""recency"": 1.0, ""icp_fit_dampened"": 1.0, ""confidence"": 0.85, ""confidence_dampened"": 0.91, ""raw"": 8.19, ""source_url"": ""https://oeffentlichevergabe.de/api/notices/cf38d6c7-602c-4222-a4f6-4f1171631a3a?format=pdf""}, {""signal_type"": ""zuschlag_gewonnen"", ""event_date"": ""2026-09-02"", ""weight"": 6, ""recency"": 0.6, ""icp_fit_dampened"": 1.0, ""confidence"": 0.85, ""confidence_dampened"": 0.91, ""raw"": 3.276, ""source_url"": ""https://oeffentlichevergabe.de/api/notices/cf38d6c7-602c-4222-a4f6-4f1171631a3a?format=pdf""}, {""signal_type"": ""zuschlag_gewonnen"", ""event_date"": ""2026-09-02"", ""weight"": 6, ""recency"": 0.6, ""icp_fit_dampened"": 1.0, ""confidence"": 0.72, ""confidence_dampened"": 0.832, ""raw"": 2.995, ""source_url"": ""https://ted.europa.eu/en/notice/-/detail/604737-2026""}]}"
"giscon systems","73","{""formula"": ""min(best(weight x recency x fit_d x conf_d) + stacking, cap) / cap x 100"", ""tier"": ""B"", ""icp_fit"": 0.8, ""dampening"": ""fit und confidence wirken auf [0.4 .. 1.0]"", ""signal_count"": 3, ""distinct_signal_types"": [""rahmenvertrag_laeuft_aus"", ""zuschlag_gewonnen""], ""stacking_bonus"": 1.6, ""driver"": {""signal_type"": ""rahmenvertrag_laeuft_aus"", ""event_date"": ""2026-10-03"", ""weight"": 9, ""recency"": 1.0, ""icp_fit_dampened"": 0.88, ""confidence"": 0.85, ""confidence_dampened"": 0.91, ""raw"": 7.207, ""source_url"": ""https://oeffentlichevergabe.de/api/notices/60cf7b38-d14b-4b1d-8ca2-175f489d54bd?format=pdf""}, ""all_signals"": [{""signal_type"": ""rahmenvertrag_laeuft_aus"", ""event_date"": ""2026-10-03"", ""weight"": 9, ""recency"": 1.0, ""icp_fit_dampened"": 0.88, ""confidence"": 0.85, ""confidence_dampened"": 0.91, ""raw"": 7.207, ""source_url"": ""https://oeffentlichevergabe.de/api/notices/60cf7b38-d14b-4b1d-8ca2-175f489d54bd?format=pdf""}, {""signal_type"": ""zuschlag_gewonnen"", ""event_date"": ""2026-08-28"", ""weight"": 6, ""recency"": 0.6, ""icp_fit_dampened"": 0.88, ""confidence"": 0.85, ""confidence_dampened"": 0.91, ""raw"": 2.883, ""source_url"": ""https://oeffentlichevergabe.de/api/notices/60cf7b38-d14b-4b1d-8ca2-175f489d54bd?format=pdf""}, {""signal_type"": ""zuschlag_gewonnen"", ""event_date"": ""2026-08-28"", ""weight"": 6, ""recency"": 0.6, ""icp_fit_dampened"": 0.88, ""confidence"": 0.72, ""confidence_dampened"": 0.832, ""raw"": 2.636, ""source_url"": ""https://ted.europa.eu/en/notice/-/detail/593605-2026""}]}"
"technologieberatung helge haug","73","{""formula"": ""min(best(weight x recency x fit_d x conf_d) + stacking, cap) / cap x 100"", ""tier"": ""B"", ""icp_fit"": 0.8, ""dampening"": ""fit und confidence wirken auf [0.4 .. 1.0]"", ""signal_count"": 3, ""distinct_signal_types"": [""rahmenvertrag_laeuft_aus"", ""zuschlag_gewonnen""], ""stacking_bonus"": 1.6, ""driver"": {""signal_type"": ""rahmenvertrag_laeuft_aus"", ""event_date"": ""2026-10-03"", ""weight"": 9, ""recency"": 1.0, ""icp_fit_dampened"": 0.88, ""confidence"": 0.85, ""confidence_dampened"": 0.91, ""raw"": 7.207, ""source_url"": ""https://oeffentlichevergabe.de/api/notices/bbedc331-ff76-4dcf-aee9-8126cb0652e6?format=pdf""}, ""all_signals"": [{""signal_type"": ""rahmenvertrag_laeuft_aus"", ""event_date"": ""2026-10-03"", ""weight"": 9, ""recency"": 1.0, ""icp_fit_dampened"": 0.88, ""confidence"": 0.85, ""confidence_dampened"": 0.91, ""raw"": 7.207, ""source_url"": ""https://oeffentlichevergabe.de/api/notices/bbedc331-ff76-4dcf-aee9-8126cb0652e6?format=pdf""}, {""signal_type"": ""zuschlag_gewonnen"", ""event_date"": ""2026-08-13"", ""weight"": 6, ""recency"": 0.4, ""icp_fit_dampened"": 0.88, ""confidence"": 0.85, ""confidence_dampened"": 0.91, ""raw"": 1.922, ""source_url"": ""https://oeffentlichevergabe.de/api/notices/bbedc331-ff76-4dcf-aee9-8126cb0652e6?format=pdf""}, {""signal_type"": ""zuschlag_gewonnen"", ""event_date"": ""2026-08-13"", ""weight"": 6, ""recency"": 0.4, ""icp_fit_dampened"": 0.88, ""confidence"": 0.72, ""confidence_dampened"": 0.832, ""raw"": 1.757, ""source_url"": ""https://ted.europa.eu/en/notice/-/detail/561712-2026""}]}"
"arque systems","73","{""formula"": ""min(best(weight x recency x fit_d x conf_d) + stacking, cap) / cap x 100"", ""tier"": ""B"", ""icp_fit"": 0.8, ""dampening"": ""fit und confidence wirken auf [0.4 .. 1.0]"", ""signal_count"": 5, ""distinct_signal_types"": [""rahmenvertrag_laeuft_aus"", ""zuschlag_gewonnen""], ""stacking_bonus"": 1.6, ""driver"": {""signal_type"": ""rahmenvertrag_laeuft_aus"", ""event_date"": ""2026-10-03"", ""weight"": 9, ""recency"": 1.0, ""icp_fit_dampened"": 0.88, ""confidence"": 0.85, ""confidence_dampened"": 0.91, ""raw"": 7.207, ""source_url"": ""https://oeffentlichevergabe.de/api/notices/bdfdaa3d-31bf-4649-b4ca-a7c32a68f9ed?format=pdf""}, ""all_signals"": [{""signal_type"": ""rahmenvertrag_laeuft_aus"", ""event_date"": ""2026-10-03"", ""weight"": 9, ""recency"": 1.0, ""icp_fit_dampened"": 0.88, ""confidence"": 0.85, ""confidence_dampened"": 0.91, ""raw"": 7.207, ""source_url"": ""https://oeffentlichevergabe.de/api/notices/bdfdaa3d-31bf-4649-b4ca-a7c32a68f9ed?format=pdf""}, {""signal_type"": ""zuschlag_gewonnen"", ""event_date"": ""2026-09-02"", ""weight"": 6, ""recency"": 0.6, ""icp_fit_dampened"": 0.88, ""confidence"": 0.85, ""confidence_dampened"": 0.91, ""raw"": 2.883, ""source_url"": ""https://oeffentlichevergabe.de/api/notices/a2026e4a-a94b-49e4-ba7c-52abe40326b4?format=pdf""}, {""signal_type"": ""zuschlag_gewonnen"", ""event_date"": ""2026-09-02"", ""weight"": 6, ""recency"": 0.6, ""icp_fit_dampened"": 0.88, ""confidence"": 0.72, ""confidence_dampened"": 0.832, ""raw"": 2.636, ""source_url"": ""https://ted.europa.eu/en/notice/-/detail/604016-2026""}, {""signal_type"": ""zuschlag_gewonnen"", ""event_date"": ""2026-08-11"", ""weight"": 6, ""recency"": 0.4, ""icp_fit_dampened"": 0.88, ""confidence"": 0.85, ""confidence_dampened"": 0.91, ""raw"": 1.922, ""source_url"": ""https://oeffentlichevergabe.de/api/notices/bdfdaa3d-31bf-4649-b4ca-a7c32a68f9ed?format=pdf""}, {""signal_type"": ""zuschlag_gewonnen"", ""event_date"": ""2026-08-11"", ""weight"": 6, ""recency"": 0.4, ""icp_fit_dampened"": 0.88, ""confidence"": 0.72, ""confidence_dampened"": 0.832, ""raw"": 1.757, ""source_url"": ""https://ted.europa.eu/en/notice/-/detail/556314-2026""}]}"
"intelli doo beograd","73","{""formula"": ""min(best(weight x recency x fit_d x conf_d) + stacking, cap) / cap x 100"", ""tier"": ""B"", ""icp_fit"": 0.8, ""dampening"": ""fit und confidence wirken auf [0.4 .. 1.0]"", ""signal_count"": 3, ""distinct_signal_types"": [""rahmenvertrag_laeuft_aus"", ""zuschlag_gewonnen""], ""stacking_bonus"": 1.6, ""driver"": {""signal_type"": ""rahmenvertrag_laeuft_aus"", ""event_date"": ""2026-10-03"", ""weight"": 9, ""recency"": 1.0, ""icp_fit_dampened"": 0.88, ""confidence"": 0.85, ""confidence_dampened"": 0.91, ""raw"": 7.207, ""source_url"": ""https://oeffentlichevergabe.de/api/notices/85d00a0e-3de3-43eb-855f-2e0a754e7a81?format=pdf""}, ""all_signals"": [{""signal_type"": ""rahmenvertrag_laeuft_aus"", ""event_date"": ""2026-10-03"", ""weight"": 9, ""recency"": 1.0, ""icp_fit_dampened"": 0.88, ""confidence"": 0.85, ""confidence_dampened"": 0.91, ""raw"": 7.207, ""source_url"": ""https://oeffentlichevergabe.de/api/notices/85d00a0e-3de3-43eb-855f-2e0a754e7a81?format=pdf""}, {""signal_type"": ""zuschlag_gewonnen"", ""event_date"": ""2026-09-27"", ""weight"": 6, ""recency"": 1.0, ""icp_fit_dampened"": 0.88, ""confidence"": 0.85, ""confidence_dampened"": 0.91, ""raw"": 4.805, ""source_url"": ""https://oeffentlichevergabe.de/api/notices/85d00a0e-3de3-43eb-855f-2e0a754e7a81?format=pdf""}, {""signal_type"": ""zuschlag_gewonnen"", ""event_date"": ""2026-09-28"", ""weight"": 6, ""recency"": 1.0, ""icp_fit_dampened"": 0.88, ""confidence"": 0.72, ""confidence_dampened"": 0.832, ""raw"": 4.393, ""source_url"": ""https://ted.europa.eu/en/notice/-/detail/665877-2026""}]}"
"sopra steria","67","{""formula"": ""min(best(weight x recency x fit_d x conf_d) + stacking, cap) / cap x 100"", ""tier"": ""A"", ""icp_fit"": 1.0, ""dampening"": ""fit und confidence wirken auf [0.4 .. 1.0]"", ""signal_count"": 14, ""distinct_signal_types"": [""teilnahme_belegt"", ""zuschlag_gewonnen""], ""stacking_bonus"": 2.0, ""driver"": {""signal_type"": ""zuschlag_gewonnen"", ""event_date"": ""2026-09-21"", ""weight"": 6, ""recency"": 1.0, ""icp_fit_dampened"": 1.0, ""confidence"": 1.0, ""confidence_dampened"": 1.0, ""raw"": 6.0, ""source_url"": ""https://oeffentlichevergabe.de/api/notices/0bbcb0c7-795b-4302-8c71-dae62eb2e77a?format=pdf""}, ""all_signals"": [{""signal_type"": ""zuschlag_gewonnen"", ""event_date"": ""2026-09-21"", ""weight"": 6, ""recency"": 1.0, ""icp_fit_dampened"": 1.0, ""confidence"": 1.0, ""confidence_dampened"": 1.0, ""raw"": 6.0, ""source_url"": ""https://oeffentlichevergabe.de/api/notices/0bbcb0c7-795b-4302-8c71-dae62eb2e77a?format=pdf""}, {""signal_type"": ""zuschlag_gewonnen"", ""event_date"": ""2026-09-23"", ""weight"": 6, ""recency"": 1.0, ""icp_fit_dampened"": 1.0, ""confidence"": 0.85, ""confidence_dampened"": 0.91, ""raw"": 5.46, ""source_url"": ""https://oeffentlichevergabe.de/api/notices/71ae7650-9199-45ed-9a5e-64e08c284a1f?format=pdf""}, {""signal_type"": ""zuschlag_gewonnen"", ""event_date"": ""2026-09-24"", ""weight"": 6, ""recency"": 1.0, ""icp_fit_dampened"": 1.0, ""confidence"": 0.72, ""confidence_dampened"": 0.832, ""raw"": 4.992, ""source_url"": ""https://ted.europa.eu/en/notice/-/detail/659765-2026""}, {""signal_type"": ""zuschlag_gewonnen"", ""event_date"": ""2026-09-23"", ""weight"": 6, ""recency"": 1.0, ""icp_fit_dampened"": 1.0, ""confidence"": 0.72, ""confidence_dampened"": 0.832, ""raw"": 4.992, ""source_url"": ""https://ted.europa.eu/en/notice/-/detail/656682-2026""}, {""signal_type"": ""zuschlag_gewonnen"", ""event_date"": ""2026-09-23"", ""weight"": 6, ""recency"": 1.0, ""icp_fit_dampened"": 1.0, ""confidence"": 0.72, ""confidence_dampened"": 0.832, ""raw"": 4.992, ""source_url"": ""https://ted.europa.eu/en/notice/-/detail/654184-2026""}]}"
"computacenter ag und co","62","{""formula"": ""min(best(weight x recency x fit_d x conf_d) + stacking, cap) / cap x 100"", ""tier"": ""A"", ""icp_fit"": 1.0, ""dampening"": ""fit und confidence wirken auf [0.4 .. 1.0]"", ""signal_count"": 22, ""distinct_signal_types"": [""teilnahme_belegt"", ""zuschlag_gewonnen""], ""stacking_bonus"": 2.0, ""driver"": {""signal_type"": ""zuschlag_gewonnen"", ""event_date"": ""2026-09-25"", ""weight"": 6, ""recency"": 1.0, ""icp_fit_dampened"": 1.0, ""confidence"": 0.85, ""confidence_dampened"": 0.91, ""raw"": 5.46, ""source_url"": ""https://oeffentlichevergabe.de/api/notices/b659f5d3-2dc0-4998-9eb6-1291a2c8e4e0?format=pdf""}, ""all_signals"": [{""signal_type"": ""zuschlag_gewonnen"", ""event_date"": ""2026-09-25"", ""weight"": 6, ""recency"": 1.0, ""icp_fit_dampened"": 1.0, ""confidence"": 0.85, ""confidence_dampened"": 0.91, ""raw"": 5.46, ""source_url"": ""https://oeffentlichevergabe.de/api/notices/b659f5d3-2dc0-4998-9eb6-1291a2c8e4e0?format=pdf""}, {""signal_type"": ""zuschlag_gewonnen"", ""event_date"": ""2026-10-02"", ""weight"": 6, ""recency"": 1.0, ""icp_fit_dampened"": 1.0, ""confidence"": 0.72, ""confidence_dampened"": 0.832, ""raw"": 4.992, ""source_url"": ""https://ted.europa.eu/en/notice/-/detail/680737-2026""}, {""signal_type"": ""zuschlag_gewonnen"", ""event_date"": ""2026-10-01"", ""weight"": 6, ""recency"": 1.0, ""icp_fit_dampened"": 1.0, ""confidence"": 0.72, ""confidence_dampened"": 0.832, ""raw"": 4.992, ""source_url"": ""https://ted.europa.eu/en/notice/-/detail/677180-2026""}, {""signal_type"": ""zuschlag_gewonnen"", ""event_date"": ""2026-09-25"", ""weight"": 6, ""recency"": 1.0, ""icp_fit_dampened"": 1.0, ""confidence"": 0.72, ""confidence_dampened"": 0.832, ""raw"": 4.992, ""source_url"": ""https://ted.europa.eu/en/notice/-/detail/660987-2026""}, {""signal_type"": ""zuschlag_gewonnen"", ""event_date"": ""2026-09-22"", ""weight"": 6, ""recency"": 1.0, ""icp_fit_dampened"": 1.0, ""confidence"": 0.72, ""confidence_dampened"": 0.832, ""raw"": 4.992, ""source_url"": ""https://ted.europa.eu/en/notice/-/detail/653410-2026""}]}"
"dell","62","{""formula"": ""min(best(weight x recency x fit_d x conf_d) + stacking, cap) / cap x 100"", ""tier"": ""A"", ""icp_fit"": 1.0, ""dampening"": ""fit und confidence wirken auf [0.4 .. 1.0]"", ""signal_count"": 5, ""distinct_signal_types"": [""bid_rolle_ausgeschrieben"", ""zuschlag_gewonnen""], ""stacking_bonus"": 2.0, ""driver"": {""signal_type"": ""zuschlag_gewonnen"", ""event_date"": ""2026-10-02"", ""weight"": 6, ""recency"": 1.0, ""icp_fit_dampened"": 1.0, ""confidence"": 0.85, ""confidence_dampened"": 0.91, ""raw"": 5.46, ""source_url"": ""https://oeffentlichevergabe.de/api/notices/ad357315-613f-4cfe-96fe-e9baf170c350?format=pdf""}, ""all_signals"": [{""signal_type"": ""zuschlag_gewonnen"", ""event_date"": ""2026-10-02"", ""weight"": 6, ""recency"": 1.0, ""icp_fit_dampened"": 1.0, ""confidence"": 0.85, ""confidence_dampened"": 0.91, ""raw"": 5.46, ""source_url"": ""https://oeffentlichevergabe.de/api/notices/ad357315-613f-4cfe-96fe-e9baf170c350?format=pdf""}, {""signal_type"": ""zuschlag_gewonnen"", ""event_date"": ""2026-09-26"", ""weight"": 6, ""recency"": 1.0, ""icp_fit_dampened"": 1.0, ""confidence"": 0.85, ""confidence_dampened"": 0.91, ""raw"": 5.46, ""source_url"": ""https://oeffentlichevergabe.de/api/notices/b2167ed1-5ba4-426e-935b-b6d450039d63?format=pdf""}, {""signal_type"": ""bid_rolle_ausgeschrieben"", ""event_date"": ""2026-09-29"", ""weight"": 7, ""recency"": 1.0, ""icp_fit_dampened"": 1.0, ""confidence"": 0.6, ""confidence_dampened"": 0.76, ""raw"": 5.32, ""source_url"": ""https://www.arbeitsagentur.de/jobsuche/jobdetail/13644-312601-S""}, {""signal_type"": ""zuschlag_gewonnen"", ""event_date"": ""2026-10-02"", ""weight"": 6, ""recency"": 1.0, ""icp_fit_dampened"": 1.0, ""confidence"": 0.72, ""confidence_dampened"": 0.832, ""raw"": 4.992, ""source_url"": ""https://ted.europa.eu/en/notice/-/detail/680554-2026""}, {""signal_type"": ""zuschlag_gewonnen"", ""event_date"": ""2026-09-28"", ""weight"": 6, ""recency"": 1.0, ""icp_fit_dampened"": 1.0, ""confidence"": 0.72, ""confidence_dampened"": 0.832, ""raw"": 4.992, ""source_url"": ""https://ted.europa.eu/en/notice/-/detail/665036-2026""}]}"
"acp it solutions","62","{""formula"": ""min(best(weight x recency x fit_d x conf_d) + stacking, cap) / cap x 100"", ""tier"": ""A"", ""icp_fit"": 1.0, ""dampening"": ""fit und confidence wirken auf [0.4 .. 1.0]"", ""signal_count"": 10, ""distinct_signal_types"": [""teilnahme_belegt"", ""zuschlag_gewonnen""], ""stacking_bonus"": 2.0, ""driver"": {""signal_type"": ""zuschlag_gewonnen"", ""event_date"": ""2026-09-29"", ""weight"": 6, ""recency"": 1.0, ""icp_fit_dampened"": 1.0, ""confidence"": 0.85, ""confidence_dampened"": 0.91, ""raw"": 5.46, ""source_url"": ""https://oeffentlichevergabe.de/api/notices/cb6cca97-7976-482e-81f7-0c41a56f9658?format=pdf""}, ""all_signals"": [{""signal_type"": ""zuschlag_gewonnen"", ""event_date"": ""2026-09-29"", ""weight"": 6, ""recency"": 1.0, ""icp_fit_dampened"": 1.0, ""confidence"": 0.85, ""confidence_dampened"": 0.91, ""raw"": 5.46, ""source_url"": ""https://oeffentlichevergabe.de/api/notices/cb6cca97-7976-482e-81f7-0c41a56f9658?format=pdf""}, {""signal_type"": ""zuschlag_gewonnen"", ""event_date"": ""2026-10-01"", ""weight"": 6, ""recency"": 1.0, ""icp_fit_dampened"": 1.0, ""confidence"": 0.72, ""confidence_dampened"": 0.832, ""raw"": 4.992, ""source_url"": ""https://ted.europa.eu/en/notice/-/detail/677180-2026""}, {""signal_type"": ""zuschlag_gewonnen"", ""event_date"": ""2026-09-29"", ""weight"": 6, ""recency"": 1.0, ""icp_fit_dampened"": 1.0, ""confidence"": 0.72, ""confidence_dampened"": 0.832, ""raw"": 4.992, ""source_url"": ""https://ted.europa.eu/en/notice/-/detail/669291-2026""}, {""signal_type"": ""zuschlag_gewonnen"", ""event_date"": ""2026-09-14"", ""weight"": 6, ""recency"": 0.8, ""icp_fit_dampened"": 1.0, ""confidence"": 1.0, ""confidence_dampened"": 1.0, ""raw"": 4.8, ""source_url"": ""https://oeffentlichevergabe.de/api/notices/ccf2651a-6dcb-49a4-bb23-1c9e33761ec0?format=pdf""}, {""signal_type"": ""teilnahme_belegt"", ""event_date"": ""2026-10-01"", ""weight"": 5, ""recency"": 1.0, ""icp_fit_dampened"": 1.0, ""confidence"": 0.85, ""confidence_dampened"": 0.91, ""raw"": 4.55, ""source_url"": ""https://oeffentlichevergabe.de/api/notices/eae17c1c-fb3d-4368-ac35-29e17a53949b?format=pdf""}]}"
"vodafone","62","{""formula"": ""min(best(weight x recency x fit_d x conf_d) + stacking, cap) / cap x 100"", ""tier"": ""A"", ""icp_fit"": 1.0, ""dampening"": ""fit und confidence wirken auf [0.4 .. 1.0]"", ""signal_count"": 4, ""distinct_signal_types"": [""teilnahme_belegt"", ""zuschlag_gewonnen""], ""stacking_bonus"": 2.0, ""driver"": {""signal_type"": ""zuschlag_gewonnen"", ""event_date"": ""2026-10-01"", ""weight"": 6, ""recency"": 1.0, ""icp_fit_dampened"": 1.0, ""confidence"": 0.85, ""confidence_dampened"": 0.91, ""raw"": 5.46, ""source_url"": ""https://oeffentlichevergabe.de/api/notices/8bc9e0f2-a766-4261-9535-b8e8fa7dcbb2?format=pdf""}, ""all_signals"": [{""signal_type"": ""zuschlag_gewonnen"", ""event_date"": ""2026-10-01"", ""weight"": 6, ""recency"": 1.0, ""icp_fit_dampened"": 1.0, ""confidence"": 0.85, ""confidence_dampened"": 0.91, ""raw"": 5.46, ""source_url"": ""https://oeffentlichevergabe.de/api/notices/8bc9e0f2-a766-4261-9535-b8e8fa7dcbb2?format=pdf""}, {""signal_type"": ""zuschlag_gewonnen"", ""event_date"": ""2026-10-01"", ""weight"": 6, ""recency"": 1.0, ""icp_fit_dampened"": 1.0, ""confidence"": 0.72, ""confidence_dampened"": 0.832, ""raw"": 4.992, ""source_url"": ""https://ted.europa.eu/en/notice/-/detail/677055-2026""}, {""signal_type"": ""zuschlag_gewonnen"", ""event_date"": ""2026-08-12"", ""weight"": 6, ""recency"": 0.4, ""icp_fit_dampened"": 1.0, ""confidence"": 0.72, ""confidence_dampened"": 0.832, ""raw"": 1.997, ""source_url"": ""https://ted.europa.eu/en/notice/-/detail/559127-2026""}, {""signal_type"": ""teilnahme_belegt"", ""event_date"": ""2026-08-12"", ""weight"": 5, ""recency"": 0.4, ""icp_fit_dampened"": 1.0, ""confidence"": 0.85, ""confidence_dampened"": 0.91, ""raw"": 1.82, ""source_url"": ""https://oeffentlichevergabe.de/api/notices/41e5b711-4bb6-4c06-ba4d-17895f0ce5a8?format=pdf""}]}"
"cancom","62","{""formula"": ""min(best(weight x recency x fit_d x conf_d) + stacking, cap) / cap x 100"", ""tier"": ""A"", ""icp_fit"": 1.0, ""dampening"": ""fit und confidence wirken auf [0.4 .. 1.0]"", ""signal_count"": 19, ""distinct_signal_types"": [""teilnahme_belegt"", ""zuschlag_gewonnen""], ""stacking_bonus"": 2.0, ""driver"": {""signal_type"": ""zuschlag_gewonnen"", ""event_date"": ""2026-10-01"", ""weight"": 6, ""recency"": 1.0, ""icp_fit_dampened"": 1.0, ""confidence"": 0.85, ""confidence_dampened"": 0.91, ""raw"": 5.46, ""source_url"": ""https://oeffentlichevergabe.de/api/notices/f030b40b-1e3f-4915-9528-2b97fc656f67?format=pdf""}, ""all_signals"": [{""signal_type"": ""zuschlag_gewonnen"", ""event_date"": ""2026-10-01"", ""weight"": 6, ""recency"": 1.0, ""icp_fit_dampened"": 1.0, ""confidence"": 0.85, ""confidence_dampened"": 0.91, ""raw"": 5.46, ""source_url"": ""https://oeffentlichevergabe.de/api/notices/f030b40b-1e3f-4915-9528-2b97fc656f67?format=pdf""}, {""signal_type"": ""zuschlag_gewonnen"", ""event_date"": ""2026-09-30"", ""weight"": 6, ""recency"": 1.0, ""icp_fit_dampened"": 1.0, ""confidence"": 0.85, ""confidence_dampened"": 0.91, ""raw"": 5.46, ""source_url"": ""https://oeffentlichevergabe.de/api/notices/bfd4bd20-24b8-4886-83bc-99b4d71551e9?format=pdf""}, {""signal_type"": ""zuschlag_gewonnen"", ""event_date"": ""2026-09-26"", ""weight"": 6, ""recency"": 1.0, ""icp_fit_dampened"": 1.0, ""confidence"": 0.85, ""confidence_dampened"": 0.91, ""raw"": 5.46, ""source_url"": ""https://oeffentlichevergabe.de/api/notices/b9f1d297-c8d3-4bf4-a81c-9b3b170152fe?format=pdf""}, {""signal_type"": ""zuschlag_gewonnen"", ""event_date"": ""2026-09-23"", ""weight"": 6, ""recency"": 1.0, ""icp_fit_dampened"": 1.0, ""confidence"": 0.85, ""confidence_dampened"": 0.91, ""raw"": 5.46, ""source_url"": ""https://oeffentlichevergabe.de/api/notices/477f81d9-83c3-49b4-b824-b0077ff99464?format=pdf""}, {""signal_type"": ""zuschlag_gewonnen"", ""event_date"": ""2026-10-01"", ""weight"": 6, ""recency"": 1.0, ""icp_fit_dampened"": 1.0, ""confidence"": 0.72, ""confidence_dampened"": 0.832, ""raw"": 4.992, ""source_url"": ""https://ted.europa.eu/en/notice/-/detail/676612-2026""}]}"
"bechtle","62","{""formula"": ""min(best(weight x recency x fit_d x conf_d) + stacking, cap) / cap x 100"", ""tier"": ""A"", ""icp_fit"": 1.0, ""dampening"": ""fit und confidence wirken auf [0.4 .. 1.0]"", ""signal_count"": 23, ""distinct_signal_types"": [""bid_rolle_ausgeschrieben"", ""teilnahme_belegt"", ""zuschlag_gewonnen""], ""stacking_bonus"": 2.0, ""driver"": {""signal_type"": ""zuschlag_gewonnen"", ""event_date"": ""2026-09-30"", ""weight"": 6, ""recency"": 1.0, ""icp_fit_dampened"": 1.0, ""confidence"": 0.85, ""confidence_dampened"": 0.91, ""raw"": 5.46, ""source_url"": ""https://oeffentlichevergabe.de/api/notices/de708209-5177-4543-8f0a-43dbe566057d?format=pdf""}, ""all_signals"": [{""signal_type"": ""zuschlag_gewonnen"", ""event_date"": ""2026-09-30"", ""weight"": 6, ""recency"": 1.0, ""icp_fit_dampened"": 1.0, ""confidence"": 0.85, ""confidence_dampened"": 0.91, ""raw"": 5.46, ""source_url"": ""https://oeffentlichevergabe.de/api/notices/de708209-5177-4543-8f0a-43dbe566057d?format=pdf""}, {""signal_type"": ""zuschlag_gewonnen"", ""event_date"": ""2026-09-29"", ""weight"": 6, ""recency"": 1.0, ""icp_fit_dampened"": 1.0, ""confidence"": 0.85, ""confidence_dampened"": 0.91, ""raw"": 5.46, ""source_url"": ""https://oeffentlichevergabe.de/api/notices/7066ffc7-943d-478e-b930-6633628cd2fd?format=pdf""}, {""signal_type"": ""zuschlag_gewonnen"", ""event_date"": ""2026-09-24"", ""weight"": 6, ""recency"": 1.0, ""icp_fit_dampened"": 1.0, ""confidence"": 0.85, ""confidence_dampened"": 0.91, ""raw"": 5.46, ""source_url"": ""https://oeffentlichevergabe.de/api/notices/40dd3ba9-18a1-4731-86a5-9e9ee6a449ca?format=pdf""}, {""signal_type"": ""zuschlag_gewonnen"", ""event_date"": ""2026-10-01"", ""weight"": 6, ""recency"": 1.0, ""icp_fit_dampened"": 1.0, ""confidence"": 0.72, ""confidence_dampened"": 0.832, ""raw"": 4.992, ""source_url"": ""https://ted.europa.eu/en/notice/-/detail/675006-2026""}, {""signal_type"": ""zuschlag_gewonnen"", ""event_date"": ""2026-09-30"", ""weight"": 6, ""recency"": 1.0, ""icp_fit_dampened"": 1.0, ""confidence"": 0.72, ""confidence_dampened"": 0.832, ""raw"": 4.992, ""source_url"": ""https://ted.europa.eu/en/notice/-/detail/671746-2026""}]}"
"think about it","62","{""formula"": ""min(best(weight x recency x fit_d x conf_d) + stacking, cap) / cap x 100"", ""tier"": ""A"", ""icp_fit"": 1.0, ""dampening"": ""fit und confidence wirken auf [0.4 .. 1.0]"", ""signal_count"": 14, ""distinct_signal_types"": [""bid_rolle_ausgeschrieben"", ""teilnahme_belegt"", ""zuschlag_gewonnen""], ""stacking_bonus"": 2.0, ""driver"": {""signal_type"": ""zuschlag_gewonnen"", ""event_date"": ""2026-09-30"", ""weight"": 6, ""recency"": 1.0, ""icp_fit_dampened"": 1.0, ""confidence"": 0.85, ""confidence_dampened"": 0.91, ""raw"": 5.46, ""source_url"": ""https://oeffentlichevergabe.de/api/notices/85f4231e-d135-4422-bff4-5fe990a3475c?format=pdf""}, ""all_signals"": [{""signal_type"": ""zuschlag_gewonnen"", ""event_date"": ""2026-09-30"", ""weight"": 6, ""recency"": 1.0, ""icp_fit_dampened"": 1.0, ""confidence"": 0.85, ""confidence_dampened"": 0.91, ""raw"": 5.46, ""source_url"": ""https://oeffentlichevergabe.de/api/notices/85f4231e-d135-4422-bff4-5fe990a3475c?format=pdf""}, {""signal_type"": ""zuschlag_gewonnen"", ""event_date"": ""2026-09-29"", ""weight"": 6, ""recency"": 1.0, ""icp_fit_dampened"": 1.0, ""confidence"": 0.85, ""confidence_dampened"": 0.91, ""raw"": 5.46, ""source_url"": ""https://oeffentlichevergabe.de/api/notices/ee57ecf8-9f1a-4e8b-b3e5-3d69a72241dd?format=pdf""}, {""signal_type"": ""bid_rolle_ausgeschrieben"", ""event_date"": ""2026-09-25"", ""weight"": 7, ""recency"": 1.0, ""icp_fit_dampened"": 1.0, ""confidence"": 0.6, ""confidence_dampened"": 0.76, ""raw"": 5.32, ""source_url"": ""https://www.arbeitsagentur.de/jobsuche/jobdetail/12811-2344014-S""}, {""signal_type"": ""bid_rolle_ausgeschrieben"", ""event_date"": ""2026-09-25"", ""weight"": 7, ""recency"": 1.0, ""icp_fit_dampened"": 1.0, ""confidence"": 0.6, ""confidence_dampened"": 0.76, ""raw"": 5.32, ""source_url"": ""https://www.arbeitsagentur.de/jobsuche/jobdetail/12811-2344015-S""}, {""signal_type"": ""bid_rolle_ausgeschrieben"", ""event_date"": ""2026-09-25"", ""weight"": 7, ""recency"": 1.0, ""icp_fit_dampened"": 1.0, ""confidence"": 0.6, ""confidence_dampened"": 0.76, ""raw"": 5.32, ""source_url"": ""https://www.arbeitsagentur.de/jobsuche/jobdetail/12811-2344016-S""}]}"
"sysgen","62","{""formula"": ""min(best(weight x recency x fit_d x conf_d) + stacking, cap) / cap x 100"", ""tier"": ""A"", ""icp_fit"": 1.0, ""dampening"": ""fit und confidence wirken auf [0.4 .. 1.0]"", ""signal_count"": 16, ""distinct_signal_types"": [""teilnahme_belegt"", ""zuschlag_gewonnen""], ""stacking_bonus"": 2.0, ""driver"": {""signal_type"": ""zuschlag_gewonnen"", ""event_date"": ""2026-09-23"", ""weight"": 6, ""recency"": 1.0, ""icp_fit_dampened"": 1.0, ""confidence"": 0.85, ""confidence_dampened"": 0.91, ""raw"": 5.46, ""source_url"": ""https://oeffentlichevergabe.de/api/notices/da4f537f-6a30-485c-a448-db466b5f6d3e?format=pdf""}, ""all_signals"": [{""signal_type"": ""zuschlag_gewonnen"", ""event_date"": ""2026-09-23"", ""weight"": 6, ""recency"": 1.0, ""icp_fit_dampened"": 1.0, ""confidence"": 0.85, ""confidence_dampened"": 0.91, ""raw"": 5.46, ""source_url"": ""https://oeffentlichevergabe.de/api/notices/da4f537f-6a30-485c-a448-db466b5f6d3e?format=pdf""}, {""signal_type"": ""zuschlag_gewonnen"", ""event_date"": ""2026-09-23"", ""weight"": 6, ""recency"": 1.0, ""icp_fit_dampened"": 1.0, ""confidence"": 0.72, ""confidence_dampened"": 0.832, ""raw"": 4.992, ""source_url"": ""https://ted.europa.eu/en/notice/-/detail/654054-2026""}, {""signal_type"": ""zuschlag_gewonnen"", ""event_date"": ""2026-09-16"", ""weight"": 6, ""recency"": 0.8, ""icp_fit_dampened"": 1.0, ""confidence"": 0.85, ""confidence_dampened"": 0.91, ""raw"": 4.368, ""source_url"": ""https://oeffentlichevergabe.de/api/notices/75b1656a-978d-42f1-bea4-282faba63fb7?format=pdf""}, {""signal_type"": ""zuschlag_gewonnen"", ""event_date"": ""2026-09-10"", ""weight"": 6, ""recency"": 0.8, ""icp_fit_dampened"": 1.0, ""confidence"": 0.85, ""confidence_dampened"": 0.91, ""raw"": 4.368, ""source_url"": ""https://oeffentlichevergabe.de/api/notices/aa38ae2d-503f-495e-8166-08842c740a4f?format=pdf""}, {""signal_type"": ""zuschlag_gewonnen"", ""event_date"": ""2026-09-16"", ""weight"": 6, ""recency"": 0.8, ""icp_fit_dampened"": 1.0, ""confidence"": 0.72, ""confidence_dampened"": 0.832, ""raw"": 3.994, ""source_url"": ""https://ted.europa.eu/en/notice/-/detail/638445-2026""}]}"
"netgo ost","62","{""formula"": ""min(best(weight x recency x fit_d x conf_d) + stacking, cap) / cap x 100"", ""tier"": ""A"", ""icp_fit"": 1.0, ""dampening"": ""fit und confidence wirken auf [0.4 .. 1.0]"", ""signal_count"": 6, ""distinct_signal_types"": [""teilnahme_belegt"", ""zuschlag_gewonnen""], ""stacking_bonus"": 2.0, ""driver"": {""signal_type"": ""zuschlag_gewonnen"", ""event_date"": ""2026-09-22"", ""weight"": 6, ""recency"": 1.0, ""icp_fit_dampened"": 1.0, ""confidence"": 0.85, ""confidence_dampened"": 0.91, ""raw"": 5.46, ""source_url"": ""https://oeffentlichevergabe.de/api/notices/8ddbcc9d-b317-459f-90fb-9c6eefc51bc2?format=pdf""}, ""all_signals"": [{""signal_type"": ""zuschlag_gewonnen"", ""event_date"": ""2026-09-22"", ""weight"": 6, ""recency"": 1.0, ""icp_fit_dampened"": 1.0, ""confidence"": 0.85, ""confidence_dampened"": 0.91, ""raw"": 5.46, ""source_url"": ""https://oeffentlichevergabe.de/api/notices/8ddbcc9d-b317-459f-90fb-9c6eefc51bc2?format=pdf""}, {""signal_type"": ""zuschlag_gewonnen"", ""event_date"": ""2026-09-22"", ""weight"": 6, ""recency"": 1.0, ""icp_fit_dampened"": 1.0, ""confidence"": 0.72, ""confidence_dampened"": 0.832, ""raw"": 4.992, ""source_url"": ""https://ted.europa.eu/en/notice/-/detail/653129-2026""}, {""signal_type"": ""zuschlag_gewonnen"", ""event_date"": ""2026-08-26"", ""weight"": 6, ""recency"": 0.6, ""icp_fit_dampened"": 1.0, ""confidence"": 0.72, ""confidence_dampened"": 0.832, ""raw"": 2.995, ""source_url"": ""https://ted.europa.eu/en/notice/-/detail/588190-2026""}, {""signal_type"": ""teilnahme_belegt"", ""event_date"": ""2026-08-26"", ""weight"": 5, ""recency"": 0.6, ""icp_fit_dampened"": 1.0, ""confidence"": 0.85, ""confidence_dampened"": 0.91, ""raw"": 2.73, ""source_url"": ""https://oeffentlichevergabe.de/api/notices/4ceb9fe5-d42a-4fdc-9aac-bee5a2a53ecb?format=pdf""}, {""signal_type"": ""zuschlag_gewonnen"", ""event_date"": ""2026-08-21"", ""weight"": 6, ""recency"": 0.4, ""icp_fit_dampened"": 1.0, ""confidence"": 0.72, ""confidence_dampened"": 0.832, ""raw"": 1.997, ""source_url"": ""https://ted.europa.eu/en/notice/-/detail/580082-2026""}]}"
"deutsche telekom security","62","{""formula"": ""min(best(weight x recency x fit_d x conf_d) + stacking, cap) / cap x 100"", ""tier"": ""A"", ""icp_fit"": 1.0, ""dampening"": ""fit und confidence wirken auf [0.4 .. 1.0]"", ""signal_count"": 10, ""distinct_signal_types"": [""teilnahme_belegt"", ""zuschlag_gewonnen""], ""stacking_bonus"": 2.0, ""driver"": {""signal_type"": ""zuschlag_gewonnen"", ""event_date"": ""2026-09-20"", ""weight"": 6, ""recency"": 1.0, ""icp_fit_dampened"": 1.0, ""confidence"": 0.85, ""confidence_dampened"": 0.91, ""raw"": 5.46, ""source_url"": ""https://oeffentlichevergabe.de/api/notices/b68f24ef-9b4f-479b-8033-0b297a01c0f3?format=pdf""}, ""all_signals"": [{""signal_type"": ""zuschlag_gewonnen"", ""event_date"": ""2026-09-20"", ""weight"": 6, ""recency"": 1.0, ""icp_fit_dampened"": 1.0, ""confidence"": 0.85, ""confidence_dampened"": 0.91, ""raw"": 5.46, ""source_url"": ""https://oeffentlichevergabe.de/api/notices/b68f24ef-9b4f-479b-8033-0b297a01c0f3?format=pdf""}, {""signal_type"": ""zuschlag_gewonnen"", ""event_date"": ""2026-09-21"", ""weight"": 6, ""recency"": 1.0, ""icp_fit_dampened"": 1.0, ""confidence"": 0.72, ""confidence_dampened"": 0.832, ""raw"": 4.992, ""source_url"": ""https://ted.europa.eu/en/notice/-/detail/646360-2026""}, {""signal_type"": ""zuschlag_gewonnen"", ""event_date"": ""2026-09-12"", ""weight"": 6, ""recency"": 0.8, ""icp_fit_dampened"": 1.0, ""confidence"": 0.85, ""confidence_dampened"": 0.91, ""raw"": 4.368, ""source_url"": ""https://oeffentlichevergabe.de/api/notices/27f02c4a-0fec-48e9-baa0-dbed7315fd4b?format=pdf""}, {""signal_type"": ""zuschlag_gewonnen"", ""event_date"": ""2026-09-10"", ""weight"": 6, ""recency"": 0.8, ""icp_fit_dampened"": 1.0, ""confidence"": 0.85, ""confidence_dampened"": 0.91, ""raw"": 4.368, ""source_url"": ""https://oeffentlichevergabe.de/api/notices/53318e0c-0d18-440e-95a5-03336d4cc3cc?format=pdf""}, {""signal_type"": ""zuschlag_gewonnen"", ""event_date"": ""2026-09-14"", ""weight"": 6, ""recency"": 0.8, ""icp_fit_dampened"": 1.0, ""confidence"": 0.72, ""confidence_dampened"": 0.832, ""raw"": 3.994, ""source_url"": ""https://ted.europa.eu/en/notice/-/detail/630968-2026""}]}"
"controlware","58","{""formula"": ""min(best(weight x recency x fit_d x conf_d) + stacking, cap) / cap x 100"", ""tier"": ""A"", ""icp_fit"": 1.0, ""dampening"": ""fit und confidence wirken auf [0.4 .. 1.0]"", ""signal_count"": 6, ""distinct_signal_types"": [""teilnahme_belegt"", ""zuschlag_gewonnen""], ""stacking_bonus"": 2.0, ""driver"": {""signal_type"": ""zuschlag_gewonnen"", ""event_date"": ""2026-10-01"", ""weight"": 6, ""recency"": 1.0, ""icp_fit_dampened"": 1.0, ""confidence"": 0.72, ""confidence_dampened"": 0.832, ""raw"": 4.992, ""source_url"": ""https://ted.europa.eu/en/notice/-/detail/677370-2026""}, ""all_signals"": [{""signal_type"": ""zuschlag_gewonnen"", ""event_date"": ""2026-10-01"", ""weight"": 6, ""recency"": 1.0, ""icp_fit_dampened"": 1.0, ""confidence"": 0.72, ""confidence_dampened"": 0.832, ""raw"": 4.992, ""source_url"": ""https://ted.europa.eu/en/notice/-/detail/677370-2026""}, {""signal_type"": ""teilnahme_belegt"", ""event_date"": ""2026-10-01"", ""weight"": 5, ""recency"": 1.0, ""icp_fit_dampened"": 1.0, ""confidence"": 0.85, ""confidence_dampened"": 0.91, ""raw"": 4.55, ""source_url"": ""https://oeffentlichevergabe.de/api/notices/857898c3-e566-416a-bb32-05dc67f44e4f?format=pdf""}, {""signal_type"": ""zuschlag_gewonnen"", ""event_date"": ""2026-08-31"", ""weight"": 6, ""recency"": 0.6, ""icp_fit_dampened"": 1.0, ""confidence"": 0.72, ""confidence_dampened"": 0.832, ""raw"": 2.995, ""source_url"": ""https://ted.europa.eu/en/notice/-/detail/598038-2026""}, {""signal_type"": ""zuschlag_gewonnen"", ""event_date"": ""2026-08-27"", ""weight"": 6, ""recency"": 0.6, ""icp_fit_dampened"": 1.0, ""confidence"": 0.72, ""confidence_dampened"": 0.832, ""raw"": 2.995, ""source_url"": ""https://ted.europa.eu/en/notice/-/detail/592623-2026""}, {""signal_type"": ""zuschlag_gewonnen"", ""event_date"": ""2026-08-24"", ""weight"": 6, ""recency"": 0.6, ""icp_fit_dampened"": 1.0, ""confidence"": 0.72, ""confidence_dampened"": 0.832, ""raw"": 2.995, ""source_url"": ""https://ted.europa.eu/en/notice/-/detail/581427-2026""}]}"
"rds consulting","58","{""formula"": ""min(best(weight x recency x fit_d x conf_d) + stacking, cap) / cap x 100"", ""tier"": ""A"", ""icp_fit"": 1.0, ""dampening"": ""fit und confidence wirken auf [0.4 .. 1.0]"", ""signal_count"": 3, ""distinct_signal_types"": [""teilnahme_belegt"", ""zuschlag_gewonnen""], ""stacking_bonus"": 2.0, ""driver"": {""signal_type"": ""zuschlag_gewonnen"", ""event_date"": ""2026-10-01"", ""weight"": 6, ""recency"": 1.0, ""icp_fit_dampened"": 1.0, ""confidence"": 0.72, ""confidence_dampened"": 0.832, ""raw"": 4.992, ""source_url"": ""https://ted.europa.eu/en/notice/-/detail/677180-2026""}, ""all_signals"": [{""signal_type"": ""zuschlag_gewonnen"", ""event_date"": ""2026-10-01"", ""weight"": 6, ""recency"": 1.0, ""icp_fit_dampened"": 1.0, ""confidence"": 0.72, ""confidence_dampened"": 0.832, ""raw"": 4.992, ""source_url"": ""https://ted.europa.eu/en/notice/-/detail/677180-2026""}, {""signal_type"": ""teilnahme_belegt"", ""event_date"": ""2026-10-01"", ""weight"": 5, ""recency"": 1.0, ""icp_fit_dampened"": 1.0, ""confidence"": 0.85, ""confidence_dampened"": 0.91, ""raw"": 4.55, ""source_url"": ""https://oeffentlichevergabe.de/api/notices/eae17c1c-fb3d-4368-ac35-29e17a53949b?format=pdf""}, {""signal_type"": ""teilnahme_belegt"", ""event_date"": ""2026-08-27"", ""weight"": 5, ""recency"": 0.6, ""icp_fit_dampened"": 1.0, ""confidence"": 0.85, ""confidence_dampened"": 0.91, ""raw"": 2.73, ""source_url"": ""https://oeffentlichevergabe.de/api/notices/d5439eb8-01b0-43ca-a27e-c0cdc0aa4790?format=pdf""}]}"
"vision consulting","58","{""formula"": ""min(best(weight x recency x fit_d x conf_d) + stacking, cap) / cap x 100"", ""tier"": ""A"", ""icp_fit"": 1.0, ""dampening"": ""fit und confidence wirken auf [0.4 .. 1.0]"", ""signal_count"": 4, ""distinct_signal_types"": [""teilnahme_belegt"", ""zuschlag_gewonnen""], ""stacking_bonus"": 2.0, ""driver"": {""signal_type"": ""zuschlag_gewonnen"", ""event_date"": ""2026-10-01"", ""weight"": 6, ""recency"": 1.0, ""icp_fit_dampened"": 1.0, ""confidence"": 0.72, ""confidence_dampened"": 0.832, ""raw"": 4.992, ""source_url"": ""https://ted.europa.eu/en/notice/-/detail/677180-2026""}, ""all_signals"": [{""signal_type"": ""zuschlag_gewonnen"", ""event_date"": ""2026-10-01"", ""weight"": 6, ""recency"": 1.0, ""icp_fit_dampened"": 1.0, ""confidence"": 0.72, ""confidence_dampened"": 0.832, ""raw"": 4.992, ""source_url"": ""https://ted.europa.eu/en/notice/-/detail/677180-2026""}, {""signal_type"": ""zuschlag_gewonnen"", ""event_date"": ""2026-09-22"", ""weight"": 6, ""recency"": 1.0, ""icp_fit_dampened"": 1.0, ""confidence"": 0.72, ""confidence_dampened"": 0.832, ""raw"": 4.992, ""source_url"": ""https://ted.europa.eu/en/notice/-/detail/653410-2026""}, {""signal_type"": ""teilnahme_belegt"", ""event_date"": ""2026-10-01"", ""weight"": 5, ""recency"": 1.0, ""icp_fit_dampened"": 1.0, ""confidence"": 0.85, ""confidence_dampened"": 0.91, ""raw"": 4.55, ""source_url"": ""https://oeffentlichevergabe.de/api/notices/eae17c1c-fb3d-4368-ac35-29e17a53949b?format=pdf""}, {""signal_type"": ""teilnahme_belegt"", ""event_date"": ""2026-09-22"", ""weight"": 5, ""recency"": 1.0, ""icp_fit_dampened"": 1.0, ""confidence"": 0.85, ""confidence_dampened"": 0.91, ""raw"": 4.55, ""source_url"": ""https://oeffentlichevergabe.de/api/notices/bb53b292-a02b-43b7-a566-5a7f7de0ed7e?format=pdf""}]}"
"r-s-group","58","{""formula"": ""min(best(weight x recency x fit_d x conf_d) + stacking, cap) / cap x 100"", ""tier"": ""A"", ""icp_fit"": 1.0, ""dampening"": ""fit und confidence wirken auf [0.4 .. 1.0]"", ""signal_count"": 2, ""distinct_signal_types"": [""teilnahme_belegt"", ""zuschlag_gewonnen""], ""stacking_bonus"": 2.0, ""driver"": {""signal_type"": ""zuschlag_gewonnen"", ""event_date"": ""2026-10-01"", ""weight"": 6, ""recency"": 1.0, ""icp_fit_dampened"": 1.0, ""confidence"": 0.72, ""confidence_dampened"": 0.832, ""raw"": 4.992, ""source_url"": ""https://ted.europa.eu/en/notice/-/detail/677180-2026""}, ""all_signals"": [{""signal_type"": ""zuschlag_gewonnen"", ""event_date"": ""2026-10-01"", ""weight"": 6, ""recency"": 1.0, ""icp_fit_dampened"": 1.0, ""confidence"": 0.72, ""confidence_dampened"": 0.832, ""raw"": 4.992, ""source_url"": ""https://ted.europa.eu/en/notice/-/detail/677180-2026""}, {""signal_type"": ""teilnahme_belegt"", ""event_date"": ""2026-10-01"", ""weight"": 5, ""recency"": 1.0, ""icp_fit_dampened"": 1.0, ""confidence"": 0.85, ""confidence_dampened"": 0.91, ""raw"": 4.55, ""source_url"": ""https://oeffentlichevergabe.de/api/notices/eae17c1c-fb3d-4368-ac35-29e17a53949b?format=pdf""}]}"
"enthus","58","{""formula"": ""min(best(weight x recency x fit_d x conf_d) + stacking, cap) / cap x 100"", ""tier"": ""A"", ""icp_fit"": 1.0, ""dampening"": ""fit und confidence wirken auf [0.4 .. 1.0]"", ""signal_count"": 6, ""distinct_signal_types"": [""teilnahme_belegt"", ""zuschlag_gewonnen""], ""stacking_bonus"": 2.0, ""driver"": {""signal_type"": ""zuschlag_gewonnen"", ""event_date"": ""2026-10-01"", ""weight"": 6, ""recency"": 1.0, ""icp_fit_dampened"": 1.0, ""confidence"": 0.72, ""confidence_dampened"": 0.832, ""raw"": 4.992, ""source_url"": ""https://ted.europa.eu/en/notice/-/detail/675006-2026""}, ""all_signals"": [{""signal_type"": ""zuschlag_gewonnen"", ""event_date"": ""2026-10-01"", ""weight"": 6, ""recency"": 1.0, ""icp_fit_dampened"": 1.0, ""confidence"": 0.72, ""confidence_dampened"": 0.832, ""raw"": 4.992, ""source_url"": ""https://ted.europa.eu/en/notice/-/detail/675006-2026""}, {""signal_type"": ""zuschlag_gewonnen"", ""event_date"": ""2026-09-30"", ""weight"": 6, ""recency"": 1.0, ""icp_fit_dampened"": 1.0, ""confidence"": 0.72, ""confidence_dampened"": 0.832, ""raw"": 4.992, ""source_url"": ""https://ted.europa.eu/en/notice/-/detail/671746-2026""}, {""signal_type"": ""teilnahme_belegt"", ""event_date"": ""2026-10-01"", ""weight"": 5, ""recency"": 1.0, ""icp_fit_dampened"": 1.0, ""confidence"": 0.85, ""confidence_dampened"": 0.91, ""raw"": 4.55, ""source_url"": ""https://oeffentlichevergabe.de/api/notices/3b53eae1-a274-4bbe-b66a-5ce9625ae3f1?format=pdf""}, {""signal_type"": ""zuschlag_gewonnen"", ""event_date"": ""2026-08-26"", ""weight"": 6, ""recency"": 0.6, ""icp_fit_dampened"": 1.0, ""confidence"": 0.72, ""confidence_dampened"": 0.832, ""raw"": 2.995, ""source_url"": ""https://ted.europa.eu/en/notice/-/detail/588190-2026""}, {""signal_type"": ""teilnahme_belegt"", ""event_date"": ""2026-08-26"", ""weight"": 5, ""recency"": 0.6, ""icp_fit_dampened"": 1.0, ""confidence"": 0.85, ""confidence_dampened"": 0.91, ""raw"": 2.73, ""source_url"": ""https://oeffentlichevergabe.de/api/notices/4ceb9fe5-d42a-4fdc-9aac-bee5a2a53ecb?format=pdf""}]}"
"ey consulting","58","{""formula"": ""min(best(weight x recency x fit_d x conf_d) + stacking, cap) / cap x 100"", ""tier"": ""A"", ""icp_fit"": 1.0, ""dampening"": ""fit und confidence wirken auf [0.4 .. 1.0]"", ""signal_count"": 15, ""distinct_signal_types"": [""teilnahme_belegt"", ""zuschlag_gewonnen""], ""stacking_bonus"": 2.0, ""driver"": {""signal_type"": ""zuschlag_gewonnen"", ""event_date"": ""2026-09-24"", ""weight"": 6, ""recency"": 1.0, ""icp_fit_dampened"": 1.0, ""confidence"": 0.72, ""confidence_dampened"": 0.832, ""raw"": 4.992, ""source_url"": ""https://ted.europa.eu/en/notice/-/detail/659765-2026""}, ""all_signals"": [{""signal_type"": ""zuschlag_gewonnen"", ""event_date"": ""2026-09-24"", ""weight"": 6, ""recency"": 1.0, ""icp_fit_dampened"": 1.0, ""confidence"": 0.72, ""confidence_dampened"": 0.832, ""raw"": 4.992, ""source_url"": ""https://ted.europa.eu/en/notice/-/detail/659765-2026""}, {""signal_type"": ""zuschlag_gewonnen"", ""event_date"": ""2026-09-18"", ""weight"": 6, ""recency"": 0.8, ""icp_fit_dampened"": 1.0, ""confidence"": 1.0, ""confidence_dampened"": 1.0, ""raw"": 4.8, ""source_url"": ""https://oeffentlichevergabe.de/api/notices/542f5485-40f4-46a7-aa2a-98d2d9fe1d2a?format=pdf""}, {""signal_type"": ""zuschlag_gewonnen"", ""event_date"": ""2026-09-18"", ""weight"": 6, ""recency"": 0.8, ""icp_fit_dampened"": 1.0, ""confidence"": 1.0, ""confidence_dampened"": 1.0, ""raw"": 4.8, ""source_url"": ""https://oeffentlichevergabe.de/api/notices/542f5485-40f4-46a7-aa2a-98d2d9fe1d2a?format=pdf""}, {""signal_type"": ""zuschlag_gewonnen"", ""event_date"": ""2026-09-18"", ""weight"": 6, ""recency"": 0.8, ""icp_fit_dampened"": 1.0, ""confidence"": 1.0, ""confidence_dampened"": 1.0, ""raw"": 4.8, ""source_url"": ""https://oeffentlichevergabe.de/api/notices/542f5485-40f4-46a7-aa2a-98d2d9fe1d2a?format=pdf""}, {""signal_type"": ""zuschlag_gewonnen"", ""event_date"": ""2026-09-18"", ""weight"": 6, ""recency"": 0.8, ""icp_fit_dampened"": 1.0, ""confidence"": 1.0, ""confidence_dampened"": 1.0, ""raw"": 4.8, ""source_url"": ""https://oeffentlichevergabe.de/api/notices/542f5485-40f4-46a7-aa2a-98d2d9fe1d2a?format=pdf""}]}"
"titanom solutions","58","{""formula"": ""min(best(weight x recency x fit_d x conf_d) + stacking, cap) / cap x 100"", ""tier"": ""A"", ""icp_fit"": 1.0, ""dampening"": ""fit und confidence wirken auf [0.4 .. 1.0]"", ""signal_count"": 6, ""distinct_signal_types"": [""teilnahme_belegt"", ""zuschlag_gewonnen""], ""stacking_bonus"": 2.0, ""driver"": {""signal_type"": ""zuschlag_gewonnen"", ""event_date"": ""2026-09-22"", ""weight"": 6, ""recency"": 1.0, ""icp_fit_dampened"": 1.0, ""confidence"": 0.72, ""confidence_dampened"": 0.832, ""raw"": 4.992, ""source_url"": ""https://ted.europa.eu/en/notice/-/detail/653410-2026""}, ""all_signals"": [{""signal_type"": ""zuschlag_gewonnen"", ""event_date"": ""2026-09-22"", ""weight"": 6, ""recency"": 1.0, ""icp_fit_dampened"": 1.0, ""confidence"": 0.72, ""confidence_dampened"": 0.832, ""raw"": 4.992, ""source_url"": ""https://ted.europa.eu/en/notice/-/detail/653410-2026""}, {""signal_type"": ""teilnahme_belegt"", ""event_date"": ""2026-09-22"", ""weight"": 5, ""recency"": 1.0, ""icp_fit_dampened"": 1.0, ""confidence"": 0.85, ""confidence_dampened"": 0.91, ""raw"": 4.55, ""source_url"": ""https://oeffentlichevergabe.de/api/notices/bb53b292-a02b-43b7-a566-5a7f7de0ed7e?format=pdf""}, {""signal_type"": ""zuschlag_gewonnen"", ""event_date"": ""2026-09-18"", ""weight"": 6, ""recency"": 0.8, ""icp_fit_dampened"": 1.0, ""confidence"": 0.85, ""confidence_dampened"": 0.91, ""raw"": 4.368, ""source_url"": ""https://oeffentlichevergabe.de/api/notices/a65bde1e-168c-437c-9a80-7a1d7ef9ff58?format=pdf""}, {""signal_type"": ""zuschlag_gewonnen"", ""event_date"": ""2026-09-18"", ""weight"": 6, ""recency"": 0.8, ""icp_fit_dampened"": 1.0, ""confidence"": 0.72, ""confidence_dampened"": 0.832, ""raw"": 3.994, ""source_url"": ""https://ted.europa.eu/en/notice/-/detail/643589-2026""}, {""signal_type"": ""zuschlag_gewonnen"", ""event_date"": ""2026-08-16"", ""weight"": 6, ""recency"": 0.4, ""icp_fit_dampened"": 1.0, ""confidence"": 0.85, ""confidence_dampened"": 0.91, ""raw"": 2.184, ""source_url"": ""https://oeffentlichevergabe.de/api/notices/f54f579a-5ca2-421e-82ea-f1efa1cb2759?format=pdf""}]}"
"materna information und communications","57","{""formula"": ""min(best(weight x recency x fit_d x conf_d) + stacking, cap) / cap x 100"", ""tier"": ""A"", ""icp_fit"": 1.0, ""dampening"": ""fit und confidence wirken auf [0.4 .. 1.0]"", ""signal_count"": 5, ""distinct_signal_types"": [""teilnahme_belegt"", ""zuschlag_gewonnen""], ""stacking_bonus"": 2.0, ""driver"": {""signal_type"": ""zuschlag_gewonnen"", ""event_date"": ""2026-09-07"", ""weight"": 6, ""recency"": 0.8, ""icp_fit_dampened"": 1.0, ""confidence"": 1.0, ""confidence_dampened"": 1.0, ""raw"": 4.8, ""source_url"": ""https://oeffentlichevergabe.de/api/notices/dd58905e-90f4-4a8e-9b5b-eaf0342b907b?format=pdf""}, ""all_signals"": [{""signal_type"": ""zuschlag_gewonnen"", ""event_date"": ""2026-09-07"", ""weight"": 6, ""recency"": 0.8, ""icp_fit_dampened"": 1.0, ""confidence"": 1.0, ""confidence_dampened"": 1.0, ""raw"": 4.8, ""source_url"": ""https://oeffentlichevergabe.de/api/notices/dd58905e-90f4-4a8e-9b5b-eaf0342b907b?format=pdf""}, {""signal_type"": ""zuschlag_gewonnen"", ""event_date"": ""2026-09-08"", ""weight"": 6, ""recency"": 0.8, ""icp_fit_dampened"": 1.0, ""confidence"": 0.72, ""confidence_dampened"": 0.832, ""raw"": 3.994, ""source_url"": ""https://ted.europa.eu/en/notice/-/detail/617016-2026""}, {""signal_type"": ""zuschlag_gewonnen"", ""event_date"": ""2026-08-20"", ""weight"": 6, ""recency"": 0.4, ""icp_fit_dampened"": 1.0, ""confidence"": 0.85, ""confidence_dampened"": 0.91, ""raw"": 2.184, ""source_url"": ""https://oeffentlichevergabe.de/api/notices/5ba0fec1-d782-4d89-a6f4-109a07b8d5c9?format=pdf""}, {""signal_type"": ""zuschlag_gewonnen"", ""event_date"": ""2026-08-20"", ""weight"": 6, ""recency"": 0.4, ""icp_fit_dampened"": 1.0, ""confidence"": 0.72, ""confidence_dampened"": 0.832, ""raw"": 1.997, ""source_url"": ""https://ted.europa.eu/en/notice/-/detail/576293-2026""}, {""signal_type"": ""teilnahme_belegt"", ""event_date"": ""2026-08-20"", ""weight"": 5, ""recency"": 0.4, ""icp_fit_dampened"": 1.0, ""confidence"": 0.85, ""confidence_dampened"": 0.91, ""raw"": 1.82, ""source_url"": ""https://oeffentlichevergabe.de/api/notices/ad5fa582-192d-43b4-ac07-237107526de3?format=pdf""}]}"
"glasfaserplus","53","{""formula"": ""min(best(weight x recency x fit_d x conf_d) + stacking, cap) / cap x 100"", ""tier"": ""B"", ""icp_fit"": 0.8, ""dampening"": ""fit und confidence wirken auf [0.4 .. 1.0]"", ""signal_count"": 19, ""distinct_signal_types"": [""teilnahme_belegt"", ""zuschlag_gewonnen""], ""stacking_bonus"": 1.6, ""driver"": {""signal_type"": ""zuschlag_gewonnen"", ""event_date"": ""2026-09-24"", ""weight"": 6, ""recency"": 1.0, ""icp_fit_dampened"": 0.88, ""confidence"": 0.85, ""confidence_dampened"": 0.91, ""raw"": 4.805, ""source_url"": ""https://oeffentlichevergabe.de/api/notices/3cd3368a-670e-4e4d-927a-db40fc5f893d?format=pdf""}, ""all_signals"": [{""signal_type"": ""zuschlag_gewonnen"", ""event_date"": ""2026-09-24"", ""weight"": 6, ""recency"": 1.0, ""icp_fit_dampened"": 0.88, ""confidence"": 0.85, ""confidence_dampened"": 0.91, ""raw"": 4.805, ""source_url"": ""https://oeffentlichevergabe.de/api/notices/3cd3368a-670e-4e4d-927a-db40fc5f893d?format=pdf""}, {""signal_type"": ""zuschlag_gewonnen"", ""event_date"": ""2026-09-30"", ""weight"": 6, ""recency"": 1.0, ""icp_fit_dampened"": 0.88, ""confidence"": 0.72, ""confidence_dampened"": 0.832, ""raw"": 4.393, ""source_url"": ""https://ted.europa.eu/en/notice/-/detail/671449-2026""}, {""signal_type"": ""zuschlag_gewonnen"", ""event_date"": ""2026-09-29"", ""weight"": 6, ""recency"": 1.0, ""icp_fit_dampened"": 0.88, ""confidence"": 0.72, ""confidence_dampened"": 0.832, ""raw"": 4.393, ""source_url"": ""https://ted.europa.eu/en/notice/-/detail/668227-2026""}, {""signal_type"": ""zuschlag_gewonnen"", ""event_date"": ""2026-09-24"", ""weight"": 6, ""recency"": 1.0, ""icp_fit_dampened"": 0.88, ""confidence"": 0.72, ""confidence_dampened"": 0.832, ""raw"": 4.393, ""source_url"": ""https://ted.europa.eu/en/notice/-/detail/659425-2026""}, {""signal_type"": ""teilnahme_belegt"", ""event_date"": ""2026-09-30"", ""weight"": 5, ""recency"": 1.0, ""icp_fit_dampened"": 0.88, ""confidence"": 0.85, ""confidence_dampened"": 0.91, ""raw"": 4.004, ""source_url"": ""https://oeffentlichevergabe.de/api/notices/a20d6084-6f2b-4b15-99e4-0f9f98fc72f7?format=pdf""}]}"
"t-systems international","53","{""formula"": ""min(best(weight x recency x fit_d x conf_d) + stacking, cap) / cap x 100"", ""tier"": ""B"", ""icp_fit"": 0.8, ""dampening"": ""fit und confidence wirken auf [0.4 .. 1.0]"", ""signal_count"": 4, ""distinct_signal_types"": [""teilnahme_belegt"", ""zuschlag_gewonnen""], ""stacking_bonus"": 1.6, ""driver"": {""signal_type"": ""zuschlag_gewonnen"", ""event_date"": ""2026-09-24"", ""weight"": 6, ""recency"": 1.0, ""icp_fit_dampened"": 0.88, ""confidence"": 0.85, ""confidence_dampened"": 0.91, ""raw"": 4.805, ""source_url"": ""https://oeffentlichevergabe.de/api/notices/89ac6b12-0ae4-4bdd-b476-0cfc22f77ec7?format=pdf""}, ""all_signals"": [{""signal_type"": ""zuschlag_gewonnen"", ""event_date"": ""2026-09-24"", ""weight"": 6, ""recency"": 1.0, ""icp_fit_dampened"": 0.88, ""confidence"": 0.85, ""confidence_dampened"": 0.91, ""raw"": 4.805, ""source_url"": ""https://oeffentlichevergabe.de/api/notices/89ac6b12-0ae4-4bdd-b476-0cfc22f77ec7?format=pdf""}, {""signal_type"": ""zuschlag_gewonnen"", ""event_date"": ""2026-09-24"", ""weight"": 6, ""recency"": 1.0, ""icp_fit_dampened"": 0.88, ""confidence"": 0.72, ""confidence_dampened"": 0.832, ""raw"": 4.393, ""source_url"": ""https://ted.europa.eu/en/notice/-/detail/657486-2026""}, {""signal_type"": ""zuschlag_gewonnen"", ""event_date"": ""2026-08-20"", ""weight"": 6, ""recency"": 0.4, ""icp_fit_dampened"": 0.88, ""confidence"": 0.72, ""confidence_dampened"": 0.832, ""raw"": 1.757, ""source_url"": ""https://ted.europa.eu/en/notice/-/detail/577139-2026""}, {""signal_type"": ""teilnahme_belegt"", ""event_date"": ""2026-08-20"", ""weight"": 5, ""recency"": 0.4, ""icp_fit_dampened"": 0.88, ""confidence"": 0.85, ""confidence_dampened"": 0.91, ""raw"": 1.602, ""source_url"": ""https://oeffentlichevergabe.de/api/notices/5919b28b-7af2-4987-8081-39c4bf29e16a?format=pdf""}]}"
"office partner","53","{""formula"": ""min(best(weight x recency x fit_d x conf_d) + stacking, cap) / cap x 100"", ""tier"": ""A"", ""icp_fit"": 1.0, ""dampening"": ""fit und confidence wirken auf [0.4 .. 1.0]"", ""signal_count"": 4, ""distinct_signal_types"": [""teilnahme_belegt"", ""zuschlag_gewonnen""], ""stacking_bonus"": 2.0, ""driver"": {""signal_type"": ""zuschlag_gewonnen"", ""event_date"": ""2026-09-18"", ""weight"": 6, ""recency"": 0.8, ""icp_fit_dampened"": 1.0, ""confidence"": 0.85, ""confidence_dampened"": 0.91, ""raw"": 4.368, ""source_url"": ""https://oeffentlichevergabe.de/api/notices/995eec00-418e-4468-9771-c7f77cc85944?format=pdf""}, ""all_signals"": [{""signal_type"": ""zuschlag_gewonnen"", ""event_date"": ""2026-09-18"", ""weight"": 6, ""recency"": 0.8, ""icp_fit_dampened"": 1.0, ""confidence"": 0.85, ""confidence_dampened"": 0.91, ""raw"": 4.368, ""source_url"": ""https://oeffentlichevergabe.de/api/notices/995eec00-418e-4468-9771-c7f77cc85944?format=pdf""}, {""signal_type"": ""zuschlag_gewonnen"", ""event_date"": ""2026-09-18"", ""weight"": 6, ""recency"": 0.8, ""icp_fit_dampened"": 1.0, ""confidence"": 0.72, ""confidence_dampened"": 0.832, ""raw"": 3.994, ""source_url"": ""https://ted.europa.eu/en/notice/-/detail/643833-2026""}, {""signal_type"": ""zuschlag_gewonnen"", ""event_date"": ""2026-09-08"", ""weight"": 6, ""recency"": 0.8, ""icp_fit_dampened"": 1.0, ""confidence"": 0.72, ""confidence_dampened"": 0.832, ""raw"": 3.994, ""source_url"": ""https://ted.europa.eu/en/notice/-/detail/616742-2026""}, {""signal_type"": ""teilnahme_belegt"", ""event_date"": ""2026-09-08"", ""weight"": 5, ""recency"": 0.8, ""icp_fit_dampened"": 1.0, ""confidence"": 0.85, ""confidence_dampened"": 0.91, ""raw"": 3.64, ""source_url"": ""https://oeffentlichevergabe.de/api/notices/af6c82e3-2876-49a4-b4a1-827eb22ca7cf?format=pdf""}]}"
"itec systems","53","{""formula"": ""min(best(weight x recency x fit_d x conf_d) + stacking, cap) / cap x 100"", ""tier"": ""A"", ""icp_fit"": 1.0, ""dampening"": ""fit und confidence wirken auf [0.4 .. 1.0]"", ""signal_count"": 5, ""distinct_signal_types"": [""teilnahme_belegt"", ""zuschlag_gewonnen""], ""stacking_bonus"": 2.0, ""driver"": {""signal_type"": ""zuschlag_gewonnen"", ""event_date"": ""2026-09-17"", ""weight"": 6, ""recency"": 0.8, ""icp_fit_dampened"": 1.0, ""confidence"": 0.85, ""confidence_dampened"": 0.91, ""raw"": 4.368, ""source_url"": ""https://oeffentlichevergabe.de/api/notices/96985466-338b-460c-8270-0092d3cf94e8?format=pdf""}, ""all_signals"": [{""signal_type"": ""zuschlag_gewonnen"", ""event_date"": ""2026-09-17"", ""weight"": 6, ""recency"": 0.8, ""icp_fit_dampened"": 1.0, ""confidence"": 0.85, ""confidence_dampened"": 0.91, ""raw"": 4.368, ""source_url"": ""https://oeffentlichevergabe.de/api/notices/96985466-338b-460c-8270-0092d3cf94e8?format=pdf""}, {""signal_type"": ""zuschlag_gewonnen"", ""event_date"": ""2026-09-17"", ""weight"": 6, ""recency"": 0.8, ""icp_fit_dampened"": 1.0, ""confidence"": 0.72, ""confidence_dampened"": 0.832, ""raw"": 3.994, ""source_url"": ""https://ted.europa.eu/en/notice/-/detail/642451-2026""}, {""signal_type"": ""zuschlag_gewonnen"", ""event_date"": ""2026-08-26"", ""weight"": 6, ""recency"": 0.6, ""icp_fit_dampened"": 1.0, ""confidence"": 0.85, ""confidence_dampened"": 0.91, ""raw"": 3.276, ""source_url"": ""https://oeffentlichevergabe.de/api/notices/c1924cc4-1d6e-4e6b-824a-2a96b82fe993?format=pdf""}, {""signal_type"": ""zuschlag_gewonnen"", ""event_date"": ""2026-08-26"", ""weight"": 6, ""recency"": 0.6, ""icp_fit_dampened"": 1.0, ""confidence"": 0.72, ""confidence_dampened"": 0.832, ""raw"": 2.995, ""source_url"": ""https://ted.europa.eu/en/notice/-/detail/590071-2026""}, {""signal_type"": ""teilnahme_belegt"", ""event_date"": ""2026-08-27"", ""weight"": 5, ""recency"": 0.6, ""icp_fit_dampened"": 1.0, ""confidence"": 0.85, ""confidence_dampened"": 0.91, ""raw"": 2.73, ""source_url"": ""https://oeffentlichevergabe.de/api/notices/d5439eb8-01b0-43ca-a27e-c0cdc0aa4790?format=pdf""}]}"
"sva system vertrieb alexander","50","{""formula"": ""min(best(weight x recency x fit_d x conf_d) + stacking, cap) / cap x 100"", ""tier"": ""A"", ""icp_fit"": 1.0, ""dampening"": ""fit und confidence wirken auf [0.4 .. 1.0]"", ""signal_count"": 36, ""distinct_signal_types"": [""zuschlag_gewonnen""], ""stacking_bonus"": 0.0, ""driver"": {""signal_type"": ""zuschlag_gewonnen"", ""event_date"": ""2026-09-21"", ""weight"": 6, ""recency"": 1.0, ""icp_fit_dampened"": 1.0, ""confidence"": 1.0, ""confidence_dampened"": 1.0, ""raw"": 6.0, ""source_url"": ""https://oeffentlichevergabe.de/api/notices/1d587e22-f749-4f16-813a-45ec7d0b521d?format=pdf""}, ""all_signals"": [{""signal_type"": ""zuschlag_gewonnen"", ""event_date"": ""2026-09-21"", ""weight"": 6, ""recency"": 1.0, ""icp_fit_dampened"": 1.0, ""confidence"": 1.0, ""confidence_dampened"": 1.0, ""raw"": 6.0, ""source_url"": ""https://oeffentlichevergabe.de/api/notices/1d587e22-f749-4f16-813a-45ec7d0b521d?format=pdf""}, {""signal_type"": ""zuschlag_gewonnen"", ""event_date"": ""2026-10-02"", ""weight"": 6, ""recency"": 1.0, ""icp_fit_dampened"": 1.0, ""confidence"": 0.85, ""confidence_dampened"": 0.91, ""raw"": 5.46, ""source_url"": ""https://oeffentlichevergabe.de/api/notices/7b363ba0-9366-4224-9569-06cdde3c9d46?format=pdf""}, {""signal_type"": ""zuschlag_gewonnen"", ""event_date"": ""2026-10-02"", ""weight"": 6, ""recency"": 1.0, ""icp_fit_dampened"": 1.0, ""confidence"": 0.85, ""confidence_dampened"": 0.91, ""raw"": 5.46, ""source_url"": ""https://oeffentlichevergabe.de/api/notices/74342ae2-87dc-4ed5-962d-6c61c4ca63cf?format=pdf""}, {""signal_type"": ""zuschlag_gewonnen"", ""event_date"": ""2026-09-27"", ""weight"": 6, ""recency"": 1.0, ""icp_fit_dampened"": 1.0, ""confidence"": 0.85, ""confidence_dampened"": 0.91, ""raw"": 5.46, ""source_url"": ""https://oeffentlichevergabe.de/api/notices/9cd17e83-1228-49e7-9016-7e4fc90fb80b?format=pdf""}, {""signal_type"": ""zuschlag_gewonnen"", ""event_date"": ""2026-09-24"", ""weight"": 6, ""recency"": 1.0, ""icp_fit_dampened"": 1.0, ""confidence"": 0.85, ""confidence_dampened"": 0.91, ""raw"": 5.46, ""source_url"": ""https://oeffentlichevergabe.de/api/notices/01a0cdd6-0b26-45f7-9d89-2d2682d6a18d?format=pdf""}]}"
"fourenergy","50","{""formula"": ""min(best(weight x recency x fit_d x conf_d) + stacking, cap) / cap x 100"", ""tier"": ""B"", ""icp_fit"": 0.8, ""dampening"": ""fit und confidence wirken auf [0.4 .. 1.0]"", ""signal_count"": 7, ""distinct_signal_types"": [""teilnahme_belegt"", ""zuschlag_gewonnen""], ""stacking_bonus"": 1.6, ""driver"": {""signal_type"": ""zuschlag_gewonnen"", ""event_date"": ""2026-10-01"", ""weight"": 6, ""recency"": 1.0, ""icp_fit_dampened"": 0.88, ""confidence"": 0.72, ""confidence_dampened"": 0.832, ""raw"": 4.393, ""source_url"": ""https://ted.europa.eu/en/notice/-/detail/677180-2026""}, ""all_signals"": [{""signal_type"": ""zuschlag_gewonnen"", ""event_date"": ""2026-10-01"", ""weight"": 6, ""recency"": 1.0, ""icp_fit_dampened"": 0.88, ""confidence"": 0.72, ""confidence_dampened"": 0.832, ""raw"": 4.393, ""source_url"": ""https://ted.europa.eu/en/notice/-/detail/677180-2026""}, {""signal_type"": ""teilnahme_belegt"", ""event_date"": ""2026-10-02"", ""weight"": 5, ""recency"": 1.0, ""icp_fit_dampened"": 0.88, ""confidence"": 0.85, ""confidence_dampened"": 0.91, ""raw"": 4.004, ""source_url"": ""https://oeffentlichevergabe.de/api/notices/4f28a356-0186-4310-8095-8608c59fcee5?format=pdf""}, {""signal_type"": ""teilnahme_belegt"", ""event_date"": ""2026-10-01"", ""weight"": 5, ""recency"": 1.0, ""icp_fit_dampened"": 0.88, ""confidence"": 0.85, ""confidence_dampened"": 0.91, ""raw"": 4.004, ""source_url"": ""https://oeffentlichevergabe.de/api/notices/eae17c1c-fb3d-4368-ac35-29e17a53949b?format=pdf""}, {""signal_type"": ""zuschlag_gewonnen"", ""event_date"": ""2026-08-31"", ""weight"": 6, ""recency"": 0.6, ""icp_fit_dampened"": 0.88, ""confidence"": 0.72, ""confidence_dampened"": 0.832, ""raw"": 2.636, ""source_url"": ""https://ted.europa.eu/en/notice/-/detail/597173-2026""}, {""signal_type"": ""teilnahme_belegt"", ""event_date"": ""2026-08-30"", ""weight"": 5, ""recency"": 0.6, ""icp_fit_dampened"": 0.88, ""confidence"": 0.85, ""confidence_dampened"": 0.91, ""raw"": 2.402, ""source_url"": ""https://oeffentlichevergabe.de/api/notices/cd54affd-e251-41df-b548-1d1793356c68?format=pdf""}]}"
"technidata tcc products","50","{""formula"": ""min(best(weight x recency x fit_d x conf_d) + stacking, cap) / cap x 100"", ""tier"": ""B"", ""icp_fit"": 0.8, ""dampening"": ""fit und confidence wirken auf [0.4 .. 1.0]"", ""signal_count"": 2, ""distinct_signal_types"": [""teilnahme_belegt"", ""zuschlag_gewonnen""], ""stacking_bonus"": 1.6, ""driver"": {""signal_type"": ""zuschlag_gewonnen"", ""event_date"": ""2026-10-01"", ""weight"": 6, ""recency"": 1.0, ""icp_fit_dampened"": 0.88, ""confidence"": 0.72, ""confidence_dampened"": 0.832, ""raw"": 4.393, ""source_url"": ""https://ted.europa.eu/en/notice/-/detail/677370-2026""}, ""all_signals"": [{""signal_type"": ""zuschlag_gewonnen"", ""event_date"": ""2026-10-01"", ""weight"": 6, ""recency"": 1.0, ""icp_fit_dampened"": 0.88, ""confidence"": 0.72, ""confidence_dampened"": 0.832, ""raw"": 4.393, ""source_url"": ""https://ted.europa.eu/en/notice/-/detail/677370-2026""}, {""signal_type"": ""teilnahme_belegt"", ""event_date"": ""2026-10-01"", ""weight"": 5, ""recency"": 1.0, ""icp_fit_dampened"": 0.88, ""confidence"": 0.85, ""confidence_dampened"": 0.91, ""raw"": 4.004, ""source_url"": ""https://oeffentlichevergabe.de/api/notices/857898c3-e566-416a-bb32-05dc67f44e4f?format=pdf""}]}"
"voquz public","50","{""formula"": ""min(best(weight x recency x fit_d x conf_d) + stacking, cap) / cap x 100"", ""tier"": ""B"", ""icp_fit"": 0.8, ""dampening"": ""fit und confidence wirken auf [0.4 .. 1.0]"", ""signal_count"": 2, ""distinct_signal_types"": [""teilnahme_belegt"", ""zuschlag_gewonnen""], ""stacking_bonus"": 1.6, ""driver"": {""signal_type"": ""zuschlag_gewonnen"", ""event_date"": ""2026-10-01"", ""weight"": 6, ""recency"": 1.0, ""icp_fit_dampened"": 0.88, ""confidence"": 0.72, ""confidence_dampened"": 0.832, ""raw"": 4.393, ""source_url"": ""https://ted.europa.eu/en/notice/-/detail/677180-2026""}, ""all_signals"": [{""signal_type"": ""zuschlag_gewonnen"", ""event_date"": ""2026-10-01"", ""weight"": 6, ""recency"": 1.0, ""icp_fit_dampened"": 0.88, ""confidence"": 0.72, ""confidence_dampened"": 0.832, ""raw"": 4.393, ""source_url"": ""https://ted.europa.eu/en/notice/-/detail/677180-2026""}, {""signal_type"": ""teilnahme_belegt"", ""event_date"": ""2026-10-01"", ""weight"": 5, ""recency"": 1.0, ""icp_fit_dampened"": 0.88, ""confidence"": 0.85, ""confidence_dampened"": 0.91, ""raw"": 4.004, ""source_url"": ""https://oeffentlichevergabe.de/api/notices/eae17c1c-fb3d-4368-ac35-29e17a53949b?format=pdf""}]}"
"mindheads","50","{""formula"": ""min(best(weight x recency x fit_d x conf_d) + stacking, cap) / cap x 100"", ""tier"": ""B"", ""icp_fit"": 0.8, ""dampening"": ""fit und confidence wirken auf [0.4 .. 1.0]"", ""signal_count"": 2, ""distinct_signal_types"": [""teilnahme_belegt"", ""zuschlag_gewonnen""], ""stacking_bonus"": 1.6, ""driver"": {""signal_type"": ""zuschlag_gewonnen"", ""event_date"": ""2026-10-01"", ""weight"": 6, ""recency"": 1.0, ""icp_fit_dampened"": 0.88, ""confidence"": 0.72, ""confidence_dampened"": 0.832, ""raw"": 4.393, ""source_url"": ""https://ted.europa.eu/en/notice/-/detail/677180-2026""}, ""all_signals"": [{""signal_type"": ""zuschlag_gewonnen"", ""event_date"": ""2026-10-01"", ""weight"": 6, ""recency"": 1.0, ""icp_fit_dampened"": 0.88, ""confidence"": 0.72, ""confidence_dampened"": 0.832, ""raw"": 4.393, ""source_url"": ""https://ted.europa.eu/en/notice/-/detail/677180-2026""}, {""signal_type"": ""teilnahme_belegt"", ""event_date"": ""2026-10-01"", ""weight"": 5, ""recency"": 1.0, ""icp_fit_dampened"": 0.88, ""confidence"": 0.85, ""confidence_dampened"": 0.91, ""raw"": 4.004, ""source_url"": ""https://oeffentlichevergabe.de/api/notices/eae17c1c-fb3d-4368-ac35-29e17a53949b?format=pdf""}]}"
"somi experts","50","{""formula"": ""min(best(weight x recency x fit_d x conf_d) + stacking, cap) / cap x 100"", ""tier"": ""B"", ""icp_fit"": 0.8, ""dampening"": ""fit und confidence wirken auf [0.4 .. 1.0]"", ""signal_count"": 2, ""distinct_signal_types"": [""teilnahme_belegt"", ""zuschlag_gewonnen""], ""stacking_bonus"": 1.6, ""driver"": {""signal_type"": ""zuschlag_gewonnen"", ""event_date"": ""2026-10-01"", ""weight"": 6, ""recency"": 1.0, ""icp_fit_dampened"": 0.88, ""confidence"": 0.72, ""confidence_dampened"": 0.832, ""raw"": 4.393, ""source_url"": ""https://ted.europa.eu/en/notice/-/detail/677180-2026""}, ""all_signals"": [{""signal_type"": ""zuschlag_gewonnen"", ""event_date"": ""2026-10-01"", ""weight"": 6, ""recency"": 1.0, ""icp_fit_dampened"": 0.88, ""confidence"": 0.72, ""confidence_dampened"": 0.832, ""raw"": 4.393, ""source_url"": ""https://ted.europa.eu/en/notice/-/detail/677180-2026""}, {""signal_type"": ""teilnahme_belegt"", ""event_date"": ""2026-10-01"", ""weight"": 5, ""recency"": 1.0, ""icp_fit_dampened"": 0.88, ""confidence"": 0.85, ""confidence_dampened"": 0.91, ""raw"": 4.004, ""source_url"": ""https://oeffentlichevergabe.de/api/notices/eae17c1c-fb3d-4368-ac35-29e17a53949b?format=pdf""}]}"
"xpertcon","50","{""formula"": ""min(best(weight x recency x fit_d x conf_d) + stacking, cap) / cap x 100"", ""tier"": ""B"", ""icp_fit"": 0.8, ""dampening"": ""fit und confidence wirken auf [0.4 .. 1.0]"", ""signal_count"": 2, ""distinct_signal_types"": [""teilnahme_belegt"", ""zuschlag_gewonnen""], ""stacking_bonus"": 1.6, ""driver"": {""signal_type"": ""zuschlag_gewonnen"", ""event_date"": ""2026-10-01"", ""weight"": 6, ""recency"": 1.0, ""icp_fit_dampened"": 0.88, ""confidence"": 0.72, ""confidence_dampened"": 0.832, ""raw"": 4.393, ""source_url"": ""https://ted.europa.eu/en/notice/-/detail/677180-2026""}, ""all_signals"": [{""signal_type"": ""zuschlag_gewonnen"", ""event_date"": ""2026-10-01"", ""weight"": 6, ""recency"": 1.0, ""icp_fit_dampened"": 0.88, ""confidence"": 0.72, ""confidence_dampened"": 0.832, ""raw"": 4.393, ""source_url"": ""https://ted.europa.eu/en/notice/-/detail/677180-2026""}, {""signal_type"": ""teilnahme_belegt"", ""event_date"": ""2026-10-01"", ""weight"": 5, ""recency"": 1.0, ""icp_fit_dampened"": 0.88, ""confidence"": 0.85, ""confidence_dampened"": 0.91, ""raw"": 4.004, ""source_url"": ""https://oeffentlichevergabe.de/api/notices/eae17c1c-fb3d-4368-ac35-29e17a53949b?format=pdf""}]}"
"emagine","50","{""formula"": ""min(best(weight x recency x fit_d x conf_d) + stacking, cap) / cap x 100"", ""tier"": ""B"", ""icp_fit"": 0.8, ""dampening"": ""fit und confidence wirken auf [0.4 .. 1.0]"", ""signal_count"": 2, ""distinct_signal_types"": [""teilnahme_belegt"", ""zuschlag_gewonnen""], ""stacking_bonus"": 1.6, ""driver"": {""signal_type"": ""zuschlag_gewonnen"", ""event_date"": ""2026-10-01"", ""weight"": 6, ""recency"": 1.0, ""icp_fit_dampened"": 0.88, ""confidence"": 0.72, ""confidence_dampened"": 0.832, ""raw"": 4.393, ""source_url"": ""https://ted.europa.eu/en/notice/-/detail/677180-2026""}, ""all_signals"": [{""signal_type"": ""zuschlag_gewonnen"", ""event_date"": ""2026-10-01"", ""weight"": 6, ""recency"": 1.0, ""icp_fit_dampened"": 0.88, ""confidence"": 0.72, ""confidence_dampened"": 0.832, ""raw"": 4.393, ""source_url"": ""https://ted.europa.eu/en/notice/-/detail/677180-2026""}, {""signal_type"": ""teilnahme_belegt"", ""event_date"": ""2026-10-01"", ""weight"": 5, ""recency"": 1.0, ""icp_fit_dampened"": 0.88, ""confidence"": 0.85, ""confidence_dampened"": 0.91, ""raw"": 4.004, ""source_url"": ""https://oeffentlichevergabe.de/api/notices/eae17c1c-fb3d-4368-ac35-29e17a53949b?format=pdf""}]}"
"hyplus solutions","50","{""formula"": ""min(best(weight x recency x fit_d x conf_d) + stacking, cap) / cap x 100"", ""tier"": ""B"", ""icp_fit"": 0.8, ""dampening"": ""fit und confidence wirken auf [0.4 .. 1.0]"", ""signal_count"": 2, ""distinct_signal_types"": [""teilnahme_belegt"", ""zuschlag_gewonnen""], ""stacking_bonus"": 1.6, ""driver"": {""signal_type"": ""zuschlag_gewonnen"", ""event_date"": ""2026-10-01"", ""weight"": 6, ""recency"": 1.0, ""icp_fit_dampened"": 0.88, ""confidence"": 0.72, ""confidence_dampened"": 0.832, ""raw"": 4.393, ""source_url"": ""https://ted.europa.eu/en/notice/-/detail/677180-2026""}, ""all_signals"": [{""signal_type"": ""zuschlag_gewonnen"", ""event_date"": ""2026-10-01"", ""weight"": 6, ""recency"": 1.0, ""icp_fit_dampened"": 0.88, ""confidence"": 0.72, ""confidence_dampened"": 0.832, ""raw"": 4.393, ""source_url"": ""https://ted.europa.eu/en/notice/-/detail/677180-2026""}, {""signal_type"": ""teilnahme_belegt"", ""event_date"": ""2026-10-01"", ""weight"": 5, ""recency"": 1.0, ""icp_fit_dampened"": 0.88, ""confidence"": 0.85, ""confidence_dampened"": 0.91, ""raw"": 4.004, ""source_url"": ""https://oeffentlichevergabe.de/api/notices/eae17c1c-fb3d-4368-ac35-29e17a53949b?format=pdf""}]}"
"iqmatix","50","{""formula"": ""min(best(weight x recency x fit_d x conf_d) + stacking, cap) / cap x 100"", ""tier"": ""B"", ""icp_fit"": 0.8, ""dampening"": ""fit und confidence wirken auf [0.4 .. 1.0]"", ""signal_count"": 2, ""distinct_signal_types"": [""teilnahme_belegt"", ""zuschlag_gewonnen""], ""stacking_bonus"": 1.6, ""driver"": {""signal_type"": ""zuschlag_gewonnen"", ""event_date"": ""2026-10-01"", ""weight"": 6, ""recency"": 1.0, ""icp_fit_dampened"": 0.88, ""confidence"": 0.72, ""confidence_dampened"": 0.832, ""raw"": 4.393, ""source_url"": ""https://ted.europa.eu/en/notice/-/detail/677180-2026""}, ""all_signals"": [{""signal_type"": ""zuschlag_gewonnen"", ""event_date"": ""2026-10-01"", ""weight"": 6, ""recency"": 1.0, ""icp_fit_dampened"": 0.88, ""confidence"": 0.72, ""confidence_dampened"": 0.832, ""raw"": 4.393, ""source_url"": ""https://ted.europa.eu/en/notice/-/detail/677180-2026""}, {""signal_type"": ""teilnahme_belegt"", ""event_date"": ""2026-10-01"", ""weight"": 5, ""recency"": 1.0, ""icp_fit_dampened"": 0.88, ""confidence"": 0.85, ""confidence_dampened"": 0.91, ""raw"": 4.004, ""source_url"": ""https://oeffentlichevergabe.de/api/notices/eae17c1c-fb3d-4368-ac35-29e17a53949b?format=pdf""}]}"
"proact deutschland","50","{""formula"": ""min(best(weight x recency x fit_d x conf_d) + stacking, cap) / cap x 100"", ""tier"": ""B"", ""icp_fit"": 0.8, ""dampening"": ""fit und confidence wirken auf [0.4 .. 1.0]"", ""signal_count"": 2, ""distinct_signal_types"": [""teilnahme_belegt"", ""zuschlag_gewonnen""], ""stacking_bonus"": 1.6, ""driver"": {""signal_type"": ""zuschlag_gewonnen"", ""event_date"": ""2026-10-01"", ""weight"": 6, ""recency"": 1.0, ""icp_fit_dampened"": 0.88, ""confidence"": 0.72, ""confidence_dampened"": 0.832, ""raw"": 4.393, ""source_url"": ""https://ted.europa.eu/en/notice/-/detail/677180-2026""}, ""all_signals"": [{""signal_type"": ""zuschlag_gewonnen"", ""event_date"": ""2026-10-01"", ""weight"": 6, ""recency"": 1.0, ""icp_fit_dampened"": 0.88, ""confidence"": 0.72, ""confidence_dampened"": 0.832, ""raw"": 4.393, ""source_url"": ""https://ted.europa.eu/en/notice/-/detail/677180-2026""}, {""signal_type"": ""teilnahme_belegt"", ""event_date"": ""2026-10-01"", ""weight"": 5, ""recency"": 1.0, ""icp_fit_dampened"": 0.88, ""confidence"": 0.85, ""confidence_dampened"": 0.91, ""raw"": 4.004, ""source_url"": ""https://oeffentlichevergabe.de/api/notices/eae17c1c-fb3d-4368-ac35-29e17a53949b?format=pdf""}]}"
"lucke edv","50","{""formula"": ""min(best(weight x recency x fit_d x conf_d) + stacking, cap) / cap x 100"", ""tier"": ""B"", ""icp_fit"": 0.8, ""dampening"": ""fit und confidence wirken auf [0.4 .. 1.0]"", ""signal_count"": 2, ""distinct_signal_types"": [""teilnahme_belegt"", ""zuschlag_gewonnen""], ""stacking_bonus"": 1.6, ""driver"": {""signal_type"": ""zuschlag_gewonnen"", ""event_date"": ""2026-10-01"", ""weight"": 6, ""recency"": 1.0, ""icp_fit_dampened"": 0.88, ""confidence"": 0.72, ""confidence_dampened"": 0.832, ""raw"": 4.393, ""source_url"": ""https://ted.europa.eu/en/notice/-/detail/677180-2026""}, ""all_signals"": [{""signal_type"": ""zuschlag_gewonnen"", ""event_date"": ""2026-10-01"", ""weight"": 6, ""recency"": 1.0, ""icp_fit_dampened"": 0.88, ""confidence"": 0.72, ""confidence_dampened"": 0.832, ""raw"": 4.393, ""source_url"": ""https://ted.europa.eu/en/notice/-/detail/677180-2026""}, {""signal_type"": ""teilnahme_belegt"", ""event_date"": ""2026-10-01"", ""weight"": 5, ""recency"": 1.0, ""icp_fit_dampened"": 0.88, ""confidence"": 0.85, ""confidence_dampened"": 0.91, ""raw"": 4.004, ""source_url"": ""https://oeffentlichevergabe.de/api/notices/eae17c1c-fb3d-4368-ac35-29e17a53949b?format=pdf""}]}"
"composafe data systems","50","{""formula"": ""min(best(weight x recency x fit_d x conf_d) + stacking, cap) / cap x 100"", ""tier"": ""B"", ""icp_fit"": 0.8, ""dampening"": ""fit und confidence wirken auf [0.4 .. 1.0]"", ""signal_count"": 2, ""distinct_signal_types"": [""teilnahme_belegt"", ""zuschlag_gewonnen""], ""stacking_bonus"": 1.6, ""driver"": {""signal_type"": ""zuschlag_gewonnen"", ""event_date"": ""2026-10-01"", ""weight"": 6, ""recency"": 1.0, ""icp_fit_dampened"": 0.88, ""confidence"": 0.72, ""confidence_dampened"": 0.832, ""raw"": 4.393, ""source_url"": ""https://ted.europa.eu/en/notice/-/detail/677180-2026""}, ""all_signals"": [{""signal_type"": ""zuschlag_gewonnen"", ""event_date"": ""2026-10-01"", ""weight"": 6, ""recency"": 1.0, ""icp_fit_dampened"": 0.88, ""confidence"": 0.72, ""confidence_dampened"": 0.832, ""raw"": 4.393, ""source_url"": ""https://ted.europa.eu/en/notice/-/detail/677180-2026""}, {""signal_type"": ""teilnahme_belegt"", ""event_date"": ""2026-10-01"", ""weight"": 5, ""recency"": 1.0, ""icp_fit_dampened"": 0.88, ""confidence"": 0.85, ""confidence_dampened"": 0.91, ""raw"": 4.004, ""source_url"": ""https://oeffentlichevergabe.de/api/notices/eae17c1c-fb3d-4368-ac35-29e17a53949b?format=pdf""}]}"
"westconnect","50","{""formula"": ""min(best(weight x recency x fit_d x conf_d) + stacking, cap) / cap x 100"", ""tier"": ""B"", ""icp_fit"": 0.8, ""dampening"": ""fit und confidence wirken auf [0.4 .. 1.0]"", ""signal_count"": 2, ""distinct_signal_types"": [""teilnahme_belegt"", ""zuschlag_gewonnen""], ""stacking_bonus"": 1.6, ""driver"": {""signal_type"": ""zuschlag_gewonnen"", ""event_date"": ""2026-09-30"", ""weight"": 6, ""recency"": 1.0, ""icp_fit_dampened"": 0.88, ""confidence"": 0.72, ""confidence_dampened"": 0.832, ""raw"": 4.393, ""source_url"": ""https://ted.europa.eu/en/notice/-/detail/671449-2026""}, ""all_signals"": [{""signal_type"": ""zuschlag_gewonnen"", ""event_date"": ""2026-09-30"", ""weight"": 6, ""recency"": 1.0, ""icp_fit_dampened"": 0.88, ""confidence"": 0.72, ""confidence_dampened"": 0.832, ""raw"": 4.393, ""source_url"": ""https://ted.europa.eu/en/notice/-/detail/671449-2026""}, {""signal_type"": ""teilnahme_belegt"", ""event_date"": ""2026-09-30"", ""weight"": 5, ""recency"": 1.0, ""icp_fit_dampened"": 0.88, ""confidence"": 0.85, ""confidence_dampened"": 0.91, ""raw"": 4.004, ""source_url"": ""https://oeffentlichevergabe.de/api/notices/a20d6084-6f2b-4b15-99e4-0f9f98fc72f7?format=pdf""}]}"
"langer it solutions","50","{""formula"": ""min(best(weight x recency x fit_d x conf_d) + stacking, cap) / cap x 100"", ""tier"": ""B"", ""icp_fit"": 0.8, ""dampening"": ""fit und confidence wirken auf [0.4 .. 1.0]"", ""signal_count"": 2, ""distinct_signal_types"": [""teilnahme_belegt"", ""zuschlag_gewonnen""], ""stacking_bonus"": 1.6, ""driver"": {""signal_type"": ""zuschlag_gewonnen"", ""event_date"": ""2026-09-29"", ""weight"": 6, ""recency"": 1.0, ""icp_fit_dampened"": 0.88, ""confidence"": 0.72, ""confidence_dampened"": 0.832, ""raw"": 4.393, ""source_url"": ""https://ted.europa.eu/en/notice/-/detail/670150-2026""}, ""all_signals"": [{""signal_type"": ""zuschlag_gewonnen"", ""event_date"": ""2026-09-29"", ""weight"": 6, ""recency"": 1.0, ""icp_fit_dampened"": 0.88, ""confidence"": 0.72, ""confidence_dampened"": 0.832, ""raw"": 4.393, ""source_url"": ""https://ted.europa.eu/en/notice/-/detail/670150-2026""}, {""signal_type"": ""teilnahme_belegt"", ""event_date"": ""2026-09-29"", ""weight"": 5, ""recency"": 1.0, ""icp_fit_dampened"": 0.88, ""confidence"": 0.85, ""confidence_dampened"": 0.91, ""raw"": 4.004, ""source_url"": ""https://oeffentlichevergabe.de/api/notices/c1827f98-0c1d-4ea1-893a-73a3e73463ff?format=pdf""}]}"
"albacon systemhaus","50","{""formula"": ""min(best(weight x recency x fit_d x conf_d) + stacking, cap) / cap x 100"", ""tier"": ""A"", ""icp_fit"": 1.0, ""dampening"": ""fit und confidence wirken auf [0.4 .. 1.0]"", ""signal_count"": 5, ""distinct_signal_types"": [""zuschlag_gewonnen""], ""stacking_bonus"": 0.0, ""driver"": {""signal_type"": ""zuschlag_gewonnen"", ""event_date"": ""2026-09-24"", ""weight"": 6, ""recency"": 1.0, ""icp_fit_dampened"": 1.0, ""confidence"": 1.0, ""confidence_dampened"": 1.0, ""raw"": 6.0, ""source_url"": ""https://oeffentlichevergabe.de/api/notices/a06fea0e-8e74-46ad-b88e-b4bfb8bff90a?format=pdf""}, ""all_signals"": [{""signal_type"": ""zuschlag_gewonnen"", ""event_date"": ""2026-09-24"", ""weight"": 6, ""recency"": 1.0, ""icp_fit_dampened"": 1.0, ""confidence"": 1.0, ""confidence_dampened"": 1.0, ""raw"": 6.0, ""source_url"": ""https://oeffentlichevergabe.de/api/notices/a06fea0e-8e74-46ad-b88e-b4bfb8bff90a?format=pdf""}, {""signal_type"": ""zuschlag_gewonnen"", ""event_date"": ""2026-09-29"", ""weight"": 6, ""recency"": 1.0, ""icp_fit_dampened"": 1.0, ""confidence"": 0.72, ""confidence_dampened"": 0.832, ""raw"": 4.992, ""source_url"": ""https://ted.europa.eu/en/notice/-/detail/669832-2026""}, {""signal_type"": ""zuschlag_gewonnen"", ""event_date"": ""2026-09-09"", ""weight"": 6, ""recency"": 0.8, ""icp_fit_dampened"": 1.0, ""confidence"": 0.72, ""confidence_dampened"": 0.832, ""raw"": 3.994, ""source_url"": ""https://ted.europa.eu/en/notice/-/detail/619728-2026""}, {""signal_type"": ""zuschlag_gewonnen"", ""event_date"": ""2026-08-28"", ""weight"": 6, ""recency"": 0.6, ""icp_fit_dampened"": 1.0, ""confidence"": 1.0, ""confidence_dampened"": 1.0, ""raw"": 3.6, ""source_url"": ""https://oeffentlichevergabe.de/api/notices/27c74432-dd26-4aaf-b423-219776cbae7b?format=pdf""}, {""signal_type"": ""zuschlag_gewonnen"", ""event_date"": ""2026-08-28"", ""weight"": 6, ""recency"": 0.6, ""icp_fit_dampened"": 1.0, ""confidence"": 1.0, ""confidence_dampened"": 1.0, ""raw"": 3.6, ""source_url"": ""https://oeffentlichevergabe.de/api/notices/27c74432-dd26-4aaf-b423-219776cbae7b?format=pdf""}]}"
"ibsolution","50","{""formula"": ""min(best(weight x recency x fit_d x conf_d) + stacking, cap) / cap x 100"", ""tier"": ""B"", ""icp_fit"": 0.8, ""dampening"": ""fit und confidence wirken auf [0.4 .. 1.0]"", ""signal_count"": 9, ""distinct_signal_types"": [""teilnahme_belegt"", ""zuschlag_gewonnen""], ""stacking_bonus"": 1.6, ""driver"": {""signal_type"": ""zuschlag_gewonnen"", ""event_date"": ""2026-09-24"", ""weight"": 6, ""recency"": 1.0, ""icp_fit_dampened"": 0.88, ""confidence"": 0.72, ""confidence_dampened"": 0.832, ""raw"": 4.393, ""source_url"": ""https://ted.europa.eu/en/notice/-/detail/659765-2026""}, ""all_signals"": [{""signal_type"": ""zuschlag_gewonnen"", ""event_date"": ""2026-09-24"", ""weight"": 6, ""recency"": 1.0, ""icp_fit_dampened"": 0.88, ""confidence"": 0.72, ""confidence_dampened"": 0.832, ""raw"": 4.393, ""source_url"": ""https://ted.europa.eu/en/notice/-/detail/659765-2026""}, {""signal_type"": ""zuschlag_gewonnen"", ""event_date"": ""2026-09-18"", ""weight"": 6, ""recency"": 0.8, ""icp_fit_dampened"": 0.88, ""confidence"": 1.0, ""confidence_dampened"": 1.0, ""raw"": 4.224, ""source_url"": ""https://oeffentlichevergabe.de/api/notices/542f5485-40f4-46a7-aa2a-98d2d9fe1d2a?format=pdf""}, {""signal_type"": ""zuschlag_gewonnen"", ""event_date"": ""2026-09-18"", ""weight"": 6, ""recency"": 0.8, ""icp_fit_dampened"": 0.88, ""confidence"": 1.0, ""confidence_dampened"": 1.0, ""raw"": 4.224, ""source_url"": ""https://oeffentlichevergabe.de/api/notices/542f5485-40f4-46a7-aa2a-98d2d9fe1d2a?format=pdf""}, {""signal_type"": ""zuschlag_gewonnen"", ""event_date"": ""2026-09-18"", ""weight"": 6, ""recency"": 0.8, ""icp_fit_dampened"": 0.88, ""confidence"": 1.0, ""confidence_dampened"": 1.0, ""raw"": 4.224, ""source_url"": ""https://oeffentlichevergabe.de/api/notices/542f5485-40f4-46a7-aa2a-98d2d9fe1d2a?format=pdf""}, {""signal_type"": ""zuschlag_gewonnen"", ""event_date"": ""2026-09-18"", ""weight"": 6, ""recency"": 0.8, ""icp_fit_dampened"": 0.88, ""confidence"": 1.0, ""confidence_dampened"": 1.0, ""raw"": 4.224, ""source_url"": ""https://oeffentlichevergabe.de/api/notices/542f5485-40f4-46a7-aa2a-98d2d9fe1d2a?format=pdf""}]}"
"page contracting","50","{""formula"": ""min(best(weight x recency x fit_d x conf_d) + stacking, cap) / cap x 100"", ""tier"": ""B"", ""icp_fit"": 0.8, ""dampening"": ""fit und confidence wirken auf [0.4 .. 1.0]"", ""signal_count"": 2, ""distinct_signal_types"": [""teilnahme_belegt"", ""zuschlag_gewonnen""], ""stacking_bonus"": 1.6, ""driver"": {""signal_type"": ""zuschlag_gewonnen"", ""event_date"": ""2026-09-22"", ""weight"": 6, ""recency"": 1.0, ""icp_fit_dampened"": 0.88, ""confidence"": 0.72, ""confidence_dampened"": 0.832, ""raw"": 4.393, ""source_url"": ""https://ted.europa.eu/en/notice/-/detail/653410-2026""}, ""all_signals"": [{""signal_type"": ""zuschlag_gewonnen"", ""event_date"": ""2026-09-22"", ""weight"": 6, ""recency"": 1.0, ""icp_fit_dampened"": 0.88, ""confidence"": 0.72, ""confidence_dampened"": 0.832, ""raw"": 4.393, ""source_url"": ""https://ted.europa.eu/en/notice/-/detail/653410-2026""}, {""signal_type"": ""teilnahme_belegt"", ""event_date"": ""2026-09-22"", ""weight"": 5, ""recency"": 1.0, ""icp_fit_dampened"": 0.88, ""confidence"": 0.85, ""confidence_dampened"": 0.91, ""raw"": 4.004, ""source_url"": ""https://oeffentlichevergabe.de/api/notices/bb53b292-a02b-43b7-a566-5a7f7de0ed7e?format=pdf""}]}"
"alten","50","{""formula"": ""min(best(weight x recency x fit_d x conf_d) + stacking, cap) / cap x 100"", ""tier"": ""B"", ""icp_fit"": 0.8, ""dampening"": ""fit und confidence wirken auf [0.4 .. 1.0]"", ""signal_count"": 2, ""distinct_signal_types"": [""teilnahme_belegt"", ""zuschlag_gewonnen""], ""stacking_bonus"": 1.6, ""driver"": {""signal_type"": ""zuschlag_gewonnen"", ""event_date"": ""2026-09-22"", ""weight"": 6, ""recency"": 1.0, ""icp_fit_dampened"": 0.88, ""confidence"": 0.72, ""confidence_dampened"": 0.832, ""raw"": 4.393, ""source_url"": ""https://ted.europa.eu/en/notice/-/detail/653410-2026""}, ""all_signals"": [{""signal_type"": ""zuschlag_gewonnen"", ""event_date"": ""2026-09-22"", ""weight"": 6, ""recency"": 1.0, ""icp_fit_dampened"": 0.88, ""confidence"": 0.72, ""confidence_dampened"": 0.832, ""raw"": 4.393, ""source_url"": ""https://ted.europa.eu/en/notice/-/detail/653410-2026""}, {""signal_type"": ""teilnahme_belegt"", ""event_date"": ""2026-09-22"", ""weight"": 5, ""recency"": 1.0, ""icp_fit_dampened"": 0.88, ""confidence"": 0.85, ""confidence_dampened"": 0.91, ""raw"": 4.004, ""source_url"": ""https://oeffentlichevergabe.de/api/notices/bb53b292-a02b-43b7-a566-5a7f7de0ed7e?format=pdf""}]}"
"emagine-bid management","50","{""formula"": ""min(best(weight x recency x fit_d x conf_d) + stacking, cap) / cap x 100"", ""tier"": ""B"", ""icp_fit"": 0.8, ""dampening"": ""fit und confidence wirken auf [0.4 .. 1.0]"", ""signal_count"": 2, ""distinct_signal_types"": [""teilnahme_belegt"", ""zuschlag_gewonnen""], ""stacking_bonus"": 1.6, ""driver"": {""signal_type"": ""zuschlag_gewonnen"", ""event_date"": ""2026-09-22"", ""weight"": 6, ""recency"": 1.0, ""icp_fit_dampened"": 0.88, ""confidence"": 0.72, ""confidence_dampened"": 0.832, ""raw"": 4.393, ""source_url"": ""https://ted.europa.eu/en/notice/-/detail/653410-2026""}, ""all_signals"": [{""signal_type"": ""zuschlag_gewonnen"", ""event_date"": ""2026-09-22"", ""weight"": 6, ""recency"": 1.0, ""icp_fit_dampened"": 0.88, ""confidence"": 0.72, ""confidence_dampened"": 0.832, ""raw"": 4.393, ""source_url"": ""https://ted.europa.eu/en/notice/-/detail/653410-2026""}, {""signal_type"": ""teilnahme_belegt"", ""event_date"": ""2026-09-22"", ""weight"": 5, ""recency"": 1.0, ""icp_fit_dampened"": 0.88, ""confidence"": 0.85, ""confidence_dampened"": 0.91, ""raw"": 4.004, ""source_url"": ""https://oeffentlichevergabe.de/api/notices/bb53b292-a02b-43b7-a566-5a7f7de0ed7e?format=pdf""}]}"
"cloudfactory","50","{""formula"": ""min(best(weight x recency x fit_d x conf_d) + stacking, cap) / cap x 100"", ""tier"": ""B"", ""icp_fit"": 0.8, ""dampening"": ""fit und confidence wirken auf [0.4 .. 1.0]"", ""signal_count"": 2, ""distinct_signal_types"": [""teilnahme_belegt"", ""zuschlag_gewonnen""], ""stacking_bonus"": 1.6, ""driver"": {""signal_type"": ""zuschlag_gewonnen"", ""event_date"": ""2026-09-22"", ""weight"": 6, ""recency"": 1.0, ""icp_fit_dampened"": 0.88, ""confidence"": 0.72, ""confidence_dampened"": 0.832, ""raw"": 4.393, ""source_url"": ""https://ted.europa.eu/en/notice/-/detail/653410-2026""}, ""all_signals"": [{""signal_type"": ""zuschlag_gewonnen"", ""event_date"": ""2026-09-22"", ""weight"": 6, ""recency"": 1.0, ""icp_fit_dampened"": 0.88, ""confidence"": 0.72, ""confidence_dampened"": 0.832, ""raw"": 4.393, ""source_url"": ""https://ted.europa.eu/en/notice/-/detail/653410-2026""}, {""signal_type"": ""teilnahme_belegt"", ""event_date"": ""2026-09-22"", ""weight"": 5, ""recency"": 1.0, ""icp_fit_dampened"": 0.88, ""confidence"": 0.85, ""confidence_dampened"": 0.91, ""raw"": 4.004, ""source_url"": ""https://oeffentlichevergabe.de/api/notices/bb53b292-a02b-43b7-a566-5a7f7de0ed7e?format=pdf""}]}"
"auralis group","50","{""formula"": ""min(best(weight x recency x fit_d x conf_d) + stacking, cap) / cap x 100"", ""tier"": ""B"", ""icp_fit"": 0.8, ""dampening"": ""fit und confidence wirken auf [0.4 .. 1.0]"", ""signal_count"": 2, ""distinct_signal_types"": [""teilnahme_belegt"", ""zuschlag_gewonnen""], ""stacking_bonus"": 1.6, ""driver"": {""signal_type"": ""zuschlag_gewonnen"", ""event_date"": ""2026-09-22"", ""weight"": 6, ""recency"": 1.0, ""icp_fit_dampened"": 0.88, ""confidence"": 0.72, ""confidence_dampened"": 0.832, ""raw"": 4.393, ""source_url"": ""https://ted.europa.eu/en/notice/-/detail/653410-2026""}, ""all_signals"": [{""signal_type"": ""zuschlag_gewonnen"", ""event_date"": ""2026-09-22"", ""weight"": 6, ""recency"": 1.0, ""icp_fit_dampened"": 0.88, ""confidence"": 0.72, ""confidence_dampened"": 0.832, ""raw"": 4.393, ""source_url"": ""https://ted.europa.eu/en/notice/-/detail/653410-2026""}, {""signal_type"": ""teilnahme_belegt"", ""event_date"": ""2026-09-22"", ""weight"": 5, ""recency"": 1.0, ""icp_fit_dampened"": 0.88, ""confidence"": 0.85, ""confidence_dampened"": 0.91, ""raw"": 4.004, ""source_url"": ""https://oeffentlichevergabe.de/api/notices/bb53b292-a02b-43b7-a566-5a7f7de0ed7e?format=pdf""}]}"
"siemens healthineers","50","{""formula"": ""min(best(weight x recency x fit_d x conf_d) + stacking, cap) / cap x 100"", ""tier"": ""A"", ""icp_fit"": 1.0, ""dampening"": ""fit und confidence wirken auf [0.4 .. 1.0]"", ""signal_count"": 4, ""distinct_signal_types"": [""zuschlag_gewonnen""], ""stacking_bonus"": 0.0, ""driver"": {""signal_type"": ""zuschlag_gewonnen"", ""event_date"": ""2026-09-22"", ""weight"": 6, ""recency"": 1.0, ""icp_fit_dampened"": 1.0, ""confidence"": 1.0, ""confidence_dampened"": 1.0, ""raw"": 6.0, ""source_url"": ""https://oeffentlichevergabe.de/api/notices/6f99b487-5c80-4fbc-9b29-4f18d85338e1?format=pdf""}, ""all_signals"": [{""signal_type"": ""zuschlag_gewonnen"", ""event_date"": ""2026-09-22"", ""weight"": 6, ""recency"": 1.0, ""icp_fit_dampened"": 1.0, ""confidence"": 1.0, ""confidence_dampened"": 1.0, ""raw"": 6.0, ""source_url"": ""https://oeffentlichevergabe.de/api/notices/6f99b487-5c80-4fbc-9b29-4f18d85338e1?format=pdf""}, {""signal_type"": ""zuschlag_gewonnen"", ""event_date"": ""2026-09-22"", ""weight"": 6, ""recency"": 1.0, ""icp_fit_dampened"": 1.0, ""confidence"": 0.72, ""confidence_dampened"": 0.832, ""raw"": 4.992, ""source_url"": ""https://ted.europa.eu/en/notice/-/detail/652543-2026""}, {""signal_type"": ""zuschlag_gewonnen"", ""event_date"": ""2026-09-14"", ""weight"": 6, ""recency"": 0.8, ""icp_fit_dampened"": 1.0, ""confidence"": 0.72, ""confidence_dampened"": 0.832, ""raw"": 3.994, ""source_url"": ""https://ted.europa.eu/en/notice/-/detail/632405-2026""}, {""signal_type"": ""zuschlag_gewonnen"", ""event_date"": ""2026-09-08"", ""weight"": 6, ""recency"": 0.8, ""icp_fit_dampened"": 1.0, ""confidence"": 0.72, ""confidence_dampened"": 0.832, ""raw"": 3.994, ""source_url"": ""https://ted.europa.eu/en/notice/-/detail/617514-2026""}]}"
"traffgo road","50","{""formula"": ""min(best(weight x recency x fit_d x conf_d) + stacking, cap) / cap x 100"", ""tier"": ""A"", ""icp_fit"": 1.0, ""dampening"": ""fit und confidence wirken auf [0.4 .. 1.0]"", ""signal_count"": 4, ""distinct_signal_types"": [""teilnahme_belegt"", ""zuschlag_gewonnen""], ""stacking_bonus"": 2.0, ""driver"": {""signal_type"": ""zuschlag_gewonnen"", ""event_date"": ""2026-09-18"", ""weight"": 6, ""recency"": 0.8, ""icp_fit_dampened"": 1.0, ""confidence"": 0.72, ""confidence_dampened"": 0.832, ""raw"": 3.994, ""source_url"": ""https://ted.europa.eu/en/notice/-/detail/646026-2026""}, ""all_signals"": [{""signal_type"": ""zuschlag_gewonnen"", ""event_date"": ""2026-09-18"", ""weight"": 6, ""recency"": 0.8, ""icp_fit_dampened"": 1.0, ""confidence"": 0.72, ""confidence_dampened"": 0.832, ""raw"": 3.994, ""source_url"": ""https://ted.europa.eu/en/notice/-/detail/646026-2026""}, {""signal_type"": ""teilnahme_belegt"", ""event_date"": ""2026-09-18"", ""weight"": 5, ""recency"": 0.8, ""icp_fit_dampened"": 1.0, ""confidence"": 0.85, ""confidence_dampened"": 0.91, ""raw"": 3.64, ""source_url"": ""https://oeffentlichevergabe.de/api/notices/79b90a0e-76ed-4a1c-bf5e-722e4948386f?format=pdf""}, {""signal_type"": ""zuschlag_gewonnen"", ""event_date"": ""2026-09-02"", ""weight"": 6, ""recency"": 0.6, ""icp_fit_dampened"": 1.0, ""confidence"": 0.85, ""confidence_dampened"": 0.91, ""raw"": 3.276, ""source_url"": ""https://oeffentlichevergabe.de/api/notices/0b5af809-b0a8-460a-bdf8-93ad91c4c1af?format=pdf""}, {""signal_type"": ""zuschlag_gewonnen"", ""event_date"": ""2026-09-02"", ""weight"": 6, ""recency"": 0.6, ""icp_fit_dampened"": 1.0, ""confidence"": 0.72, ""confidence_dampened"": 0.832, ""raw"": 2.995, ""source_url"": ""https://ted.europa.eu/en/notice/-/detail/603855-2026""}]}"
"iris-gmbh infrared und intelligent sensors","50","{""formula"": ""min(best(weight x recency x fit_d x conf_d) + stacking, cap) / cap x 100"", ""tier"": ""A"", ""icp_fit"": 1.0, ""dampening"": ""fit und confidence wirken auf [0.4 .. 1.0]"", ""signal_count"": 2, ""distinct_signal_types"": [""teilnahme_belegt"", ""zuschlag_gewonnen""], ""stacking_bonus"": 2.0, ""driver"": {""signal_type"": ""zuschlag_gewonnen"", ""event_date"": ""2026-09-10"", ""weight"": 6, ""recency"": 0.8, ""icp_fit_dampened"": 1.0, ""confidence"": 0.72, ""confidence_dampened"": 0.832, ""raw"": 3.994, ""source_url"": ""https://ted.europa.eu/en/notice/-/detail/624261-2026""}, ""all_signals"": [{""signal_type"": ""zuschlag_gewonnen"", ""event_date"": ""2026-09-10"", ""weight"": 6, ""recency"": 0.8, ""icp_fit_dampened"": 1.0, ""confidence"": 0.72, ""confidence_dampened"": 0.832, ""raw"": 3.994, ""source_url"": ""https://ted.europa.eu/en/notice/-/detail/624261-2026""}, {""signal_type"": ""teilnahme_belegt"", ""event_date"": ""2026-09-10"", ""weight"": 5, ""recency"": 0.8, ""icp_fit_dampened"": 1.0, ""confidence"": 0.85, ""confidence_dampened"": 0.91, ""raw"": 3.64, ""source_url"": ""https://oeffentlichevergabe.de/api/notices/54c9a70c-9478-43b6-9429-76fc4f1406af?format=pdf""}]}"
"converge technology solutions germany","50","{""formula"": ""min(best(weight x recency x fit_d x conf_d) + stacking, cap) / cap x 100"", ""tier"": ""A"", ""icp_fit"": 1.0, ""dampening"": ""fit und confidence wirken auf [0.4 .. 1.0]"", ""signal_count"": 8, ""distinct_signal_types"": [""teilnahme_belegt"", ""zuschlag_gewonnen""], ""stacking_bonus"": 2.0, ""driver"": {""signal_type"": ""zuschlag_gewonnen"", ""event_date"": ""2026-09-10"", ""weight"": 6, ""recency"": 0.8, ""icp_fit_dampened"": 1.0, ""confidence"": 0.72, ""confidence_dampened"": 0.832, ""raw"": 3.994, ""source_url"": ""https://ted.europa.eu/en/notice/-/detail/623611-2026""}, ""all_signals"": [{""signal_type"": ""zuschlag_gewonnen"", ""event_date"": ""2026-09-10"", ""weight"": 6, ""recency"": 0.8, ""icp_fit_dampened"": 1.0, ""confidence"": 0.72, ""confidence_dampened"": 0.832, ""raw"": 3.994, ""source_url"": ""https://ted.europa.eu/en/notice/-/detail/623611-2026""}, {""signal_type"": ""teilnahme_belegt"", ""event_date"": ""2026-09-10"", ""weight"": 5, ""recency"": 0.8, ""icp_fit_dampened"": 1.0, ""confidence"": 0.85, ""confidence_dampened"": 0.91, ""raw"": 3.64, ""source_url"": ""https://oeffentlichevergabe.de/api/notices/51e28366-2d08-4c95-a231-4f15497e1fb8?format=pdf""}, {""signal_type"": ""zuschlag_gewonnen"", ""event_date"": ""2026-08-31"", ""weight"": 6, ""recency"": 0.6, ""icp_fit_dampened"": 1.0, ""confidence"": 1.0, ""confidence_dampened"": 1.0, ""raw"": 3.6, ""source_url"": ""https://oeffentlichevergabe.de/api/notices/6bf29cbb-a609-495f-b6aa-a8850aebd285?format=pdf""}, {""signal_type"": ""zuschlag_gewonnen"", ""event_date"": ""2026-08-31"", ""weight"": 6, ""recency"": 0.6, ""icp_fit_dampened"": 1.0, ""confidence"": 1.0, ""confidence_dampened"": 1.0, ""raw"": 3.6, ""source_url"": ""https://oeffentlichevergabe.de/api/notices/6bf29cbb-a609-495f-b6aa-a8850aebd285?format=pdf""}, {""signal_type"": ""zuschlag_gewonnen"", ""event_date"": ""2026-08-31"", ""weight"": 6, ""recency"": 0.6, ""icp_fit_dampened"": 1.0, ""confidence"": 1.0, ""confidence_dampened"": 1.0, ""raw"": 3.6, ""source_url"": ""https://oeffentlichevergabe.de/api/notices/6bf29cbb-a609-495f-b6aa-a8850aebd285?format=pdf""}]}"
"thinkred","50","{""formula"": ""min(best(weight x recency x fit_d x conf_d) + stacking, cap) / cap x 100"", ""tier"": ""A"", ""icp_fit"": 1.0, ""dampening"": ""fit und confidence wirken auf [0.4 .. 1.0]"", ""signal_count"": 2, ""distinct_signal_types"": [""teilnahme_belegt"", ""zuschlag_gewonnen""], ""stacking_bonus"": 2.0, ""driver"": {""signal_type"": ""zuschlag_gewonnen"", ""event_date"": ""2026-09-10"", ""weight"": 6, ""recency"": 0.8, ""icp_fit_dampened"": 1.0, ""confidence"": 0.72, ""confidence_dampened"": 0.832, ""raw"": 3.994, ""source_url"": ""https://ted.europa.eu/en/notice/-/detail/623611-2026""}, ""all_signals"": [{""signal_type"": ""zuschlag_gewonnen"", ""event_date"": ""2026-09-10"", ""weight"": 6, ""recency"": 0.8, ""icp_fit_dampened"": 1.0, ""confidence"": 0.72, ""confidence_dampened"": 0.832, ""raw"": 3.994, ""source_url"": ""https://ted.europa.eu/en/notice/-/detail/623611-2026""}, {""signal_type"": ""teilnahme_belegt"", ""event_date"": ""2026-09-10"", ""weight"": 5, ""recency"": 0.8, ""icp_fit_dampened"": 1.0, ""confidence"": 0.85, ""confidence_dampened"": 0.91, ""raw"": 3.64, ""source_url"": ""https://oeffentlichevergabe.de/api/notices/51e28366-2d08-4c95-a231-4f15497e1fb8?format=pdf""}]}"
"allgeier public","50","{""formula"": ""min(best(weight x recency x fit_d x conf_d) + stacking, cap) / cap x 100"", ""tier"": ""A"", ""icp_fit"": 1.0, ""dampening"": ""fit und confidence wirken auf [0.4 .. 1.0]"", ""signal_count"": 2, ""distinct_signal_types"": [""teilnahme_belegt"", ""zuschlag_gewonnen""], ""stacking_bonus"": 2.0, ""driver"": {""signal_type"": ""zuschlag_gewonnen"", ""event_date"": ""2026-09-07"", ""weight"": 6, ""recency"": 0.8, ""icp_fit_dampened"": 1.0, ""confidence"": 0.72, ""confidence_dampened"": 0.832, ""raw"": 3.994, ""source_url"": ""https://ted.europa.eu/en/notice/-/detail/614420-2026""}, ""all_signals"": [{""signal_type"": ""zuschlag_gewonnen"", ""event_date"": ""2026-09-07"", ""weight"": 6, ""recency"": 0.8, ""icp_fit_dampened"": 1.0, ""confidence"": 0.72, ""confidence_dampened"": 0.832, ""raw"": 3.994, ""source_url"": ""https://ted.europa.eu/en/notice/-/detail/614420-2026""}, {""signal_type"": ""teilnahme_belegt"", ""event_date"": ""2026-09-06"", ""weight"": 5, ""recency"": 0.8, ""icp_fit_dampened"": 1.0, ""confidence"": 0.85, ""confidence_dampened"": 0.91, ""raw"": 3.64, ""source_url"": ""https://oeffentlichevergabe.de/api/notices/4d78eaf5-77dd-468f-b78d-c1f66cdf12a1?format=pdf""}]}"
"prowise","47","{""formula"": ""min(best(weight x recency x fit_d x conf_d) + stacking, cap) / cap x 100"", ""tier"": ""A"", ""icp_fit"": 1.0, ""dampening"": ""fit und confidence wirken auf [0.4 .. 1.0]"", ""signal_count"": 7, ""distinct_signal_types"": [""teilnahme_belegt"", ""zuschlag_gewonnen""], ""stacking_bonus"": 2.0, ""driver"": {""signal_type"": ""zuschlag_gewonnen"", ""event_date"": ""2026-09-01"", ""weight"": 6, ""recency"": 0.6, ""icp_fit_dampened"": 1.0, ""confidence"": 1.0, ""confidence_dampened"": 1.0, ""raw"": 3.6, ""source_url"": ""https://oeffentlichevergabe.de/api/notices/80fd82c7-2d9f-4e3f-995c-b4b94c0240d6?format=pdf""}, ""all_signals"": [{""signal_type"": ""zuschlag_gewonnen"", ""event_date"": ""2026-09-01"", ""weight"": 6, ""recency"": 0.6, ""icp_fit_dampened"": 1.0, ""confidence"": 1.0, ""confidence_dampened"": 1.0, ""raw"": 3.6, ""source_url"": ""https://oeffentlichevergabe.de/api/notices/80fd82c7-2d9f-4e3f-995c-b4b94c0240d6?format=pdf""}, {""signal_type"": ""zuschlag_gewonnen"", ""event_date"": ""2026-09-01"", ""weight"": 6, ""recency"": 0.6, ""icp_fit_dampened"": 1.0, ""confidence"": 1.0, ""confidence_dampened"": 1.0, ""raw"": 3.6, ""source_url"": ""https://oeffentlichevergabe.de/api/notices/80fd82c7-2d9f-4e3f-995c-b4b94c0240d6?format=pdf""}, {""signal_type"": ""zuschlag_gewonnen"", ""event_date"": ""2026-09-01"", ""weight"": 6, ""recency"": 0.6, ""icp_fit_dampened"": 1.0, ""confidence"": 1.0, ""confidence_dampened"": 1.0, ""raw"": 3.6, ""source_url"": ""https://oeffentlichevergabe.de/api/notices/80fd82c7-2d9f-4e3f-995c-b4b94c0240d6?format=pdf""}, {""signal_type"": ""zuschlag_gewonnen"", ""event_date"": ""2026-09-04"", ""weight"": 6, ""recency"": 0.6, ""icp_fit_dampened"": 1.0, ""confidence"": 0.72, ""confidence_dampened"": 0.832, ""raw"": 2.995, ""source_url"": ""https://ted.europa.eu/en/notice/-/detail/611749-2026""}, {""signal_type"": ""zuschlag_gewonnen"", ""event_date"": ""2026-09-02"", ""weight"": 6, ""recency"": 0.6, ""icp_fit_dampened"": 1.0, ""confidence"": 0.72, ""confidence_dampened"": 0.832, ""raw"": 2.995, ""source_url"": ""https://ted.europa.eu/en/notice/-/detail/605929-2026""}]}"
"microstaxx","46","{""formula"": ""min(best(weight x recency x fit_d x conf_d) + stacking, cap) / cap x 100"", ""tier"": ""A"", ""icp_fit"": 1.0, ""dampening"": ""fit und confidence wirken auf [0.4 .. 1.0]"", ""signal_count"": 2, ""distinct_signal_types"": [""zuschlag_gewonnen""], ""stacking_bonus"": 0.0, ""driver"": {""signal_type"": ""zuschlag_gewonnen"", ""event_date"": ""2026-10-02"", ""weight"": 6, ""recency"": 1.0, ""icp_fit_dampened"": 1.0, ""confidence"": 0.85, ""confidence_dampened"": 0.91, ""raw"": 5.46, ""source_url"": ""https://oeffentlichevergabe.de/api/notices/c4b2812c-538d-43e3-ad78-f69c62fc7220?format=pdf""}, ""all_signals"": [{""signal_type"": ""zuschlag_gewonnen"", ""event_date"": ""2026-10-02"", ""weight"": 6, ""recency"": 1.0, ""icp_fit_dampened"": 1.0, ""confidence"": 0.85, ""confidence_dampened"": 0.91, ""raw"": 5.46, ""source_url"": ""https://oeffentlichevergabe.de/api/notices/c4b2812c-538d-43e3-ad78-f69c62fc7220?format=pdf""}, {""signal_type"": ""zuschlag_gewonnen"", ""event_date"": ""2026-10-02"", ""weight"": 6, ""recency"": 1.0, ""icp_fit_dampened"": 1.0, ""confidence"": 0.72, ""confidence_dampened"": 0.832, ""raw"": 4.992, ""source_url"": ""https://ted.europa.eu/en/notice/-/detail/679972-2026""}]}"
"con terra","46","{""formula"": ""min(best(weight x recency x fit_d x conf_d) + stacking, cap) / cap x 100"", ""tier"": ""A"", ""icp_fit"": 1.0, ""dampening"": ""fit und confidence wirken auf [0.4 .. 1.0]"", ""signal_count"": 7, ""distinct_signal_types"": [""zuschlag_gewonnen""], ""stacking_bonus"": 0.0, ""driver"": {""signal_type"": ""zuschlag_gewonnen"", ""event_date"": ""2026-10-02"", ""weight"": 6, ""recency"": 1.0, ""icp_fit_dampened"": 1.0, ""confidence"": 0.85, ""confidence_dampened"": 0.91, ""raw"": 5.46, ""source_url"": ""https://oeffentlichevergabe.de/api/notices/215db636-c016-42d9-b0e6-194c4bb171bf?format=pdf""}, ""all_signals"": [{""signal_type"": ""zuschlag_gewonnen"", ""event_date"": ""2026-10-02"", ""weight"": 6, ""recency"": 1.0, ""icp_fit_dampened"": 1.0, ""confidence"": 0.85, ""confidence_dampened"": 0.91, ""raw"": 5.46, ""source_url"": ""https://oeffentlichevergabe.de/api/notices/215db636-c016-42d9-b0e6-194c4bb171bf?format=pdf""}, {""signal_type"": ""zuschlag_gewonnen"", ""event_date"": ""2026-09-26"", ""weight"": 6, ""recency"": 1.0, ""icp_fit_dampened"": 1.0, ""confidence"": 0.85, ""confidence_dampened"": 0.91, ""raw"": 5.46, ""source_url"": ""https://oeffentlichevergabe.de/api/notices/b853b7d5-5bbb-4427-952e-652d19a6b25b?format=pdf""}, {""signal_type"": ""zuschlag_gewonnen"", ""event_date"": ""2026-10-02"", ""weight"": 6, ""recency"": 1.0, ""icp_fit_dampened"": 1.0, ""confidence"": 0.72, ""confidence_dampened"": 0.832, ""raw"": 4.992, ""source_url"": ""https://ted.europa.eu/en/notice/-/detail/679441-2026""}, {""signal_type"": ""zuschlag_gewonnen"", ""event_date"": ""2026-09-28"", ""weight"": 6, ""recency"": 1.0, ""icp_fit_dampened"": 1.0, ""confidence"": 0.72, ""confidence_dampened"": 0.832, ""raw"": 4.992, ""source_url"": ""https://ted.europa.eu/en/notice/-/detail/666209-2026""}, {""signal_type"": ""zuschlag_gewonnen"", ""event_date"": ""2026-09-17"", ""weight"": 6, ""recency"": 0.8, ""icp_fit_dampened"": 1.0, ""confidence"": 0.85, ""confidence_dampened"": 0.91, ""raw"": 4.368, ""source_url"": ""https://oeffentlichevergabe.de/api/notices/e781b8ec-e52a-4858-bfe1-2f3d161e0395?format=pdf""}]}"
"bechtle-comsoft","46","{""formula"": ""min(best(weight x recency x fit_d x conf_d) + stacking, cap) / cap x 100"", ""tier"": ""A"", ""icp_fit"": 1.0, ""dampening"": ""fit und confidence wirken auf [0.4 .. 1.0]"", ""signal_count"": 2, ""distinct_signal_types"": [""zuschlag_gewonnen""], ""stacking_bonus"": 0.0, ""driver"": {""signal_type"": ""zuschlag_gewonnen"", ""event_date"": ""2026-10-02"", ""weight"": 6, ""recency"": 1.0, ""icp_fit_dampened"": 1.0, ""confidence"": 0.85, ""confidence_dampened"": 0.91, ""raw"": 5.46, ""source_url"": ""https://oeffentlichevergabe.de/api/notices/d4fc789c-a652-400e-961f-0a315855e400?format=pdf""}, ""all_signals"": [{""signal_type"": ""zuschlag_gewonnen"", ""event_date"": ""2026-10-02"", ""weight"": 6, ""recency"": 1.0, ""icp_fit_dampened"": 1.0, ""confidence"": 0.85, ""confidence_dampened"": 0.91, ""raw"": 5.46, ""source_url"": ""https://oeffentlichevergabe.de/api/notices/d4fc789c-a652-400e-961f-0a315855e400?format=pdf""}, {""signal_type"": ""zuschlag_gewonnen"", ""event_date"": ""2026-10-02"", ""weight"": 6, ""recency"": 1.0, ""icp_fit_dampened"": 1.0, ""confidence"": 0.72, ""confidence_dampened"": 0.832, ""raw"": 4.992, ""source_url"": ""https://ted.europa.eu/en/notice/-/detail/679264-2026""}]}"
"honeywell building solutions","46","{""formula"": ""min(best(weight x recency x fit_d x conf_d) + stacking, cap) / cap x 100"", ""tier"": ""A"", ""icp_fit"": 1.0, ""dampening"": ""fit und confidence wirken auf [0.4 .. 1.0]"", ""signal_count"": 4, ""distinct_signal_types"": [""zuschlag_gewonnen""], ""stacking_bonus"": 0.0, ""driver"": {""signal_type"": ""zuschlag_gewonnen"", ""event_date"": ""2026-10-02"", ""weight"": 6, ""recency"": 1.0, ""icp_fit_dampened"": 1.0, ""confidence"": 0.85, ""confidence_dampened"": 0.91, ""raw"": 5.46, ""source_url"": ""https://oeffentlichevergabe.de/api/notices/a15424c3-bc4e-46c0-a0d6-addf1be5d3ba?format=pdf""}, ""all_signals"": [{""signal_type"": ""zuschlag_gewonnen"", ""event_date"": ""2026-10-02"", ""weight"": 6, ""recency"": 1.0, ""icp_fit_dampened"": 1.0, ""confidence"": 0.85, ""confidence_dampened"": 0.91, ""raw"": 5.46, ""source_url"": ""https://oeffentlichevergabe.de/api/notices/a15424c3-bc4e-46c0-a0d6-addf1be5d3ba?format=pdf""}, {""signal_type"": ""zuschlag_gewonnen"", ""event_date"": ""2026-10-02"", ""weight"": 6, ""recency"": 1.0, ""icp_fit_dampened"": 1.0, ""confidence"": 0.72, ""confidence_dampened"": 0.832, ""raw"": 4.992, ""source_url"": ""https://ted.europa.eu/en/notice/-/detail/679201-2026""}, {""signal_type"": ""zuschlag_gewonnen"", ""event_date"": ""2026-08-26"", ""weight"": 6, ""recency"": 0.6, ""icp_fit_dampened"": 1.0, ""confidence"": 0.85, ""confidence_dampened"": 0.91, ""raw"": 3.276, ""source_url"": ""https://oeffentlichevergabe.de/api/notices/650b56d0-89af-4bf2-8b06-53ccbf015cb2?format=pdf""}, {""signal_type"": ""zuschlag_gewonnen"", ""event_date"": ""2026-08-26"", ""weight"": 6, ""recency"": 0.6, ""icp_fit_dampened"": 1.0, ""confidence"": 0.72, ""confidence_dampened"": 0.832, ""raw"": 2.995, ""source_url"": ""https://ted.europa.eu/en/notice/-/detail/588963-2026""}]}"
"deutsche telekom business solutions","46","{""formula"": ""min(best(weight x recency x fit_d x conf_d) + stacking, cap) / cap x 100"", ""tier"": ""A"", ""icp_fit"": 1.0, ""dampening"": ""fit und confidence wirken auf [0.4 .. 1.0]"", ""signal_count"": 4, ""distinct_signal_types"": [""zuschlag_gewonnen""], ""stacking_bonus"": 0.0, ""driver"": {""signal_type"": ""zuschlag_gewonnen"", ""event_date"": ""2026-10-02"", ""weight"": 6, ""recency"": 1.0, ""icp_fit_dampened"": 1.0, ""confidence"": 0.85, ""confidence_dampened"": 0.91, ""raw"": 5.46, ""source_url"": ""https://oeffentlichevergabe.de/api/notices/347a5b55-fe6e-43cf-96b9-d630269f9ba3?format=pdf""}, ""all_signals"": [{""signal_type"": ""zuschlag_gewonnen"", ""event_date"": ""2026-10-02"", ""weight"": 6, ""recency"": 1.0, ""icp_fit_dampened"": 1.0, ""confidence"": 0.85, ""confidence_dampened"": 0.91, ""raw"": 5.46, ""source_url"": ""https://oeffentlichevergabe.de/api/notices/347a5b55-fe6e-43cf-96b9-d630269f9ba3?format=pdf""}, {""signal_type"": ""zuschlag_gewonnen"", ""event_date"": ""2026-10-02"", ""weight"": 6, ""recency"": 1.0, ""icp_fit_dampened"": 1.0, ""confidence"": 0.72, ""confidence_dampened"": 0.832, ""raw"": 4.992, ""source_url"": ""https://ted.europa.eu/en/notice/-/detail/678042-2026""}, {""signal_type"": ""zuschlag_gewonnen"", ""event_date"": ""2026-09-04"", ""weight"": 6, ""recency"": 0.6, ""icp_fit_dampened"": 1.0, ""confidence"": 0.85, ""confidence_dampened"": 0.91, ""raw"": 3.276, ""source_url"": ""https://oeffentlichevergabe.de/api/notices/c56cd64c-2b33-40b6-b482-d11830bcbe63?format=pdf""}, {""signal_type"": ""zuschlag_gewonnen"", ""event_date"": ""2026-09-04"", ""weight"": 6, ""recency"": 0.6, ""icp_fit_dampened"": 1.0, ""confidence"": 0.72, ""confidence_dampened"": 0.832, ""raw"": 2.995, ""source_url"": ""https://ted.europa.eu/en/notice/-/detail/609749-2026""}]}"
"allgeier it","46","{""formula"": ""min(best(weight x recency x fit_d x conf_d) + stacking, cap) / cap x 100"", ""tier"": ""A"", ""icp_fit"": 1.0, ""dampening"": ""fit und confidence wirken auf [0.4 .. 1.0]"", ""signal_count"": 2, ""distinct_signal_types"": [""zuschlag_gewonnen""], ""stacking_bonus"": 0.0, ""driver"": {""signal_type"": ""zuschlag_gewonnen"", ""event_date"": ""2026-10-01"", ""weight"": 6, ""recency"": 1.0, ""icp_fit_dampened"": 1.0, ""confidence"": 0.85, ""confidence_dampened"": 0.91, ""raw"": 5.46, ""source_url"": ""https://oeffentlichevergabe.de/api/notices/750739c7-c243-4c7a-98ef-7faa89663a6b?format=pdf""}, ""all_signals"": [{""signal_type"": ""zuschlag_gewonnen"", ""event_date"": ""2026-10-01"", ""weight"": 6, ""recency"": 1.0, ""icp_fit_dampened"": 1.0, ""confidence"": 0.85, ""confidence_dampened"": 0.91, ""raw"": 5.46, ""source_url"": ""https://oeffentlichevergabe.de/api/notices/750739c7-c243-4c7a-98ef-7faa89663a6b?format=pdf""}, {""signal_type"": ""zuschlag_gewonnen"", ""event_date"": ""2026-10-01"", ""weight"": 6, ""recency"": 1.0, ""icp_fit_dampened"": 1.0, ""confidence"": 0.72, ""confidence_dampened"": 0.832, ""raw"": 4.992, ""source_url"": ""https://ted.europa.eu/en/notice/-/detail/676776-2026""}]}"
"cellebrite","46","{""formula"": ""min(best(weight x recency x fit_d x conf_d) + stacking, cap) / cap x 100"", ""tier"": ""A"", ""icp_fit"": 1.0, ""dampening"": ""fit und confidence wirken auf [0.4 .. 1.0]"", ""signal_count"": 4, ""distinct_signal_types"": [""zuschlag_gewonnen""], ""stacking_bonus"": 0.0, ""driver"": {""signal_type"": ""zuschlag_gewonnen"", ""event_date"": ""2026-09-30"", ""weight"": 6, ""recency"": 1.0, ""icp_fit_dampened"": 1.0, ""confidence"": 0.85, ""confidence_dampened"": 0.91, ""raw"": 5.46, ""source_url"": ""https://oeffentlichevergabe.de/api/notices/91c8c831-5df1-4fe1-a49d-b18635bcd42c?format=pdf""}, ""all_signals"": [{""signal_type"": ""zuschlag_gewonnen"", ""event_date"": ""2026-09-30"", ""weight"": 6, ""recency"": 1.0, ""icp_fit_dampened"": 1.0, ""confidence"": 0.85, ""confidence_dampened"": 0.91, ""raw"": 5.46, ""source_url"": ""https://oeffentlichevergabe.de/api/notices/91c8c831-5df1-4fe1-a49d-b18635bcd42c?format=pdf""}, {""signal_type"": ""zuschlag_gewonnen"", ""event_date"": ""2026-09-30"", ""weight"": 6, ""recency"": 1.0, ""icp_fit_dampened"": 1.0, ""confidence"": 0.72, ""confidence_dampened"": 0.832, ""raw"": 4.992, ""source_url"": ""https://ted.europa.eu/en/notice/-/detail/673938-2026""}, {""signal_type"": ""zuschlag_gewonnen"", ""event_date"": ""2026-08-22"", ""weight"": 6, ""recency"": 0.6, ""icp_fit_dampened"": 1.0, ""confidence"": 0.85, ""confidence_dampened"": 0.91, ""raw"": 3.276, ""source_url"": ""https://oeffentlichevergabe.de/api/notices/b1f2a373-0237-41d8-bca7-7d3a0250a38f?format=pdf""}, {""signal_type"": ""zuschlag_gewonnen"", ""event_date"": ""2026-08-24"", ""weight"": 6, ""recency"": 0.6, ""icp_fit_dampened"": 1.0, ""confidence"": 0.72, ""confidence_dampened"": 0.832, ""raw"": 2.995, ""source_url"": ""https://ted.europa.eu/en/notice/-/detail/583078-2026""}]}"
"thieme compliance","46","{""formula"": ""min(best(weight x recency x fit_d x conf_d) + stacking, cap) / cap x 100"", ""tier"": ""A"", ""icp_fit"": 1.0, ""dampening"": ""fit und confidence wirken auf [0.4 .. 1.0]"", ""signal_count"": 2, ""distinct_signal_types"": [""zuschlag_gewonnen""], ""stacking_bonus"": 0.0, ""driver"": {""signal_type"": ""zuschlag_gewonnen"", ""event_date"": ""2026-09-30"", ""weight"": 6, ""recency"": 1.0, ""icp_fit_dampened"": 1.0, ""confidence"": 0.85, ""confidence_dampened"": 0.91, ""raw"": 5.46, ""source_url"": ""https://oeffentlichevergabe.de/api/notices/68bc2392-dae6-4ee0-97e7-4fb9c8224423?format=pdf""}, ""all_signals"": [{""signal_type"": ""zuschlag_gewonnen"", ""event_date"": ""2026-09-30"", ""weight"": 6, ""recency"": 1.0, ""icp_fit_dampened"": 1.0, ""confidence"": 0.85, ""confidence_dampened"": 0.91, ""raw"": 5.46, ""source_url"": ""https://oeffentlichevergabe.de/api/notices/68bc2392-dae6-4ee0-97e7-4fb9c8224423?format=pdf""}, {""signal_type"": ""zuschlag_gewonnen"", ""event_date"": ""2026-09-30"", ""weight"": 6, ""recency"": 1.0, ""icp_fit_dampened"": 1.0, ""confidence"": 0.72, ""confidence_dampened"": 0.832, ""raw"": 4.992, ""source_url"": ""https://ted.europa.eu/en/notice/-/detail/673681-2026""}]}"
"itiso","46","{""formula"": ""min(best(weight x recency x fit_d x conf_d) + stacking, cap) / cap x 100"", ""tier"": ""A"", ""icp_fit"": 1.0, ""dampening"": ""fit und confidence wirken auf [0.4 .. 1.0]"", ""signal_count"": 2, ""distinct_signal_types"": [""zuschlag_gewonnen""], ""stacking_bonus"": 0.0, ""driver"": {""signal_type"": ""zuschlag_gewonnen"", ""event_date"": ""2026-09-30"", ""weight"": 6, ""recency"": 1.0, ""icp_fit_dampened"": 1.0, ""confidence"": 0.85, ""confidence_dampened"": 0.91, ""raw"": 5.46, ""source_url"": ""https://oeffentlichevergabe.de/api/notices/3996555f-9d7a-48a3-bd5a-14cb1be88fd7?format=pdf""}, ""all_signals"": [{""signal_type"": ""zuschlag_gewonnen"", ""event_date"": ""2026-09-30"", ""weight"": 6, ""recency"": 1.0, ""icp_fit_dampened"": 1.0, ""confidence"": 0.85, ""confidence_dampened"": 0.91, ""raw"": 5.46, ""source_url"": ""https://oeffentlichevergabe.de/api/notices/3996555f-9d7a-48a3-bd5a-14cb1be88fd7?format=pdf""}, {""signal_type"": ""zuschlag_gewonnen"", ""event_date"": ""2026-09-30"", ""weight"": 6, ""recency"": 1.0, ""icp_fit_dampened"": 1.0, ""confidence"": 0.72, ""confidence_dampened"": 0.832, ""raw"": 4.992, ""source_url"": ""https://ted.europa.eu/en/notice/-/detail/673562-2026""}]}"
"ricoh deutschland","46","{""formula"": ""min(best(weight x recency x fit_d x conf_d) + stacking, cap) / cap x 100"", ""tier"": ""A"", ""icp_fit"": 1.0, ""dampening"": ""fit und confidence wirken auf [0.4 .. 1.0]"", ""signal_count"": 7, ""distinct_signal_types"": [""zuschlag_gewonnen""], ""stacking_bonus"": 0.0, ""driver"": {""signal_type"": ""zuschlag_gewonnen"", ""event_date"": ""2026-09-19"", ""weight"": 6, ""recency"": 1.0, ""icp_fit_dampened"": 1.0, ""confidence"": 0.85, ""confidence_dampened"": 0.91, ""raw"": 5.46, ""source_url"": ""https://oeffentlichevergabe.de/api/notices/b1fd96b6-0a00-4146-9667-1b78b959227a?format=pdf""}, ""all_signals"": [{""signal_type"": ""zuschlag_gewonnen"", ""event_date"": ""2026-09-19"", ""weight"": 6, ""recency"": 1.0, ""icp_fit_dampened"": 1.0, ""confidence"": 0.85, ""confidence_dampened"": 0.91, ""raw"": 5.46, ""source_url"": ""https://oeffentlichevergabe.de/api/notices/b1fd96b6-0a00-4146-9667-1b78b959227a?format=pdf""}, {""signal_type"": ""zuschlag_gewonnen"", ""event_date"": ""2026-09-30"", ""weight"": 6, ""recency"": 1.0, ""icp_fit_dampened"": 1.0, ""confidence"": 0.72, ""confidence_dampened"": 0.832, ""raw"": 4.992, ""source_url"": ""https://ted.europa.eu/en/notice/-/detail/671707-2026""}, {""signal_type"": ""zuschlag_gewonnen"", ""event_date"": ""2026-09-21"", ""weight"": 6, ""recency"": 1.0, ""icp_fit_dampened"": 1.0, ""confidence"": 0.72, ""confidence_dampened"": 0.832, ""raw"": 4.992, ""source_url"": ""https://ted.europa.eu/en/notice/-/detail/649022-2026""}, {""signal_type"": ""zuschlag_gewonnen"", ""event_date"": ""2026-09-01"", ""weight"": 6, ""recency"": 0.6, ""icp_fit_dampened"": 1.0, ""confidence"": 0.85, ""confidence_dampened"": 0.91, ""raw"": 3.276, ""source_url"": ""https://oeffentlichevergabe.de/api/notices/285383de-3311-4baa-9d6f-8dd5dd78336b?format=pdf""}, {""signal_type"": ""zuschlag_gewonnen"", ""event_date"": ""2026-09-01"", ""weight"": 6, ""recency"": 0.6, ""icp_fit_dampened"": 1.0, ""confidence"": 0.72, ""confidence_dampened"": 0.832, ""raw"": 2.995, ""source_url"": ""https://ted.europa.eu/en/notice/-/detail/601273-2026""}]}"
"hermes systeme hamburg","46","{""formula"": ""min(best(weight x recency x fit_d x conf_d) + stacking, cap) / cap x 100"", ""tier"": ""A"", ""icp_fit"": 1.0, ""dampening"": ""fit und confidence wirken auf [0.4 .. 1.0]"", ""signal_count"": 2, ""distinct_signal_types"": [""zuschlag_gewonnen""], ""stacking_bonus"": 0.0, ""driver"": {""signal_type"": ""zuschlag_gewonnen"", ""event_date"": ""2026-09-29"", ""weight"": 6, ""recency"": 1.0, ""icp_fit_dampened"": 1.0, ""confidence"": 0.85, ""confidence_dampened"": 0.91, ""raw"": 5.46, ""source_url"": ""https://oeffentlichevergabe.de/api/notices/ab1ba5ff-6ac2-41ec-b876-205d2f489cb3?format=pdf""}, ""all_signals"": [{""signal_type"": ""zuschlag_gewonnen"", ""event_date"": ""2026-09-29"", ""weight"": 6, ""recency"": 1.0, ""icp_fit_dampened"": 1.0, ""confidence"": 0.85, ""confidence_dampened"": 0.91, ""raw"": 5.46, ""source_url"": ""https://oeffentlichevergabe.de/api/notices/ab1ba5ff-6ac2-41ec-b876-205d2f489cb3?format=pdf""}, {""signal_type"": ""zuschlag_gewonnen"", ""event_date"": ""2026-09-29"", ""weight"": 6, ""recency"": 1.0, ""icp_fit_dampened"": 1.0, ""confidence"": 0.72, ""confidence_dampened"": 0.832, ""raw"": 4.992, ""source_url"": ""https://ted.europa.eu/en/notice/-/detail/669597-2026""}]}"
"mr datentechnik vertriebs-und service","46","{""formula"": ""min(best(weight x recency x fit_d x conf_d) + stacking, cap) / cap x 100"", ""tier"": ""A"", ""icp_fit"": 1.0, ""dampening"": ""fit und confidence wirken auf [0.4 .. 1.0]"", ""signal_count"": 4, ""distinct_signal_types"": [""zuschlag_gewonnen""], ""stacking_bonus"": 0.0, ""driver"": {""signal_type"": ""zuschlag_gewonnen"", ""event_date"": ""2026-09-27"", ""weight"": 6, ""recency"": 1.0, ""icp_fit_dampened"": 1.0, ""confidence"": 0.85, ""confidence_dampened"": 0.91, ""raw"": 5.46, ""source_url"": ""https://oeffentlichevergabe.de/api/notices/263e995c-e204-433a-a0de-78300675328f?format=pdf""}, ""all_signals"": [{""signal_type"": ""zuschlag_gewonnen"", ""event_date"": ""2026-09-27"", ""weight"": 6, ""recency"": 1.0, ""icp_fit_dampened"": 1.0, ""confidence"": 0.85, ""confidence_dampened"": 0.91, ""raw"": 5.46, ""source_url"": ""https://oeffentlichevergabe.de/api/notices/263e995c-e204-433a-a0de-78300675328f?format=pdf""}, {""signal_type"": ""zuschlag_gewonnen"", ""event_date"": ""2026-09-28"", ""weight"": 6, ""recency"": 1.0, ""icp_fit_dampened"": 1.0, ""confidence"": 0.72, ""confidence_dampened"": 0.832, ""raw"": 4.992, ""source_url"": ""https://ted.europa.eu/en/notice/-/detail/664907-2026""}, {""signal_type"": ""zuschlag_gewonnen"", ""event_date"": ""2026-09-07"", ""weight"": 6, ""recency"": 0.8, ""icp_fit_dampened"": 1.0, ""confidence"": 0.72, ""confidence_dampened"": 0.832, ""raw"": 3.994, ""source_url"": ""https://ted.europa.eu/en/notice/-/detail/612615-2026""}, {""signal_type"": ""zuschlag_gewonnen"", ""event_date"": ""2026-09-04"", ""weight"": 6, ""recency"": 0.6, ""icp_fit_dampened"": 1.0, ""confidence"": 1.0, ""confidence_dampened"": 1.0, ""raw"": 3.6, ""source_url"": ""https://oeffentlichevergabe.de/api/notices/ccdb1782-b91d-4c06-a901-154538315f1d?format=pdf""}]}"
"dedalus healthcare","46","{""formula"": ""min(best(weight x recency x fit_d x conf_d) + stacking, cap) / cap x 100"", ""tier"": ""A"", ""icp_fit"": 1.0, ""dampening"": ""fit und confidence wirken auf [0.4 .. 1.0]"", ""signal_count"": 3, ""distinct_signal_types"": [""zuschlag_gewonnen""], ""stacking_bonus"": 0.0, ""driver"": {""signal_type"": ""zuschlag_gewonnen"", ""event_date"": ""2026-09-27"", ""weight"": 6, ""recency"": 1.0, ""icp_fit_dampened"": 1.0, ""confidence"": 0.85, ""confidence_dampened"": 0.91, ""raw"": 5.46, ""source_url"": ""https://oeffentlichevergabe.de/api/notices/eda01116-2db5-41c5-bebe-cee77c387f12?format=pdf""}, ""all_signals"": [{""signal_type"": ""zuschlag_gewonnen"", ""event_date"": ""2026-09-27"", ""weight"": 6, ""recency"": 1.0, ""icp_fit_dampened"": 1.0, ""confidence"": 0.85, ""confidence_dampened"": 0.91, ""raw"": 5.46, ""source_url"": ""https://oeffentlichevergabe.de/api/notices/eda01116-2db5-41c5-bebe-cee77c387f12?format=pdf""}, {""signal_type"": ""zuschlag_gewonnen"", ""event_date"": ""2026-08-20"", ""weight"": 6, ""recency"": 0.4, ""icp_fit_dampened"": 1.0, ""confidence"": 0.85, ""confidence_dampened"": 0.91, ""raw"": 2.184, ""source_url"": ""https://oeffentlichevergabe.de/api/notices/8866c0a2-f6a7-4f8f-934e-803d6f964eee?format=pdf""}, {""signal_type"": ""zuschlag_gewonnen"", ""event_date"": ""2026-08-20"", ""weight"": 6, ""recency"": 0.4, ""icp_fit_dampened"": 1.0, ""confidence"": 0.72, ""confidence_dampened"": 0.832, ""raw"": 1.997, ""source_url"": ""https://ted.europa.eu/en/notice/-/detail/576804-2026""}]}"
"h und h datenverarbeitungs-und beratungsgesellschaft","46","{""formula"": ""min(best(weight x recency x fit_d x conf_d) + stacking, cap) / cap x 100"", ""tier"": ""A"", ""icp_fit"": 1.0, ""dampening"": ""fit und confidence wirken auf [0.4 .. 1.0]"", ""signal_count"": 2, ""distinct_signal_types"": [""zuschlag_gewonnen""], ""stacking_bonus"": 0.0, ""driver"": {""signal_type"": ""zuschlag_gewonnen"", ""event_date"": ""2026-09-25"", ""weight"": 6, ""recency"": 1.0, ""icp_fit_dampened"": 1.0, ""confidence"": 0.85, ""confidence_dampened"": 0.91, ""raw"": 5.46, ""source_url"": ""https://oeffentlichevergabe.de/api/notices/ffc925b3-64c0-4c01-b28e-7d7a6f34c969?format=pdf""}, ""all_signals"": [{""signal_type"": ""zuschlag_gewonnen"", ""event_date"": ""2026-09-25"", ""weight"": 6, ""recency"": 1.0, ""icp_fit_dampened"": 1.0, ""confidence"": 0.85, ""confidence_dampened"": 0.91, ""raw"": 5.46, ""source_url"": ""https://oeffentlichevergabe.de/api/notices/ffc925b3-64c0-4c01-b28e-7d7a6f34c969?format=pdf""}, {""signal_type"": ""zuschlag_gewonnen"", ""event_date"": ""2026-09-25"", ""weight"": 6, ""recency"": 1.0, ""icp_fit_dampened"": 1.0, ""confidence"": 0.72, ""confidence_dampened"": 0.832, ""raw"": 4.992, ""source_url"": ""https://ted.europa.eu/en/notice/-/detail/662403-2026""}]}"
"d velop","46","{""formula"": ""min(best(weight x recency x fit_d x conf_d) + stacking, cap) / cap x 100"", ""tier"": ""A"", ""icp_fit"": 1.0, ""dampening"": ""fit und confidence wirken auf [0.4 .. 1.0]"", ""signal_count"": 4, ""distinct_signal_types"": [""zuschlag_gewonnen""], ""stacking_bonus"": 0.0, ""driver"": {""signal_type"": ""zuschlag_gewonnen"", ""event_date"": ""2026-09-25"", ""weight"": 6, ""recency"": 1.0, ""icp_fit_dampened"": 1.0, ""confidence"": 0.85, ""confidence_dampened"": 0.91, ""raw"": 5.46, ""source_url"": ""https://oeffentlichevergabe.de/api/notices/6d9cd4a0-934e-4b9b-8e2f-447d566d368d?format=pdf""}, ""all_signals"": [{""signal_type"": ""zuschlag_gewonnen"", ""event_date"": ""2026-09-25"", ""weight"": 6, ""recency"": 1.0, ""icp_fit_dampened"": 1.0, ""confidence"": 0.85, ""confidence_dampened"": 0.91, ""raw"": 5.46, ""source_url"": ""https://oeffentlichevergabe.de/api/notices/6d9cd4a0-934e-4b9b-8e2f-447d566d368d?format=pdf""}, {""signal_type"": ""zuschlag_gewonnen"", ""event_date"": ""2026-09-08"", ""weight"": 6, ""recency"": 0.8, ""icp_fit_dampened"": 1.0, ""confidence"": 0.85, ""confidence_dampened"": 0.91, ""raw"": 4.368, ""source_url"": ""https://oeffentlichevergabe.de/api/notices/df9d401f-01b5-41fd-be39-5e028dea29fe?format=pdf""}, {""signal_type"": ""zuschlag_gewonnen"", ""event_date"": ""2026-08-09"", ""weight"": 6, ""recency"": 0.4, ""icp_fit_dampened"": 1.0, ""confidence"": 0.85, ""confidence_dampened"": 0.91, ""raw"": 2.184, ""source_url"": ""https://oeffentlichevergabe.de/api/notices/3975feaa-7283-43fd-95a4-f4ea224f9e6d?format=pdf""}, {""signal_type"": ""zuschlag_gewonnen"", ""event_date"": ""2026-08-11"", ""weight"": 6, ""recency"": 0.4, ""icp_fit_dampened"": 1.0, ""confidence"": 0.72, ""confidence_dampened"": 0.832, ""raw"": 1.997, ""source_url"": ""https://ted.europa.eu/en/notice/-/detail/555730-2026""}]}"
"kommunix","46","{""formula"": ""min(best(weight x recency x fit_d x conf_d) + stacking, cap) / cap x 100"", ""tier"": ""A"", ""icp_fit"": 1.0, ""dampening"": ""fit und confidence wirken auf [0.4 .. 1.0]"", ""signal_count"": 2, ""distinct_signal_types"": [""zuschlag_gewonnen""], ""stacking_bonus"": 0.0, ""driver"": {""signal_type"": ""zuschlag_gewonnen"", ""event_date"": ""2026-09-25"", ""weight"": 6, ""recency"": 1.0, ""icp_fit_dampened"": 1.0, ""confidence"": 0.85, ""confidence_dampened"": 0.91, ""raw"": 5.46, ""source_url"": ""https://oeffentlichevergabe.de/api/notices/e3c4a5dd-a099-43f1-b1c9-2c7a0052a699?format=pdf""}, ""all_signals"": [{""signal_type"": ""zuschlag_gewonnen"", ""event_date"": ""2026-09-25"", ""weight"": 6, ""recency"": 1.0, ""icp_fit_dampened"": 1.0, ""confidence"": 0.85, ""confidence_dampened"": 0.91, ""raw"": 5.46, ""source_url"": ""https://oeffentlichevergabe.de/api/notices/e3c4a5dd-a099-43f1-b1c9-2c7a0052a699?format=pdf""}, {""signal_type"": ""zuschlag_gewonnen"", ""event_date"": ""2026-08-13"", ""weight"": 6, ""recency"": 0.4, ""icp_fit_dampened"": 1.0, ""confidence"": 0.72, ""confidence_dampened"": 0.832, ""raw"": 1.997, ""source_url"": ""https://ted.europa.eu/en/notice/-/detail/561047-2026""}]}"
"greenbone","46","{""formula"": ""min(best(weight x recency x fit_d x conf_d) + stacking, cap) / cap x 100"", ""tier"": ""A"", ""icp_fit"": 1.0, ""dampening"": ""fit und confidence wirken auf [0.4 .. 1.0]"", ""signal_count"": 2, ""distinct_signal_types"": [""zuschlag_gewonnen""], ""stacking_bonus"": 0.0, ""driver"": {""signal_type"": ""zuschlag_gewonnen"", ""event_date"": ""2026-09-24"", ""weight"": 6, ""recency"": 1.0, ""icp_fit_dampened"": 1.0, ""confidence"": 0.85, ""confidence_dampened"": 0.91, ""raw"": 5.46, ""source_url"": ""https://oeffentlichevergabe.de/api/notices/4c5eeea1-387a-414e-bdbc-a99dcf774987?format=pdf""}, ""all_signals"": [{""signal_type"": ""zuschlag_gewonnen"", ""event_date"": ""2026-09-24"", ""weight"": 6, ""recency"": 1.0, ""icp_fit_dampened"": 1.0, ""confidence"": 0.85, ""confidence_dampened"": 0.91, ""raw"": 5.46, ""source_url"": ""https://oeffentlichevergabe.de/api/notices/4c5eeea1-387a-414e-bdbc-a99dcf774987?format=pdf""}, {""signal_type"": ""zuschlag_gewonnen"", ""event_date"": ""2026-09-24"", ""weight"": 6, ""recency"": 1.0, ""icp_fit_dampened"": 1.0, ""confidence"": 0.72, ""confidence_dampened"": 0.832, ""raw"": 4.992, ""source_url"": ""https://ted.europa.eu/en/notice/-/detail/658352-2026""}]}"
"moody s analytics uk limited","46","{""formula"": ""min(best(weight x recency x fit_d x conf_d) + stacking, cap) / cap x 100"", ""tier"": ""A"", ""icp_fit"": 1.0, ""dampening"": ""fit und confidence wirken auf [0.4 .. 1.0]"", ""signal_count"": 1, ""distinct_signal_types"": [""zuschlag_gewonnen""], ""stacking_bonus"": 0.0, ""driver"": {""signal_type"": ""zuschlag_gewonnen"", ""event_date"": ""2026-09-24"", ""weight"": 6, ""recency"": 1.0, ""icp_fit_dampened"": 1.0, ""confidence"": 0.85, ""confidence_dampened"": 0.91, ""raw"": 5.46, ""source_url"": ""https://oeffentlichevergabe.de/api/notices/7cef9e15-9ded-43a1-ab42-209e3cf11702?format=pdf""}, ""all_signals"": [{""signal_type"": ""zuschlag_gewonnen"", ""event_date"": ""2026-09-24"", ""weight"": 6, ""recency"": 1.0, ""icp_fit_dampened"": 1.0, ""confidence"": 0.85, ""confidence_dampened"": 0.91, ""raw"": 5.46, ""source_url"": ""https://oeffentlichevergabe.de/api/notices/7cef9e15-9ded-43a1-ab42-209e3cf11702?format=pdf""}]}"
"cancom public","46","{""formula"": ""min(best(weight x recency x fit_d x conf_d) + stacking, cap) / cap x 100"", ""tier"": ""A"", ""icp_fit"": 1.0, ""dampening"": ""fit und confidence wirken auf [0.4 .. 1.0]"", ""signal_count"": 3, ""distinct_signal_types"": [""zuschlag_gewonnen""], ""stacking_bonus"": 0.0, ""driver"": {""signal_type"": ""zuschlag_gewonnen"", ""event_date"": ""2026-09-23"", ""weight"": 6, ""recency"": 1.0, ""icp_fit_dampened"": 1.0, ""confidence"": 0.85, ""confidence_dampened"": 0.91, ""raw"": 5.46, ""source_url"": ""https://oeffentlichevergabe.de/api/notices/a6f6366b-6f73-4584-8d2b-e73cfa5ab1d3?format=pdf""}, ""all_signals"": [{""signal_type"": ""zuschlag_gewonnen"", ""event_date"": ""2026-09-23"", ""weight"": 6, ""recency"": 1.0, ""icp_fit_dampened"": 1.0, ""confidence"": 0.85, ""confidence_dampened"": 0.91, ""raw"": 5.46, ""source_url"": ""https://oeffentlichevergabe.de/api/notices/a6f6366b-6f73-4584-8d2b-e73cfa5ab1d3?format=pdf""}, {""signal_type"": ""zuschlag_gewonnen"", ""event_date"": ""2026-09-23"", ""weight"": 6, ""recency"": 1.0, ""icp_fit_dampened"": 1.0, ""confidence"": 0.72, ""confidence_dampened"": 0.832, ""raw"": 4.992, ""source_url"": ""https://ted.europa.eu/en/notice/-/detail/655464-2026""}, {""signal_type"": ""zuschlag_gewonnen"", ""event_date"": ""2026-08-16"", ""weight"": 6, ""recency"": 0.4, ""icp_fit_dampened"": 1.0, ""confidence"": 0.85, ""confidence_dampened"": 0.91, ""raw"": 2.184, ""source_url"": ""https://oeffentlichevergabe.de/api/notices/b58f709d-7d95-46f6-9999-bd9574773a2a?format=pdf""}]}"
"axians networks und solutions","46","{""formula"": ""min(best(weight x recency x fit_d x conf_d) + stacking, cap) / cap x 100"", ""tier"": ""A"", ""icp_fit"": 1.0, ""dampening"": ""fit und confidence wirken auf [0.4 .. 1.0]"", ""signal_count"": 4, ""distinct_signal_types"": [""zuschlag_gewonnen""], ""stacking_bonus"": 0.0, ""driver"": {""signal_type"": ""zuschlag_gewonnen"", ""event_date"": ""2026-09-23"", ""weight"": 6, ""recency"": 1.0, ""icp_fit_dampened"": 1.0, ""confidence"": 0.85, ""confidence_dampened"": 0.91, ""raw"": 5.46, ""source_url"": ""https://oeffentlichevergabe.de/api/notices/897292e5-7430-490c-a149-cda36b06b0e8?format=pdf""}, ""all_signals"": [{""signal_type"": ""zuschlag_gewonnen"", ""event_date"": ""2026-09-23"", ""weight"": 6, ""recency"": 1.0, ""icp_fit_dampened"": 1.0, ""confidence"": 0.85, ""confidence_dampened"": 0.91, ""raw"": 5.46, ""source_url"": ""https://oeffentlichevergabe.de/api/notices/897292e5-7430-490c-a149-cda36b06b0e8?format=pdf""}, {""signal_type"": ""zuschlag_gewonnen"", ""event_date"": ""2026-09-23"", ""weight"": 6, ""recency"": 1.0, ""icp_fit_dampened"": 1.0, ""confidence"": 0.72, ""confidence_dampened"": 0.832, ""raw"": 4.992, ""source_url"": ""https://ted.europa.eu/en/notice/-/detail/655098-2026""}, {""signal_type"": ""zuschlag_gewonnen"", ""event_date"": ""2026-09-16"", ""weight"": 6, ""recency"": 0.8, ""icp_fit_dampened"": 1.0, ""confidence"": 0.85, ""confidence_dampened"": 0.91, ""raw"": 4.368, ""source_url"": ""https://oeffentlichevergabe.de/api/notices/0d06762e-e42a-44c3-96ef-618a5fa055fd?format=pdf""}, {""signal_type"": ""zuschlag_gewonnen"", ""event_date"": ""2026-09-16"", ""weight"": 6, ""recency"": 0.8, ""icp_fit_dampened"": 1.0, ""confidence"": 0.72, ""confidence_dampened"": 0.832, ""raw"": 3.994, ""source_url"": ""https://ted.europa.eu/en/notice/-/detail/637070-2026""}]}"
"the i-engineers","46","{""formula"": ""min(best(weight x recency x fit_d x conf_d) + stacking, cap) / cap x 100"", ""tier"": ""A"", ""icp_fit"": 1.0, ""dampening"": ""fit und confidence wirken auf [0.4 .. 1.0]"", ""signal_count"": 1, ""distinct_signal_types"": [""zuschlag_gewonnen""], ""stacking_bonus"": 0.0, ""driver"": {""signal_type"": ""zuschlag_gewonnen"", ""event_date"": ""2026-09-23"", ""weight"": 6, ""recency"": 1.0, ""icp_fit_dampened"": 1.0, ""confidence"": 0.85, ""confidence_dampened"": 0.91, ""raw"": 5.46, ""source_url"": ""https://oeffentlichevergabe.de/api/notices/679d0c5a-6fbd-425e-bb97-2d61873e176a?format=pdf""}, ""all_signals"": [{""signal_type"": ""zuschlag_gewonnen"", ""event_date"": ""2026-09-23"", ""weight"": 6, ""recency"": 1.0, ""icp_fit_dampened"": 1.0, ""confidence"": 0.85, ""confidence_dampened"": 0.91, ""raw"": 5.46, ""source_url"": ""https://oeffentlichevergabe.de/api/notices/679d0c5a-6fbd-425e-bb97-2d61873e176a?format=pdf""}]}"
"telonic","46","{""formula"": ""min(best(weight x recency x fit_d x conf_d) + stacking, cap) / cap x 100"", ""tier"": ""A"", ""icp_fit"": 1.0, ""dampening"": ""fit und confidence wirken auf [0.4 .. 1.0]"", ""signal_count"": 2, ""distinct_signal_types"": [""zuschlag_gewonnen""], ""stacking_bonus"": 0.0, ""driver"": {""signal_type"": ""zuschlag_gewonnen"", ""event_date"": ""2026-09-22"", ""weight"": 6, ""recency"": 1.0, ""icp_fit_dampened"": 1.0, ""confidence"": 0.85, ""confidence_dampened"": 0.91, ""raw"": 5.46, ""source_url"": ""https://oeffentlichevergabe.de/api/notices/d620e004-bb56-45b6-bda7-e834250fcfd0?format=pdf""}, ""all_signals"": [{""signal_type"": ""zuschlag_gewonnen"", ""event_date"": ""2026-09-22"", ""weight"": 6, ""recency"": 1.0, ""icp_fit_dampened"": 1.0, ""confidence"": 0.85, ""confidence_dampened"": 0.91, ""raw"": 5.46, ""source_url"": ""https://oeffentlichevergabe.de/api/notices/d620e004-bb56-45b6-bda7-e834250fcfd0?format=pdf""}, {""signal_type"": ""zuschlag_gewonnen"", ""event_date"": ""2026-09-22"", ""weight"": 6, ""recency"": 1.0, ""icp_fit_dampened"": 1.0, ""confidence"": 0.72, ""confidence_dampened"": 0.832, ""raw"": 4.992, ""source_url"": ""https://ted.europa.eu/en/notice/-/detail/652217-2026""}]}"
"in4md service","46","{""formula"": ""min(best(weight x recency x fit_d x conf_d) + stacking, cap) / cap x 100"", ""tier"": ""A"", ""icp_fit"": 1.0, ""dampening"": ""fit und confidence wirken auf [0.4 .. 1.0]"", ""signal_count"": 4, ""distinct_signal_types"": [""zuschlag_gewonnen""], ""stacking_bonus"": 0.0, ""driver"": {""signal_type"": ""zuschlag_gewonnen"", ""event_date"": ""2026-09-22"", ""weight"": 6, ""recency"": 1.0, ""icp_fit_dampened"": 1.0, ""confidence"": 0.85, ""confidence_dampened"": 0.91, ""raw"": 5.46, ""source_url"": ""https://oeffentlichevergabe.de/api/notices/488b79a4-a640-4880-9015-245ac2270593?format=pdf""}, ""all_signals"": [{""signal_type"": ""zuschlag_gewonnen"", ""event_date"": ""2026-09-22"", ""weight"": 6, ""recency"": 1.0, ""icp_fit_dampened"": 1.0, ""confidence"": 0.85, ""confidence_dampened"": 0.91, ""raw"": 5.46, ""source_url"": ""https://oeffentlichevergabe.de/api/notices/488b79a4-a640-4880-9015-245ac2270593?format=pdf""}, {""signal_type"": ""zuschlag_gewonnen"", ""event_date"": ""2026-09-22"", ""weight"": 6, ""recency"": 1.0, ""icp_fit_dampened"": 1.0, ""confidence"": 0.72, ""confidence_dampened"": 0.832, ""raw"": 4.992, ""source_url"": ""https://ted.europa.eu/en/notice/-/detail/651858-2026""}, {""signal_type"": ""zuschlag_gewonnen"", ""event_date"": ""2026-08-25"", ""weight"": 6, ""recency"": 0.6, ""icp_fit_dampened"": 1.0, ""confidence"": 0.85, ""confidence_dampened"": 0.91, ""raw"": 3.276, ""source_url"": ""https://oeffentlichevergabe.de/api/notices/1ed00e9b-d633-48b1-9b85-a4b793a7bac3?format=pdf""}, {""signal_type"": ""zuschlag_gewonnen"", ""event_date"": ""2026-08-25"", ""weight"": 6, ""recency"": 0.6, ""icp_fit_dampened"": 1.0, ""confidence"": 0.72, ""confidence_dampened"": 0.832, ""raw"": 2.995, ""source_url"": ""https://ted.europa.eu/en/notice/-/detail/584344-2026""}]}"
"guidecom","46","{""formula"": ""min(best(weight x recency x fit_d x conf_d) + stacking, cap) / cap x 100"", ""tier"": ""A"", ""icp_fit"": 1.0, ""dampening"": ""fit und confidence wirken auf [0.4 .. 1.0]"", ""signal_count"": 2, ""distinct_signal_types"": [""zuschlag_gewonnen""], ""stacking_bonus"": 0.0, ""driver"": {""signal_type"": ""zuschlag_gewonnen"", ""event_date"": ""2026-09-19"", ""weight"": 6, ""recency"": 1.0, ""icp_fit_dampened"": 1.0, ""confidence"": 0.85, ""confidence_dampened"": 0.91, ""raw"": 5.46, ""source_url"": ""https://oeffentlichevergabe.de/api/notices/862079ed-1eb7-4f55-8d3d-c97531ac564a?format=pdf""}, ""all_signals"": [{""signal_type"": ""zuschlag_gewonnen"", ""event_date"": ""2026-09-19"", ""weight"": 6, ""recency"": 1.0, ""icp_fit_dampened"": 1.0, ""confidence"": 0.85, ""confidence_dampened"": 0.91, ""raw"": 5.46, ""source_url"": ""https://oeffentlichevergabe.de/api/notices/862079ed-1eb7-4f55-8d3d-c97531ac564a?format=pdf""}, {""signal_type"": ""zuschlag_gewonnen"", ""event_date"": ""2026-09-21"", ""weight"": 6, ""recency"": 1.0, ""icp_fit_dampened"": 1.0, ""confidence"": 0.72, ""confidence_dampened"": 0.832, ""raw"": 4.992, ""source_url"": ""https://ted.europa.eu/en/notice/-/detail/649411-2026""}]}"
"heinrich wietholt","46","{""formula"": ""min(best(weight x recency x fit_d x conf_d) + stacking, cap) / cap x 100"", ""tier"": ""A"", ""icp_fit"": 1.0, ""dampening"": ""fit und confidence wirken auf [0.4 .. 1.0]"", ""signal_count"": 4, ""distinct_signal_types"": [""zuschlag_gewonnen""], ""stacking_bonus"": 0.0, ""driver"": {""signal_type"": ""zuschlag_gewonnen"", ""event_date"": ""2026-09-20"", ""weight"": 6, ""recency"": 1.0, ""icp_fit_dampened"": 1.0, ""confidence"": 0.85, ""confidence_dampened"": 0.91, ""raw"": 5.46, ""source_url"": ""https://oeffentlichevergabe.de/api/notices/aea11a9f-cf2c-46cc-a9c0-cda5fb8eb76f?format=pdf""}, ""all_signals"": [{""signal_type"": ""zuschlag_gewonnen"", ""event_date"": ""2026-09-20"", ""weight"": 6, ""recency"": 1.0, ""icp_fit_dampened"": 1.0, ""confidence"": 0.85, ""confidence_dampened"": 0.91, ""raw"": 5.46, ""source_url"": ""https://oeffentlichevergabe.de/api/notices/aea11a9f-cf2c-46cc-a9c0-cda5fb8eb76f?format=pdf""}, {""signal_type"": ""zuschlag_gewonnen"", ""event_date"": ""2026-09-21"", ""weight"": 6, ""recency"": 1.0, ""icp_fit_dampened"": 1.0, ""confidence"": 0.72, ""confidence_dampened"": 0.832, ""raw"": 4.992, ""source_url"": ""https://ted.europa.eu/en/notice/-/detail/648608-2026""}, {""signal_type"": ""zuschlag_gewonnen"", ""event_date"": ""2026-08-19"", ""weight"": 6, ""recency"": 0.4, ""icp_fit_dampened"": 1.0, ""confidence"": 0.85, ""confidence_dampened"": 0.91, ""raw"": 2.184, ""source_url"": ""https://oeffentlichevergabe.de/api/notices/29468b15-1290-4e8e-b967-d68c217a3cbd?format=pdf""}, {""signal_type"": ""zuschlag_gewonnen"", ""event_date"": ""2026-08-19"", ""weight"": 6, ""recency"": 0.4, ""icp_fit_dampened"": 1.0, ""confidence"": 0.72, ""confidence_dampened"": 0.832, ""raw"": 1.997, ""source_url"": ""https://ted.europa.eu/en/notice/-/detail/573797-2026""}]}"
"megware computer vertrieb und service","46","{""formula"": ""min(best(weight x recency x fit_d x conf_d) + stacking, cap) / cap x 100"", ""tier"": ""A"", ""icp_fit"": 1.0, ""dampening"": ""fit und confidence wirken auf [0.4 .. 1.0]"", ""signal_count"": 6, ""distinct_signal_types"": [""zuschlag_gewonnen""], ""stacking_bonus"": 0.0, ""driver"": {""signal_type"": ""zuschlag_gewonnen"", ""event_date"": ""2026-09-20"", ""weight"": 6, ""recency"": 1.0, ""icp_fit_dampened"": 1.0, ""confidence"": 0.85, ""confidence_dampened"": 0.91, ""raw"": 5.46, ""source_url"": ""https://oeffentlichevergabe.de/api/notices/32c8a5d9-c27b-4e13-acc2-cfd247d81f73?format=pdf""}, ""all_signals"": [{""signal_type"": ""zuschlag_gewonnen"", ""event_date"": ""2026-09-20"", ""weight"": 6, ""recency"": 1.0, ""icp_fit_dampened"": 1.0, ""confidence"": 0.85, ""confidence_dampened"": 0.91, ""raw"": 5.46, ""source_url"": ""https://oeffentlichevergabe.de/api/notices/32c8a5d9-c27b-4e13-acc2-cfd247d81f73?format=pdf""}, {""signal_type"": ""zuschlag_gewonnen"", ""event_date"": ""2026-09-21"", ""weight"": 6, ""recency"": 1.0, ""icp_fit_dampened"": 1.0, ""confidence"": 0.72, ""confidence_dampened"": 0.832, ""raw"": 4.992, ""source_url"": ""https://ted.europa.eu/en/notice/-/detail/648514-2026""}, {""signal_type"": ""zuschlag_gewonnen"", ""event_date"": ""2026-09-11"", ""weight"": 6, ""recency"": 0.8, ""icp_fit_dampened"": 1.0, ""confidence"": 1.0, ""confidence_dampened"": 1.0, ""raw"": 4.8, ""source_url"": ""https://oeffentlichevergabe.de/api/notices/5b4b6b5d-0392-497a-9434-6a4c80f1c9ed?format=pdf""}, {""signal_type"": ""zuschlag_gewonnen"", ""event_date"": ""2026-09-16"", ""weight"": 6, ""recency"": 0.8, ""icp_fit_dampened"": 1.0, ""confidence"": 0.72, ""confidence_dampened"": 0.832, ""raw"": 3.994, ""source_url"": ""https://ted.europa.eu/en/notice/-/detail/636647-2026""}, {""signal_type"": ""zuschlag_gewonnen"", ""event_date"": ""2026-09-01"", ""weight"": 6, ""recency"": 0.6, ""icp_fit_dampened"": 1.0, ""confidence"": 0.85, ""confidence_dampened"": 0.91, ""raw"": 3.276, ""source_url"": ""https://oeffentlichevergabe.de/api/notices/0eb2751c-bb3c-4a46-b7c3-0b661682db31?format=pdf""}]}"
"bettermarks","46","{""formula"": ""min(best(weight x recency x fit_d x conf_d) + stacking, cap) / cap x 100"", ""tier"": ""A"", ""icp_fit"": 1.0, ""dampening"": ""fit und confidence wirken auf [0.4 .. 1.0]"", ""signal_count"": 2, ""distinct_signal_types"": [""zuschlag_gewonnen""], ""stacking_bonus"": 0.0, ""driver"": {""signal_type"": ""zuschlag_gewonnen"", ""event_date"": ""2026-09-20"", ""weight"": 6, ""recency"": 1.0, ""icp_fit_dampened"": 1.0, ""confidence"": 0.85, ""confidence_dampened"": 0.91, ""raw"": 5.46, ""source_url"": ""https://oeffentlichevergabe.de/api/notices/f138baf3-96c5-4908-8611-5d30a2178506?format=pdf""}, ""all_signals"": [{""signal_type"": ""zuschlag_gewonnen"", ""event_date"": ""2026-09-20"", ""weight"": 6, ""recency"": 1.0, ""icp_fit_dampened"": 1.0, ""confidence"": 0.85, ""confidence_dampened"": 0.91, ""raw"": 5.46, ""source_url"": ""https://oeffentlichevergabe.de/api/notices/f138baf3-96c5-4908-8611-5d30a2178506?format=pdf""}, {""signal_type"": ""zuschlag_gewonnen"", ""event_date"": ""2026-09-21"", ""weight"": 6, ""recency"": 1.0, ""icp_fit_dampened"": 1.0, ""confidence"": 0.72, ""confidence_dampened"": 0.832, ""raw"": 4.992, ""source_url"": ""https://ted.europa.eu/en/notice/-/detail/647163-2026""}]}"
"cls computer","45","{""formula"": ""min(best(weight x recency x fit_d x conf_d) + stacking, cap) / cap x 100"", ""tier"": ""B"", ""icp_fit"": 0.8, ""dampening"": ""fit und confidence wirken auf [0.4 .. 1.0]"", ""signal_count"": 4, ""distinct_signal_types"": [""teilnahme_belegt"", ""zuschlag_gewonnen""], ""stacking_bonus"": 1.6, ""driver"": {""signal_type"": ""zuschlag_gewonnen"", ""event_date"": ""2026-09-12"", ""weight"": 6, ""recency"": 0.8, ""icp_fit_dampened"": 0.88, ""confidence"": 0.85, ""confidence_dampened"": 0.91, ""raw"": 3.844, ""source_url"": ""https://oeffentlichevergabe.de/api/notices/551992ca-8bed-4263-bb63-61584b9b6425?format=pdf""}, ""all_signals"": [{""signal_type"": ""zuschlag_gewonnen"", ""event_date"": ""2026-09-12"", ""weight"": 6, ""recency"": 0.8, ""icp_fit_dampened"": 0.88, ""confidence"": 0.85, ""confidence_dampened"": 0.91, ""raw"": 3.844, ""source_url"": ""https://oeffentlichevergabe.de/api/notices/551992ca-8bed-4263-bb63-61584b9b6425?format=pdf""}, {""signal_type"": ""zuschlag_gewonnen"", ""event_date"": ""2026-09-14"", ""weight"": 6, ""recency"": 0.8, ""icp_fit_dampened"": 0.88, ""confidence"": 0.72, ""confidence_dampened"": 0.832, ""raw"": 3.514, ""source_url"": ""https://ted.europa.eu/en/notice/-/detail/630521-2026""}, {""signal_type"": ""zuschlag_gewonnen"", ""event_date"": ""2026-09-10"", ""weight"": 6, ""recency"": 0.8, ""icp_fit_dampened"": 0.88, ""confidence"": 0.72, ""confidence_dampened"": 0.832, ""raw"": 3.514, ""source_url"": ""https://ted.europa.eu/en/notice/-/detail/623887-2026""}, {""signal_type"": ""teilnahme_belegt"", ""event_date"": ""2026-09-10"", ""weight"": 5, ""recency"": 0.8, ""icp_fit_dampened"": 0.88, ""confidence"": 0.85, ""confidence_dampened"": 0.91, ""raw"": 3.203, ""source_url"": ""https://oeffentlichevergabe.de/api/notices/272fcb7a-bb9f-42cb-a619-5d68fc6d0c09?format=pdf""}]}"
"getinge deutschland","44","{""formula"": ""min(best(weight x recency x fit_d x conf_d) + stacking, cap) / cap x 100"", ""tier"": ""B"", ""icp_fit"": 0.8, ""dampening"": ""fit und confidence wirken auf [0.4 .. 1.0]"", ""signal_count"": 2, ""distinct_signal_types"": [""zuschlag_gewonnen""], ""stacking_bonus"": 0.0, ""driver"": {""signal_type"": ""zuschlag_gewonnen"", ""event_date"": ""2026-09-23"", ""weight"": 6, ""recency"": 1.0, ""icp_fit_dampened"": 0.88, ""confidence"": 1.0, ""confidence_dampened"": 1.0, ""raw"": 5.28, ""source_url"": ""https://oeffentlichevergabe.de/api/notices/16e296e0-f1f0-4169-869a-65cf7595f2c5?format=pdf""}, ""all_signals"": [{""signal_type"": ""zuschlag_gewonnen"", ""event_date"": ""2026-09-23"", ""weight"": 6, ""recency"": 1.0, ""icp_fit_dampened"": 0.88, ""confidence"": 1.0, ""confidence_dampened"": 1.0, ""raw"": 5.28, ""source_url"": ""https://oeffentlichevergabe.de/api/notices/16e296e0-f1f0-4169-869a-65cf7595f2c5?format=pdf""}, {""signal_type"": ""zuschlag_gewonnen"", ""event_date"": ""2026-10-01"", ""weight"": 6, ""recency"": 1.0, ""icp_fit_dampened"": 0.88, ""confidence"": 0.72, ""confidence_dampened"": 0.832, ""raw"": 4.393, ""source_url"": ""https://ted.europa.eu/en/notice/-/detail/676631-2026""}]}"
"process intelligence solutions","44","{""formula"": ""min(best(weight x recency x fit_d x conf_d) + stacking, cap) / cap x 100"", ""tier"": ""B"", ""icp_fit"": 0.8, ""dampening"": ""fit und confidence wirken auf [0.4 .. 1.0]"", ""signal_count"": 2, ""distinct_signal_types"": [""zuschlag_gewonnen""], ""stacking_bonus"": 0.0, ""driver"": {""signal_type"": ""zuschlag_gewonnen"", ""event_date"": ""2026-09-28"", ""weight"": 6, ""recency"": 1.0, ""icp_fit_dampened"": 0.88, ""confidence"": 1.0, ""confidence_dampened"": 1.0, ""raw"": 5.28, ""source_url"": ""https://oeffentlichevergabe.de/api/notices/8286e2a7-4c49-475a-b858-1e6dfab7190e?format=pdf""}, ""all_signals"": [{""signal_type"": ""zuschlag_gewonnen"", ""event_date"": ""2026-09-28"", ""weight"": 6, ""recency"": 1.0, ""icp_fit_dampened"": 0.88, ""confidence"": 1.0, ""confidence_dampened"": 1.0, ""raw"": 5.28, ""source_url"": ""https://oeffentlichevergabe.de/api/notices/8286e2a7-4c49-475a-b858-1e6dfab7190e?format=pdf""}, {""signal_type"": ""zuschlag_gewonnen"", ""event_date"": ""2026-09-30"", ""weight"": 6, ""recency"": 1.0, ""icp_fit_dampened"": 0.88, ""confidence"": 0.72, ""confidence_dampened"": 0.832, ""raw"": 4.393, ""source_url"": ""https://ted.europa.eu/en/notice/-/detail/674172-2026""}]}"
"kalmar systems","44","{""formula"": ""min(best(weight x recency x fit_d x conf_d) + stacking, cap) / cap x 100"", ""tier"": ""B"", ""icp_fit"": 0.8, ""dampening"": ""fit und confidence wirken auf [0.4 .. 1.0]"", ""signal_count"": 2, ""distinct_signal_types"": [""zuschlag_gewonnen""], ""stacking_bonus"": 0.0, ""driver"": {""signal_type"": ""zuschlag_gewonnen"", ""event_date"": ""2026-09-29"", ""weight"": 6, ""recency"": 1.0, ""icp_fit_dampened"": 0.88, ""confidence"": 1.0, ""confidence_dampened"": 1.0, ""raw"": 5.28, ""source_url"": ""https://oeffentlichevergabe.de/api/notices/6e613e32-bfcf-4ff1-a166-15b90e65de2f?format=pdf""}, ""all_signals"": [{""signal_type"": ""zuschlag_gewonnen"", ""event_date"": ""2026-09-29"", ""weight"": 6, ""recency"": 1.0, ""icp_fit_dampened"": 0.88, ""confidence"": 1.0, ""confidence_dampened"": 1.0, ""raw"": 5.28, ""source_url"": ""https://oeffentlichevergabe.de/api/notices/6e613e32-bfcf-4ff1-a166-15b90e65de2f?format=pdf""}, {""signal_type"": ""zuschlag_gewonnen"", ""event_date"": ""2026-09-30"", ""weight"": 6, ""recency"": 1.0, ""icp_fit_dampened"": 0.88, ""confidence"": 0.72, ""confidence_dampened"": 0.832, ""raw"": 4.393, ""source_url"": ""https://ted.europa.eu/en/notice/-/detail/672125-2026""}]}"
"1 und 1 versatel","44","{""formula"": ""min(best(weight x recency x fit_d x conf_d) + stacking, cap) / cap x 100"", ""tier"": ""A"", ""icp_fit"": 1.0, ""dampening"": ""fit und confidence wirken auf [0.4 .. 1.0]"", ""signal_count"": 6, ""distinct_signal_types"": [""teilnahme_belegt"", ""zuschlag_gewonnen""], ""stacking_bonus"": 2.0, ""driver"": {""signal_type"": ""zuschlag_gewonnen"", ""event_date"": ""2026-09-01"", ""weight"": 6, ""recency"": 0.6, ""icp_fit_dampened"": 1.0, ""confidence"": 0.85, ""confidence_dampened"": 0.91, ""raw"": 3.276, ""source_url"": ""https://oeffentlichevergabe.de/api/notices/c8235b35-56c8-4ee4-a5ec-5c088d866e25?format=pdf""}, ""all_signals"": [{""signal_type"": ""zuschlag_gewonnen"", ""event_date"": ""2026-09-01"", ""weight"": 6, ""recency"": 0.6, ""icp_fit_dampened"": 1.0, ""confidence"": 0.85, ""confidence_dampened"": 0.91, ""raw"": 3.276, ""source_url"": ""https://oeffentlichevergabe.de/api/notices/c8235b35-56c8-4ee4-a5ec-5c088d866e25?format=pdf""}, {""signal_type"": ""zuschlag_gewonnen"", ""event_date"": ""2026-09-01"", ""weight"": 6, ""recency"": 0.6, ""icp_fit_dampened"": 1.0, ""confidence"": 0.72, ""confidence_dampened"": 0.832, ""raw"": 2.995, ""source_url"": ""https://ted.europa.eu/en/notice/-/detail/600041-2026""}, {""signal_type"": ""zuschlag_gewonnen"", ""event_date"": ""2026-08-31"", ""weight"": 6, ""recency"": 0.6, ""icp_fit_dampened"": 1.0, ""confidence"": 0.72, ""confidence_dampened"": 0.832, ""raw"": 2.995, ""source_url"": ""https://ted.europa.eu/en/notice/-/detail/597473-2026""}, {""signal_type"": ""teilnahme_belegt"", ""event_date"": ""2026-08-30"", ""weight"": 5, ""recency"": 0.6, ""icp_fit_dampened"": 1.0, ""confidence"": 0.85, ""confidence_dampened"": 0.91, ""raw"": 2.73, ""source_url"": ""https://oeffentlichevergabe.de/api/notices/415f58bd-33f9-4b30-b249-7ed755d1d946?format=pdf""}, {""signal_type"": ""zuschlag_gewonnen"", ""event_date"": ""2026-08-12"", ""weight"": 6, ""recency"": 0.4, ""icp_fit_dampened"": 1.0, ""confidence"": 0.72, ""confidence_dampened"": 0.832, ""raw"": 1.997, ""source_url"": ""https://ted.europa.eu/en/notice/-/detail/559127-2026""}]}"
"cgi deutschland b v und co","44","{""formula"": ""min(best(weight x recency x fit_d x conf_d) + stacking, cap) / cap x 100"", ""tier"": ""A"", ""icp_fit"": 1.0, ""dampening"": ""fit und confidence wirken auf [0.4 .. 1.0]"", ""signal_count"": 8, ""distinct_signal_types"": [""teilnahme_belegt"", ""zuschlag_gewonnen""], ""stacking_bonus"": 2.0, ""driver"": {""signal_type"": ""zuschlag_gewonnen"", ""event_date"": ""2026-08-26"", ""weight"": 6, ""recency"": 0.6, ""icp_fit_dampened"": 1.0, ""confidence"": 0.85, ""confidence_dampened"": 0.91, ""raw"": 3.276, ""source_url"": ""https://oeffentlichevergabe.de/api/notices/db413e14-0db3-4d76-a270-6efd2c8bd66a?format=pdf""}, ""all_signals"": [{""signal_type"": ""zuschlag_gewonnen"", ""event_date"": ""2026-08-26"", ""weight"": 6, ""recency"": 0.6, ""icp_fit_dampened"": 1.0, ""confidence"": 0.85, ""confidence_dampened"": 0.91, ""raw"": 3.276, ""source_url"": ""https://oeffentlichevergabe.de/api/notices/db413e14-0db3-4d76-a270-6efd2c8bd66a?format=pdf""}, {""signal_type"": ""zuschlag_gewonnen"", ""event_date"": ""2026-08-31"", ""weight"": 6, ""recency"": 0.6, ""icp_fit_dampened"": 1.0, ""confidence"": 0.72, ""confidence_dampened"": 0.832, ""raw"": 2.995, ""source_url"": ""https://ted.europa.eu/en/notice/-/detail/597173-2026""}, {""signal_type"": ""zuschlag_gewonnen"", ""event_date"": ""2026-08-26"", ""weight"": 6, ""recency"": 0.6, ""icp_fit_dampened"": 1.0, ""confidence"": 0.72, ""confidence_dampened"": 0.832, ""raw"": 2.995, ""source_url"": ""https://ted.europa.eu/en/notice/-/detail/589992-2026""}, {""signal_type"": ""teilnahme_belegt"", ""event_date"": ""2026-08-30"", ""weight"": 5, ""recency"": 0.6, ""icp_fit_dampened"": 1.0, ""confidence"": 0.85, ""confidence_dampened"": 0.91, ""raw"": 2.73, ""source_url"": ""https://oeffentlichevergabe.de/api/notices/cd54affd-e251-41df-b548-1d1793356c68?format=pdf""}, {""signal_type"": ""zuschlag_gewonnen"", ""event_date"": ""2026-08-21"", ""weight"": 6, ""recency"": 0.4, ""icp_fit_dampened"": 1.0, ""confidence"": 0.85, ""confidence_dampened"": 0.91, ""raw"": 2.184, ""source_url"": ""https://oeffentlichevergabe.de/api/notices/882b06ee-5e4d-401c-b715-edeadbde799f?format=pdf""}]}"
"lase peco systemtechnik","43","{""formula"": ""min(best(weight x recency x fit_d x conf_d) + stacking, cap) / cap x 100"", ""tier"": ""B"", ""icp_fit"": 0.8, ""dampening"": ""fit und confidence wirken auf [0.4 .. 1.0]"", ""signal_count"": 2, ""distinct_signal_types"": [""teilnahme_belegt"", ""zuschlag_gewonnen""], ""stacking_bonus"": 1.6, ""driver"": {""signal_type"": ""zuschlag_gewonnen"", ""event_date"": ""2026-09-18"", ""weight"": 6, ""recency"": 0.8, ""icp_fit_dampened"": 0.88, ""confidence"": 0.72, ""confidence_dampened"": 0.832, ""raw"": 3.514, ""source_url"": ""https://ted.europa.eu/en/notice/-/detail/646026-2026""}, ""all_signals"": [{""signal_type"": ""zuschlag_gewonnen"", ""event_date"": ""2026-09-18"", ""weight"": 6, ""recency"": 0.8, ""icp_fit_dampened"": 0.88, ""confidence"": 0.72, ""confidence_dampened"": 0.832, ""raw"": 3.514, ""source_url"": ""https://ted.europa.eu/en/notice/-/detail/646026-2026""}, {""signal_type"": ""teilnahme_belegt"", ""event_date"": ""2026-09-18"", ""weight"": 5, ""recency"": 0.8, ""icp_fit_dampened"": 0.88, ""confidence"": 0.85, ""confidence_dampened"": 0.91, ""raw"": 3.203, ""source_url"": ""https://oeffentlichevergabe.de/api/notices/79b90a0e-76ed-4a1c-bf5e-722e4948386f?format=pdf""}]}"
"derovis","43","{""formula"": ""min(best(weight x recency x fit_d x conf_d) + stacking, cap) / cap x 100"", ""tier"": ""B"", ""icp_fit"": 0.8, ""dampening"": ""fit und confidence wirken auf [0.4 .. 1.0]"", ""signal_count"": 3, ""distinct_signal_types"": [""teilnahme_belegt"", ""zuschlag_gewonnen""], ""stacking_bonus"": 1.6, ""driver"": {""signal_type"": ""zuschlag_gewonnen"", ""event_date"": ""2026-09-10"", ""weight"": 6, ""recency"": 0.8, ""icp_fit_dampened"": 0.88, ""confidence"": 0.72, ""confidence_dampened"": 0.832, ""raw"": 3.514, ""source_url"": ""https://ted.europa.eu/en/notice/-/detail/624261-2026""}, ""all_signals"": [{""signal_type"": ""zuschlag_gewonnen"", ""event_date"": ""2026-09-10"", ""weight"": 6, ""recency"": 0.8, ""icp_fit_dampened"": 0.88, ""confidence"": 0.72, ""confidence_dampened"": 0.832, ""raw"": 3.514, ""source_url"": ""https://ted.europa.eu/en/notice/-/detail/624261-2026""}, {""signal_type"": ""zuschlag_gewonnen"", ""event_date"": ""2026-09-10"", ""weight"": 6, ""recency"": 0.8, ""icp_fit_dampened"": 0.88, ""confidence"": 0.72, ""confidence_dampened"": 0.832, ""raw"": 3.514, ""source_url"": ""https://ted.europa.eu/en/notice/-/detail/623248-2026""}, {""signal_type"": ""teilnahme_belegt"", ""event_date"": ""2026-09-10"", ""weight"": 5, ""recency"": 0.8, ""icp_fit_dampened"": 0.88, ""confidence"": 0.85, ""confidence_dampened"": 0.91, ""raw"": 3.203, ""source_url"": ""https://oeffentlichevergabe.de/api/notices/54c9a70c-9478-43b6-9429-76fc4f1406af?format=pdf""}]}"
"dilax intelcom","43","{""formula"": ""min(best(weight x recency x fit_d x conf_d) + stacking, cap) / cap x 100"", ""tier"": ""B"", ""icp_fit"": 0.8, ""dampening"": ""fit und confidence wirken auf [0.4 .. 1.0]"", ""signal_count"": 2, ""distinct_signal_types"": [""teilnahme_belegt"", ""zuschlag_gewonnen""], ""stacking_bonus"": 1.6, ""driver"": {""signal_type"": ""zuschlag_gewonnen"", ""event_date"": ""2026-09-10"", ""weight"": 6, ""recency"": 0.8, ""icp_fit_dampened"": 0.88, ""confidence"": 0.72, ""confidence_dampened"": 0.832, ""raw"": 3.514, ""source_url"": ""https://ted.europa.eu/en/notice/-/detail/624261-2026""}, ""all_signals"": [{""signal_type"": ""zuschlag_gewonnen"", ""event_date"": ""2026-09-10"", ""weight"": 6, ""recency"": 0.8, ""icp_fit_dampened"": 0.88, ""confidence"": 0.72, ""confidence_dampened"": 0.832, ""raw"": 3.514, ""source_url"": ""https://ted.europa.eu/en/notice/-/detail/624261-2026""}, {""signal_type"": ""teilnahme_belegt"", ""event_date"": ""2026-09-10"", ""weight"": 5, ""recency"": 0.8, ""icp_fit_dampened"": 0.88, ""confidence"": 0.85, ""confidence_dampened"": 0.91, ""raw"": 3.203, ""source_url"": ""https://oeffentlichevergabe.de/api/notices/54c9a70c-9478-43b6-9429-76fc4f1406af?format=pdf""}]}"
"m s e","43","{""formula"": ""min(best(weight x recency x fit_d x conf_d) + stacking, cap) / cap x 100"", ""tier"": ""B"", ""icp_fit"": 0.8, ""dampening"": ""fit und confidence wirken auf [0.4 .. 1.0]"", ""signal_count"": 2, ""distinct_signal_types"": [""teilnahme_belegt"", ""zuschlag_gewonnen""], ""stacking_bonus"": 1.6, ""driver"": {""signal_type"": ""zuschlag_gewonnen"", ""event_date"": ""2026-09-10"", ""weight"": 6, ""recency"": 0.8, ""icp_fit_dampened"": 0.88, ""confidence"": 0.72, ""confidence_dampened"": 0.832, ""raw"": 3.514, ""source_url"": ""https://ted.europa.eu/en/notice/-/detail/623887-2026""}, ""all_signals"": [{""signal_type"": ""zuschlag_gewonnen"", ""event_date"": ""2026-09-10"", ""weight"": 6, ""recency"": 0.8, ""icp_fit_dampened"": 0.88, ""confidence"": 0.72, ""confidence_dampened"": 0.832, ""raw"": 3.514, ""source_url"": ""https://ted.europa.eu/en/notice/-/detail/623887-2026""}, {""signal_type"": ""teilnahme_belegt"", ""event_date"": ""2026-09-10"", ""weight"": 5, ""recency"": 0.8, ""icp_fit_dampened"": 0.88, ""confidence"": 0.85, ""confidence_dampened"": 0.91, ""raw"": 3.203, ""source_url"": ""https://oeffentlichevergabe.de/api/notices/272fcb7a-bb9f-42cb-a619-5d68fc6d0c09?format=pdf""}]}"
"d-fine","43","{""formula"": ""min(best(weight x recency x fit_d x conf_d) + stacking, cap) / cap x 100"", ""tier"": ""B"", ""icp_fit"": 0.8, ""dampening"": ""fit und confidence wirken auf [0.4 .. 1.0]"", ""signal_count"": 2, ""distinct_signal_types"": [""teilnahme_belegt"", ""zuschlag_gewonnen""], ""stacking_bonus"": 1.6, ""driver"": {""signal_type"": ""zuschlag_gewonnen"", ""event_date"": ""2026-09-09"", ""weight"": 6, ""recency"": 0.8, ""icp_fit_dampened"": 0.88, ""confidence"": 0.72, ""confidence_dampened"": 0.832, ""raw"": 3.514, ""source_url"": ""https://ted.europa.eu/en/notice/-/detail/621227-2026""}, ""all_signals"": [{""signal_type"": ""zuschlag_gewonnen"", ""event_date"": ""2026-09-09"", ""weight"": 6, ""recency"": 0.8, ""icp_fit_dampened"": 0.88, ""confidence"": 0.72, ""confidence_dampened"": 0.832, ""raw"": 3.514, ""source_url"": ""https://ted.europa.eu/en/notice/-/detail/621227-2026""}, {""signal_type"": ""teilnahme_belegt"", ""event_date"": ""2026-09-09"", ""weight"": 5, ""recency"": 0.8, ""icp_fit_dampened"": 0.88, ""confidence"": 0.85, ""confidence_dampened"": 0.91, ""raw"": 3.203, ""source_url"": ""https://oeffentlichevergabe.de/api/notices/15786c9e-7b30-468d-8cbf-abc962525a6f?format=pdf""}]}"
"finbridge","43","{""formula"": ""min(best(weight x recency x fit_d x conf_d) + stacking, cap) / cap x 100"", ""tier"": ""B"", ""icp_fit"": 0.8, ""dampening"": ""fit und confidence wirken auf [0.4 .. 1.0]"", ""signal_count"": 2, ""distinct_signal_types"": [""teilnahme_belegt"", ""zuschlag_gewonnen""], ""stacking_bonus"": 1.6, ""driver"": {""signal_type"": ""zuschlag_gewonnen"", ""event_date"": ""2026-09-09"", ""weight"": 6, ""recency"": 0.8, ""icp_fit_dampened"": 0.88, ""confidence"": 0.72, ""confidence_dampened"": 0.832, ""raw"": 3.514, ""source_url"": ""https://ted.europa.eu/en/notice/-/detail/621227-2026""}, ""all_signals"": [{""signal_type"": ""zuschlag_gewonnen"", ""event_date"": ""2026-09-09"", ""weight"": 6, ""recency"": 0.8, ""icp_fit_dampened"": 0.88, ""confidence"": 0.72, ""confidence_dampened"": 0.832, ""raw"": 3.514, ""source_url"": ""https://ted.europa.eu/en/notice/-/detail/621227-2026""}, {""signal_type"": ""teilnahme_belegt"", ""event_date"": ""2026-09-09"", ""weight"": 5, ""recency"": 0.8, ""icp_fit_dampened"": 0.88, ""confidence"": 0.85, ""confidence_dampened"": 0.91, ""raw"": 3.203, ""source_url"": ""https://oeffentlichevergabe.de/api/notices/15786c9e-7b30-468d-8cbf-abc962525a6f?format=pdf""}]}"
"phi partners international","43","{""formula"": ""min(best(weight x recency x fit_d x conf_d) + stacking, cap) / cap x 100"", ""tier"": ""B"", ""icp_fit"": 0.8, ""dampening"": ""fit und confidence wirken auf [0.4 .. 1.0]"", ""signal_count"": 2, ""distinct_signal_types"": [""teilnahme_belegt"", ""zuschlag_gewonnen""], ""stacking_bonus"": 1.6, ""driver"": {""signal_type"": ""zuschlag_gewonnen"", ""event_date"": ""2026-09-09"", ""weight"": 6, ""recency"": 0.8, ""icp_fit_dampened"": 0.88, ""confidence"": 0.72, ""confidence_dampened"": 0.832, ""raw"": 3.514, ""source_url"": ""https://ted.europa.eu/en/notice/-/detail/621227-2026""}, ""all_signals"": [{""signal_type"": ""zuschlag_gewonnen"", ""event_date"": ""2026-09-09"", ""weight"": 6, ""recency"": 0.8, ""icp_fit_dampened"": 0.88, ""confidence"": 0.72, ""confidence_dampened"": 0.832, ""raw"": 3.514, ""source_url"": ""https://ted.europa.eu/en/notice/-/detail/621227-2026""}, {""signal_type"": ""teilnahme_belegt"", ""event_date"": ""2026-09-09"", ""weight"": 5, ""recency"": 0.8, ""icp_fit_dampened"": 0.88, ""confidence"": 0.85, ""confidence_dampened"": 0.91, ""raw"": 3.203, ""source_url"": ""https://oeffentlichevergabe.de/api/notices/15786c9e-7b30-468d-8cbf-abc962525a6f?format=pdf""}]}"
"rightclick solutions","43","{""formula"": ""min(best(weight x recency x fit_d x conf_d) + stacking, cap) / cap x 100"", ""tier"": ""B"", ""icp_fit"": 0.8, ""dampening"": ""fit und confidence wirken auf [0.4 .. 1.0]"", ""signal_count"": 2, ""distinct_signal_types"": [""teilnahme_belegt"", ""zuschlag_gewonnen""], ""stacking_bonus"": 1.6, ""driver"": {""signal_type"": ""zuschlag_gewonnen"", ""event_date"": ""2026-09-09"", ""weight"": 6, ""recency"": 0.8, ""icp_fit_dampened"": 0.88, ""confidence"": 0.72, ""confidence_dampened"": 0.832, ""raw"": 3.514, ""source_url"": ""https://ted.europa.eu/en/notice/-/detail/621227-2026""}, ""all_signals"": [{""signal_type"": ""zuschlag_gewonnen"", ""event_date"": ""2026-09-09"", ""weight"": 6, ""recency"": 0.8, ""icp_fit_dampened"": 0.88, ""confidence"": 0.72, ""confidence_dampened"": 0.832, ""raw"": 3.514, ""source_url"": ""https://ted.europa.eu/en/notice/-/detail/621227-2026""}, {""signal_type"": ""teilnahme_belegt"", ""event_date"": ""2026-09-09"", ""weight"": 5, ""recency"": 0.8, ""icp_fit_dampened"": 0.88, ""confidence"": 0.85, ""confidence_dampened"": 0.91, ""raw"": 3.203, ""source_url"": ""https://oeffentlichevergabe.de/api/notices/15786c9e-7b30-468d-8cbf-abc962525a6f?format=pdf""}]}"
"bearingpoint","43","{""formula"": ""min(best(weight x recency x fit_d x conf_d) + stacking, cap) / cap x 100"", ""tier"": ""B"", ""icp_fit"": 0.8, ""dampening"": ""fit und confidence wirken auf [0.4 .. 1.0]"", ""signal_count"": 10, ""distinct_signal_types"": [""teilnahme_belegt"", ""zuschlag_gewonnen""], ""stacking_bonus"": 1.6, ""driver"": {""signal_type"": ""zuschlag_gewonnen"", ""event_date"": ""2026-09-09"", ""weight"": 6, ""recency"": 0.8, ""icp_fit_dampened"": 0.88, ""confidence"": 0.72, ""confidence_dampened"": 0.832, ""raw"": 3.514, ""source_url"": ""https://ted.europa.eu/en/notice/-/detail/621227-2026""}, ""all_signals"": [{""signal_type"": ""zuschlag_gewonnen"", ""event_date"": ""2026-09-09"", ""weight"": 6, ""recency"": 0.8, ""icp_fit_dampened"": 0.88, ""confidence"": 0.72, ""confidence_dampened"": 0.832, ""raw"": 3.514, ""source_url"": ""https://ted.europa.eu/en/notice/-/detail/621227-2026""}, {""signal_type"": ""teilnahme_belegt"", ""event_date"": ""2026-09-09"", ""weight"": 5, ""recency"": 0.8, ""icp_fit_dampened"": 0.88, ""confidence"": 0.85, ""confidence_dampened"": 0.91, ""raw"": 3.203, ""source_url"": ""https://oeffentlichevergabe.de/api/notices/15786c9e-7b30-468d-8cbf-abc962525a6f?format=pdf""}, {""signal_type"": ""zuschlag_gewonnen"", ""event_date"": ""2026-08-31"", ""weight"": 6, ""recency"": 0.6, ""icp_fit_dampened"": 0.88, ""confidence"": 0.72, ""confidence_dampened"": 0.832, ""raw"": 2.636, ""source_url"": ""https://ted.europa.eu/en/notice/-/detail/597173-2026""}, {""signal_type"": ""teilnahme_belegt"", ""event_date"": ""2026-08-30"", ""weight"": 5, ""recency"": 0.6, ""icp_fit_dampened"": 0.88, ""confidence"": 0.85, ""confidence_dampened"": 0.91, ""raw"": 2.402, ""source_url"": ""https://oeffentlichevergabe.de/api/notices/cd54affd-e251-41df-b548-1d1793356c68?format=pdf""}, {""signal_type"": ""zuschlag_gewonnen"", ""event_date"": ""2026-08-21"", ""weight"": 6, ""recency"": 0.4, ""icp_fit_dampened"": 0.88, ""confidence"": 0.85, ""confidence_dampened"": 0.91, ""raw"": 1.922, ""source_url"": ""https://oeffentlichevergabe.de/api/notices/b62a04b0-f153-4d3f-9580-e6f92eac417a?format=pdf""}]}"
"komsa services","43","{""formula"": ""min(best(weight x recency x fit_d x conf_d) + stacking, cap) / cap x 100"", ""tier"": ""B"", ""icp_fit"": 0.8, ""dampening"": ""fit und confidence wirken auf [0.4 .. 1.0]"", ""signal_count"": 2, ""distinct_signal_types"": [""teilnahme_belegt"", ""zuschlag_gewonnen""], ""stacking_bonus"": 1.6, ""driver"": {""signal_type"": ""zuschlag_gewonnen"", ""event_date"": ""2026-09-08"", ""weight"": 6, ""recency"": 0.8, ""icp_fit_dampened"": 0.88, ""confidence"": 0.72, ""confidence_dampened"": 0.832, ""raw"": 3.514, ""source_url"": ""https://ted.europa.eu/en/notice/-/detail/616742-2026""}, ""all_signals"": [{""signal_type"": ""zuschlag_gewonnen"", ""event_date"": ""2026-09-08"", ""weight"": 6, ""recency"": 0.8, ""icp_fit_dampened"": 0.88, ""confidence"": 0.72, ""confidence_dampened"": 0.832, ""raw"": 3.514, ""source_url"": ""https://ted.europa.eu/en/notice/-/detail/616742-2026""}, {""signal_type"": ""teilnahme_belegt"", ""event_date"": ""2026-09-08"", ""weight"": 5, ""recency"": 0.8, ""icp_fit_dampened"": 0.88, ""confidence"": 0.85, ""confidence_dampened"": 0.91, ""raw"": 3.203, ""source_url"": ""https://oeffentlichevergabe.de/api/notices/af6c82e3-2876-49a4-b4a1-827eb22ca7cf?format=pdf""}]}"
"friends mobile cc","43","{""formula"": ""min(best(weight x recency x fit_d x conf_d) + stacking, cap) / cap x 100"", ""tier"": ""B"", ""icp_fit"": 0.8, ""dampening"": ""fit und confidence wirken auf [0.4 .. 1.0]"", ""signal_count"": 2, ""distinct_signal_types"": [""teilnahme_belegt"", ""zuschlag_gewonnen""], ""stacking_bonus"": 1.6, ""driver"": {""signal_type"": ""zuschlag_gewonnen"", ""event_date"": ""2026-09-08"", ""weight"": 6, ""recency"": 0.8, ""icp_fit_dampened"": 0.88, ""confidence"": 0.72, ""confidence_dampened"": 0.832, ""raw"": 3.514, ""source_url"": ""https://ted.europa.eu/en/notice/-/detail/616742-2026""}, ""all_signals"": [{""signal_type"": ""zuschlag_gewonnen"", ""event_date"": ""2026-09-08"", ""weight"": 6, ""recency"": 0.8, ""icp_fit_dampened"": 0.88, ""confidence"": 0.72, ""confidence_dampened"": 0.832, ""raw"": 3.514, ""source_url"": ""https://ted.europa.eu/en/notice/-/detail/616742-2026""}, {""signal_type"": ""teilnahme_belegt"", ""event_date"": ""2026-09-08"", ""weight"": 5, ""recency"": 0.8, ""icp_fit_dampened"": 0.88, ""confidence"": 0.85, ""confidence_dampened"": 0.91, ""raw"": 3.203, ""source_url"": ""https://oeffentlichevergabe.de/api/notices/af6c82e3-2876-49a4-b4a1-827eb22ca7cf?format=pdf""}]}"
"datagroup stuttgart","43","{""formula"": ""min(best(weight x recency x fit_d x conf_d) + stacking, cap) / cap x 100"", ""tier"": ""B"", ""icp_fit"": 0.8, ""dampening"": ""fit und confidence wirken auf [0.4 .. 1.0]"", ""signal_count"": 2, ""distinct_signal_types"": [""teilnahme_belegt"", ""zuschlag_gewonnen""], ""stacking_bonus"": 1.6, ""driver"": {""signal_type"": ""zuschlag_gewonnen"", ""event_date"": ""2026-09-07"", ""weight"": 6, ""recency"": 0.8, ""icp_fit_dampened"": 0.88, ""confidence"": 0.72, ""confidence_dampened"": 0.832, ""raw"": 3.514, ""source_url"": ""https://ted.europa.eu/en/notice/-/detail/614420-2026""}, ""all_signals"": [{""signal_type"": ""zuschlag_gewonnen"", ""event_date"": ""2026-09-07"", ""weight"": 6, ""recency"": 0.8, ""icp_fit_dampened"": 0.88, ""confidence"": 0.72, ""confidence_dampened"": 0.832, ""raw"": 3.514, ""source_url"": ""https://ted.europa.eu/en/notice/-/detail/614420-2026""}, {""signal_type"": ""teilnahme_belegt"", ""event_date"": ""2026-09-06"", ""weight"": 5, ""recency"": 0.8, ""icp_fit_dampened"": 0.88, ""confidence"": 0.85, ""confidence_dampened"": 0.91, ""raw"": 3.203, ""source_url"": ""https://oeffentlichevergabe.de/api/notices/4d78eaf5-77dd-468f-b78d-c1f66cdf12a1?format=pdf""}]}"
"fujitsu","43","{""formula"": ""min(best(weight x recency x fit_d x conf_d) + stacking, cap) / cap x 100"", ""tier"": ""B"", ""icp_fit"": 0.8, ""dampening"": ""fit und confidence wirken auf [0.4 .. 1.0]"", ""signal_count"": 2, ""distinct_signal_types"": [""teilnahme_belegt"", ""zuschlag_gewonnen""], ""stacking_bonus"": 1.6, ""driver"": {""signal_type"": ""zuschlag_gewonnen"", ""event_date"": ""2026-09-07"", ""weight"": 6, ""recency"": 0.8, ""icp_fit_dampened"": 0.88, ""confidence"": 0.72, ""confidence_dampened"": 0.832, ""raw"": 3.514, ""source_url"": ""https://ted.europa.eu/en/notice/-/detail/614420-2026""}, ""all_signals"": [{""signal_type"": ""zuschlag_gewonnen"", ""event_date"": ""2026-09-07"", ""weight"": 6, ""recency"": 0.8, ""icp_fit_dampened"": 0.88, ""confidence"": 0.72, ""confidence_dampened"": 0.832, ""raw"": 3.514, ""source_url"": ""https://ted.europa.eu/en/notice/-/detail/614420-2026""}, {""signal_type"": ""teilnahme_belegt"", ""event_date"": ""2026-09-06"", ""weight"": 5, ""recency"": 0.8, ""icp_fit_dampened"": 0.88, ""confidence"": 0.85, ""confidence_dampened"": 0.91, ""raw"": 3.203, ""source_url"": ""https://oeffentlichevergabe.de/api/notices/4d78eaf5-77dd-468f-b78d-c1f66cdf12a1?format=pdf""}]}"
"unify communications and collaboration","42","{""formula"": ""min(best(weight x recency x fit_d x conf_d) + stacking, cap) / cap x 100"", ""tier"": ""A"", ""icp_fit"": 1.0, ""dampening"": ""fit und confidence wirken auf [0.4 .. 1.0]"", ""signal_count"": 2, ""distinct_signal_types"": [""zuschlag_gewonnen""], ""stacking_bonus"": 0.0, ""driver"": {""signal_type"": ""zuschlag_gewonnen"", ""event_date"": ""2026-10-01"", ""weight"": 6, ""recency"": 1.0, ""icp_fit_dampened"": 1.0, ""confidence"": 0.75, ""confidence_dampened"": 0.85, ""raw"": 5.1, ""source_url"": ""https://oeffentlichevergabe.de/api/notices/2569ca9a-71a3-4cf4-8269-cbf55cdc36e5?format=pdf""}, ""all_signals"": [{""signal_type"": ""zuschlag_gewonnen"", ""event_date"": ""2026-10-01"", ""weight"": 6, ""recency"": 1.0, ""icp_fit_dampened"": 1.0, ""confidence"": 0.75, ""confidence_dampened"": 0.85, ""raw"": 5.1, ""source_url"": ""https://oeffentlichevergabe.de/api/notices/2569ca9a-71a3-4cf4-8269-cbf55cdc36e5?format=pdf""}, {""signal_type"": ""zuschlag_gewonnen"", ""event_date"": ""2026-08-19"", ""weight"": 6, ""recency"": 0.4, ""icp_fit_dampened"": 1.0, ""confidence"": 0.72, ""confidence_dampened"": 0.832, ""raw"": 1.997, ""source_url"": ""https://ted.europa.eu/en/notice/-/detail/575308-2026""}]}"
"bechtle gmbh it-systemhaus weimar","42","{""formula"": ""min(best(weight x recency x fit_d x conf_d) + stacking, cap) / cap x 100"", ""tier"": ""A"", ""icp_fit"": 1.0, ""dampening"": ""fit und confidence wirken auf [0.4 .. 1.0]"", ""signal_count"": 2, ""distinct_signal_types"": [""zuschlag_gewonnen""], ""stacking_bonus"": 0.0, ""driver"": {""signal_type"": ""zuschlag_gewonnen"", ""event_date"": ""2026-10-01"", ""weight"": 6, ""recency"": 1.0, ""icp_fit_dampened"": 1.0, ""confidence"": 0.75, ""confidence_dampened"": 0.85, ""raw"": 5.1, ""source_url"": ""https://oeffentlichevergabe.de/api/notices/8bb56817-139c-4df3-9eb7-c032f930b05a?format=pdf""}, ""all_signals"": [{""signal_type"": ""zuschlag_gewonnen"", ""event_date"": ""2026-10-01"", ""weight"": 6, ""recency"": 1.0, ""icp_fit_dampened"": 1.0, ""confidence"": 0.75, ""confidence_dampened"": 0.85, ""raw"": 5.1, ""source_url"": ""https://oeffentlichevergabe.de/api/notices/8bb56817-139c-4df3-9eb7-c032f930b05a?format=pdf""}, {""signal_type"": ""zuschlag_gewonnen"", ""event_date"": ""2026-10-01"", ""weight"": 6, ""recency"": 1.0, ""icp_fit_dampened"": 1.0, ""confidence"": 0.75, ""confidence_dampened"": 0.85, ""raw"": 5.1, ""source_url"": ""https://oeffentlichevergabe.de/api/notices/93fe6d62-3a39-49a0-b0dc-0c2c337d1888?format=pdf""}]}"
"profi engineering systems","42","{""formula"": ""min(best(weight x recency x fit_d x conf_d) + stacking, cap) / cap x 100"", ""tier"": ""A"", ""icp_fit"": 1.0, ""dampening"": ""fit und confidence wirken auf [0.4 .. 1.0]"", ""signal_count"": 3, ""distinct_signal_types"": [""zuschlag_gewonnen""], ""stacking_bonus"": 0.0, ""driver"": {""signal_type"": ""zuschlag_gewonnen"", ""event_date"": ""2026-09-29"", ""weight"": 6, ""recency"": 1.0, ""icp_fit_dampened"": 1.0, ""confidence"": 0.72, ""confidence_dampened"": 0.832, ""raw"": 4.992, ""source_url"": ""https://ted.europa.eu/en/notice/-/detail/669005-2026""}, ""all_signals"": [{""signal_type"": ""zuschlag_gewonnen"", ""event_date"": ""2026-09-29"", ""weight"": 6, ""recency"": 1.0, ""icp_fit_dampened"": 1.0, ""confidence"": 0.72, ""confidence_dampened"": 0.832, ""raw"": 4.992, ""source_url"": ""https://ted.europa.eu/en/notice/-/detail/669005-2026""}, {""signal_type"": ""zuschlag_gewonnen"", ""event_date"": ""2026-08-11"", ""weight"": 6, ""recency"": 0.4, ""icp_fit_dampened"": 1.0, ""confidence"": 0.85, ""confidence_dampened"": 0.91, ""raw"": 2.184, ""source_url"": ""https://oeffentlichevergabe.de/api/notices/b8348385-e36b-4f66-8f7f-c65eafc52e3e?format=pdf""}, {""signal_type"": ""zuschlag_gewonnen"", ""event_date"": ""2026-08-11"", ""weight"": 6, ""recency"": 0.4, ""icp_fit_dampened"": 1.0, ""confidence"": 0.72, ""confidence_dampened"": 0.832, ""raw"": 1.997, ""source_url"": ""https://ted.europa.eu/en/notice/-/detail/555246-2026""}]}"
"exxonit","42","{""formula"": ""min(best(weight x recency x fit_d x conf_d) + stacking, cap) / cap x 100"", ""tier"": ""A"", ""icp_fit"": 1.0, ""dampening"": ""fit und confidence wirken auf [0.4 .. 1.0]"", ""signal_count"": 7, ""distinct_signal_types"": [""zuschlag_gewonnen""], ""stacking_bonus"": 0.0, ""driver"": {""signal_type"": ""zuschlag_gewonnen"", ""event_date"": ""2026-09-24"", ""weight"": 6, ""recency"": 1.0, ""icp_fit_dampened"": 1.0, ""confidence"": 0.72, ""confidence_dampened"": 0.832, ""raw"": 4.992, ""source_url"": ""https://ted.europa.eu/en/notice/-/detail/659765-2026""}, ""all_signals"": [{""signal_type"": ""zuschlag_gewonnen"", ""event_date"": ""2026-09-24"", ""weight"": 6, ""recency"": 1.0, ""icp_fit_dampened"": 1.0, ""confidence"": 0.72, ""confidence_dampened"": 0.832, ""raw"": 4.992, ""source_url"": ""https://ted.europa.eu/en/notice/-/detail/659765-2026""}, {""signal_type"": ""zuschlag_gewonnen"", ""event_date"": ""2026-09-18"", ""weight"": 6, ""recency"": 0.8, ""icp_fit_dampened"": 1.0, ""confidence"": 1.0, ""confidence_dampened"": 1.0, ""raw"": 4.8, ""source_url"": ""https://oeffentlichevergabe.de/api/notices/542f5485-40f4-46a7-aa2a-98d2d9fe1d2a?format=pdf""}, {""signal_type"": ""zuschlag_gewonnen"", ""event_date"": ""2026-09-18"", ""weight"": 6, ""recency"": 0.8, ""icp_fit_dampened"": 1.0, ""confidence"": 1.0, ""confidence_dampened"": 1.0, ""raw"": 4.8, ""source_url"": ""https://oeffentlichevergabe.de/api/notices/542f5485-40f4-46a7-aa2a-98d2d9fe1d2a?format=pdf""}, {""signal_type"": ""zuschlag_gewonnen"", ""event_date"": ""2026-09-18"", ""weight"": 6, ""recency"": 0.8, ""icp_fit_dampened"": 1.0, ""confidence"": 1.0, ""confidence_dampened"": 1.0, ""raw"": 4.8, ""source_url"": ""https://oeffentlichevergabe.de/api/notices/542f5485-40f4-46a7-aa2a-98d2d9fe1d2a?format=pdf""}, {""signal_type"": ""zuschlag_gewonnen"", ""event_date"": ""2026-09-18"", ""weight"": 6, ""recency"": 0.8, ""icp_fit_dampened"": 1.0, ""confidence"": 1.0, ""confidence_dampened"": 1.0, ""raw"": 4.8, ""source_url"": ""https://oeffentlichevergabe.de/api/notices/542f5485-40f4-46a7-aa2a-98d2d9fe1d2a?format=pdf""}]}"
"deloitte consulting","42","{""formula"": ""min(best(weight x recency x fit_d x conf_d) + stacking, cap) / cap x 100"", ""tier"": ""A"", ""icp_fit"": 1.0, ""dampening"": ""fit und confidence wirken auf [0.4 .. 1.0]"", ""signal_count"": 9, ""distinct_signal_types"": [""zuschlag_gewonnen""], ""stacking_bonus"": 0.0, ""driver"": {""signal_type"": ""zuschlag_gewonnen"", ""event_date"": ""2026-09-24"", ""weight"": 6, ""recency"": 1.0, ""icp_fit_dampened"": 1.0, ""confidence"": 0.72, ""confidence_dampened"": 0.832, ""raw"": 4.992, ""source_url"": ""https://ted.europa.eu/en/notice/-/detail/659765-2026""}, ""all_signals"": [{""signal_type"": ""zuschlag_gewonnen"", ""event_date"": ""2026-09-24"", ""weight"": 6, ""recency"": 1.0, ""icp_fit_dampened"": 1.0, ""confidence"": 0.72, ""confidence_dampened"": 0.832, ""raw"": 4.992, ""source_url"": ""https://ted.europa.eu/en/notice/-/detail/659765-2026""}, {""signal_type"": ""zuschlag_gewonnen"", ""event_date"": ""2026-09-18"", ""weight"": 6, ""recency"": 0.8, ""icp_fit_dampened"": 1.0, ""confidence"": 1.0, ""confidence_dampened"": 1.0, ""raw"": 4.8, ""source_url"": ""https://oeffentlichevergabe.de/api/notices/542f5485-40f4-46a7-aa2a-98d2d9fe1d2a?format=pdf""}, {""signal_type"": ""zuschlag_gewonnen"", ""event_date"": ""2026-09-18"", ""weight"": 6, ""recency"": 0.8, ""icp_fit_dampened"": 1.0, ""confidence"": 1.0, ""confidence_dampened"": 1.0, ""raw"": 4.8, ""source_url"": ""https://oeffentlichevergabe.de/api/notices/542f5485-40f4-46a7-aa2a-98d2d9fe1d2a?format=pdf""}, {""signal_type"": ""zuschlag_gewonnen"", ""event_date"": ""2026-09-18"", ""weight"": 6, ""recency"": 0.8, ""icp_fit_dampened"": 1.0, ""confidence"": 1.0, ""confidence_dampened"": 1.0, ""raw"": 4.8, ""source_url"": ""https://oeffentlichevergabe.de/api/notices/542f5485-40f4-46a7-aa2a-98d2d9fe1d2a?format=pdf""}, {""signal_type"": ""zuschlag_gewonnen"", ""event_date"": ""2026-09-18"", ""weight"": 6, ""recency"": 0.8, ""icp_fit_dampened"": 1.0, ""confidence"": 1.0, ""confidence_dampened"": 1.0, ""raw"": 4.8, ""source_url"": ""https://oeffentlichevergabe.de/api/notices/542f5485-40f4-46a7-aa2a-98d2d9fe1d2a?format=pdf""}]}"
"btc business technology consulting","42","{""formula"": ""min(best(weight x recency x fit_d x conf_d) + stacking, cap) / cap x 100"", ""tier"": ""A"", ""icp_fit"": 1.0, ""dampening"": ""fit und confidence wirken auf [0.4 .. 1.0]"", ""signal_count"": 7, ""distinct_signal_types"": [""zuschlag_gewonnen""], ""stacking_bonus"": 0.0, ""driver"": {""signal_type"": ""zuschlag_gewonnen"", ""event_date"": ""2026-09-24"", ""weight"": 6, ""recency"": 1.0, ""icp_fit_dampened"": 1.0, ""confidence"": 0.72, ""confidence_dampened"": 0.832, ""raw"": 4.992, ""source_url"": ""https://ted.europa.eu/en/notice/-/detail/659765-2026""}, ""all_signals"": [{""signal_type"": ""zuschlag_gewonnen"", ""event_date"": ""2026-09-24"", ""weight"": 6, ""recency"": 1.0, ""icp_fit_dampened"": 1.0, ""confidence"": 0.72, ""confidence_dampened"": 0.832, ""raw"": 4.992, ""source_url"": ""https://ted.europa.eu/en/notice/-/detail/659765-2026""}, {""signal_type"": ""zuschlag_gewonnen"", ""event_date"": ""2026-09-18"", ""weight"": 6, ""recency"": 0.8, ""icp_fit_dampened"": 1.0, ""confidence"": 1.0, ""confidence_dampened"": 1.0, ""raw"": 4.8, ""source_url"": ""https://oeffentlichevergabe.de/api/notices/542f5485-40f4-46a7-aa2a-98d2d9fe1d2a?format=pdf""}, {""signal_type"": ""zuschlag_gewonnen"", ""event_date"": ""2026-09-18"", ""weight"": 6, ""recency"": 0.8, ""icp_fit_dampened"": 1.0, ""confidence"": 1.0, ""confidence_dampened"": 1.0, ""raw"": 4.8, ""source_url"": ""https://oeffentlichevergabe.de/api/notices/542f5485-40f4-46a7-aa2a-98d2d9fe1d2a?format=pdf""}, {""signal_type"": ""zuschlag_gewonnen"", ""event_date"": ""2026-09-18"", ""weight"": 6, ""recency"": 0.8, ""icp_fit_dampened"": 1.0, ""confidence"": 1.0, ""confidence_dampened"": 1.0, ""raw"": 4.8, ""source_url"": ""https://oeffentlichevergabe.de/api/notices/542f5485-40f4-46a7-aa2a-98d2d9fe1d2a?format=pdf""}, {""signal_type"": ""zuschlag_gewonnen"", ""event_date"": ""2026-09-18"", ""weight"": 6, ""recency"": 0.8, ""icp_fit_dampened"": 1.0, ""confidence"": 1.0, ""confidence_dampened"": 1.0, ""raw"": 4.8, ""source_url"": ""https://oeffentlichevergabe.de/api/notices/542f5485-40f4-46a7-aa2a-98d2d9fe1d2a?format=pdf""}]}"
"gisa","42","{""formula"": ""min(best(weight x recency x fit_d x conf_d) + stacking, cap) / cap x 100"", ""tier"": ""A"", ""icp_fit"": 1.0, ""dampening"": ""fit und confidence wirken auf [0.4 .. 1.0]"", ""signal_count"": 9, ""distinct_signal_types"": [""zuschlag_gewonnen""], ""stacking_bonus"": 0.0, ""driver"": {""signal_type"": ""zuschlag_gewonnen"", ""event_date"": ""2026-09-24"", ""weight"": 6, ""recency"": 1.0, ""icp_fit_dampened"": 1.0, ""confidence"": 0.72, ""confidence_dampened"": 0.832, ""raw"": 4.992, ""source_url"": ""https://ted.europa.eu/en/notice/-/detail/659474-2026""}, ""all_signals"": [{""signal_type"": ""zuschlag_gewonnen"", ""event_date"": ""2026-09-24"", ""weight"": 6, ""recency"": 1.0, ""icp_fit_dampened"": 1.0, ""confidence"": 0.72, ""confidence_dampened"": 0.832, ""raw"": 4.992, ""source_url"": ""https://ted.europa.eu/en/notice/-/detail/659474-2026""}, {""signal_type"": ""zuschlag_gewonnen"", ""event_date"": ""2026-09-08"", ""weight"": 6, ""recency"": 0.8, ""icp_fit_dampened"": 1.0, ""confidence"": 1.0, ""confidence_dampened"": 1.0, ""raw"": 4.8, ""source_url"": ""https://oeffentlichevergabe.de/api/notices/bcf7d2e9-6ccd-4da0-9757-a970e684ad2b?format=pdf""}, {""signal_type"": ""zuschlag_gewonnen"", ""event_date"": ""2026-09-15"", ""weight"": 6, ""recency"": 0.8, ""icp_fit_dampened"": 1.0, ""confidence"": 0.85, ""confidence_dampened"": 0.91, ""raw"": 4.368, ""source_url"": ""https://oeffentlichevergabe.de/api/notices/0046f1e4-48c2-4a77-9e10-515dec0bea9c?format=pdf""}, {""signal_type"": ""zuschlag_gewonnen"", ""event_date"": ""2026-09-15"", ""weight"": 6, ""recency"": 0.8, ""icp_fit_dampened"": 1.0, ""confidence"": 0.72, ""confidence_dampened"": 0.832, ""raw"": 3.994, ""source_url"": ""https://ted.europa.eu/en/notice/-/detail/634940-2026""}, {""signal_type"": ""zuschlag_gewonnen"", ""event_date"": ""2026-08-23"", ""weight"": 6, ""recency"": 0.6, ""icp_fit_dampened"": 1.0, ""confidence"": 0.85, ""confidence_dampened"": 0.91, ""raw"": 3.276, ""source_url"": ""https://oeffentlichevergabe.de/api/notices/977426ff-0a59-4224-813a-3d09e5f448b4?format=pdf""}]}"
"brainlab sales","42","{""formula"": ""min(best(weight x recency x fit_d x conf_d) + stacking, cap) / cap x 100"", ""tier"": ""A"", ""icp_fit"": 1.0, ""dampening"": ""fit und confidence wirken auf [0.4 .. 1.0]"", ""signal_count"": 1, ""distinct_signal_types"": [""zuschlag_gewonnen""], ""stacking_bonus"": 0.0, ""driver"": {""signal_type"": ""zuschlag_gewonnen"", ""event_date"": ""2026-09-23"", ""weight"": 6, ""recency"": 1.0, ""icp_fit_dampened"": 1.0, ""confidence"": 0.72, ""confidence_dampened"": 0.832, ""raw"": 4.992, ""source_url"": ""https://ted.europa.eu/en/notice/-/detail/656382-2026""}, ""all_signals"": [{""signal_type"": ""zuschlag_gewonnen"", ""event_date"": ""2026-09-23"", ""weight"": 6, ""recency"": 1.0, ""icp_fit_dampened"": 1.0, ""confidence"": 0.72, ""confidence_dampened"": 0.832, ""raw"": 4.992, ""source_url"": ""https://ted.europa.eu/en/notice/-/detail/656382-2026""}]}"
"wbs it-service","42","{""formula"": ""min(best(weight x recency x fit_d x conf_d) + stacking, cap) / cap x 100"", ""tier"": ""A"", ""icp_fit"": 1.0, ""dampening"": ""fit und confidence wirken auf [0.4 .. 1.0]"", ""signal_count"": 3, ""distinct_signal_types"": [""zuschlag_gewonnen""], ""stacking_bonus"": 0.0, ""driver"": {""signal_type"": ""zuschlag_gewonnen"", ""event_date"": ""2026-09-23"", ""weight"": 6, ""recency"": 1.0, ""icp_fit_dampened"": 1.0, ""confidence"": 0.72, ""confidence_dampened"": 0.832, ""raw"": 4.992, ""source_url"": ""https://ted.europa.eu/en/notice/-/detail/654105-2026""}, ""all_signals"": [{""signal_type"": ""zuschlag_gewonnen"", ""event_date"": ""2026-09-23"", ""weight"": 6, ""recency"": 1.0, ""icp_fit_dampened"": 1.0, ""confidence"": 0.72, ""confidence_dampened"": 0.832, ""raw"": 4.992, ""source_url"": ""https://ted.europa.eu/en/notice/-/detail/654105-2026""}, {""signal_type"": ""zuschlag_gewonnen"", ""event_date"": ""2026-09-21"", ""weight"": 6, ""recency"": 1.0, ""icp_fit_dampened"": 1.0, ""confidence"": 0.72, ""confidence_dampened"": 0.832, ""raw"": 4.992, ""source_url"": ""https://ted.europa.eu/en/notice/-/detail/650100-2026""}, {""signal_type"": ""zuschlag_gewonnen"", ""event_date"": ""2026-09-18"", ""weight"": 6, ""recency"": 0.8, ""icp_fit_dampened"": 1.0, ""confidence"": 1.0, ""confidence_dampened"": 1.0, ""raw"": 4.8, ""source_url"": ""https://oeffentlichevergabe.de/api/notices/edb82d8c-34f9-4e05-8d22-dd9866362641?format=pdf""}]}"
"spie information und communication services","42","{""formula"": ""min(best(weight x recency x fit_d x conf_d) + stacking, cap) / cap x 100"", ""tier"": ""A"", ""icp_fit"": 1.0, ""dampening"": ""fit und confidence wirken auf [0.4 .. 1.0]"", ""signal_count"": 5, ""distinct_signal_types"": [""zuschlag_gewonnen""], ""stacking_bonus"": 0.0, ""driver"": {""signal_type"": ""zuschlag_gewonnen"", ""event_date"": ""2026-09-22"", ""weight"": 6, ""recency"": 1.0, ""icp_fit_dampened"": 1.0, ""confidence"": 0.72, ""confidence_dampened"": 0.832, ""raw"": 4.992, ""source_url"": ""https://ted.europa.eu/en/notice/-/detail/651173-2026""}, ""all_signals"": [{""signal_type"": ""zuschlag_gewonnen"", ""event_date"": ""2026-09-22"", ""weight"": 6, ""recency"": 1.0, ""icp_fit_dampened"": 1.0, ""confidence"": 0.72, ""confidence_dampened"": 0.832, ""raw"": 4.992, ""source_url"": ""https://ted.europa.eu/en/notice/-/detail/651173-2026""}, {""signal_type"": ""zuschlag_gewonnen"", ""event_date"": ""2026-08-30"", ""weight"": 6, ""recency"": 0.6, ""icp_fit_dampened"": 1.0, ""confidence"": 0.85, ""confidence_dampened"": 0.91, ""raw"": 3.276, ""source_url"": ""https://oeffentlichevergabe.de/api/notices/65fe68cd-38f1-4675-897f-4eb915f24754?format=pdf""}, {""signal_type"": ""zuschlag_gewonnen"", ""event_date"": ""2026-08-31"", ""weight"": 6, ""recency"": 0.6, ""icp_fit_dampened"": 1.0, ""confidence"": 0.72, ""confidence_dampened"": 0.832, ""raw"": 2.995, ""source_url"": ""https://ted.europa.eu/en/notice/-/detail/599632-2026""}, {""signal_type"": ""zuschlag_gewonnen"", ""event_date"": ""2026-08-16"", ""weight"": 6, ""recency"": 0.4, ""icp_fit_dampened"": 1.0, ""confidence"": 0.85, ""confidence_dampened"": 0.91, ""raw"": 2.184, ""source_url"": ""https://oeffentlichevergabe.de/api/notices/d92f2b3a-e330-4ba5-87ee-a2e193fc3a90?format=pdf""}, {""signal_type"": ""zuschlag_gewonnen"", ""event_date"": ""2026-08-17"", ""weight"": 6, ""recency"": 0.4, ""icp_fit_dampened"": 1.0, ""confidence"": 0.72, ""confidence_dampened"": 0.832, ""raw"": 1.997, ""source_url"": ""https://ted.europa.eu/en/notice/-/detail/567528-2026""}]}"
"avelios medical","42","{""formula"": ""min(best(weight x recency x fit_d x conf_d) + stacking, cap) / cap x 100"", ""tier"": ""A"", ""icp_fit"": 1.0, ""dampening"": ""fit und confidence wirken auf [0.4 .. 1.0]"", ""signal_count"": 1, ""distinct_signal_types"": [""zuschlag_gewonnen""], ""stacking_bonus"": 0.0, ""driver"": {""signal_type"": ""zuschlag_gewonnen"", ""event_date"": ""2026-09-21"", ""weight"": 6, ""recency"": 1.0, ""icp_fit_dampened"": 1.0, ""confidence"": 0.72, ""confidence_dampened"": 0.832, ""raw"": 4.992, ""source_url"": ""https://ted.europa.eu/en/notice/-/detail/648886-2026""}, ""all_signals"": [{""signal_type"": ""zuschlag_gewonnen"", ""event_date"": ""2026-09-21"", ""weight"": 6, ""recency"": 1.0, ""icp_fit_dampened"": 1.0, ""confidence"": 0.72, ""confidence_dampened"": 0.832, ""raw"": 4.992, ""source_url"": ""https://ted.europa.eu/en/notice/-/detail/648886-2026""}]}"
"cnt management consulting","42","{""formula"": ""min(best(weight x recency x fit_d x conf_d) + stacking, cap) / cap x 100"", ""tier"": ""A"", ""icp_fit"": 1.0, ""dampening"": ""fit und confidence wirken auf [0.4 .. 1.0]"", ""signal_count"": 5, ""distinct_signal_types"": [""zuschlag_gewonnen""], ""stacking_bonus"": 0.0, ""driver"": {""signal_type"": ""zuschlag_gewonnen"", ""event_date"": ""2026-09-21"", ""weight"": 6, ""recency"": 1.0, ""icp_fit_dampened"": 1.0, ""confidence"": 0.72, ""confidence_dampened"": 0.832, ""raw"": 4.992, ""source_url"": ""https://ted.europa.eu/en/notice/-/detail/648801-2026""}, ""all_signals"": [{""signal_type"": ""zuschlag_gewonnen"", ""event_date"": ""2026-09-21"", ""weight"": 6, ""recency"": 1.0, ""icp_fit_dampened"": 1.0, ""confidence"": 0.72, ""confidence_dampened"": 0.832, ""raw"": 4.992, ""source_url"": ""https://ted.europa.eu/en/notice/-/detail/648801-2026""}, {""signal_type"": ""zuschlag_gewonnen"", ""event_date"": ""2026-09-01"", ""weight"": 6, ""recency"": 0.6, ""icp_fit_dampened"": 1.0, ""confidence"": 1.0, ""confidence_dampened"": 1.0, ""raw"": 3.6, ""source_url"": ""https://oeffentlichevergabe.de/api/notices/4521abd6-3264-4409-94fd-efc81903bc14?format=pdf""}, {""signal_type"": ""zuschlag_gewonnen"", ""event_date"": ""2026-09-01"", ""weight"": 6, ""recency"": 0.6, ""icp_fit_dampened"": 1.0, ""confidence"": 1.0, ""confidence_dampened"": 1.0, ""raw"": 3.6, ""source_url"": ""https://oeffentlichevergabe.de/api/notices/4521abd6-3264-4409-94fd-efc81903bc14?format=pdf""}, {""signal_type"": ""zuschlag_gewonnen"", ""event_date"": ""2026-08-16"", ""weight"": 6, ""recency"": 0.4, ""icp_fit_dampened"": 1.0, ""confidence"": 0.85, ""confidence_dampened"": 0.91, ""raw"": 2.184, ""source_url"": ""https://oeffentlichevergabe.de/api/notices/2a9eec70-e348-4e6e-9132-0b834f3e39ff?format=pdf""}, {""signal_type"": ""zuschlag_gewonnen"", ""event_date"": ""2026-08-17"", ""weight"": 6, ""recency"": 0.4, ""icp_fit_dampened"": 1.0, ""confidence"": 0.72, ""confidence_dampened"": 0.832, ""raw"": 1.997, ""source_url"": ""https://ted.europa.eu/en/notice/-/detail/568092-2026""}]}"
"best practice consulting","42","{""formula"": ""min(best(weight x recency x fit_d x conf_d) + stacking, cap) / cap x 100"", ""tier"": ""A"", ""icp_fit"": 1.0, ""dampening"": ""fit und confidence wirken auf [0.4 .. 1.0]"", ""signal_count"": 5, ""distinct_signal_types"": [""zuschlag_gewonnen""], ""stacking_bonus"": 0.0, ""driver"": {""signal_type"": ""zuschlag_gewonnen"", ""event_date"": ""2026-09-21"", ""weight"": 6, ""recency"": 1.0, ""icp_fit_dampened"": 1.0, ""confidence"": 0.72, ""confidence_dampened"": 0.832, ""raw"": 4.992, ""source_url"": ""https://ted.europa.eu/en/notice/-/detail/648801-2026""}, ""all_signals"": [{""signal_type"": ""zuschlag_gewonnen"", ""event_date"": ""2026-09-21"", ""weight"": 6, ""recency"": 1.0, ""icp_fit_dampened"": 1.0, ""confidence"": 0.72, ""confidence_dampened"": 0.832, ""raw"": 4.992, ""source_url"": ""https://ted.europa.eu/en/notice/-/detail/648801-2026""}, {""signal_type"": ""zuschlag_gewonnen"", ""event_date"": ""2026-09-01"", ""weight"": 6, ""recency"": 0.6, ""icp_fit_dampened"": 1.0, ""confidence"": 1.0, ""confidence_dampened"": 1.0, ""raw"": 3.6, ""source_url"": ""https://oeffentlichevergabe.de/api/notices/4521abd6-3264-4409-94fd-efc81903bc14?format=pdf""}, {""signal_type"": ""zuschlag_gewonnen"", ""event_date"": ""2026-09-01"", ""weight"": 6, ""recency"": 0.6, ""icp_fit_dampened"": 1.0, ""confidence"": 1.0, ""confidence_dampened"": 1.0, ""raw"": 3.6, ""source_url"": ""https://oeffentlichevergabe.de/api/notices/4521abd6-3264-4409-94fd-efc81903bc14?format=pdf""}, {""signal_type"": ""zuschlag_gewonnen"", ""event_date"": ""2026-09-01"", ""weight"": 6, ""recency"": 0.6, ""icp_fit_dampened"": 1.0, ""confidence"": 0.85, ""confidence_dampened"": 0.91, ""raw"": 3.276, ""source_url"": ""https://oeffentlichevergabe.de/api/notices/9c01e1a6-41d1-40c7-a4af-e156442db7dc?format=pdf""}, {""signal_type"": ""zuschlag_gewonnen"", ""event_date"": ""2026-09-01"", ""weight"": 6, ""recency"": 0.6, ""icp_fit_dampened"": 1.0, ""confidence"": 0.72, ""confidence_dampened"": 0.832, ""raw"": 2.995, ""source_url"": ""https://ted.europa.eu/en/notice/-/detail/601691-2026""}]}"
"init ag fuer digitale kommunikation","42","{""formula"": ""min(best(weight x recency x fit_d x conf_d) + stacking, cap) / cap x 100"", ""tier"": ""A"", ""icp_fit"": 1.0, ""dampening"": ""fit und confidence wirken auf [0.4 .. 1.0]"", ""signal_count"": 3, ""distinct_signal_types"": [""teilnahme_belegt"", ""zuschlag_gewonnen""], ""stacking_bonus"": 2.0, ""driver"": {""signal_type"": ""zuschlag_gewonnen"", ""event_date"": ""2026-08-31"", ""weight"": 6, ""recency"": 0.6, ""icp_fit_dampened"": 1.0, ""confidence"": 0.72, ""confidence_dampened"": 0.832, ""raw"": 2.995, ""source_url"": ""https://ted.europa.eu/en/notice/-/detail/598476-2026""}, ""all_signals"": [{""signal_type"": ""zuschlag_gewonnen"", ""event_date"": ""2026-08-31"", ""weight"": 6, ""recency"": 0.6, ""icp_fit_dampened"": 1.0, ""confidence"": 0.72, ""confidence_dampened"": 0.832, ""raw"": 2.995, ""source_url"": ""https://ted.europa.eu/en/notice/-/detail/598476-2026""}, {""signal_type"": ""zuschlag_gewonnen"", ""event_date"": ""2026-08-13"", ""weight"": 6, ""recency"": 0.4, ""icp_fit_dampened"": 1.0, ""confidence"": 0.72, ""confidence_dampened"": 0.832, ""raw"": 1.997, ""source_url"": ""https://ted.europa.eu/en/notice/-/detail/560390-2026""}, {""signal_type"": ""teilnahme_belegt"", ""event_date"": ""2026-08-13"", ""weight"": 5, ""recency"": 0.4, ""icp_fit_dampened"": 1.0, ""confidence"": 0.85, ""confidence_dampened"": 0.91, ""raw"": 1.82, ""source_url"": ""https://oeffentlichevergabe.de/api/notices/fd080571-8347-4843-ab7b-8fdb1e1689d0?format=pdf""}]}"
"sinc","42","{""formula"": ""min(best(weight x recency x fit_d x conf_d) + stacking, cap) / cap x 100"", ""tier"": ""A"", ""icp_fit"": 1.0, ""dampening"": ""fit und confidence wirken auf [0.4 .. 1.0]"", ""signal_count"": 2, ""distinct_signal_types"": [""teilnahme_belegt"", ""zuschlag_gewonnen""], ""stacking_bonus"": 2.0, ""driver"": {""signal_type"": ""zuschlag_gewonnen"", ""event_date"": ""2026-08-31"", ""weight"": 6, ""recency"": 0.6, ""icp_fit_dampened"": 1.0, ""confidence"": 0.72, ""confidence_dampened"": 0.832, ""raw"": 2.995, ""source_url"": ""https://ted.europa.eu/en/notice/-/detail/597173-2026""}, ""all_signals"": [{""signal_type"": ""zuschlag_gewonnen"", ""event_date"": ""2026-08-31"", ""weight"": 6, ""recency"": 0.6, ""icp_fit_dampened"": 1.0, ""confidence"": 0.72, ""confidence_dampened"": 0.832, ""raw"": 2.995, ""source_url"": ""https://ted.europa.eu/en/notice/-/detail/597173-2026""}, {""signal_type"": ""teilnahme_belegt"", ""event_date"": ""2026-08-30"", ""weight"": 5, ""recency"": 0.6, ""icp_fit_dampened"": 1.0, ""confidence"": 0.85, ""confidence_dampened"": 0.91, ""raw"": 2.73, ""source_url"": ""https://oeffentlichevergabe.de/api/notices/cd54affd-e251-41df-b548-1d1793356c68?format=pdf""}]}"
"msg for banking","42","{""formula"": ""min(best(weight x recency x fit_d x conf_d) + stacking, cap) / cap x 100"", ""tier"": ""A"", ""icp_fit"": 1.0, ""dampening"": ""fit und confidence wirken auf [0.4 .. 1.0]"", ""signal_count"": 3, ""distinct_signal_types"": [""teilnahme_belegt"", ""zuschlag_gewonnen""], ""stacking_bonus"": 2.0, ""driver"": {""signal_type"": ""zuschlag_gewonnen"", ""event_date"": ""2026-08-25"", ""weight"": 6, ""recency"": 0.6, ""icp_fit_dampened"": 1.0, ""confidence"": 0.72, ""confidence_dampened"": 0.832, ""raw"": 2.995, ""source_url"": ""https://ted.europa.eu/en/notice/-/detail/586784-2026""}, ""all_signals"": [{""signal_type"": ""zuschlag_gewonnen"", ""event_date"": ""2026-08-25"", ""weight"": 6, ""recency"": 0.6, ""icp_fit_dampened"": 1.0, ""confidence"": 0.72, ""confidence_dampened"": 0.832, ""raw"": 2.995, ""source_url"": ""https://ted.europa.eu/en/notice/-/detail/586784-2026""}, {""signal_type"": ""teilnahme_belegt"", ""event_date"": ""2026-08-24"", ""weight"": 5, ""recency"": 0.6, ""icp_fit_dampened"": 1.0, ""confidence"": 0.85, ""confidence_dampened"": 0.91, ""raw"": 2.73, ""source_url"": ""https://oeffentlichevergabe.de/api/notices/14f62248-f3c5-4433-b1e5-f52e8dec16b0?format=pdf""}, {""signal_type"": ""zuschlag_gewonnen"", ""event_date"": ""2026-08-19"", ""weight"": 6, ""recency"": 0.4, ""icp_fit_dampened"": 1.0, ""confidence"": 0.85, ""confidence_dampened"": 0.91, ""raw"": 2.184, ""source_url"": ""https://oeffentlichevergabe.de/api/notices/9225760f-a490-41f3-9ac4-93956f5ca8e4?format=pdf""}]}"
"it professionals","42","{""formula"": ""min(best(weight x recency x fit_d x conf_d) + stacking, cap) / cap x 100"", ""tier"": ""A"", ""icp_fit"": 1.0, ""dampening"": ""fit und confidence wirken auf [0.4 .. 1.0]"", ""signal_count"": 2, ""distinct_signal_types"": [""teilnahme_belegt"", ""zuschlag_gewonnen""], ""stacking_bonus"": 2.0, ""driver"": {""signal_type"": ""zuschlag_gewonnen"", ""event_date"": ""2026-08-25"", ""weight"": 6, ""recency"": 0.6, ""icp_fit_dampened"": 1.0, ""confidence"": 0.72, ""confidence_dampened"": 0.832, ""raw"": 2.995, ""source_url"": ""https://ted.europa.eu/en/notice/-/detail/585815-2026""}, ""all_signals"": [{""signal_type"": ""zuschlag_gewonnen"", ""event_date"": ""2026-08-25"", ""weight"": 6, ""recency"": 0.6, ""icp_fit_dampened"": 1.0, ""confidence"": 0.72, ""confidence_dampened"": 0.832, ""raw"": 2.995, ""source_url"": ""https://ted.europa.eu/en/notice/-/detail/585815-2026""}, {""signal_type"": ""teilnahme_belegt"", ""event_date"": ""2026-08-25"", ""weight"": 5, ""recency"": 0.6, ""icp_fit_dampened"": 1.0, ""confidence"": 0.85, ""confidence_dampened"": 0.91, ""raw"": 2.73, ""source_url"": ""https://oeffentlichevergabe.de/api/notices/e705ec63-3485-4770-bab6-d87649455aee?format=pdf""}]}"
"infraxpert","40","{""formula"": ""min(best(weight x recency x fit_d x conf_d) + stacking, cap) / cap x 100"", ""tier"": ""B"", ""icp_fit"": 0.8, ""dampening"": ""fit und confidence wirken auf [0.4 .. 1.0]"", ""signal_count"": 2, ""distinct_signal_types"": [""zuschlag_gewonnen""], ""stacking_bonus"": 0.0, ""driver"": {""signal_type"": ""zuschlag_gewonnen"", ""event_date"": ""2026-10-02"", ""weight"": 6, ""recency"": 1.0, ""icp_fit_dampened"": 0.88, ""confidence"": 0.85, ""confidence_dampened"": 0.91, ""raw"": 4.805, ""source_url"": ""https://oeffentlichevergabe.de/api/notices/6981ac9c-8da1-4502-b667-52976847187f?format=pdf""}, ""all_signals"": [{""signal_type"": ""zuschlag_gewonnen"", ""event_date"": ""2026-10-02"", ""weight"": 6, ""recency"": 1.0, ""icp_fit_dampened"": 0.88, ""confidence"": 0.85, ""confidence_dampened"": 0.91, ""raw"": 4.805, ""source_url"": ""https://oeffentlichevergabe.de/api/notices/6981ac9c-8da1-4502-b667-52976847187f?format=pdf""}, {""signal_type"": ""zuschlag_gewonnen"", ""event_date"": ""2026-10-02"", ""weight"": 6, ""recency"": 1.0, ""icp_fit_dampened"": 0.88, ""confidence"": 0.72, ""confidence_dampened"": 0.832, ""raw"": 4.393, ""source_url"": ""https://ted.europa.eu/en/notice/-/detail/681459-2026""}]}"
"infas institut fuer angewandte","40","{""formula"": ""min(best(weight x recency x fit_d x conf_d) + stacking, cap) / cap x 100"", ""tier"": ""B"", ""icp_fit"": 0.8, ""dampening"": ""fit und confidence wirken auf [0.4 .. 1.0]"", ""signal_count"": 2, ""distinct_signal_types"": [""zuschlag_gewonnen""], ""stacking_bonus"": 0.0, ""driver"": {""signal_type"": ""zuschlag_gewonnen"", ""event_date"": ""2026-10-02"", ""weight"": 6, ""recency"": 1.0, ""icp_fit_dampened"": 0.88, ""confidence"": 0.85, ""confidence_dampened"": 0.91, ""raw"": 4.805, ""source_url"": ""https://oeffentlichevergabe.de/api/notices/f7176f9e-5b66-46fe-8e9c-32f5dfa5b9ef?format=pdf""}, ""all_signals"": [{""signal_type"": ""zuschlag_gewonnen"", ""event_date"": ""2026-10-02"", ""weight"": 6, ""recency"": 1.0, ""icp_fit_dampened"": 0.88, ""confidence"": 0.85, ""confidence_dampened"": 0.91, ""raw"": 4.805, ""source_url"": ""https://oeffentlichevergabe.de/api/notices/f7176f9e-5b66-46fe-8e9c-32f5dfa5b9ef?format=pdf""}, {""signal_type"": ""zuschlag_gewonnen"", ""event_date"": ""2026-10-02"", ""weight"": 6, ""recency"": 1.0, ""icp_fit_dampened"": 0.88, ""confidence"": 0.72, ""confidence_dampened"": 0.832, ""raw"": 4.393, ""source_url"": ""https://ted.europa.eu/en/notice/-/detail/681179-2026""}]}"
"ibm deutschland","40","{""formula"": ""min(best(weight x recency x fit_d x conf_d) + stacking, cap) / cap x 100"", ""tier"": ""B"", ""icp_fit"": 0.8, ""dampening"": ""fit und confidence wirken auf [0.4 .. 1.0]"", ""signal_count"": 4, ""distinct_signal_types"": [""zuschlag_gewonnen""], ""stacking_bonus"": 0.0, ""driver"": {""signal_type"": ""zuschlag_gewonnen"", ""event_date"": ""2026-10-02"", ""weight"": 6, ""recency"": 1.0, ""icp_fit_dampened"": 0.88, ""confidence"": 0.85, ""confidence_dampened"": 0.91, ""raw"": 4.805, ""source_url"": ""https://oeffentlichevergabe.de/api/notices/01d9e5d7-fb1a-4378-b788-55fc754b3c9b?format=pdf""}, ""all_signals"": [{""signal_type"": ""zuschlag_gewonnen"", ""event_date"": ""2026-10-02"", ""weight"": 6, ""recency"": 1.0, ""icp_fit_dampened"": 0.88, ""confidence"": 0.85, ""confidence_dampened"": 0.91, ""raw"": 4.805, ""source_url"": ""https://oeffentlichevergabe.de/api/notices/01d9e5d7-fb1a-4378-b788-55fc754b3c9b?format=pdf""}, {""signal_type"": ""zuschlag_gewonnen"", ""event_date"": ""2026-10-02"", ""weight"": 6, ""recency"": 1.0, ""icp_fit_dampened"": 0.88, ""confidence"": 0.72, ""confidence_dampened"": 0.832, ""raw"": 4.393, ""source_url"": ""https://ted.europa.eu/en/notice/-/detail/679410-2026""}, {""signal_type"": ""zuschlag_gewonnen"", ""event_date"": ""2026-09-18"", ""weight"": 6, ""recency"": 0.8, ""icp_fit_dampened"": 0.88, ""confidence"": 0.85, ""confidence_dampened"": 0.91, ""raw"": 3.844, ""source_url"": ""https://oeffentlichevergabe.de/api/notices/ac0c44b2-1e9e-4d06-8997-99e4c9718c6b?format=pdf""}, {""signal_type"": ""zuschlag_gewonnen"", ""event_date"": ""2026-09-18"", ""weight"": 6, ""recency"": 0.8, ""icp_fit_dampened"": 0.88, ""confidence"": 0.72, ""confidence_dampened"": 0.832, ""raw"": 3.514, ""source_url"": ""https://ted.europa.eu/en/notice/-/detail/644064-2026""}]}"
"h und h datenverarbeitung und beratungsgesellschaft","40","{""formula"": ""min(best(weight x recency x fit_d x conf_d) + stacking, cap) / cap x 100"", ""tier"": ""B"", ""icp_fit"": 0.8, ""dampening"": ""fit und confidence wirken auf [0.4 .. 1.0]"", ""signal_count"": 2, ""distinct_signal_types"": [""zuschlag_gewonnen""], ""stacking_bonus"": 0.0, ""driver"": {""signal_type"": ""zuschlag_gewonnen"", ""event_date"": ""2026-10-02"", ""weight"": 6, ""recency"": 1.0, ""icp_fit_dampened"": 0.88, ""confidence"": 0.85, ""confidence_dampened"": 0.91, ""raw"": 4.805, ""source_url"": ""https://oeffentlichevergabe.de/api/notices/22037cc0-7a57-418f-b987-b23ec58931c8?format=pdf""}, ""all_signals"": [{""signal_type"": ""zuschlag_gewonnen"", ""event_date"": ""2026-10-02"", ""weight"": 6, ""recency"": 1.0, ""icp_fit_dampened"": 0.88, ""confidence"": 0.85, ""confidence_dampened"": 0.91, ""raw"": 4.805, ""source_url"": ""https://oeffentlichevergabe.de/api/notices/22037cc0-7a57-418f-b987-b23ec58931c8?format=pdf""}, {""signal_type"": ""zuschlag_gewonnen"", ""event_date"": ""2026-10-02"", ""weight"": 6, ""recency"": 1.0, ""icp_fit_dampened"": 0.88, ""confidence"": 0.72, ""confidence_dampened"": 0.832, ""raw"": 4.393, ""source_url"": ""https://ted.europa.eu/en/notice/-/detail/678784-2026""}]}"
"medizinischer dienst bund","40","{""formula"": ""min(best(weight x recency x fit_d x conf_d) + stacking, cap) / cap x 100"", ""tier"": ""B"", ""icp_fit"": 0.8, ""dampening"": ""fit und confidence wirken auf [0.4 .. 1.0]"", ""signal_count"": 2, ""distinct_signal_types"": [""zuschlag_gewonnen""], ""stacking_bonus"": 0.0, ""driver"": {""signal_type"": ""zuschlag_gewonnen"", ""event_date"": ""2026-10-02"", ""weight"": 6, ""recency"": 1.0, ""icp_fit_dampened"": 0.88, ""confidence"": 0.85, ""confidence_dampened"": 0.91, ""raw"": 4.805, ""source_url"": ""https://oeffentlichevergabe.de/api/notices/bfacdce9-3970-4154-858d-98f442004e97?format=pdf""}, ""all_signals"": [{""signal_type"": ""zuschlag_gewonnen"", ""event_date"": ""2026-10-02"", ""weight"": 6, ""recency"": 1.0, ""icp_fit_dampened"": 0.88, ""confidence"": 0.85, ""confidence_dampened"": 0.91, ""raw"": 4.805, ""source_url"": ""https://oeffentlichevergabe.de/api/notices/bfacdce9-3970-4154-858d-98f442004e97?format=pdf""}, {""signal_type"": ""zuschlag_gewonnen"", ""event_date"": ""2026-10-02"", ""weight"": 6, ""recency"": 1.0, ""icp_fit_dampened"": 0.88, ""confidence"": 0.72, ""confidence_dampened"": 0.832, ""raw"": 4.393, ""source_url"": ""https://ted.europa.eu/en/notice/-/detail/678529-2026""}]}"
"wemove digital solutions","40","{""formula"": ""min(best(weight x recency x fit_d x conf_d) + stacking, cap) / cap x 100"", ""tier"": ""B"", ""icp_fit"": 0.8, ""dampening"": ""fit und confidence wirken auf [0.4 .. 1.0]"", ""signal_count"": 2, ""distinct_signal_types"": [""zuschlag_gewonnen""], ""stacking_bonus"": 0.0, ""driver"": {""signal_type"": ""zuschlag_gewonnen"", ""event_date"": ""2026-10-02"", ""weight"": 6, ""recency"": 1.0, ""icp_fit_dampened"": 0.88, ""confidence"": 0.85, ""confidence_dampened"": 0.91, ""raw"": 4.805, ""source_url"": ""https://oeffentlichevergabe.de/api/notices/04255b15-227a-4ceb-8cb2-795b22ca691c?format=pdf""}, ""all_signals"": [{""signal_type"": ""zuschlag_gewonnen"", ""event_date"": ""2026-10-02"", ""weight"": 6, ""recency"": 1.0, ""icp_fit_dampened"": 0.88, ""confidence"": 0.85, ""confidence_dampened"": 0.91, ""raw"": 4.805, ""source_url"": ""https://oeffentlichevergabe.de/api/notices/04255b15-227a-4ceb-8cb2-795b22ca691c?format=pdf""}, {""signal_type"": ""zuschlag_gewonnen"", ""event_date"": ""2026-10-02"", ""weight"": 6, ""recency"": 1.0, ""icp_fit_dampened"": 0.88, ""confidence"": 0.72, ""confidence_dampened"": 0.832, ""raw"": 4.393, ""source_url"": ""https://ted.europa.eu/en/notice/-/detail/678507-2026""}]}"
"bit rhein-main","40","{""formula"": ""min(best(weight x recency x fit_d x conf_d) + stacking, cap) / cap x 100"", ""tier"": ""B"", ""icp_fit"": 0.8, ""dampening"": ""fit und confidence wirken auf [0.4 .. 1.0]"", ""signal_count"": 2, ""distinct_signal_types"": [""zuschlag_gewonnen""], ""stacking_bonus"": 0.0, ""driver"": {""signal_type"": ""zuschlag_gewonnen"", ""event_date"": ""2026-10-02"", ""weight"": 6, ""recency"": 1.0, ""icp_fit_dampened"": 0.88, ""confidence"": 0.85, ""confidence_dampened"": 0.91, ""raw"": 4.805, ""source_url"": ""https://oeffentlichevergabe.de/api/notices/8cea67e0-0279-4272-9da6-36a47ffc48c8?format=pdf""}, ""all_signals"": [{""signal_type"": ""zuschlag_gewonnen"", ""event_date"": ""2026-10-02"", ""weight"": 6, ""recency"": 1.0, ""icp_fit_dampened"": 0.88, ""confidence"": 0.85, ""confidence_dampened"": 0.91, ""raw"": 4.805, ""source_url"": ""https://oeffentlichevergabe.de/api/notices/8cea67e0-0279-4272-9da6-36a47ffc48c8?format=pdf""}, {""signal_type"": ""zuschlag_gewonnen"", ""event_date"": ""2026-10-02"", ""weight"": 6, ""recency"": 1.0, ""icp_fit_dampened"": 0.88, ""confidence"": 0.72, ""confidence_dampened"": 0.832, ""raw"": 4.393, ""source_url"": ""https://ted.europa.eu/en/notice/-/detail/678462-2026""}]}"
"netgo sued","40","{""formula"": ""min(best(weight x recency x fit_d x conf_d) + stacking, cap) / cap x 100"", ""tier"": ""B"", ""icp_fit"": 0.8, ""dampening"": ""fit und confidence wirken auf [0.4 .. 1.0]"", ""signal_count"": 2, ""distinct_signal_types"": [""zuschlag_gewonnen""], ""stacking_bonus"": 0.0, ""driver"": {""signal_type"": ""zuschlag_gewonnen"", ""event_date"": ""2026-10-01"", ""weight"": 6, ""recency"": 1.0, ""icp_fit_dampened"": 0.88, ""confidence"": 0.85, ""confidence_dampened"": 0.91, ""raw"": 4.805, ""source_url"": ""https://oeffentlichevergabe.de/api/notices/54785148-756b-44d3-84dc-677a188a9588?format=pdf""}, ""all_signals"": [{""signal_type"": ""zuschlag_gewonnen"", ""event_date"": ""2026-10-01"", ""weight"": 6, ""recency"": 1.0, ""icp_fit_dampened"": 0.88, ""confidence"": 0.85, ""confidence_dampened"": 0.91, ""raw"": 4.805, ""source_url"": ""https://oeffentlichevergabe.de/api/notices/54785148-756b-44d3-84dc-677a188a9588?format=pdf""}, {""signal_type"": ""zuschlag_gewonnen"", ""event_date"": ""2026-10-01"", ""weight"": 6, ""recency"": 1.0, ""icp_fit_dampened"": 0.88, ""confidence"": 0.72, ""confidence_dampened"": 0.832, ""raw"": 4.393, ""source_url"": ""https://ted.europa.eu/en/notice/-/detail/677741-2026""}]}"
"elsevier","40","{""formula"": ""min(best(weight x recency x fit_d x conf_d) + stacking, cap) / cap x 100"", ""tier"": ""B"", ""icp_fit"": 0.8, ""dampening"": ""fit und confidence wirken auf [0.4 .. 1.0]"", ""signal_count"": 2, ""distinct_signal_types"": [""zuschlag_gewonnen""], ""stacking_bonus"": 0.0, ""driver"": {""signal_type"": ""zuschlag_gewonnen"", ""event_date"": ""2026-10-01"", ""weight"": 6, ""recency"": 1.0, ""icp_fit_dampened"": 0.88, ""confidence"": 0.85, ""confidence_dampened"": 0.91, ""raw"": 4.805, ""source_url"": ""https://oeffentlichevergabe.de/api/notices/b202a36a-4d9d-453c-8f1f-02eda9b4bec4?format=pdf""}, ""all_signals"": [{""signal_type"": ""zuschlag_gewonnen"", ""event_date"": ""2026-10-01"", ""weight"": 6, ""recency"": 1.0, ""icp_fit_dampened"": 0.88, ""confidence"": 0.85, ""confidence_dampened"": 0.91, ""raw"": 4.805, ""source_url"": ""https://oeffentlichevergabe.de/api/notices/b202a36a-4d9d-453c-8f1f-02eda9b4bec4?format=pdf""}, {""signal_type"": ""zuschlag_gewonnen"", ""event_date"": ""2026-10-01"", ""weight"": 6, ""recency"": 1.0, ""icp_fit_dampened"": 0.88, ""confidence"": 0.72, ""confidence_dampened"": 0.832, ""raw"": 4.393, ""source_url"": ""https://ted.europa.eu/en/notice/-/detail/677699-2026""}]}"
"cisco solutions","40","{""formula"": ""min(best(weight x recency x fit_d x conf_d) + stacking, cap) / cap x 100"", ""tier"": ""B"", ""icp_fit"": 0.8, ""dampening"": ""fit und confidence wirken auf [0.4 .. 1.0]"", ""signal_count"": 2, ""distinct_signal_types"": [""zuschlag_gewonnen""], ""stacking_bonus"": 0.0, ""driver"": {""signal_type"": ""zuschlag_gewonnen"", ""event_date"": ""2026-10-01"", ""weight"": 6, ""recency"": 1.0, ""icp_fit_dampened"": 0.88, ""confidence"": 0.85, ""confidence_dampened"": 0.91, ""raw"": 4.805, ""source_url"": ""https://oeffentlichevergabe.de/api/notices/8604dc6d-b1ba-4448-828c-6282c9f830df?format=pdf""}, ""all_signals"": [{""signal_type"": ""zuschlag_gewonnen"", ""event_date"": ""2026-10-01"", ""weight"": 6, ""recency"": 1.0, ""icp_fit_dampened"": 0.88, ""confidence"": 0.85, ""confidence_dampened"": 0.91, ""raw"": 4.805, ""source_url"": ""https://oeffentlichevergabe.de/api/notices/8604dc6d-b1ba-4448-828c-6282c9f830df?format=pdf""}, {""signal_type"": ""zuschlag_gewonnen"", ""event_date"": ""2026-10-01"", ""weight"": 6, ""recency"": 1.0, ""icp_fit_dampened"": 0.88, ""confidence"": 0.72, ""confidence_dampened"": 0.832, ""raw"": 4.393, ""source_url"": ""https://ted.europa.eu/en/notice/-/detail/677481-2026""}]}"
"deutsche telekom business solutions gmbh lk bwl","40","{""formula"": ""min(best(weight x recency x fit_d x conf_d) + stacking, cap) / cap x 100"", ""tier"": ""B"", ""icp_fit"": 0.8, ""dampening"": ""fit und confidence wirken auf [0.4 .. 1.0]"", ""signal_count"": 2, ""distinct_signal_types"": [""zuschlag_gewonnen""], ""stacking_bonus"": 0.0, ""driver"": {""signal_type"": ""zuschlag_gewonnen"", ""event_date"": ""2026-10-01"", ""weight"": 6, ""recency"": 1.0, ""icp_fit_dampened"": 0.88, ""confidence"": 0.85, ""confidence_dampened"": 0.91, ""raw"": 4.805, ""source_url"": ""https://oeffentlichevergabe.de/api/notices/fe144afa-b5af-4671-99d0-f0b288474e44?format=pdf""}, ""all_signals"": [{""signal_type"": ""zuschlag_gewonnen"", ""event_date"": ""2026-10-01"", ""weight"": 6, ""recency"": 1.0, ""icp_fit_dampened"": 0.88, ""confidence"": 0.85, ""confidence_dampened"": 0.91, ""raw"": 4.805, ""source_url"": ""https://oeffentlichevergabe.de/api/notices/fe144afa-b5af-4671-99d0-f0b288474e44?format=pdf""}, {""signal_type"": ""zuschlag_gewonnen"", ""event_date"": ""2026-10-01"", ""weight"": 6, ""recency"": 1.0, ""icp_fit_dampened"": 0.88, ""confidence"": 0.72, ""confidence_dampened"": 0.832, ""raw"": 4.393, ""source_url"": ""https://ted.europa.eu/en/notice/-/detail/677148-2026""}]}"
"ptv planung transport verkehr","40","{""formula"": ""min(best(weight x recency x fit_d x conf_d) + stacking, cap) / cap x 100"", ""tier"": ""B"", ""icp_fit"": 0.8, ""dampening"": ""fit und confidence wirken auf [0.4 .. 1.0]"", ""signal_count"": 2, ""distinct_signal_types"": [""zuschlag_gewonnen""], ""stacking_bonus"": 0.0, ""driver"": {""signal_type"": ""zuschlag_gewonnen"", ""event_date"": ""2026-10-01"", ""weight"": 6, ""recency"": 1.0, ""icp_fit_dampened"": 0.88, ""confidence"": 0.85, ""confidence_dampened"": 0.91, ""raw"": 4.805, ""source_url"": ""https://oeffentlichevergabe.de/api/notices/ab2516ec-4950-421c-8f56-6def96ef602d?format=pdf""}, ""all_signals"": [{""signal_type"": ""zuschlag_gewonnen"", ""event_date"": ""2026-10-01"", ""weight"": 6, ""recency"": 1.0, ""icp_fit_dampened"": 0.88, ""confidence"": 0.85, ""confidence_dampened"": 0.91, ""raw"": 4.805, ""source_url"": ""https://oeffentlichevergabe.de/api/notices/ab2516ec-4950-421c-8f56-6def96ef602d?format=pdf""}, {""signal_type"": ""zuschlag_gewonnen"", ""event_date"": ""2026-10-01"", ""weight"": 6, ""recency"": 1.0, ""icp_fit_dampened"": 0.88, ""confidence"": 0.72, ""confidence_dampened"": 0.832, ""raw"": 4.393, ""source_url"": ""https://ted.europa.eu/en/notice/-/detail/676627-2026""}]}"
"xeedq","40","{""formula"": ""min(best(weight x recency x fit_d x conf_d) + stacking, cap) / cap x 100"", ""tier"": ""B"", ""icp_fit"": 0.8, ""dampening"": ""fit und confidence wirken auf [0.4 .. 1.0]"", ""signal_count"": 2, ""distinct_signal_types"": [""zuschlag_gewonnen""], ""stacking_bonus"": 0.0, ""driver"": {""signal_type"": ""zuschlag_gewonnen"", ""event_date"": ""2026-10-01"", ""weight"": 6, ""recency"": 1.0, ""icp_fit_dampened"": 0.88, ""confidence"": 0.85, ""confidence_dampened"": 0.91, ""raw"": 4.805, ""source_url"": ""https://oeffentlichevergabe.de/api/notices/84e38426-c136-4002-ab93-9d27baa5e08c?format=pdf""}, ""all_signals"": [{""signal_type"": ""zuschlag_gewonnen"", ""event_date"": ""2026-10-01"", ""weight"": 6, ""recency"": 1.0, ""icp_fit_dampened"": 0.88, ""confidence"": 0.85, ""confidence_dampened"": 0.91, ""raw"": 4.805, ""source_url"": ""https://oeffentlichevergabe.de/api/notices/84e38426-c136-4002-ab93-9d27baa5e08c?format=pdf""}, {""signal_type"": ""zuschlag_gewonnen"", ""event_date"": ""2026-10-01"", ""weight"": 6, ""recency"": 1.0, ""icp_fit_dampened"": 0.88, ""confidence"": 0.72, ""confidence_dampened"": 0.832, ""raw"": 4.393, ""source_url"": ""https://ted.europa.eu/en/notice/-/detail/676195-2026""}]}"
"accso-accelerated solutions","40","{""formula"": ""min(best(weight x recency x fit_d x conf_d) + stacking, cap) / cap x 100"", ""tier"": ""B"", ""icp_fit"": 0.8, ""dampening"": ""fit und confidence wirken auf [0.4 .. 1.0]"", ""signal_count"": 2, ""distinct_signal_types"": [""zuschlag_gewonnen""], ""stacking_bonus"": 0.0, ""driver"": {""signal_type"": ""zuschlag_gewonnen"", ""event_date"": ""2026-09-30"", ""weight"": 6, ""recency"": 1.0, ""icp_fit_dampened"": 0.88, ""confidence"": 0.85, ""confidence_dampened"": 0.91, ""raw"": 4.805, ""source_url"": ""https://oeffentlichevergabe.de/api/notices/54148216-2db7-4b05-bedf-de4068341e2a?format=pdf""}, ""all_signals"": [{""signal_type"": ""zuschlag_gewonnen"", ""event_date"": ""2026-09-30"", ""weight"": 6, ""recency"": 1.0, ""icp_fit_dampened"": 0.88, ""confidence"": 0.85, ""confidence_dampened"": 0.91, ""raw"": 4.805, ""source_url"": ""https://oeffentlichevergabe.de/api/notices/54148216-2db7-4b05-bedf-de4068341e2a?format=pdf""}, {""signal_type"": ""zuschlag_gewonnen"", ""event_date"": ""2026-09-30"", ""weight"": 6, ""recency"": 1.0, ""icp_fit_dampened"": 0.88, ""confidence"": 0.72, ""confidence_dampened"": 0.832, ""raw"": 4.393, ""source_url"": ""https://ted.europa.eu/en/notice/-/detail/673891-2026""}]}"
"agi-information management consultants","40","{""formula"": ""min(best(weight x recency x fit_d x conf_d) + stacking, cap) / cap x 100"", ""tier"": ""B"", ""icp_fit"": 0.8, ""dampening"": ""fit und confidence wirken auf [0.4 .. 1.0]"", ""signal_count"": 2, ""distinct_signal_types"": [""zuschlag_gewonnen""], ""stacking_bonus"": 0.0, ""driver"": {""signal_type"": ""zuschlag_gewonnen"", ""event_date"": ""2026-09-30"", ""weight"": 6, ""recency"": 1.0, ""icp_fit_dampened"": 0.88, ""confidence"": 0.85, ""confidence_dampened"": 0.91, ""raw"": 4.805, ""source_url"": ""https://oeffentlichevergabe.de/api/notices/ac3738dd-4818-4c78-9cea-304d65981497?format=pdf""}, ""all_signals"": [{""signal_type"": ""zuschlag_gewonnen"", ""event_date"": ""2026-09-30"", ""weight"": 6, ""recency"": 1.0, ""icp_fit_dampened"": 0.88, ""confidence"": 0.85, ""confidence_dampened"": 0.91, ""raw"": 4.805, ""source_url"": ""https://oeffentlichevergabe.de/api/notices/ac3738dd-4818-4c78-9cea-304d65981497?format=pdf""}, {""signal_type"": ""zuschlag_gewonnen"", ""event_date"": ""2026-09-30"", ""weight"": 6, ""recency"": 1.0, ""icp_fit_dampened"": 0.88, ""confidence"": 0.72, ""confidence_dampened"": 0.832, ""raw"": 4.393, ""source_url"": ""https://ted.europa.eu/en/notice/-/detail/673674-2026""}]}"
"cornerstone ondemand germany","40","{""formula"": ""min(best(weight x recency x fit_d x conf_d) + stacking, cap) / cap x 100"", ""tier"": ""B"", ""icp_fit"": 0.8, ""dampening"": ""fit und confidence wirken auf [0.4 .. 1.0]"", ""signal_count"": 2, ""distinct_signal_types"": [""zuschlag_gewonnen""], ""stacking_bonus"": 0.0, ""driver"": {""signal_type"": ""zuschlag_gewonnen"", ""event_date"": ""2026-09-30"", ""weight"": 6, ""recency"": 1.0, ""icp_fit_dampened"": 0.88, ""confidence"": 0.85, ""confidence_dampened"": 0.91, ""raw"": 4.805, ""source_url"": ""https://oeffentlichevergabe.de/api/notices/b77e24c2-6741-4b7b-9344-33296125068a?format=pdf""}, ""all_signals"": [{""signal_type"": ""zuschlag_gewonnen"", ""event_date"": ""2026-09-30"", ""weight"": 6, ""recency"": 1.0, ""icp_fit_dampened"": 0.88, ""confidence"": 0.85, ""confidence_dampened"": 0.91, ""raw"": 4.805, ""source_url"": ""https://oeffentlichevergabe.de/api/notices/b77e24c2-6741-4b7b-9344-33296125068a?format=pdf""}, {""signal_type"": ""zuschlag_gewonnen"", ""event_date"": ""2026-09-30"", ""weight"": 6, ""recency"": 1.0, ""icp_fit_dampened"": 0.88, ""confidence"": 0.72, ""confidence_dampened"": 0.832, ""raw"": 4.393, ""source_url"": ""https://ted.europa.eu/en/notice/-/detail/673335-2026""}]}"
"telekom deutschland","40","{""formula"": ""min(best(weight x recency x fit_d x conf_d) + stacking, cap) / cap x 100"", ""tier"": ""B"", ""icp_fit"": 0.8, ""dampening"": ""fit und confidence wirken auf [0.4 .. 1.0]"", ""signal_count"": 33, ""distinct_signal_types"": [""zuschlag_gewonnen""], ""stacking_bonus"": 0.0, ""driver"": {""signal_type"": ""zuschlag_gewonnen"", ""event_date"": ""2026-09-29"", ""weight"": 6, ""recency"": 1.0, ""icp_fit_dampened"": 0.88, ""confidence"": 0.85, ""confidence_dampened"": 0.91, ""raw"": 4.805, ""source_url"": ""https://oeffentlichevergabe.de/api/notices/ff69a0e6-efe2-4961-8806-a435686fa86a?format=pdf""}, ""all_signals"": [{""signal_type"": ""zuschlag_gewonnen"", ""event_date"": ""2026-09-29"", ""weight"": 6, ""recency"": 1.0, ""icp_fit_dampened"": 0.88, ""confidence"": 0.85, ""confidence_dampened"": 0.91, ""raw"": 4.805, ""source_url"": ""https://oeffentlichevergabe.de/api/notices/ff69a0e6-efe2-4961-8806-a435686fa86a?format=pdf""}, {""signal_type"": ""zuschlag_gewonnen"", ""event_date"": ""2026-09-29"", ""weight"": 6, ""recency"": 1.0, ""icp_fit_dampened"": 0.88, ""confidence"": 0.85, ""confidence_dampened"": 0.91, ""raw"": 4.805, ""source_url"": ""https://oeffentlichevergabe.de/api/notices/9529cf9c-8541-4b2d-943c-38e38be323f3?format=pdf""}, {""signal_type"": ""zuschlag_gewonnen"", ""event_date"": ""2026-09-25"", ""weight"": 6, ""recency"": 1.0, ""icp_fit_dampened"": 0.88, ""confidence"": 0.85, ""confidence_dampened"": 0.91, ""raw"": 4.805, ""source_url"": ""https://oeffentlichevergabe.de/api/notices/15e25ee2-637f-47f1-9f02-f4c658b4534e?format=pdf""}, {""signal_type"": ""zuschlag_gewonnen"", ""event_date"": ""2026-09-30"", ""weight"": 6, ""recency"": 1.0, ""icp_fit_dampened"": 0.88, ""confidence"": 0.72, ""confidence_dampened"": 0.832, ""raw"": 4.393, ""source_url"": ""https://ted.europa.eu/en/notice/-/detail/672679-2026""}, {""signal_type"": ""zuschlag_gewonnen"", ""event_date"": ""2026-09-29"", ""weight"": 6, ""recency"": 1.0, ""icp_fit_dampened"": 0.88, ""confidence"": 0.72, ""confidence_dampened"": 0.832, ""raw"": 4.393, ""source_url"": ""https://ted.europa.eu/en/notice/-/detail/669313-2026""}]}"
"cms it-consulting","40","{""formula"": ""min(best(weight x recency x fit_d x conf_d) + stacking, cap) / cap x 100"", ""tier"": ""B"", ""icp_fit"": 0.8, ""dampening"": ""fit und confidence wirken auf [0.4 .. 1.0]"", ""signal_count"": 4, ""distinct_signal_types"": [""zuschlag_gewonnen""], ""stacking_bonus"": 0.0, ""driver"": {""signal_type"": ""zuschlag_gewonnen"", ""event_date"": ""2026-09-30"", ""weight"": 6, ""recency"": 1.0, ""icp_fit_dampened"": 0.88, ""confidence"": 0.85, ""confidence_dampened"": 0.91, ""raw"": 4.805, ""source_url"": ""https://oeffentlichevergabe.de/api/notices/496bb817-4fd3-47df-b962-b5518fd3c500?format=pdf""}, ""all_signals"": [{""signal_type"": ""zuschlag_gewonnen"", ""event_date"": ""2026-09-30"", ""weight"": 6, ""recency"": 1.0, ""icp_fit_dampened"": 0.88, ""confidence"": 0.85, ""confidence_dampened"": 0.91, ""raw"": 4.805, ""source_url"": ""https://oeffentlichevergabe.de/api/notices/496bb817-4fd3-47df-b962-b5518fd3c500?format=pdf""}, {""signal_type"": ""zuschlag_gewonnen"", ""event_date"": ""2026-09-30"", ""weight"": 6, ""recency"": 1.0, ""icp_fit_dampened"": 0.88, ""confidence"": 0.72, ""confidence_dampened"": 0.832, ""raw"": 4.393, ""source_url"": ""https://ted.europa.eu/en/notice/-/detail/672244-2026""}, {""signal_type"": ""zuschlag_gewonnen"", ""event_date"": ""2026-08-12"", ""weight"": 6, ""recency"": 0.4, ""icp_fit_dampened"": 0.88, ""confidence"": 0.85, ""confidence_dampened"": 0.91, ""raw"": 1.922, ""source_url"": ""https://oeffentlichevergabe.de/api/notices/249764ab-c430-447a-85d9-3db91f9e5371?format=pdf""}, {""signal_type"": ""zuschlag_gewonnen"", ""event_date"": ""2026-08-12"", ""weight"": 6, ""recency"": 0.4, ""icp_fit_dampened"": 0.88, ""confidence"": 0.72, ""confidence_dampened"": 0.832, ""raw"": 1.757, ""source_url"": ""https://ted.europa.eu/en/notice/-/detail/557818-2026""}]}"
"linkitsystems","40","{""formula"": ""min(best(weight x recency x fit_d x conf_d) + stacking, cap) / cap x 100"", ""tier"": ""B"", ""icp_fit"": 0.8, ""dampening"": ""fit und confidence wirken auf [0.4 .. 1.0]"", ""signal_count"": 2, ""distinct_signal_types"": [""zuschlag_gewonnen""], ""stacking_bonus"": 0.0, ""driver"": {""signal_type"": ""zuschlag_gewonnen"", ""event_date"": ""2026-09-30"", ""weight"": 6, ""recency"": 1.0, ""icp_fit_dampened"": 0.88, ""confidence"": 0.85, ""confidence_dampened"": 0.91, ""raw"": 4.805, ""source_url"": ""https://oeffentlichevergabe.de/api/notices/40bc24d5-9e9e-4aaf-b8d1-4808d716b98f?format=pdf""}, ""all_signals"": [{""signal_type"": ""zuschlag_gewonnen"", ""event_date"": ""2026-09-30"", ""weight"": 6, ""recency"": 1.0, ""icp_fit_dampened"": 0.88, ""confidence"": 0.85, ""confidence_dampened"": 0.91, ""raw"": 4.805, ""source_url"": ""https://oeffentlichevergabe.de/api/notices/40bc24d5-9e9e-4aaf-b8d1-4808d716b98f?format=pdf""}, {""signal_type"": ""zuschlag_gewonnen"", ""event_date"": ""2026-09-30"", ""weight"": 6, ""recency"": 1.0, ""icp_fit_dampened"": 0.88, ""confidence"": 0.72, ""confidence_dampened"": 0.832, ""raw"": 4.393, ""source_url"": ""https://ted.europa.eu/en/notice/-/detail/672186-2026""}]}"
"foerderung von verfahren zur sprachstandserhebung und sprachfoerderung","40","{""formula"": ""min(best(weight x recency x fit_d x conf_d) + stacking, cap) / cap x 100"", ""tier"": ""B"", ""icp_fit"": 0.8, ""dampening"": ""fit und confidence wirken auf [0.4 .. 1.0]"", ""signal_count"": 2, ""distinct_signal_types"": [""zuschlag_gewonnen""], ""stacking_bonus"": 0.0, ""driver"": {""signal_type"": ""zuschlag_gewonnen"", ""event_date"": ""2026-09-30"", ""weight"": 6, ""recency"": 1.0, ""icp_fit_dampened"": 0.88, ""confidence"": 0.85, ""confidence_dampened"": 0.91, ""raw"": 4.805, ""source_url"": ""https://oeffentlichevergabe.de/api/notices/dde52a74-60d4-4cc3-99d1-da60f05011f8?format=pdf""}, ""all_signals"": [{""signal_type"": ""zuschlag_gewonnen"", ""event_date"": ""2026-09-30"", ""weight"": 6, ""recency"": 1.0, ""icp_fit_dampened"": 0.88, ""confidence"": 0.85, ""confidence_dampened"": 0.91, ""raw"": 4.805, ""source_url"": ""https://oeffentlichevergabe.de/api/notices/dde52a74-60d4-4cc3-99d1-da60f05011f8?format=pdf""}, {""signal_type"": ""zuschlag_gewonnen"", ""event_date"": ""2026-09-30"", ""weight"": 6, ""recency"": 1.0, ""icp_fit_dampened"": 0.88, ""confidence"": 0.72, ""confidence_dampened"": 0.832, ""raw"": 4.393, ""source_url"": ""https://ted.europa.eu/en/notice/-/detail/671813-2026""}]}"
"eleks","40","{""formula"": ""min(best(weight x recency x fit_d x conf_d) + stacking, cap) / cap x 100"", ""tier"": ""B"", ""icp_fit"": 0.8, ""dampening"": ""fit und confidence wirken auf [0.4 .. 1.0]"", ""signal_count"": 2, ""distinct_signal_types"": [""zuschlag_gewonnen""], ""stacking_bonus"": 0.0, ""driver"": {""signal_type"": ""zuschlag_gewonnen"", ""event_date"": ""2026-09-30"", ""weight"": 6, ""recency"": 1.0, ""icp_fit_dampened"": 0.88, ""confidence"": 0.85, ""confidence_dampened"": 0.91, ""raw"": 4.805, ""source_url"": ""https://oeffentlichevergabe.de/api/notices/2393fc0a-8589-4d06-b92b-da2781cdee35?format=pdf""}, ""all_signals"": [{""signal_type"": ""zuschlag_gewonnen"", ""event_date"": ""2026-09-30"", ""weight"": 6, ""recency"": 1.0, ""icp_fit_dampened"": 0.88, ""confidence"": 0.85, ""confidence_dampened"": 0.91, ""raw"": 4.805, ""source_url"": ""https://oeffentlichevergabe.de/api/notices/2393fc0a-8589-4d06-b92b-da2781cdee35?format=pdf""}, {""signal_type"": ""zuschlag_gewonnen"", ""event_date"": ""2026-09-30"", ""weight"": 6, ""recency"": 1.0, ""icp_fit_dampened"": 0.88, ""confidence"": 0.72, ""confidence_dampened"": 0.832, ""raw"": 4.393, ""source_url"": ""https://ted.europa.eu/en/notice/-/detail/671515-2026""}]}"
"factorial","40","{""formula"": ""min(best(weight x recency x fit_d x conf_d) + stacking, cap) / cap x 100"", ""tier"": ""B"", ""icp_fit"": 0.8, ""dampening"": ""fit und confidence wirken auf [0.4 .. 1.0]"", ""signal_count"": 2, ""distinct_signal_types"": [""zuschlag_gewonnen""], ""stacking_bonus"": 0.0, ""driver"": {""signal_type"": ""zuschlag_gewonnen"", ""event_date"": ""2026-09-30"", ""weight"": 6, ""recency"": 1.0, ""icp_fit_dampened"": 0.88, ""confidence"": 0.85, ""confidence_dampened"": 0.91, ""raw"": 4.805, ""source_url"": ""https://oeffentlichevergabe.de/api/notices/eeb8c044-cb70-4952-92a4-647624cf164a?format=pdf""}, ""all_signals"": [{""signal_type"": ""zuschlag_gewonnen"", ""event_date"": ""2026-09-30"", ""weight"": 6, ""recency"": 1.0, ""icp_fit_dampened"": 0.88, ""confidence"": 0.85, ""confidence_dampened"": 0.91, ""raw"": 4.805, ""source_url"": ""https://oeffentlichevergabe.de/api/notices/eeb8c044-cb70-4952-92a4-647624cf164a?format=pdf""}, {""signal_type"": ""zuschlag_gewonnen"", ""event_date"": ""2026-09-30"", ""weight"": 6, ""recency"": 1.0, ""icp_fit_dampened"": 0.88, ""confidence"": 0.72, ""confidence_dampened"": 0.832, ""raw"": 4.393, ""source_url"": ""https://ted.europa.eu/en/notice/-/detail/671386-2026""}]}"
"soptim","40","{""formula"": ""min(best(weight x recency x fit_d x conf_d) + stacking, cap) / cap x 100"", ""tier"": ""B"", ""icp_fit"": 0.8, ""dampening"": ""fit und confidence wirken auf [0.4 .. 1.0]"", ""signal_count"": 2, ""distinct_signal_types"": [""zuschlag_gewonnen""], ""stacking_bonus"": 0.0, ""driver"": {""signal_type"": ""zuschlag_gewonnen"", ""event_date"": ""2026-09-30"", ""weight"": 6, ""recency"": 1.0, ""icp_fit_dampened"": 0.88, ""confidence"": 0.85, ""confidence_dampened"": 0.91, ""raw"": 4.805, ""source_url"": ""https://oeffentlichevergabe.de/api/notices/d69c0d4a-93fd-48c6-b6ca-64175063b93c?format=pdf""}, ""all_signals"": [{""signal_type"": ""zuschlag_gewonnen"", ""event_date"": ""2026-09-30"", ""weight"": 6, ""recency"": 1.0, ""icp_fit_dampened"": 0.88, ""confidence"": 0.85, ""confidence_dampened"": 0.91, ""raw"": 4.805, ""source_url"": ""https://oeffentlichevergabe.de/api/notices/d69c0d4a-93fd-48c6-b6ca-64175063b93c?format=pdf""}, {""signal_type"": ""zuschlag_gewonnen"", ""event_date"": ""2026-09-30"", ""weight"": 6, ""recency"": 1.0, ""icp_fit_dampened"": 0.88, ""confidence"": 0.72, ""confidence_dampened"": 0.832, ""raw"": 4.393, ""source_url"": ""https://ted.europa.eu/en/notice/-/detail/671222-2026""}]}"
"brandl services","40","{""formula"": ""min(best(weight x recency x fit_d x conf_d) + stacking, cap) / cap x 100"", ""tier"": ""B"", ""icp_fit"": 0.8, ""dampening"": ""fit und confidence wirken auf [0.4 .. 1.0]"", ""signal_count"": 2, ""distinct_signal_types"": [""zuschlag_gewonnen""], ""stacking_bonus"": 0.0, ""driver"": {""signal_type"": ""zuschlag_gewonnen"", ""event_date"": ""2026-09-30"", ""weight"": 6, ""recency"": 1.0, ""icp_fit_dampened"": 0.88, ""confidence"": 0.85, ""confidence_dampened"": 0.91, ""raw"": 4.805, ""source_url"": ""https://oeffentlichevergabe.de/api/notices/c2715a20-b633-444e-a137-a6a57c364e8b?format=pdf""}, ""all_signals"": [{""signal_type"": ""zuschlag_gewonnen"", ""event_date"": ""2026-09-30"", ""weight"": 6, ""recency"": 1.0, ""icp_fit_dampened"": 0.88, ""confidence"": 0.85, ""confidence_dampened"": 0.91, ""raw"": 4.805, ""source_url"": ""https://oeffentlichevergabe.de/api/notices/c2715a20-b633-444e-a137-a6a57c364e8b?format=pdf""}, {""signal_type"": ""zuschlag_gewonnen"", ""event_date"": ""2026-09-30"", ""weight"": 6, ""recency"": 1.0, ""icp_fit_dampened"": 0.88, ""confidence"": 0.72, ""confidence_dampened"": 0.832, ""raw"": 4.393, ""source_url"": ""https://ted.europa.eu/en/notice/-/detail/671084-2026""}]}"
"franken lehrmittel medientechnik","40","{""formula"": ""min(best(weight x recency x fit_d x conf_d) + stacking, cap) / cap x 100"", ""tier"": ""B"", ""icp_fit"": 0.8, ""dampening"": ""fit und confidence wirken auf [0.4 .. 1.0]"", ""signal_count"": 2, ""distinct_signal_types"": [""zuschlag_gewonnen""], ""stacking_bonus"": 0.0, ""driver"": {""signal_type"": ""zuschlag_gewonnen"", ""event_date"": ""2026-09-29"", ""weight"": 6, ""recency"": 1.0, ""icp_fit_dampened"": 0.88, ""confidence"": 0.85, ""confidence_dampened"": 0.91, ""raw"": 4.805, ""source_url"": ""https://oeffentlichevergabe.de/api/notices/4bdb2b02-92b2-4da5-abb5-fe380f044424?format=pdf""}, ""all_signals"": [{""signal_type"": ""zuschlag_gewonnen"", ""event_date"": ""2026-09-29"", ""weight"": 6, ""recency"": 1.0, ""icp_fit_dampened"": 0.88, ""confidence"": 0.85, ""confidence_dampened"": 0.91, ""raw"": 4.805, ""source_url"": ""https://oeffentlichevergabe.de/api/notices/4bdb2b02-92b2-4da5-abb5-fe380f044424?format=pdf""}, {""signal_type"": ""zuschlag_gewonnen"", ""event_date"": ""2026-09-29"", ""weight"": 6, ""recency"": 1.0, ""icp_fit_dampened"": 0.88, ""confidence"": 0.72, ""confidence_dampened"": 0.832, ""raw"": 4.393, ""source_url"": ""https://ted.europa.eu/en/notice/-/detail/670652-2026""}]}"
"hamburgnet","40","{""formula"": ""min(best(weight x recency x fit_d x conf_d) + stacking, cap) / cap x 100"", ""tier"": ""B"", ""icp_fit"": 0.8, ""dampening"": ""fit und confidence wirken auf [0.4 .. 1.0]"", ""signal_count"": 2, ""distinct_signal_types"": [""zuschlag_gewonnen""], ""stacking_bonus"": 0.0, ""driver"": {""signal_type"": ""zuschlag_gewonnen"", ""event_date"": ""2026-09-29"", ""weight"": 6, ""recency"": 1.0, ""icp_fit_dampened"": 0.88, ""confidence"": 0.85, ""confidence_dampened"": 0.91, ""raw"": 4.805, ""source_url"": ""https://oeffentlichevergabe.de/api/notices/1d3d27e6-85e1-41a8-8e81-d4648b2aae61?format=pdf""}, ""all_signals"": [{""signal_type"": ""zuschlag_gewonnen"", ""event_date"": ""2026-09-29"", ""weight"": 6, ""recency"": 1.0, ""icp_fit_dampened"": 0.88, ""confidence"": 0.85, ""confidence_dampened"": 0.91, ""raw"": 4.805, ""source_url"": ""https://oeffentlichevergabe.de/api/notices/1d3d27e6-85e1-41a8-8e81-d4648b2aae61?format=pdf""}, {""signal_type"": ""zuschlag_gewonnen"", ""event_date"": ""2026-09-29"", ""weight"": 6, ""recency"": 1.0, ""icp_fit_dampened"": 0.88, ""confidence"": 0.72, ""confidence_dampened"": 0.832, ""raw"": 4.393, ""source_url"": ""https://ted.europa.eu/en/notice/-/detail/670575-2026""}]}"
"doctronic","40","{""formula"": ""min(best(weight x recency x fit_d x conf_d) + stacking, cap) / cap x 100"", ""tier"": ""B"", ""icp_fit"": 0.8, ""dampening"": ""fit und confidence wirken auf [0.4 .. 1.0]"", ""signal_count"": 2, ""distinct_signal_types"": [""zuschlag_gewonnen""], ""stacking_bonus"": 0.0, ""driver"": {""signal_type"": ""zuschlag_gewonnen"", ""event_date"": ""2026-09-29"", ""weight"": 6, ""recency"": 1.0, ""icp_fit_dampened"": 0.88, ""confidence"": 0.85, ""confidence_dampened"": 0.91, ""raw"": 4.805, ""source_url"": ""https://oeffentlichevergabe.de/api/notices/46839097-b32f-4401-ae3e-ac54168677e2?format=pdf""}, ""all_signals"": [{""signal_type"": ""zuschlag_gewonnen"", ""event_date"": ""2026-09-29"", ""weight"": 6, ""recency"": 1.0, ""icp_fit_dampened"": 0.88, ""confidence"": 0.85, ""confidence_dampened"": 0.91, ""raw"": 4.805, ""source_url"": ""https://oeffentlichevergabe.de/api/notices/46839097-b32f-4401-ae3e-ac54168677e2?format=pdf""}, {""signal_type"": ""zuschlag_gewonnen"", ""event_date"": ""2026-09-29"", ""weight"": 6, ""recency"": 1.0, ""icp_fit_dampened"": 0.88, ""confidence"": 0.72, ""confidence_dampened"": 0.832, ""raw"": 4.393, ""source_url"": ""https://ted.europa.eu/en/notice/-/detail/669947-2026""}]}"
"microsec zrt","40","{""formula"": ""min(best(weight x recency x fit_d x conf_d) + stacking, cap) / cap x 100"", ""tier"": ""B"", ""icp_fit"": 0.8, ""dampening"": ""fit und confidence wirken auf [0.4 .. 1.0]"", ""signal_count"": 2, ""distinct_signal_types"": [""zuschlag_gewonnen""], ""stacking_bonus"": 0.0, ""driver"": {""signal_type"": ""zuschlag_gewonnen"", ""event_date"": ""2026-09-29"", ""weight"": 6, ""recency"": 1.0, ""icp_fit_dampened"": 0.88, ""confidence"": 0.85, ""confidence_dampened"": 0.91, ""raw"": 4.805, ""source_url"": ""https://oeffentlichevergabe.de/api/notices/de593a2e-efcb-4ae7-bc8b-65d195ed1e11?format=pdf""}, ""all_signals"": [{""signal_type"": ""zuschlag_gewonnen"", ""event_date"": ""2026-09-29"", ""weight"": 6, ""recency"": 1.0, ""icp_fit_dampened"": 0.88, ""confidence"": 0.85, ""confidence_dampened"": 0.91, ""raw"": 4.805, ""source_url"": ""https://oeffentlichevergabe.de/api/notices/de593a2e-efcb-4ae7-bc8b-65d195ed1e11?format=pdf""}, {""signal_type"": ""zuschlag_gewonnen"", ""event_date"": ""2026-09-29"", ""weight"": 6, ""recency"": 1.0, ""icp_fit_dampened"": 0.88, ""confidence"": 0.72, ""confidence_dampened"": 0.832, ""raw"": 4.393, ""source_url"": ""https://ted.europa.eu/en/notice/-/detail/669856-2026""}]}"
"kwb koordinierungsstelle weiterbildung und beschaeftigung","40","{""formula"": ""min(best(weight x recency x fit_d x conf_d) + stacking, cap) / cap x 100"", ""tier"": ""B"", ""icp_fit"": 0.8, ""dampening"": ""fit und confidence wirken auf [0.4 .. 1.0]"", ""signal_count"": 2, ""distinct_signal_types"": [""zuschlag_gewonnen""], ""stacking_bonus"": 0.0, ""driver"": {""signal_type"": ""zuschlag_gewonnen"", ""event_date"": ""2026-09-29"", ""weight"": 6, ""recency"": 1.0, ""icp_fit_dampened"": 0.88, ""confidence"": 0.85, ""confidence_dampened"": 0.91, ""raw"": 4.805, ""source_url"": ""https://oeffentlichevergabe.de/api/notices/e8ecdf92-09fd-418b-b4f1-2a0a8c787f99?format=pdf""}, ""all_signals"": [{""signal_type"": ""zuschlag_gewonnen"", ""event_date"": ""2026-09-29"", ""weight"": 6, ""recency"": 1.0, ""icp_fit_dampened"": 0.88, ""confidence"": 0.85, ""confidence_dampened"": 0.91, ""raw"": 4.805, ""source_url"": ""https://oeffentlichevergabe.de/api/notices/e8ecdf92-09fd-418b-b4f1-2a0a8c787f99?format=pdf""}, {""signal_type"": ""zuschlag_gewonnen"", ""event_date"": ""2026-09-29"", ""weight"": 6, ""recency"": 1.0, ""icp_fit_dampened"": 0.88, ""confidence"": 0.72, ""confidence_dampened"": 0.832, ""raw"": 4.393, ""source_url"": ""https://ted.europa.eu/en/notice/-/detail/669294-2026""}]}"
"ingenics digital","40","{""formula"": ""min(best(weight x recency x fit_d x conf_d) + stacking, cap) / cap x 100"", ""tier"": ""B"", ""icp_fit"": 0.8, ""dampening"": ""fit und confidence wirken auf [0.4 .. 1.0]"", ""signal_count"": 2, ""distinct_signal_types"": [""zuschlag_gewonnen""], ""stacking_bonus"": 0.0, ""driver"": {""signal_type"": ""zuschlag_gewonnen"", ""event_date"": ""2026-09-27"", ""weight"": 6, ""recency"": 1.0, ""icp_fit_dampened"": 0.88, ""confidence"": 0.85, ""confidence_dampened"": 0.91, ""raw"": 4.805, ""source_url"": ""https://oeffentlichevergabe.de/api/notices/031d0b75-5aa7-4c6d-abf6-fc88193ed969?format=pdf""}, ""all_signals"": [{""signal_type"": ""zuschlag_gewonnen"", ""event_date"": ""2026-09-27"", ""weight"": 6, ""recency"": 1.0, ""icp_fit_dampened"": 0.88, ""confidence"": 0.85, ""confidence_dampened"": 0.91, ""raw"": 4.805, ""source_url"": ""https://oeffentlichevergabe.de/api/notices/031d0b75-5aa7-4c6d-abf6-fc88193ed969?format=pdf""}, {""signal_type"": ""zuschlag_gewonnen"", ""event_date"": ""2026-09-28"", ""weight"": 6, ""recency"": 1.0, ""icp_fit_dampened"": 0.88, ""confidence"": 0.72, ""confidence_dampened"": 0.832, ""raw"": 4.393, ""source_url"": ""https://ted.europa.eu/en/notice/-/detail/666703-2026""}]}"
"krieger systemhaus und elektronik","40","{""formula"": ""min(best(weight x recency x fit_d x conf_d) + stacking, cap) / cap x 100"", ""tier"": ""B"", ""icp_fit"": 0.8, ""dampening"": ""fit und confidence wirken auf [0.4 .. 1.0]"", ""signal_count"": 2, ""distinct_signal_types"": [""zuschlag_gewonnen""], ""stacking_bonus"": 0.0, ""driver"": {""signal_type"": ""zuschlag_gewonnen"", ""event_date"": ""2026-09-27"", ""weight"": 6, ""recency"": 1.0, ""icp_fit_dampened"": 0.88, ""confidence"": 0.85, ""confidence_dampened"": 0.91, ""raw"": 4.805, ""source_url"": ""https://oeffentlichevergabe.de/api/notices/25f7cd3d-6f18-498a-9e63-96e48cc39cf7?format=pdf""}, ""all_signals"": [{""signal_type"": ""zuschlag_gewonnen"", ""event_date"": ""2026-09-27"", ""weight"": 6, ""recency"": 1.0, ""icp_fit_dampened"": 0.88, ""confidence"": 0.85, ""confidence_dampened"": 0.91, ""raw"": 4.805, ""source_url"": ""https://oeffentlichevergabe.de/api/notices/25f7cd3d-6f18-498a-9e63-96e48cc39cf7?format=pdf""}, {""signal_type"": ""zuschlag_gewonnen"", ""event_date"": ""2026-09-28"", ""weight"": 6, ""recency"": 1.0, ""icp_fit_dampened"": 0.88, ""confidence"": 0.72, ""confidence_dampened"": 0.832, ""raw"": 4.393, ""source_url"": ""https://ted.europa.eu/en/notice/-/detail/666366-2026""}]}"
"safetec it-systeme vertriebs","40","{""formula"": ""min(best(weight x recency x fit_d x conf_d) + stacking, cap) / cap x 100"", ""tier"": ""B"", ""icp_fit"": 0.8, ""dampening"": ""fit und confidence wirken auf [0.4 .. 1.0]"", ""signal_count"": 2, ""distinct_signal_types"": [""zuschlag_gewonnen""], ""stacking_bonus"": 0.0, ""driver"": {""signal_type"": ""zuschlag_gewonnen"", ""event_date"": ""2026-09-27"", ""weight"": 6, ""recency"": 1.0, ""icp_fit_dampened"": 0.88, ""confidence"": 0.85, ""confidence_dampened"": 0.91, ""raw"": 4.805, ""source_url"": ""https://oeffentlichevergabe.de/api/notices/58b5dcd8-0091-4609-8659-ecb1f069cbea?format=pdf""}, ""all_signals"": [{""signal_type"": ""zuschlag_gewonnen"", ""event_date"": ""2026-09-27"", ""weight"": 6, ""recency"": 1.0, ""icp_fit_dampened"": 0.88, ""confidence"": 0.85, ""confidence_dampened"": 0.91, ""raw"": 4.805, ""source_url"": ""https://oeffentlichevergabe.de/api/notices/58b5dcd8-0091-4609-8659-ecb1f069cbea?format=pdf""}, {""signal_type"": ""zuschlag_gewonnen"", ""event_date"": ""2026-09-28"", ""weight"": 6, ""recency"": 1.0, ""icp_fit_dampened"": 0.88, ""confidence"": 0.72, ""confidence_dampened"": 0.832, ""raw"": 4.393, ""source_url"": ""https://ted.europa.eu/en/notice/-/detail/665811-2026""}]}"
"geocat b v","40","{""formula"": ""min(best(weight x recency x fit_d x conf_d) + stacking, cap) / cap x 100"", ""tier"": ""B"", ""icp_fit"": 0.8, ""dampening"": ""fit und confidence wirken auf [0.4 .. 1.0]"", ""signal_count"": 2, ""distinct_signal_types"": [""zuschlag_gewonnen""], ""stacking_bonus"": 0.0, ""driver"": {""signal_type"": ""zuschlag_gewonnen"", ""event_date"": ""2026-09-27"", ""weight"": 6, ""recency"": 1.0, ""icp_fit_dampened"": 0.88, ""confidence"": 0.85, ""confidence_dampened"": 0.91, ""raw"": 4.805, ""source_url"": ""https://oeffentlichevergabe.de/api/notices/c49165e0-cd8a-499e-b0de-f17c033709c3?format=pdf""}, ""all_signals"": [{""signal_type"": ""zuschlag_gewonnen"", ""event_date"": ""2026-09-27"", ""weight"": 6, ""recency"": 1.0, ""icp_fit_dampened"": 0.88, ""confidence"": 0.85, ""confidence_dampened"": 0.91, ""raw"": 4.805, ""source_url"": ""https://oeffentlichevergabe.de/api/notices/c49165e0-cd8a-499e-b0de-f17c033709c3?format=pdf""}, {""signal_type"": ""zuschlag_gewonnen"", ""event_date"": ""2026-09-28"", ""weight"": 6, ""recency"": 1.0, ""icp_fit_dampened"": 0.88, ""confidence"": 0.72, ""confidence_dampened"": 0.832, ""raw"": 4.393, ""source_url"": ""https://ted.europa.eu/en/notice/-/detail/665678-2026""}]}"
"wbs it servive","40","{""formula"": ""min(best(weight x recency x fit_d x conf_d) + stacking, cap) / cap x 100"", ""tier"": ""B"", ""icp_fit"": 0.8, ""dampening"": ""fit und confidence wirken auf [0.4 .. 1.0]"", ""signal_count"": 2, ""distinct_signal_types"": [""zuschlag_gewonnen""], ""stacking_bonus"": 0.0, ""driver"": {""signal_type"": ""zuschlag_gewonnen"", ""event_date"": ""2026-09-27"", ""weight"": 6, ""recency"": 1.0, ""icp_fit_dampened"": 0.88, ""confidence"": 0.85, ""confidence_dampened"": 0.91, ""raw"": 4.805, ""source_url"": ""https://oeffentlichevergabe.de/api/notices/a488ccb3-2228-40df-9d37-f7c48563369a?format=pdf""}, ""all_signals"": [{""signal_type"": ""zuschlag_gewonnen"", ""event_date"": ""2026-09-27"", ""weight"": 6, ""recency"": 1.0, ""icp_fit_dampened"": 0.88, ""confidence"": 0.85, ""confidence_dampened"": 0.91, ""raw"": 4.805, ""source_url"": ""https://oeffentlichevergabe.de/api/notices/a488ccb3-2228-40df-9d37-f7c48563369a?format=pdf""}, {""signal_type"": ""zuschlag_gewonnen"", ""event_date"": ""2026-09-28"", ""weight"": 6, ""recency"": 1.0, ""icp_fit_dampened"": 0.88, ""confidence"": 0.72, ""confidence_dampened"": 0.832, ""raw"": 4.393, ""source_url"": ""https://ted.europa.eu/en/notice/-/detail/665327-2026""}]}"
"gwt-tud","40","{""formula"": ""min(best(weight x recency x fit_d x conf_d) + stacking, cap) / cap x 100"", ""tier"": ""B"", ""icp_fit"": 0.8, ""dampening"": ""fit und confidence wirken auf [0.4 .. 1.0]"", ""signal_count"": 2, ""distinct_signal_types"": [""zuschlag_gewonnen""], ""stacking_bonus"": 0.0, ""driver"": {""signal_type"": ""zuschlag_gewonnen"", ""event_date"": ""2026-09-27"", ""weight"": 6, ""recency"": 1.0, ""icp_fit_dampened"": 0.88, ""confidence"": 0.85, ""confidence_dampened"": 0.91, ""raw"": 4.805, ""source_url"": ""https://oeffentlichevergabe.de/api/notices/218b482f-aaa9-4930-b175-7d8fe4bc7b71?format=pdf""}, ""all_signals"": [{""signal_type"": ""zuschlag_gewonnen"", ""event_date"": ""2026-09-27"", ""weight"": 6, ""recency"": 1.0, ""icp_fit_dampened"": 0.88, ""confidence"": 0.85, ""confidence_dampened"": 0.91, ""raw"": 4.805, ""source_url"": ""https://oeffentlichevergabe.de/api/notices/218b482f-aaa9-4930-b175-7d8fe4bc7b71?format=pdf""}, {""signal_type"": ""zuschlag_gewonnen"", ""event_date"": ""2026-09-28"", ""weight"": 6, ""recency"": 1.0, ""icp_fit_dampened"": 0.88, ""confidence"": 0.72, ""confidence_dampened"": 0.832, ""raw"": 4.393, ""source_url"": ""https://ted.europa.eu/en/notice/-/detail/664559-2026""}]}"
"4allportal","40","{""formula"": ""min(best(weight x recency x fit_d x conf_d) + stacking, cap) / cap x 100"", ""tier"": ""B"", ""icp_fit"": 0.8, ""dampening"": ""fit und confidence wirken auf [0.4 .. 1.0]"", ""signal_count"": 2, ""distinct_signal_types"": [""zuschlag_gewonnen""], ""stacking_bonus"": 0.0, ""driver"": {""signal_type"": ""zuschlag_gewonnen"", ""event_date"": ""2026-09-27"", ""weight"": 6, ""recency"": 1.0, ""icp_fit_dampened"": 0.88, ""confidence"": 0.85, ""confidence_dampened"": 0.91, ""raw"": 4.805, ""source_url"": ""https://oeffentlichevergabe.de/api/notices/750b97f5-a4b1-4571-be7f-20401677b903?format=pdf""}, ""all_signals"": [{""signal_type"": ""zuschlag_gewonnen"", ""event_date"": ""2026-09-27"", ""weight"": 6, ""recency"": 1.0, ""icp_fit_dampened"": 0.88, ""confidence"": 0.85, ""confidence_dampened"": 0.91, ""raw"": 4.805, ""source_url"": ""https://oeffentlichevergabe.de/api/notices/750b97f5-a4b1-4571-be7f-20401677b903?format=pdf""}, {""signal_type"": ""zuschlag_gewonnen"", ""event_date"": ""2026-09-28"", ""weight"": 6, ""recency"": 1.0, ""icp_fit_dampened"": 0.88, ""confidence"": 0.72, ""confidence_dampened"": 0.832, ""raw"": 4.393, ""source_url"": ""https://ted.europa.eu/en/notice/-/detail/664434-2026""}]}"
"easy-soft gmbh dresden","40","{""formula"": ""min(best(weight x recency x fit_d x conf_d) + stacking, cap) / cap x 100"", ""tier"": ""B"", ""icp_fit"": 0.8, ""dampening"": ""fit und confidence wirken auf [0.4 .. 1.0]"", ""signal_count"": 1, ""distinct_signal_types"": [""zuschlag_gewonnen""], ""stacking_bonus"": 0.0, ""driver"": {""signal_type"": ""zuschlag_gewonnen"", ""event_date"": ""2026-09-27"", ""weight"": 6, ""recency"": 1.0, ""icp_fit_dampened"": 0.88, ""confidence"": 0.85, ""confidence_dampened"": 0.91, ""raw"": 4.805, ""source_url"": ""https://oeffentlichevergabe.de/api/notices/5f674b30-f9a2-483b-ad34-9a991784f6c1?format=pdf""}, ""all_signals"": [{""signal_type"": ""zuschlag_gewonnen"", ""event_date"": ""2026-09-27"", ""weight"": 6, ""recency"": 1.0, ""icp_fit_dampened"": 0.88, ""confidence"": 0.85, ""confidence_dampened"": 0.91, ""raw"": 4.805, ""source_url"": ""https://oeffentlichevergabe.de/api/notices/5f674b30-f9a2-483b-ad34-9a991784f6c1?format=pdf""}]}"
"ebcsoft","40","{""formula"": ""min(best(weight x recency x fit_d x conf_d) + stacking, cap) / cap x 100"", ""tier"": ""B"", ""icp_fit"": 0.8, ""dampening"": ""fit und confidence wirken auf [0.4 .. 1.0]"", ""signal_count"": 2, ""distinct_signal_types"": [""zuschlag_gewonnen""], ""stacking_bonus"": 0.0, ""driver"": {""signal_type"": ""zuschlag_gewonnen"", ""event_date"": ""2026-09-25"", ""weight"": 6, ""recency"": 1.0, ""icp_fit_dampened"": 0.88, ""confidence"": 0.85, ""confidence_dampened"": 0.91, ""raw"": 4.805, ""source_url"": ""https://oeffentlichevergabe.de/api/notices/9a3c2347-e290-436c-9049-95986a5a138f?format=pdf""}, ""all_signals"": [{""signal_type"": ""zuschlag_gewonnen"", ""event_date"": ""2026-09-25"", ""weight"": 6, ""recency"": 1.0, ""icp_fit_dampened"": 0.88, ""confidence"": 0.85, ""confidence_dampened"": 0.91, ""raw"": 4.805, ""source_url"": ""https://oeffentlichevergabe.de/api/notices/9a3c2347-e290-436c-9049-95986a5a138f?format=pdf""}, {""signal_type"": ""zuschlag_gewonnen"", ""event_date"": ""2026-09-25"", ""weight"": 6, ""recency"": 1.0, ""icp_fit_dampened"": 0.88, ""confidence"": 0.72, ""confidence_dampened"": 0.832, ""raw"": 4.393, ""source_url"": ""https://ted.europa.eu/en/notice/-/detail/663300-2026""}]}"
"ubilabs","40","{""formula"": ""min(best(weight x recency x fit_d x conf_d) + stacking, cap) / cap x 100"", ""tier"": ""B"", ""icp_fit"": 0.8, ""dampening"": ""fit und confidence wirken auf [0.4 .. 1.0]"", ""signal_count"": 2, ""distinct_signal_types"": [""zuschlag_gewonnen""], ""stacking_bonus"": 0.0, ""driver"": {""signal_type"": ""zuschlag_gewonnen"", ""event_date"": ""2026-09-25"", ""weight"": 6, ""recency"": 1.0, ""icp_fit_dampened"": 0.88, ""confidence"": 0.85, ""confidence_dampened"": 0.91, ""raw"": 4.805, ""source_url"": ""https://oeffentlichevergabe.de/api/notices/29a360fd-5c54-44bd-83de-ebf3db0c9f30?format=pdf""}, ""all_signals"": [{""signal_type"": ""zuschlag_gewonnen"", ""event_date"": ""2026-09-25"", ""weight"": 6, ""recency"": 1.0, ""icp_fit_dampened"": 0.88, ""confidence"": 0.85, ""confidence_dampened"": 0.91, ""raw"": 4.805, ""source_url"": ""https://oeffentlichevergabe.de/api/notices/29a360fd-5c54-44bd-83de-ebf3db0c9f30?format=pdf""}, {""signal_type"": ""zuschlag_gewonnen"", ""event_date"": ""2026-09-25"", ""weight"": 6, ""recency"": 1.0, ""icp_fit_dampened"": 0.88, ""confidence"": 0.72, ""confidence_dampened"": 0.832, ""raw"": 4.393, ""source_url"": ""https://ted.europa.eu/en/notice/-/detail/663003-2026""}]}"
"kitconcept","40","{""formula"": ""min(best(weight x recency x fit_d x conf_d) + stacking, cap) / cap x 100"", ""tier"": ""B"", ""icp_fit"": 0.8, ""dampening"": ""fit und confidence wirken auf [0.4 .. 1.0]"", ""signal_count"": 2, ""distinct_signal_types"": [""zuschlag_gewonnen""], ""stacking_bonus"": 0.0, ""driver"": {""signal_type"": ""zuschlag_gewonnen"", ""event_date"": ""2026-09-25"", ""weight"": 6, ""recency"": 1.0, ""icp_fit_dampened"": 0.88, ""confidence"": 0.85, ""confidence_dampened"": 0.91, ""raw"": 4.805, ""source_url"": ""https://oeffentlichevergabe.de/api/notices/136a9a6d-266b-4b36-879e-38bdac945eb3?format=pdf""}, ""all_signals"": [{""signal_type"": ""zuschlag_gewonnen"", ""event_date"": ""2026-09-25"", ""weight"": 6, ""recency"": 1.0, ""icp_fit_dampened"": 0.88, ""confidence"": 0.85, ""confidence_dampened"": 0.91, ""raw"": 4.805, ""source_url"": ""https://oeffentlichevergabe.de/api/notices/136a9a6d-266b-4b36-879e-38bdac945eb3?format=pdf""}, {""signal_type"": ""zuschlag_gewonnen"", ""event_date"": ""2026-09-25"", ""weight"": 6, ""recency"": 1.0, ""icp_fit_dampened"": 0.88, ""confidence"": 0.72, ""confidence_dampened"": 0.832, ""raw"": 4.393, ""source_url"": ""https://ted.europa.eu/en/notice/-/detail/662467-2026""}]}"
"in2code","40","{""formula"": ""min(best(weight x recency x fit_d x conf_d) + stacking, cap) / cap x 100"", ""tier"": ""B"", ""icp_fit"": 0.8, ""dampening"": ""fit und confidence wirken auf [0.4 .. 1.0]"", ""signal_count"": 2, ""distinct_signal_types"": [""zuschlag_gewonnen""], ""stacking_bonus"": 0.0, ""driver"": {""signal_type"": ""zuschlag_gewonnen"", ""event_date"": ""2026-09-25"", ""weight"": 6, ""recency"": 1.0, ""icp_fit_dampened"": 0.88, ""confidence"": 0.85, ""confidence_dampened"": 0.91, ""raw"": 4.805, ""source_url"": ""https://oeffentlichevergabe.de/api/notices/2e7e403c-c921-4a5a-8ac1-68d88f3988c2?format=pdf""}, ""all_signals"": [{""signal_type"": ""zuschlag_gewonnen"", ""event_date"": ""2026-09-25"", ""weight"": 6, ""recency"": 1.0, ""icp_fit_dampened"": 0.88, ""confidence"": 0.85, ""confidence_dampened"": 0.91, ""raw"": 4.805, ""source_url"": ""https://oeffentlichevergabe.de/api/notices/2e7e403c-c921-4a5a-8ac1-68d88f3988c2?format=pdf""}, {""signal_type"": ""zuschlag_gewonnen"", ""event_date"": ""2026-09-25"", ""weight"": 6, ""recency"": 1.0, ""icp_fit_dampened"": 0.88, ""confidence"": 0.72, ""confidence_dampened"": 0.832, ""raw"": 4.393, ""source_url"": ""https://ted.europa.eu/en/notice/-/detail/661771-2026""}]}"
"panik button b v","40","{""formula"": ""min(best(weight x recency x fit_d x conf_d) + stacking, cap) / cap x 100"", ""tier"": ""B"", ""icp_fit"": 0.8, ""dampening"": ""fit und confidence wirken auf [0.4 .. 1.0]"", ""signal_count"": 2, ""distinct_signal_types"": [""zuschlag_gewonnen""], ""stacking_bonus"": 0.0, ""driver"": {""signal_type"": ""zuschlag_gewonnen"", ""event_date"": ""2026-09-25"", ""weight"": 6, ""recency"": 1.0, ""icp_fit_dampened"": 0.88, ""confidence"": 0.85, ""confidence_dampened"": 0.91, ""raw"": 4.805, ""source_url"": ""https://oeffentlichevergabe.de/api/notices/0d7cf673-9685-4172-aa9d-06454d55afaa?format=pdf""}, ""all_signals"": [{""signal_type"": ""zuschlag_gewonnen"", ""event_date"": ""2026-09-25"", ""weight"": 6, ""recency"": 1.0, ""icp_fit_dampened"": 0.88, ""confidence"": 0.85, ""confidence_dampened"": 0.91, ""raw"": 4.805, ""source_url"": ""https://oeffentlichevergabe.de/api/notices/0d7cf673-9685-4172-aa9d-06454d55afaa?format=pdf""}, {""signal_type"": ""zuschlag_gewonnen"", ""event_date"": ""2026-09-25"", ""weight"": 6, ""recency"": 1.0, ""icp_fit_dampened"": 0.88, ""confidence"": 0.72, ""confidence_dampened"": 0.832, ""raw"": 4.393, ""source_url"": ""https://ted.europa.eu/en/notice/-/detail/661710-2026""}]}"
"digital control","40","{""formula"": ""min(best(weight x recency x fit_d x conf_d) + stacking, cap) / cap x 100"", ""tier"": ""B"", ""icp_fit"": 0.8, ""dampening"": ""fit und confidence wirken auf [0.4 .. 1.0]"", ""signal_count"": 2, ""distinct_signal_types"": [""zuschlag_gewonnen""], ""stacking_bonus"": 0.0, ""driver"": {""signal_type"": ""zuschlag_gewonnen"", ""event_date"": ""2026-09-25"", ""weight"": 6, ""recency"": 1.0, ""icp_fit_dampened"": 0.88, ""confidence"": 0.85, ""confidence_dampened"": 0.91, ""raw"": 4.805, ""source_url"": ""https://oeffentlichevergabe.de/api/notices/197ec006-dc59-4ddd-810e-26958b3da442?format=pdf""}, ""all_signals"": [{""signal_type"": ""zuschlag_gewonnen"", ""event_date"": ""2026-09-25"", ""weight"": 6, ""recency"": 1.0, ""icp_fit_dampened"": 0.88, ""confidence"": 0.85, ""confidence_dampened"": 0.91, ""raw"": 4.805, ""source_url"": ""https://oeffentlichevergabe.de/api/notices/197ec006-dc59-4ddd-810e-26958b3da442?format=pdf""}, {""signal_type"": ""zuschlag_gewonnen"", ""event_date"": ""2026-09-25"", ""weight"": 6, ""recency"": 1.0, ""icp_fit_dampened"": 0.88, ""confidence"": 0.72, ""confidence_dampened"": 0.832, ""raw"": 4.393, ""source_url"": ""https://ted.europa.eu/en/notice/-/detail/660535-2026""}]}"
"iok","40","{""formula"": ""min(best(weight x recency x fit_d x conf_d) + stacking, cap) / cap x 100"", ""tier"": ""B"", ""icp_fit"": 0.8, ""dampening"": ""fit und confidence wirken auf [0.4 .. 1.0]"", ""signal_count"": 4, ""distinct_signal_types"": [""zuschlag_gewonnen""], ""stacking_bonus"": 0.0, ""driver"": {""signal_type"": ""zuschlag_gewonnen"", ""event_date"": ""2026-09-24"", ""weight"": 6, ""recency"": 1.0, ""icp_fit_dampened"": 0.88, ""confidence"": 0.85, ""confidence_dampened"": 0.91, ""raw"": 4.805, ""source_url"": ""https://oeffentlichevergabe.de/api/notices/2645c478-5511-4781-afa1-5204fa0055b8?format=pdf""}, ""all_signals"": [{""signal_type"": ""zuschlag_gewonnen"", ""event_date"": ""2026-09-24"", ""weight"": 6, ""recency"": 1.0, ""icp_fit_dampened"": 0.88, ""confidence"": 0.85, ""confidence_dampened"": 0.91, ""raw"": 4.805, ""source_url"": ""https://oeffentlichevergabe.de/api/notices/2645c478-5511-4781-afa1-5204fa0055b8?format=pdf""}, {""signal_type"": ""zuschlag_gewonnen"", ""event_date"": ""2026-09-24"", ""weight"": 6, ""recency"": 1.0, ""icp_fit_dampened"": 0.88, ""confidence"": 0.72, ""confidence_dampened"": 0.832, ""raw"": 4.393, ""source_url"": ""https://ted.europa.eu/en/notice/-/detail/658913-2026""}, {""signal_type"": ""zuschlag_gewonnen"", ""event_date"": ""2026-08-11"", ""weight"": 6, ""recency"": 0.4, ""icp_fit_dampened"": 0.88, ""confidence"": 0.85, ""confidence_dampened"": 0.91, ""raw"": 1.922, ""source_url"": ""https://oeffentlichevergabe.de/api/notices/998218e3-1914-4cff-90ad-15020db7fba0?format=pdf""}, {""signal_type"": ""zuschlag_gewonnen"", ""event_date"": ""2026-08-11"", ""weight"": 6, ""recency"": 0.4, ""icp_fit_dampened"": 0.88, ""confidence"": 0.72, ""confidence_dampened"": 0.832, ""raw"": 1.757, ""source_url"": ""https://ted.europa.eu/en/notice/-/detail/556075-2026""}]}"
"dot-it","40","{""formula"": ""min(best(weight x recency x fit_d x conf_d) + stacking, cap) / cap x 100"", ""tier"": ""B"", ""icp_fit"": 0.8, ""dampening"": ""fit und confidence wirken auf [0.4 .. 1.0]"", ""signal_count"": 2, ""distinct_signal_types"": [""zuschlag_gewonnen""], ""stacking_bonus"": 0.0, ""driver"": {""signal_type"": ""zuschlag_gewonnen"", ""event_date"": ""2026-09-24"", ""weight"": 6, ""recency"": 1.0, ""icp_fit_dampened"": 0.88, ""confidence"": 0.85, ""confidence_dampened"": 0.91, ""raw"": 4.805, ""source_url"": ""https://oeffentlichevergabe.de/api/notices/fbd11abd-b8ae-46d3-918f-9572a07a3710?format=pdf""}, ""all_signals"": [{""signal_type"": ""zuschlag_gewonnen"", ""event_date"": ""2026-09-24"", ""weight"": 6, ""recency"": 1.0, ""icp_fit_dampened"": 0.88, ""confidence"": 0.85, ""confidence_dampened"": 0.91, ""raw"": 4.805, ""source_url"": ""https://oeffentlichevergabe.de/api/notices/fbd11abd-b8ae-46d3-918f-9572a07a3710?format=pdf""}, {""signal_type"": ""zuschlag_gewonnen"", ""event_date"": ""2026-09-24"", ""weight"": 6, ""recency"": 1.0, ""icp_fit_dampened"": 0.88, ""confidence"": 0.72, ""confidence_dampened"": 0.832, ""raw"": 4.393, ""source_url"": ""https://ted.europa.eu/en/notice/-/detail/658140-2026""}]}"
"siemens mobility","40","{""formula"": ""min(best(weight x recency x fit_d x conf_d) + stacking, cap) / cap x 100"", ""tier"": ""B"", ""icp_fit"": 0.8, ""dampening"": ""fit und confidence wirken auf [0.4 .. 1.0]"", ""signal_count"": 2, ""distinct_signal_types"": [""zuschlag_gewonnen""], ""stacking_bonus"": 0.0, ""driver"": {""signal_type"": ""zuschlag_gewonnen"", ""event_date"": ""2026-09-24"", ""weight"": 6, ""recency"": 1.0, ""icp_fit_dampened"": 0.88, ""confidence"": 0.85, ""confidence_dampened"": 0.91, ""raw"": 4.805, ""source_url"": ""https://oeffentlichevergabe.de/api/notices/4ac8cbe6-f939-4fd0-990a-912b80e2ba6b?format=pdf""}, ""all_signals"": [{""signal_type"": ""zuschlag_gewonnen"", ""event_date"": ""2026-09-24"", ""weight"": 6, ""recency"": 1.0, ""icp_fit_dampened"": 0.88, ""confidence"": 0.85, ""confidence_dampened"": 0.91, ""raw"": 4.805, ""source_url"": ""https://oeffentlichevergabe.de/api/notices/4ac8cbe6-f939-4fd0-990a-912b80e2ba6b?format=pdf""}, {""signal_type"": ""zuschlag_gewonnen"", ""event_date"": ""2026-09-24"", ""weight"": 6, ""recency"": 1.0, ""icp_fit_dampened"": 0.88, ""confidence"": 0.72, ""confidence_dampened"": 0.832, ""raw"": 4.393, ""source_url"": ""https://ted.europa.eu/en/notice/-/detail/657609-2026""}]}"
"adp employer services","40","{""formula"": ""min(best(weight x recency x fit_d x conf_d) + stacking, cap) / cap x 100"", ""tier"": ""B"", ""icp_fit"": 0.8, ""dampening"": ""fit und confidence wirken auf [0.4 .. 1.0]"", ""signal_count"": 1, ""distinct_signal_types"": [""zuschlag_gewonnen""], ""stacking_bonus"": 0.0, ""driver"": {""signal_type"": ""zuschlag_gewonnen"", ""event_date"": ""2026-09-24"", ""weight"": 6, ""recency"": 1.0, ""icp_fit_dampened"": 0.88, ""confidence"": 0.85, ""confidence_dampened"": 0.91, ""raw"": 4.805, ""source_url"": ""https://oeffentlichevergabe.de/api/notices/1ef24152-712e-4400-bfc8-b677feee5529?format=pdf""}, ""all_signals"": [{""signal_type"": ""zuschlag_gewonnen"", ""event_date"": ""2026-09-24"", ""weight"": 6, ""recency"": 1.0, ""icp_fit_dampened"": 0.88, ""confidence"": 0.85, ""confidence_dampened"": 0.91, ""raw"": 4.805, ""source_url"": ""https://oeffentlichevergabe.de/api/notices/1ef24152-712e-4400-bfc8-b677feee5529?format=pdf""}]}"
"syrcon","40","{""formula"": ""min(best(weight x recency x fit_d x conf_d) + stacking, cap) / cap x 100"", ""tier"": ""B"", ""icp_fit"": 0.8, ""dampening"": ""fit und confidence wirken auf [0.4 .. 1.0]"", ""signal_count"": 2, ""distinct_signal_types"": [""zuschlag_gewonnen""], ""stacking_bonus"": 0.0, ""driver"": {""signal_type"": ""zuschlag_gewonnen"", ""event_date"": ""2026-09-23"", ""weight"": 6, ""recency"": 1.0, ""icp_fit_dampened"": 0.88, ""confidence"": 0.85, ""confidence_dampened"": 0.91, ""raw"": 4.805, ""source_url"": ""https://oeffentlichevergabe.de/api/notices/7dc1be18-23ed-4c55-87fd-a0e7aacbb877?format=pdf""}, ""all_signals"": [{""signal_type"": ""zuschlag_gewonnen"", ""event_date"": ""2026-09-23"", ""weight"": 6, ""recency"": 1.0, ""icp_fit_dampened"": 0.88, ""confidence"": 0.85, ""confidence_dampened"": 0.91, ""raw"": 4.805, ""source_url"": ""https://oeffentlichevergabe.de/api/notices/7dc1be18-23ed-4c55-87fd-a0e7aacbb877?format=pdf""}, {""signal_type"": ""zuschlag_gewonnen"", ""event_date"": ""2026-09-23"", ""weight"": 6, ""recency"": 1.0, ""icp_fit_dampened"": 0.88, ""confidence"": 0.72, ""confidence_dampened"": 0.832, ""raw"": 4.393, ""source_url"": ""https://ted.europa.eu/en/notice/-/detail/656947-2026""}]}"
"qgroup","40","{""formula"": ""min(best(weight x recency x fit_d x conf_d) + stacking, cap) / cap x 100"", ""tier"": ""B"", ""icp_fit"": 0.8, ""dampening"": ""fit und confidence wirken auf [0.4 .. 1.0]"", ""signal_count"": 2, ""distinct_signal_types"": [""zuschlag_gewonnen""], ""stacking_bonus"": 0.0, ""driver"": {""signal_type"": ""zuschlag_gewonnen"", ""event_date"": ""2026-09-23"", ""weight"": 6, ""recency"": 1.0, ""icp_fit_dampened"": 0.88, ""confidence"": 0.85, ""confidence_dampened"": 0.91, ""raw"": 4.805, ""source_url"": ""https://oeffentlichevergabe.de/api/notices/848b2323-82a6-4b31-80a2-2534926273b3?format=pdf""}, ""all_signals"": [{""signal_type"": ""zuschlag_gewonnen"", ""event_date"": ""2026-09-23"", ""weight"": 6, ""recency"": 1.0, ""icp_fit_dampened"": 0.88, ""confidence"": 0.85, ""confidence_dampened"": 0.91, ""raw"": 4.805, ""source_url"": ""https://oeffentlichevergabe.de/api/notices/848b2323-82a6-4b31-80a2-2534926273b3?format=pdf""}, {""signal_type"": ""zuschlag_gewonnen"", ""event_date"": ""2026-09-23"", ""weight"": 6, ""recency"": 1.0, ""icp_fit_dampened"": 0.88, ""confidence"": 0.72, ""confidence_dampened"": 0.832, ""raw"": 4.393, ""source_url"": ""https://ted.europa.eu/en/notice/-/detail/656597-2026""}]}"
"clarivate analytics uk limited","40","{""formula"": ""min(best(weight x recency x fit_d x conf_d) + stacking, cap) / cap x 100"", ""tier"": ""B"", ""icp_fit"": 0.8, ""dampening"": ""fit und confidence wirken auf [0.4 .. 1.0]"", ""signal_count"": 2, ""distinct_signal_types"": [""zuschlag_gewonnen""], ""stacking_bonus"": 0.0, ""driver"": {""signal_type"": ""zuschlag_gewonnen"", ""event_date"": ""2026-09-23"", ""weight"": 6, ""recency"": 1.0, ""icp_fit_dampened"": 0.88, ""confidence"": 0.85, ""confidence_dampened"": 0.91, ""raw"": 4.805, ""source_url"": ""https://oeffentlichevergabe.de/api/notices/77d2925e-7d13-4010-a9f3-47397e630034?format=pdf""}, ""all_signals"": [{""signal_type"": ""zuschlag_gewonnen"", ""event_date"": ""2026-09-23"", ""weight"": 6, ""recency"": 1.0, ""icp_fit_dampened"": 0.88, ""confidence"": 0.85, ""confidence_dampened"": 0.91, ""raw"": 4.805, ""source_url"": ""https://oeffentlichevergabe.de/api/notices/77d2925e-7d13-4010-a9f3-47397e630034?format=pdf""}, {""signal_type"": ""zuschlag_gewonnen"", ""event_date"": ""2026-09-23"", ""weight"": 6, ""recency"": 1.0, ""icp_fit_dampened"": 0.88, ""confidence"": 0.72, ""confidence_dampened"": 0.832, ""raw"": 4.393, ""source_url"": ""https://ted.europa.eu/en/notice/-/detail/656527-2026""}]}"
"maxxys","40","{""formula"": ""min(best(weight x recency x fit_d x conf_d) + stacking, cap) / cap x 100"", ""tier"": ""B"", ""icp_fit"": 0.8, ""dampening"": ""fit und confidence wirken auf [0.4 .. 1.0]"", ""signal_count"": 2, ""distinct_signal_types"": [""zuschlag_gewonnen""], ""stacking_bonus"": 0.0, ""driver"": {""signal_type"": ""zuschlag_gewonnen"", ""event_date"": ""2026-09-23"", ""weight"": 6, ""recency"": 1.0, ""icp_fit_dampened"": 0.88, ""confidence"": 0.85, ""confidence_dampened"": 0.91, ""raw"": 4.805, ""source_url"": ""https://oeffentlichevergabe.de/api/notices/d2162215-24ea-4b68-92e0-6eeb063c28ad?format=pdf""}, ""all_signals"": [{""signal_type"": ""zuschlag_gewonnen"", ""event_date"": ""2026-09-23"", ""weight"": 6, ""recency"": 1.0, ""icp_fit_dampened"": 0.88, ""confidence"": 0.85, ""confidence_dampened"": 0.91, ""raw"": 4.805, ""source_url"": ""https://oeffentlichevergabe.de/api/notices/d2162215-24ea-4b68-92e0-6eeb063c28ad?format=pdf""}, {""signal_type"": ""zuschlag_gewonnen"", ""event_date"": ""2026-09-23"", ""weight"": 6, ""recency"": 1.0, ""icp_fit_dampened"": 0.88, ""confidence"": 0.72, ""confidence_dampened"": 0.832, ""raw"": 4.393, ""source_url"": ""https://ted.europa.eu/en/notice/-/detail/656006-2026""}]}"
"abtis","40","{""formula"": ""min(best(weight x recency x fit_d x conf_d) + stacking, cap) / cap x 100"", ""tier"": ""B"", ""icp_fit"": 0.8, ""dampening"": ""fit und confidence wirken auf [0.4 .. 1.0]"", ""signal_count"": 2, ""distinct_signal_types"": [""zuschlag_gewonnen""], ""stacking_bonus"": 0.0, ""driver"": {""signal_type"": ""zuschlag_gewonnen"", ""event_date"": ""2026-09-23"", ""weight"": 6, ""recency"": 1.0, ""icp_fit_dampened"": 0.88, ""confidence"": 0.85, ""confidence_dampened"": 0.91, ""raw"": 4.805, ""source_url"": ""https://oeffentlichevergabe.de/api/notices/b3edec72-1365-455a-b6da-e3751f625dac?format=pdf""}, ""all_signals"": [{""signal_type"": ""zuschlag_gewonnen"", ""event_date"": ""2026-09-23"", ""weight"": 6, ""recency"": 1.0, ""icp_fit_dampened"": 0.88, ""confidence"": 0.85, ""confidence_dampened"": 0.91, ""raw"": 4.805, ""source_url"": ""https://oeffentlichevergabe.de/api/notices/b3edec72-1365-455a-b6da-e3751f625dac?format=pdf""}, {""signal_type"": ""zuschlag_gewonnen"", ""event_date"": ""2026-09-23"", ""weight"": 6, ""recency"": 1.0, ""icp_fit_dampened"": 0.88, ""confidence"": 0.72, ""confidence_dampened"": 0.832, ""raw"": 4.393, ""source_url"": ""https://ted.europa.eu/en/notice/-/detail/655900-2026""}]}"
"hks systeme","40","{""formula"": ""min(best(weight x recency x fit_d x conf_d) + stacking, cap) / cap x 100"", ""tier"": ""B"", ""icp_fit"": 0.8, ""dampening"": ""fit und confidence wirken auf [0.4 .. 1.0]"", ""signal_count"": 2, ""distinct_signal_types"": [""zuschlag_gewonnen""], ""stacking_bonus"": 0.0, ""driver"": {""signal_type"": ""zuschlag_gewonnen"", ""event_date"": ""2026-09-23"", ""weight"": 6, ""recency"": 1.0, ""icp_fit_dampened"": 0.88, ""confidence"": 0.85, ""confidence_dampened"": 0.91, ""raw"": 4.805, ""source_url"": ""https://oeffentlichevergabe.de/api/notices/a47eead5-0abe-4a67-9301-fc75b71779f5?format=pdf""}, ""all_signals"": [{""signal_type"": ""zuschlag_gewonnen"", ""event_date"": ""2026-09-23"", ""weight"": 6, ""recency"": 1.0, ""icp_fit_dampened"": 0.88, ""confidence"": 0.85, ""confidence_dampened"": 0.91, ""raw"": 4.805, ""source_url"": ""https://oeffentlichevergabe.de/api/notices/a47eead5-0abe-4a67-9301-fc75b71779f5?format=pdf""}, {""signal_type"": ""zuschlag_gewonnen"", ""event_date"": ""2026-09-23"", ""weight"": 6, ""recency"": 1.0, ""icp_fit_dampened"": 0.88, ""confidence"": 0.72, ""confidence_dampened"": 0.832, ""raw"": 4.393, ""source_url"": ""https://ted.europa.eu/en/notice/-/detail/655407-2026""}]}"
"jamoin","40","{""formula"": ""min(best(weight x recency x fit_d x conf_d) + stacking, cap) / cap x 100"", ""tier"": ""B"", ""icp_fit"": 0.8, ""dampening"": ""fit und confidence wirken auf [0.4 .. 1.0]"", ""signal_count"": 2, ""distinct_signal_types"": [""zuschlag_gewonnen""], ""stacking_bonus"": 0.0, ""driver"": {""signal_type"": ""zuschlag_gewonnen"", ""event_date"": ""2026-09-23"", ""weight"": 6, ""recency"": 1.0, ""icp_fit_dampened"": 0.88, ""confidence"": 0.85, ""confidence_dampened"": 0.91, ""raw"": 4.805, ""source_url"": ""https://oeffentlichevergabe.de/api/notices/8256d866-7b4c-40eb-bd8b-22ccd57ef3cd?format=pdf""}, ""all_signals"": [{""signal_type"": ""zuschlag_gewonnen"", ""event_date"": ""2026-09-23"", ""weight"": 6, ""recency"": 1.0, ""icp_fit_dampened"": 0.88, ""confidence"": 0.85, ""confidence_dampened"": 0.91, ""raw"": 4.805, ""source_url"": ""https://oeffentlichevergabe.de/api/notices/8256d866-7b4c-40eb-bd8b-22ccd57ef3cd?format=pdf""}, {""signal_type"": ""zuschlag_gewonnen"", ""event_date"": ""2026-09-23"", ""weight"": 6, ""recency"": 1.0, ""icp_fit_dampened"": 0.88, ""confidence"": 0.72, ""confidence_dampened"": 0.832, ""raw"": 4.393, ""source_url"": ""https://ted.europa.eu/en/notice/-/detail/654903-2026""}]}"
"hello de","40","{""formula"": ""min(best(weight x recency x fit_d x conf_d) + stacking, cap) / cap x 100"", ""tier"": ""B"", ""icp_fit"": 0.8, ""dampening"": ""fit und confidence wirken auf [0.4 .. 1.0]"", ""signal_count"": 2, ""distinct_signal_types"": [""zuschlag_gewonnen""], ""stacking_bonus"": 0.0, ""driver"": {""signal_type"": ""zuschlag_gewonnen"", ""event_date"": ""2026-09-23"", ""weight"": 6, ""recency"": 1.0, ""icp_fit_dampened"": 0.88, ""confidence"": 0.85, ""confidence_dampened"": 0.91, ""raw"": 4.805, ""source_url"": ""https://oeffentlichevergabe.de/api/notices/523e7405-05f6-4e1d-93a4-909dba7221a4?format=pdf""}, ""all_signals"": [{""signal_type"": ""zuschlag_gewonnen"", ""event_date"": ""2026-09-23"", ""weight"": 6, ""recency"": 1.0, ""icp_fit_dampened"": 0.88, ""confidence"": 0.85, ""confidence_dampened"": 0.91, ""raw"": 4.805, ""source_url"": ""https://oeffentlichevergabe.de/api/notices/523e7405-05f6-4e1d-93a4-909dba7221a4?format=pdf""}, {""signal_type"": ""zuschlag_gewonnen"", ""event_date"": ""2026-09-23"", ""weight"": 6, ""recency"": 1.0, ""icp_fit_dampened"": 0.88, ""confidence"": 0.72, ""confidence_dampened"": 0.832, ""raw"": 4.393, ""source_url"": ""https://ted.europa.eu/en/notice/-/detail/654902-2026""}]}"
"yunex","40","{""formula"": ""min(best(weight x recency x fit_d x conf_d) + stacking, cap) / cap x 100"", ""tier"": ""B"", ""icp_fit"": 0.8, ""dampening"": ""fit und confidence wirken auf [0.4 .. 1.0]"", ""signal_count"": 2, ""distinct_signal_types"": [""zuschlag_gewonnen""], ""stacking_bonus"": 0.0, ""driver"": {""signal_type"": ""zuschlag_gewonnen"", ""event_date"": ""2026-09-23"", ""weight"": 6, ""recency"": 1.0, ""icp_fit_dampened"": 0.88, ""confidence"": 0.85, ""confidence_dampened"": 0.91, ""raw"": 4.805, ""source_url"": ""https://oeffentlichevergabe.de/api/notices/6660cbd1-8ac6-494e-bea5-97209119164b?format=pdf""}, ""all_signals"": [{""signal_type"": ""zuschlag_gewonnen"", ""event_date"": ""2026-09-23"", ""weight"": 6, ""recency"": 1.0, ""icp_fit_dampened"": 0.88, ""confidence"": 0.85, ""confidence_dampened"": 0.91, ""raw"": 4.805, ""source_url"": ""https://oeffentlichevergabe.de/api/notices/6660cbd1-8ac6-494e-bea5-97209119164b?format=pdf""}, {""signal_type"": ""zuschlag_gewonnen"", ""event_date"": ""2026-09-23"", ""weight"": 6, ""recency"": 1.0, ""icp_fit_dampened"": 0.88, ""confidence"": 0.72, ""confidence_dampened"": 0.832, ""raw"": 4.393, ""source_url"": ""https://ted.europa.eu/en/notice/-/detail/654451-2026""}]}"
"gonicus","40","{""formula"": ""min(best(weight x recency x fit_d x conf_d) + stacking, cap) / cap x 100"", ""tier"": ""B"", ""icp_fit"": 0.8, ""dampening"": ""fit und confidence wirken auf [0.4 .. 1.0]"", ""signal_count"": 2, ""distinct_signal_types"": [""zuschlag_gewonnen""], ""stacking_bonus"": 0.0, ""driver"": {""signal_type"": ""zuschlag_gewonnen"", ""event_date"": ""2026-09-22"", ""weight"": 6, ""recency"": 1.0, ""icp_fit_dampened"": 0.88, ""confidence"": 0.85, ""confidence_dampened"": 0.91, ""raw"": 4.805, ""source_url"": ""https://oeffentlichevergabe.de/api/notices/13fae2d5-6a0f-48eb-8b4c-6c40955c9f0a?format=pdf""}, ""all_signals"": [{""signal_type"": ""zuschlag_gewonnen"", ""event_date"": ""2026-09-22"", ""weight"": 6, ""recency"": 1.0, ""icp_fit_dampened"": 0.88, ""confidence"": 0.85, ""confidence_dampened"": 0.91, ""raw"": 4.805, ""source_url"": ""https://oeffentlichevergabe.de/api/notices/13fae2d5-6a0f-48eb-8b4c-6c40955c9f0a?format=pdf""}, {""signal_type"": ""zuschlag_gewonnen"", ""event_date"": ""2026-09-22"", ""weight"": 6, ""recency"": 1.0, ""icp_fit_dampened"": 0.88, ""confidence"": 0.72, ""confidence_dampened"": 0.832, ""raw"": 4.393, ""source_url"": ""https://ted.europa.eu/en/notice/-/detail/653551-2026""}]}"
"medialine eurotrade","40","{""formula"": ""min(best(weight x recency x fit_d x conf_d) + stacking, cap) / cap x 100"", ""tier"": ""B"", ""icp_fit"": 0.8, ""dampening"": ""fit und confidence wirken auf [0.4 .. 1.0]"", ""signal_count"": 4, ""distinct_signal_types"": [""zuschlag_gewonnen""], ""stacking_bonus"": 0.0, ""driver"": {""signal_type"": ""zuschlag_gewonnen"", ""event_date"": ""2026-09-22"", ""weight"": 6, ""recency"": 1.0, ""icp_fit_dampened"": 0.88, ""confidence"": 0.85, ""confidence_dampened"": 0.91, ""raw"": 4.805, ""source_url"": ""https://oeffentlichevergabe.de/api/notices/1fb03f97-416b-45ae-82f7-50297430f1b0?format=pdf""}, ""all_signals"": [{""signal_type"": ""zuschlag_gewonnen"", ""event_date"": ""2026-09-22"", ""weight"": 6, ""recency"": 1.0, ""icp_fit_dampened"": 0.88, ""confidence"": 0.85, ""confidence_dampened"": 0.91, ""raw"": 4.805, ""source_url"": ""https://oeffentlichevergabe.de/api/notices/1fb03f97-416b-45ae-82f7-50297430f1b0?format=pdf""}, {""signal_type"": ""zuschlag_gewonnen"", ""event_date"": ""2026-09-22"", ""weight"": 6, ""recency"": 1.0, ""icp_fit_dampened"": 0.88, ""confidence"": 0.72, ""confidence_dampened"": 0.832, ""raw"": 4.393, ""source_url"": ""https://ted.europa.eu/en/notice/-/detail/653432-2026""}, {""signal_type"": ""zuschlag_gewonnen"", ""event_date"": ""2026-08-25"", ""weight"": 6, ""recency"": 0.6, ""icp_fit_dampened"": 0.88, ""confidence"": 0.85, ""confidence_dampened"": 0.91, ""raw"": 2.883, ""source_url"": ""https://oeffentlichevergabe.de/api/notices/a06b91bb-f3b4-4b1b-8b7f-02510ff52370?format=pdf""}, {""signal_type"": ""zuschlag_gewonnen"", ""event_date"": ""2026-08-25"", ""weight"": 6, ""recency"": 0.6, ""icp_fit_dampened"": 0.88, ""confidence"": 0.72, ""confidence_dampened"": 0.832, ""raw"": 2.636, ""source_url"": ""https://ted.europa.eu/en/notice/-/detail/586785-2026""}]}"
"research industrial system engineering","40","{""formula"": ""min(best(weight x recency x fit_d x conf_d) + stacking, cap) / cap x 100"", ""tier"": ""B"", ""icp_fit"": 0.8, ""dampening"": ""fit und confidence wirken auf [0.4 .. 1.0]"", ""signal_count"": 2, ""distinct_signal_types"": [""zuschlag_gewonnen""], ""stacking_bonus"": 0.0, ""driver"": {""signal_type"": ""zuschlag_gewonnen"", ""event_date"": ""2026-09-20"", ""weight"": 6, ""recency"": 1.0, ""icp_fit_dampened"": 0.88, ""confidence"": 0.85, ""confidence_dampened"": 0.91, ""raw"": 4.805, ""source_url"": ""https://oeffentlichevergabe.de/api/notices/abc524a7-ab79-4836-8a5d-04472ac0e592?format=pdf""}, ""all_signals"": [{""signal_type"": ""zuschlag_gewonnen"", ""event_date"": ""2026-09-20"", ""weight"": 6, ""recency"": 1.0, ""icp_fit_dampened"": 0.88, ""confidence"": 0.85, ""confidence_dampened"": 0.91, ""raw"": 4.805, ""source_url"": ""https://oeffentlichevergabe.de/api/notices/abc524a7-ab79-4836-8a5d-04472ac0e592?format=pdf""}, {""signal_type"": ""zuschlag_gewonnen"", ""event_date"": ""2026-09-22"", ""weight"": 6, ""recency"": 1.0, ""icp_fit_dampened"": 0.88, ""confidence"": 0.72, ""confidence_dampened"": 0.832, ""raw"": 4.393, ""source_url"": ""https://ted.europa.eu/en/notice/-/detail/651535-2026""}]}"
"perbility","40","{""formula"": ""min(best(weight x recency x fit_d x conf_d) + stacking, cap) / cap x 100"", ""tier"": ""B"", ""icp_fit"": 0.8, ""dampening"": ""fit und confidence wirken auf [0.4 .. 1.0]"", ""signal_count"": 5, ""distinct_signal_types"": [""zuschlag_gewonnen""], ""stacking_bonus"": 0.0, ""driver"": {""signal_type"": ""zuschlag_gewonnen"", ""event_date"": ""2026-09-22"", ""weight"": 6, ""recency"": 1.0, ""icp_fit_dampened"": 0.88, ""confidence"": 0.85, ""confidence_dampened"": 0.91, ""raw"": 4.805, ""source_url"": ""https://oeffentlichevergabe.de/api/notices/58a4a53b-f4c3-46ae-85b4-90d71eaaa247?format=pdf""}, ""all_signals"": [{""signal_type"": ""zuschlag_gewonnen"", ""event_date"": ""2026-09-22"", ""weight"": 6, ""recency"": 1.0, ""icp_fit_dampened"": 0.88, ""confidence"": 0.85, ""confidence_dampened"": 0.91, ""raw"": 4.805, ""source_url"": ""https://oeffentlichevergabe.de/api/notices/58a4a53b-f4c3-46ae-85b4-90d71eaaa247?format=pdf""}, {""signal_type"": ""zuschlag_gewonnen"", ""event_date"": ""2026-09-22"", ""weight"": 6, ""recency"": 1.0, ""icp_fit_dampened"": 0.88, ""confidence"": 0.72, ""confidence_dampened"": 0.832, ""raw"": 4.393, ""source_url"": ""https://ted.europa.eu/en/notice/-/detail/650356-2026""}, {""signal_type"": ""zuschlag_gewonnen"", ""event_date"": ""2026-08-11"", ""weight"": 6, ""recency"": 0.4, ""icp_fit_dampened"": 0.88, ""confidence"": 0.85, ""confidence_dampened"": 0.91, ""raw"": 1.922, ""source_url"": ""https://oeffentlichevergabe.de/api/notices/4e611813-3a0e-47b4-9045-cd090a65c3b8?format=pdf""}, {""signal_type"": ""zuschlag_gewonnen"", ""event_date"": ""2026-08-11"", ""weight"": 6, ""recency"": 0.4, ""icp_fit_dampened"": 0.88, ""confidence"": 0.72, ""confidence_dampened"": 0.832, ""raw"": 1.757, ""source_url"": ""https://ted.europa.eu/en/notice/-/detail/554092-2026""}, {""signal_type"": ""zuschlag_gewonnen"", ""event_date"": ""2026-08-10"", ""weight"": 6, ""recency"": 0.4, ""icp_fit_dampened"": 0.88, ""confidence"": 0.72, ""confidence_dampened"": 0.832, ""raw"": 1.757, ""source_url"": ""https://ted.europa.eu/en/notice/-/detail/553546-2026""}]}"
"the bristol group","40","{""formula"": ""min(best(weight x recency x fit_d x conf_d) + stacking, cap) / cap x 100"", ""tier"": ""B"", ""icp_fit"": 0.8, ""dampening"": ""fit und confidence wirken auf [0.4 .. 1.0]"", ""signal_count"": 1, ""distinct_signal_types"": [""zuschlag_gewonnen""], ""stacking_bonus"": 0.0, ""driver"": {""signal_type"": ""zuschlag_gewonnen"", ""event_date"": ""2026-09-22"", ""weight"": 6, ""recency"": 1.0, ""icp_fit_dampened"": 0.88, ""confidence"": 0.85, ""confidence_dampened"": 0.91, ""raw"": 4.805, ""source_url"": ""https://oeffentlichevergabe.de/api/notices/0b69ef92-ac61-4700-bfeb-5f8d2c497e53?format=pdf""}, ""all_signals"": [{""signal_type"": ""zuschlag_gewonnen"", ""event_date"": ""2026-09-22"", ""weight"": 6, ""recency"": 1.0, ""icp_fit_dampened"": 0.88, ""confidence"": 0.85, ""confidence_dampened"": 0.91, ""raw"": 4.805, ""source_url"": ""https://oeffentlichevergabe.de/api/notices/0b69ef92-ac61-4700-bfeb-5f8d2c497e53?format=pdf""}]}"
"snapaddy","40","{""formula"": ""min(best(weight x recency x fit_d x conf_d) + stacking, cap) / cap x 100"", ""tier"": ""B"", ""icp_fit"": 0.8, ""dampening"": ""fit und confidence wirken auf [0.4 .. 1.0]"", ""signal_count"": 2, ""distinct_signal_types"": [""zuschlag_gewonnen""], ""stacking_bonus"": 0.0, ""driver"": {""signal_type"": ""zuschlag_gewonnen"", ""event_date"": ""2026-09-20"", ""weight"": 6, ""recency"": 1.0, ""icp_fit_dampened"": 0.88, ""confidence"": 0.85, ""confidence_dampened"": 0.91, ""raw"": 4.805, ""source_url"": ""https://oeffentlichevergabe.de/api/notices/5a040dfa-b3ae-49ec-b12b-2a8bf5a8cbcd?format=pdf""}, ""all_signals"": [{""signal_type"": ""zuschlag_gewonnen"", ""event_date"": ""2026-09-20"", ""weight"": 6, ""recency"": 1.0, ""icp_fit_dampened"": 0.88, ""confidence"": 0.85, ""confidence_dampened"": 0.91, ""raw"": 4.805, ""source_url"": ""https://oeffentlichevergabe.de/api/notices/5a040dfa-b3ae-49ec-b12b-2a8bf5a8cbcd?format=pdf""}, {""signal_type"": ""zuschlag_gewonnen"", ""event_date"": ""2026-09-21"", ""weight"": 6, ""recency"": 1.0, ""icp_fit_dampened"": 0.88, ""confidence"": 0.72, ""confidence_dampened"": 0.832, ""raw"": 4.393, ""source_url"": ""https://ted.europa.eu/en/notice/-/detail/648778-2026""}]}"
"con energy consult","40","{""formula"": ""min(best(weight x recency x fit_d x conf_d) + stacking, cap) / cap x 100"", ""tier"": ""B"", ""icp_fit"": 0.8, ""dampening"": ""fit und confidence wirken auf [0.4 .. 1.0]"", ""signal_count"": 2, ""distinct_signal_types"": [""zuschlag_gewonnen""], ""stacking_bonus"": 0.0, ""driver"": {""signal_type"": ""zuschlag_gewonnen"", ""event_date"": ""2026-09-19"", ""weight"": 6, ""recency"": 1.0, ""icp_fit_dampened"": 0.88, ""confidence"": 0.85, ""confidence_dampened"": 0.91, ""raw"": 4.805, ""source_url"": ""https://oeffentlichevergabe.de/api/notices/346ff015-a09a-4dd9-97ab-0b3a8357b0a5?format=pdf""}, ""all_signals"": [{""signal_type"": ""zuschlag_gewonnen"", ""event_date"": ""2026-09-19"", ""weight"": 6, ""recency"": 1.0, ""icp_fit_dampened"": 0.88, ""confidence"": 0.85, ""confidence_dampened"": 0.91, ""raw"": 4.805, ""source_url"": ""https://oeffentlichevergabe.de/api/notices/346ff015-a09a-4dd9-97ab-0b3a8357b0a5?format=pdf""}, {""signal_type"": ""zuschlag_gewonnen"", ""event_date"": ""2026-09-21"", ""weight"": 6, ""recency"": 1.0, ""icp_fit_dampened"": 0.88, ""confidence"": 0.72, ""confidence_dampened"": 0.832, ""raw"": 4.393, ""source_url"": ""https://ted.europa.eu/en/notice/-/detail/648142-2026""}]}"
"revel8","40","{""formula"": ""min(best(weight x recency x fit_d x conf_d) + stacking, cap) / cap x 100"", ""tier"": ""B"", ""icp_fit"": 0.8, ""dampening"": ""fit und confidence wirken auf [0.4 .. 1.0]"", ""signal_count"": 2, ""distinct_signal_types"": [""zuschlag_gewonnen""], ""stacking_bonus"": 0.0, ""driver"": {""signal_type"": ""zuschlag_gewonnen"", ""event_date"": ""2026-09-20"", ""weight"": 6, ""recency"": 1.0, ""icp_fit_dampened"": 0.88, ""confidence"": 0.85, ""confidence_dampened"": 0.91, ""raw"": 4.805, ""source_url"": ""https://oeffentlichevergabe.de/api/notices/be4f8566-b430-4687-b141-de02c7c215aa?format=pdf""}, ""all_signals"": [{""signal_type"": ""zuschlag_gewonnen"", ""event_date"": ""2026-09-20"", ""weight"": 6, ""recency"": 1.0, ""icp_fit_dampened"": 0.88, ""confidence"": 0.85, ""confidence_dampened"": 0.91, ""raw"": 4.805, ""source_url"": ""https://oeffentlichevergabe.de/api/notices/be4f8566-b430-4687-b141-de02c7c215aa?format=pdf""}, {""signal_type"": ""zuschlag_gewonnen"", ""event_date"": ""2026-09-21"", ""weight"": 6, ""recency"": 1.0, ""icp_fit_dampened"": 0.88, ""confidence"": 0.72, ""confidence_dampened"": 0.832, ""raw"": 4.393, ""source_url"": ""https://ted.europa.eu/en/notice/-/detail/647984-2026""}]}"
"kmg advisory","40","{""formula"": ""min(best(weight x recency x fit_d x conf_d) + stacking, cap) / cap x 100"", ""tier"": ""B"", ""icp_fit"": 0.8, ""dampening"": ""fit und confidence wirken auf [0.4 .. 1.0]"", ""signal_count"": 2, ""distinct_signal_types"": [""zuschlag_gewonnen""], ""stacking_bonus"": 0.0, ""driver"": {""signal_type"": ""zuschlag_gewonnen"", ""event_date"": ""2026-09-20"", ""weight"": 6, ""recency"": 1.0, ""icp_fit_dampened"": 0.88, ""confidence"": 0.85, ""confidence_dampened"": 0.91, ""raw"": 4.805, ""source_url"": ""https://oeffentlichevergabe.de/api/notices/7b886f9d-6a01-4e9a-a4d0-edc00c322161?format=pdf""}, ""all_signals"": [{""signal_type"": ""zuschlag_gewonnen"", ""event_date"": ""2026-09-20"", ""weight"": 6, ""recency"": 1.0, ""icp_fit_dampened"": 0.88, ""confidence"": 0.85, ""confidence_dampened"": 0.91, ""raw"": 4.805, ""source_url"": ""https://oeffentlichevergabe.de/api/notices/7b886f9d-6a01-4e9a-a4d0-edc00c322161?format=pdf""}, {""signal_type"": ""zuschlag_gewonnen"", ""event_date"": ""2026-09-21"", ""weight"": 6, ""recency"": 1.0, ""icp_fit_dampened"": 0.88, ""confidence"": 0.72, ""confidence_dampened"": 0.832, ""raw"": 4.393, ""source_url"": ""https://ted.europa.eu/en/notice/-/detail/647932-2026""}]}"
"uptodate inc","40","{""formula"": ""min(best(weight x recency x fit_d x conf_d) + stacking, cap) / cap x 100"", ""tier"": ""B"", ""icp_fit"": 0.8, ""dampening"": ""fit und confidence wirken auf [0.4 .. 1.0]"", ""signal_count"": 1, ""distinct_signal_types"": [""zuschlag_gewonnen""], ""stacking_bonus"": 0.0, ""driver"": {""signal_type"": ""zuschlag_gewonnen"", ""event_date"": ""2026-09-20"", ""weight"": 6, ""recency"": 1.0, ""icp_fit_dampened"": 0.88, ""confidence"": 0.85, ""confidence_dampened"": 0.91, ""raw"": 4.805, ""source_url"": ""https://oeffentlichevergabe.de/api/notices/b6a182b4-7688-423d-a213-cbcac136d983?format=pdf""}, ""all_signals"": [{""signal_type"": ""zuschlag_gewonnen"", ""event_date"": ""2026-09-20"", ""weight"": 6, ""recency"": 1.0, ""icp_fit_dampened"": 0.88, ""confidence"": 0.85, ""confidence_dampened"": 0.91, ""raw"": 4.805, ""source_url"": ""https://oeffentlichevergabe.de/api/notices/b6a182b4-7688-423d-a213-cbcac136d983?format=pdf""}]}"
"p und i personal und informatik","40","{""formula"": ""min(best(weight x recency x fit_d x conf_d) + stacking, cap) / cap x 100"", ""tier"": ""A"", ""icp_fit"": 1.0, ""dampening"": ""fit und confidence wirken auf [0.4 .. 1.0]"", ""signal_count"": 4, ""distinct_signal_types"": [""zuschlag_gewonnen""], ""stacking_bonus"": 0.0, ""driver"": {""signal_type"": ""zuschlag_gewonnen"", ""event_date"": ""2026-09-10"", ""weight"": 6, ""recency"": 0.8, ""icp_fit_dampened"": 1.0, ""confidence"": 1.0, ""confidence_dampened"": 1.0, ""raw"": 4.8, ""source_url"": ""https://oeffentlichevergabe.de/api/notices/f77c3e6b-5f3f-4e2a-8022-8a94c4c80838?format=pdf""}, ""all_signals"": [{""signal_type"": ""zuschlag_gewonnen"", ""event_date"": ""2026-09-10"", ""weight"": 6, ""recency"": 0.8, ""icp_fit_dampened"": 1.0, ""confidence"": 1.0, ""confidence_dampened"": 1.0, ""raw"": 4.8, ""source_url"": ""https://oeffentlichevergabe.de/api/notices/f77c3e6b-5f3f-4e2a-8022-8a94c4c80838?format=pdf""}, {""signal_type"": ""zuschlag_gewonnen"", ""event_date"": ""2026-09-02"", ""weight"": 6, ""recency"": 0.6, ""icp_fit_dampened"": 1.0, ""confidence"": 0.85, ""confidence_dampened"": 0.91, ""raw"": 3.276, ""source_url"": ""https://oeffentlichevergabe.de/api/notices/a769a114-e3b0-411d-9fb0-6c16aa6af368?format=pdf""}, {""signal_type"": ""zuschlag_gewonnen"", ""event_date"": ""2026-09-02"", ""weight"": 6, ""recency"": 0.6, ""icp_fit_dampened"": 1.0, ""confidence"": 0.72, ""confidence_dampened"": 0.832, ""raw"": 2.995, ""source_url"": ""https://ted.europa.eu/en/notice/-/detail/604288-2026""}, {""signal_type"": ""zuschlag_gewonnen"", ""event_date"": ""2026-08-12"", ""weight"": 6, ""recency"": 0.4, ""icp_fit_dampened"": 1.0, ""confidence"": 0.85, ""confidence_dampened"": 0.91, ""raw"": 2.184, ""source_url"": ""https://oeffentlichevergabe.de/api/notices/3d75664b-456a-45f8-926f-5ad2f0393f53?format=pdf""}]}"
"eomi","40","{""formula"": ""min(best(weight x recency x fit_d x conf_d) + stacking, cap) / cap x 100"", ""tier"": ""A"", ""icp_fit"": 1.0, ""dampening"": ""fit und confidence wirken auf [0.4 .. 1.0]"", ""signal_count"": 2, ""distinct_signal_types"": [""zuschlag_gewonnen""], ""stacking_bonus"": 0.0, ""driver"": {""signal_type"": ""zuschlag_gewonnen"", ""event_date"": ""2026-09-07"", ""weight"": 6, ""recency"": 0.8, ""icp_fit_dampened"": 1.0, ""confidence"": 1.0, ""confidence_dampened"": 1.0, ""raw"": 4.8, ""source_url"": ""https://oeffentlichevergabe.de/api/notices/fa1f8ba9-c078-4344-a194-b8f61c40e44c?format=pdf""}, ""all_signals"": [{""signal_type"": ""zuschlag_gewonnen"", ""event_date"": ""2026-09-07"", ""weight"": 6, ""recency"": 0.8, ""icp_fit_dampened"": 1.0, ""confidence"": 1.0, ""confidence_dampened"": 1.0, ""raw"": 4.8, ""source_url"": ""https://oeffentlichevergabe.de/api/notices/fa1f8ba9-c078-4344-a194-b8f61c40e44c?format=pdf""}, {""signal_type"": ""zuschlag_gewonnen"", ""event_date"": ""2026-09-09"", ""weight"": 6, ""recency"": 0.8, ""icp_fit_dampened"": 1.0, ""confidence"": 0.72, ""confidence_dampened"": 0.832, ""raw"": 3.994, ""source_url"": ""https://ted.europa.eu/en/notice/-/detail/619447-2026""}]}"
"fs elektronik","40","{""formula"": ""min(best(weight x recency x fit_d x conf_d) + stacking, cap) / cap x 100"", ""tier"": ""A"", ""icp_fit"": 1.0, ""dampening"": ""fit und confidence wirken auf [0.4 .. 1.0]"", ""signal_count"": 6, ""distinct_signal_types"": [""zuschlag_gewonnen""], ""stacking_bonus"": 0.0, ""driver"": {""signal_type"": ""zuschlag_gewonnen"", ""event_date"": ""2026-09-07"", ""weight"": 6, ""recency"": 0.8, ""icp_fit_dampened"": 1.0, ""confidence"": 1.0, ""confidence_dampened"": 1.0, ""raw"": 4.8, ""source_url"": ""https://oeffentlichevergabe.de/api/notices/8b5872c4-84cf-48c3-a07c-f94eee564533?format=pdf""}, ""all_signals"": [{""signal_type"": ""zuschlag_gewonnen"", ""event_date"": ""2026-09-07"", ""weight"": 6, ""recency"": 0.8, ""icp_fit_dampened"": 1.0, ""confidence"": 1.0, ""confidence_dampened"": 1.0, ""raw"": 4.8, ""source_url"": ""https://oeffentlichevergabe.de/api/notices/8b5872c4-84cf-48c3-a07c-f94eee564533?format=pdf""}, {""signal_type"": ""zuschlag_gewonnen"", ""event_date"": ""2026-09-07"", ""weight"": 6, ""recency"": 0.8, ""icp_fit_dampened"": 1.0, ""confidence"": 1.0, ""confidence_dampened"": 1.0, ""raw"": 4.8, ""source_url"": ""https://oeffentlichevergabe.de/api/notices/8b5872c4-84cf-48c3-a07c-f94eee564533?format=pdf""}, {""signal_type"": ""zuschlag_gewonnen"", ""event_date"": ""2026-09-07"", ""weight"": 6, ""recency"": 0.8, ""icp_fit_dampened"": 1.0, ""confidence"": 1.0, ""confidence_dampened"": 1.0, ""raw"": 4.8, ""source_url"": ""https://oeffentlichevergabe.de/api/notices/8b5872c4-84cf-48c3-a07c-f94eee564533?format=pdf""}, {""signal_type"": ""zuschlag_gewonnen"", ""event_date"": ""2026-09-07"", ""weight"": 6, ""recency"": 0.8, ""icp_fit_dampened"": 1.0, ""confidence"": 1.0, ""confidence_dampened"": 1.0, ""raw"": 4.8, ""source_url"": ""https://oeffentlichevergabe.de/api/notices/8b5872c4-84cf-48c3-a07c-f94eee564533?format=pdf""}, {""signal_type"": ""zuschlag_gewonnen"", ""event_date"": ""2026-09-07"", ""weight"": 6, ""recency"": 0.8, ""icp_fit_dampened"": 1.0, ""confidence"": 1.0, ""confidence_dampened"": 1.0, ""raw"": 4.8, ""source_url"": ""https://oeffentlichevergabe.de/api/notices/8b5872c4-84cf-48c3-a07c-f94eee564533?format=pdf""}]}"
"gantner electronic gmbh deutschland","37","{""formula"": ""min(best(weight x recency x fit_d x conf_d) + stacking, cap) / cap x 100"", ""tier"": ""B"", ""icp_fit"": 0.8, ""dampening"": ""fit und confidence wirken auf [0.4 .. 1.0]"", ""signal_count"": 1, ""distinct_signal_types"": [""zuschlag_gewonnen""], ""stacking_bonus"": 0.0, ""driver"": {""signal_type"": ""zuschlag_gewonnen"", ""event_date"": ""2026-10-01"", ""weight"": 6, ""recency"": 1.0, ""icp_fit_dampened"": 0.88, ""confidence"": 0.72, ""confidence_dampened"": 0.832, ""raw"": 4.393, ""source_url"": ""https://ted.europa.eu/en/notice/-/detail/677277-2026""}, ""all_signals"": [{""signal_type"": ""zuschlag_gewonnen"", ""event_date"": ""2026-10-01"", ""weight"": 6, ""recency"": 1.0, ""icp_fit_dampened"": 0.88, ""confidence"": 0.72, ""confidence_dampened"": 0.832, ""raw"": 4.393, ""source_url"": ""https://ted.europa.eu/en/notice/-/detail/677277-2026""}]}"
"raid media systems","37","{""formula"": ""min(best(weight x recency x fit_d x conf_d) + stacking, cap) / cap x 100"", ""tier"": ""B"", ""icp_fit"": 0.8, ""dampening"": ""fit und confidence wirken auf [0.4 .. 1.0]"", ""signal_count"": 1, ""distinct_signal_types"": [""zuschlag_gewonnen""], ""stacking_bonus"": 0.0, ""driver"": {""signal_type"": ""zuschlag_gewonnen"", ""event_date"": ""2026-10-01"", ""weight"": 6, ""recency"": 1.0, ""icp_fit_dampened"": 0.88, ""confidence"": 0.72, ""confidence_dampened"": 0.832, ""raw"": 4.393, ""source_url"": ""https://ted.europa.eu/en/notice/-/detail/675743-2026""}, ""all_signals"": [{""signal_type"": ""zuschlag_gewonnen"", ""event_date"": ""2026-10-01"", ""weight"": 6, ""recency"": 1.0, ""icp_fit_dampened"": 0.88, ""confidence"": 0.72, ""confidence_dampened"": 0.832, ""raw"": 4.393, ""source_url"": ""https://ted.europa.eu/en/notice/-/detail/675743-2026""}]}"
"teamative germany","37","{""formula"": ""min(best(weight x recency x fit_d x conf_d) + stacking, cap) / cap x 100"", ""tier"": ""B"", ""icp_fit"": 0.8, ""dampening"": ""fit und confidence wirken auf [0.4 .. 1.0]"", ""signal_count"": 7, ""distinct_signal_types"": [""zuschlag_gewonnen""], ""stacking_bonus"": 0.0, ""driver"": {""signal_type"": ""zuschlag_gewonnen"", ""event_date"": ""2026-09-24"", ""weight"": 6, ""recency"": 1.0, ""icp_fit_dampened"": 0.88, ""confidence"": 0.72, ""confidence_dampened"": 0.832, ""raw"": 4.393, ""source_url"": ""https://ted.europa.eu/en/notice/-/detail/659765-2026""}, ""all_signals"": [{""signal_type"": ""zuschlag_gewonnen"", ""event_date"": ""2026-09-24"", ""weight"": 6, ""recency"": 1.0, ""icp_fit_dampened"": 0.88, ""confidence"": 0.72, ""confidence_dampened"": 0.832, ""raw"": 4.393, ""source_url"": ""https://ted.europa.eu/en/notice/-/detail/659765-2026""}, {""signal_type"": ""zuschlag_gewonnen"", ""event_date"": ""2026-09-18"", ""weight"": 6, ""recency"": 0.8, ""icp_fit_dampened"": 0.88, ""confidence"": 1.0, ""confidence_dampened"": 1.0, ""raw"": 4.224, ""source_url"": ""https://oeffentlichevergabe.de/api/notices/542f5485-40f4-46a7-aa2a-98d2d9fe1d2a?format=pdf""}, {""signal_type"": ""zuschlag_gewonnen"", ""event_date"": ""2026-09-18"", ""weight"": 6, ""recency"": 0.8, ""icp_fit_dampened"": 0.88, ""confidence"": 1.0, ""confidence_dampened"": 1.0, ""raw"": 4.224, ""source_url"": ""https://oeffentlichevergabe.de/api/notices/542f5485-40f4-46a7-aa2a-98d2d9fe1d2a?format=pdf""}, {""signal_type"": ""zuschlag_gewonnen"", ""event_date"": ""2026-09-18"", ""weight"": 6, ""recency"": 0.8, ""icp_fit_dampened"": 0.88, ""confidence"": 1.0, ""confidence_dampened"": 1.0, ""raw"": 4.224, ""source_url"": ""https://oeffentlichevergabe.de/api/notices/542f5485-40f4-46a7-aa2a-98d2d9fe1d2a?format=pdf""}, {""signal_type"": ""zuschlag_gewonnen"", ""event_date"": ""2026-09-18"", ""weight"": 6, ""recency"": 0.8, ""icp_fit_dampened"": 0.88, ""confidence"": 1.0, ""confidence_dampened"": 1.0, ""raw"": 4.224, ""source_url"": ""https://oeffentlichevergabe.de/api/notices/542f5485-40f4-46a7-aa2a-98d2d9fe1d2a?format=pdf""}]}"
"acn associated consulting network","37","{""formula"": ""min(best(weight x recency x fit_d x conf_d) + stacking, cap) / cap x 100"", ""tier"": ""B"", ""icp_fit"": 0.8, ""dampening"": ""fit und confidence wirken auf [0.4 .. 1.0]"", ""signal_count"": 7, ""distinct_signal_types"": [""zuschlag_gewonnen""], ""stacking_bonus"": 0.0, ""driver"": {""signal_type"": ""zuschlag_gewonnen"", ""event_date"": ""2026-09-24"", ""weight"": 6, ""recency"": 1.0, ""icp_fit_dampened"": 0.88, ""confidence"": 0.72, ""confidence_dampened"": 0.832, ""raw"": 4.393, ""source_url"": ""https://ted.europa.eu/en/notice/-/detail/659765-2026""}, ""all_signals"": [{""signal_type"": ""zuschlag_gewonnen"", ""event_date"": ""2026-09-24"", ""weight"": 6, ""recency"": 1.0, ""icp_fit_dampened"": 0.88, ""confidence"": 0.72, ""confidence_dampened"": 0.832, ""raw"": 4.393, ""source_url"": ""https://ted.europa.eu/en/notice/-/detail/659765-2026""}, {""signal_type"": ""zuschlag_gewonnen"", ""event_date"": ""2026-09-18"", ""weight"": 6, ""recency"": 0.8, ""icp_fit_dampened"": 0.88, ""confidence"": 1.0, ""confidence_dampened"": 1.0, ""raw"": 4.224, ""source_url"": ""https://oeffentlichevergabe.de/api/notices/542f5485-40f4-46a7-aa2a-98d2d9fe1d2a?format=pdf""}, {""signal_type"": ""zuschlag_gewonnen"", ""event_date"": ""2026-09-18"", ""weight"": 6, ""recency"": 0.8, ""icp_fit_dampened"": 0.88, ""confidence"": 1.0, ""confidence_dampened"": 1.0, ""raw"": 4.224, ""source_url"": ""https://oeffentlichevergabe.de/api/notices/542f5485-40f4-46a7-aa2a-98d2d9fe1d2a?format=pdf""}, {""signal_type"": ""zuschlag_gewonnen"", ""event_date"": ""2026-09-18"", ""weight"": 6, ""recency"": 0.8, ""icp_fit_dampened"": 0.88, ""confidence"": 1.0, ""confidence_dampened"": 1.0, ""raw"": 4.224, ""source_url"": ""https://oeffentlichevergabe.de/api/notices/542f5485-40f4-46a7-aa2a-98d2d9fe1d2a?format=pdf""}, {""signal_type"": ""zuschlag_gewonnen"", ""event_date"": ""2026-09-18"", ""weight"": 6, ""recency"": 0.8, ""icp_fit_dampened"": 0.88, ""confidence"": 1.0, ""confidence_dampened"": 1.0, ""raw"": 4.224, ""source_url"": ""https://oeffentlichevergabe.de/api/notices/542f5485-40f4-46a7-aa2a-98d2d9fe1d2a?format=pdf""}]}"
"iicm consulting","37","{""formula"": ""min(best(weight x recency x fit_d x conf_d) + stacking, cap) / cap x 100"", ""tier"": ""B"", ""icp_fit"": 0.8, ""dampening"": ""fit und confidence wirken auf [0.4 .. 1.0]"", ""signal_count"": 7, ""distinct_signal_types"": [""zuschlag_gewonnen""], ""stacking_bonus"": 0.0, ""driver"": {""signal_type"": ""zuschlag_gewonnen"", ""event_date"": ""2026-09-24"", ""weight"": 6, ""recency"": 1.0, ""icp_fit_dampened"": 0.88, ""confidence"": 0.72, ""confidence_dampened"": 0.832, ""raw"": 4.393, ""source_url"": ""https://ted.europa.eu/en/notice/-/detail/659765-2026""}, ""all_signals"": [{""signal_type"": ""zuschlag_gewonnen"", ""event_date"": ""2026-09-24"", ""weight"": 6, ""recency"": 1.0, ""icp_fit_dampened"": 0.88, ""confidence"": 0.72, ""confidence_dampened"": 0.832, ""raw"": 4.393, ""source_url"": ""https://ted.europa.eu/en/notice/-/detail/659765-2026""}, {""signal_type"": ""zuschlag_gewonnen"", ""event_date"": ""2026-09-18"", ""weight"": 6, ""recency"": 0.8, ""icp_fit_dampened"": 0.88, ""confidence"": 1.0, ""confidence_dampened"": 1.0, ""raw"": 4.224, ""source_url"": ""https://oeffentlichevergabe.de/api/notices/542f5485-40f4-46a7-aa2a-98d2d9fe1d2a?format=pdf""}, {""signal_type"": ""zuschlag_gewonnen"", ""event_date"": ""2026-09-18"", ""weight"": 6, ""recency"": 0.8, ""icp_fit_dampened"": 0.88, ""confidence"": 1.0, ""confidence_dampened"": 1.0, ""raw"": 4.224, ""source_url"": ""https://oeffentlichevergabe.de/api/notices/542f5485-40f4-46a7-aa2a-98d2d9fe1d2a?format=pdf""}, {""signal_type"": ""zuschlag_gewonnen"", ""event_date"": ""2026-09-18"", ""weight"": 6, ""recency"": 0.8, ""icp_fit_dampened"": 0.88, ""confidence"": 1.0, ""confidence_dampened"": 1.0, ""raw"": 4.224, ""source_url"": ""https://oeffentlichevergabe.de/api/notices/542f5485-40f4-46a7-aa2a-98d2d9fe1d2a?format=pdf""}, {""signal_type"": ""zuschlag_gewonnen"", ""event_date"": ""2026-09-18"", ""weight"": 6, ""recency"": 0.8, ""icp_fit_dampened"": 0.88, ""confidence"": 1.0, ""confidence_dampened"": 1.0, ""raw"": 4.224, ""source_url"": ""https://oeffentlichevergabe.de/api/notices/542f5485-40f4-46a7-aa2a-98d2d9fe1d2a?format=pdf""}]}"
"big cube","37","{""formula"": ""min(best(weight x recency x fit_d x conf_d) + stacking, cap) / cap x 100"", ""tier"": ""B"", ""icp_fit"": 0.8, ""dampening"": ""fit und confidence wirken auf [0.4 .. 1.0]"", ""signal_count"": 7, ""distinct_signal_types"": [""zuschlag_gewonnen""], ""stacking_bonus"": 0.0, ""driver"": {""signal_type"": ""zuschlag_gewonnen"", ""event_date"": ""2026-09-24"", ""weight"": 6, ""recency"": 1.0, ""icp_fit_dampened"": 0.88, ""confidence"": 0.72, ""confidence_dampened"": 0.832, ""raw"": 4.393, ""source_url"": ""https://ted.europa.eu/en/notice/-/detail/659765-2026""}, ""all_signals"": [{""signal_type"": ""zuschlag_gewonnen"", ""event_date"": ""2026-09-24"", ""weight"": 6, ""recency"": 1.0, ""icp_fit_dampened"": 0.88, ""confidence"": 0.72, ""confidence_dampened"": 0.832, ""raw"": 4.393, ""source_url"": ""https://ted.europa.eu/en/notice/-/detail/659765-2026""}, {""signal_type"": ""zuschlag_gewonnen"", ""event_date"": ""2026-09-18"", ""weight"": 6, ""recency"": 0.8, ""icp_fit_dampened"": 0.88, ""confidence"": 1.0, ""confidence_dampened"": 1.0, ""raw"": 4.224, ""source_url"": ""https://oeffentlichevergabe.de/api/notices/542f5485-40f4-46a7-aa2a-98d2d9fe1d2a?format=pdf""}, {""signal_type"": ""zuschlag_gewonnen"", ""event_date"": ""2026-09-18"", ""weight"": 6, ""recency"": 0.8, ""icp_fit_dampened"": 0.88, ""confidence"": 1.0, ""confidence_dampened"": 1.0, ""raw"": 4.224, ""source_url"": ""https://oeffentlichevergabe.de/api/notices/542f5485-40f4-46a7-aa2a-98d2d9fe1d2a?format=pdf""}, {""signal_type"": ""zuschlag_gewonnen"", ""event_date"": ""2026-09-18"", ""weight"": 6, ""recency"": 0.8, ""icp_fit_dampened"": 0.88, ""confidence"": 1.0, ""confidence_dampened"": 1.0, ""raw"": 4.224, ""source_url"": ""https://oeffentlichevergabe.de/api/notices/542f5485-40f4-46a7-aa2a-98d2d9fe1d2a?format=pdf""}, {""signal_type"": ""zuschlag_gewonnen"", ""event_date"": ""2026-09-18"", ""weight"": 6, ""recency"": 0.8, ""icp_fit_dampened"": 0.88, ""confidence"": 1.0, ""confidence_dampened"": 1.0, ""raw"": 4.224, ""source_url"": ""https://oeffentlichevergabe.de/api/notices/542f5485-40f4-46a7-aa2a-98d2d9fe1d2a?format=pdf""}]}"
"wavestone","37","{""formula"": ""min(best(weight x recency x fit_d x conf_d) + stacking, cap) / cap x 100"", ""tier"": ""B"", ""icp_fit"": 0.8, ""dampening"": ""fit und confidence wirken auf [0.4 .. 1.0]"", ""signal_count"": 7, ""distinct_signal_types"": [""zuschlag_gewonnen""], ""stacking_bonus"": 0.0, ""driver"": {""signal_type"": ""zuschlag_gewonnen"", ""event_date"": ""2026-09-24"", ""weight"": 6, ""recency"": 1.0, ""icp_fit_dampened"": 0.88, ""confidence"": 0.72, ""confidence_dampened"": 0.832, ""raw"": 4.393, ""source_url"": ""https://ted.europa.eu/en/notice/-/detail/659765-2026""}, ""all_signals"": [{""signal_type"": ""zuschlag_gewonnen"", ""event_date"": ""2026-09-24"", ""weight"": 6, ""recency"": 1.0, ""icp_fit_dampened"": 0.88, ""confidence"": 0.72, ""confidence_dampened"": 0.832, ""raw"": 4.393, ""source_url"": ""https://ted.europa.eu/en/notice/-/detail/659765-2026""}, {""signal_type"": ""zuschlag_gewonnen"", ""event_date"": ""2026-09-18"", ""weight"": 6, ""recency"": 0.8, ""icp_fit_dampened"": 0.88, ""confidence"": 1.0, ""confidence_dampened"": 1.0, ""raw"": 4.224, ""source_url"": ""https://oeffentlichevergabe.de/api/notices/542f5485-40f4-46a7-aa2a-98d2d9fe1d2a?format=pdf""}, {""signal_type"": ""zuschlag_gewonnen"", ""event_date"": ""2026-09-18"", ""weight"": 6, ""recency"": 0.8, ""icp_fit_dampened"": 0.88, ""confidence"": 1.0, ""confidence_dampened"": 1.0, ""raw"": 4.224, ""source_url"": ""https://oeffentlichevergabe.de/api/notices/542f5485-40f4-46a7-aa2a-98d2d9fe1d2a?format=pdf""}, {""signal_type"": ""zuschlag_gewonnen"", ""event_date"": ""2026-09-18"", ""weight"": 6, ""recency"": 0.8, ""icp_fit_dampened"": 0.88, ""confidence"": 1.0, ""confidence_dampened"": 1.0, ""raw"": 4.224, ""source_url"": ""https://oeffentlichevergabe.de/api/notices/542f5485-40f4-46a7-aa2a-98d2d9fe1d2a?format=pdf""}, {""signal_type"": ""zuschlag_gewonnen"", ""event_date"": ""2026-09-18"", ""weight"": 6, ""recency"": 0.8, ""icp_fit_dampened"": 0.88, ""confidence"": 1.0, ""confidence_dampened"": 1.0, ""raw"": 4.224, ""source_url"": ""https://oeffentlichevergabe.de/api/notices/542f5485-40f4-46a7-aa2a-98d2d9fe1d2a?format=pdf""}]}"
"projekt0708","37","{""formula"": ""min(best(weight x recency x fit_d x conf_d) + stacking, cap) / cap x 100"", ""tier"": ""B"", ""icp_fit"": 0.8, ""dampening"": ""fit und confidence wirken auf [0.4 .. 1.0]"", ""signal_count"": 7, ""distinct_signal_types"": [""zuschlag_gewonnen""], ""stacking_bonus"": 0.0, ""driver"": {""signal_type"": ""zuschlag_gewonnen"", ""event_date"": ""2026-09-24"", ""weight"": 6, ""recency"": 1.0, ""icp_fit_dampened"": 0.88, ""confidence"": 0.72, ""confidence_dampened"": 0.832, ""raw"": 4.393, ""source_url"": ""https://ted.europa.eu/en/notice/-/detail/659765-2026""}, ""all_signals"": [{""signal_type"": ""zuschlag_gewonnen"", ""event_date"": ""2026-09-24"", ""weight"": 6, ""recency"": 1.0, ""icp_fit_dampened"": 0.88, ""confidence"": 0.72, ""confidence_dampened"": 0.832, ""raw"": 4.393, ""source_url"": ""https://ted.europa.eu/en/notice/-/detail/659765-2026""}, {""signal_type"": ""zuschlag_gewonnen"", ""event_date"": ""2026-09-18"", ""weight"": 6, ""recency"": 0.8, ""icp_fit_dampened"": 0.88, ""confidence"": 1.0, ""confidence_dampened"": 1.0, ""raw"": 4.224, ""source_url"": ""https://oeffentlichevergabe.de/api/notices/542f5485-40f4-46a7-aa2a-98d2d9fe1d2a?format=pdf""}, {""signal_type"": ""zuschlag_gewonnen"", ""event_date"": ""2026-09-18"", ""weight"": 6, ""recency"": 0.8, ""icp_fit_dampened"": 0.88, ""confidence"": 1.0, ""confidence_dampened"": 1.0, ""raw"": 4.224, ""source_url"": ""https://oeffentlichevergabe.de/api/notices/542f5485-40f4-46a7-aa2a-98d2d9fe1d2a?format=pdf""}, {""signal_type"": ""zuschlag_gewonnen"", ""event_date"": ""2026-09-18"", ""weight"": 6, ""recency"": 0.8, ""icp_fit_dampened"": 0.88, ""confidence"": 1.0, ""confidence_dampened"": 1.0, ""raw"": 4.224, ""source_url"": ""https://oeffentlichevergabe.de/api/notices/542f5485-40f4-46a7-aa2a-98d2d9fe1d2a?format=pdf""}, {""signal_type"": ""zuschlag_gewonnen"", ""event_date"": ""2026-09-18"", ""weight"": 6, ""recency"": 0.8, ""icp_fit_dampened"": 0.88, ""confidence"": 1.0, ""confidence_dampened"": 1.0, ""raw"": 4.224, ""source_url"": ""https://oeffentlichevergabe.de/api/notices/542f5485-40f4-46a7-aa2a-98d2d9fe1d2a?format=pdf""}]}"
"logodata erfurt","37","{""formula"": ""min(best(weight x recency x fit_d x conf_d) + stacking, cap) / cap x 100"", ""tier"": ""B"", ""icp_fit"": 0.8, ""dampening"": ""fit und confidence wirken auf [0.4 .. 1.0]"", ""signal_count"": 2, ""distinct_signal_types"": [""zuschlag_gewonnen""], ""stacking_bonus"": 0.0, ""driver"": {""signal_type"": ""zuschlag_gewonnen"", ""event_date"": ""2026-09-24"", ""weight"": 6, ""recency"": 1.0, ""icp_fit_dampened"": 0.88, ""confidence"": 0.72, ""confidence_dampened"": 0.832, ""raw"": 4.393, ""source_url"": ""https://ted.europa.eu/en/notice/-/detail/659288-2026""}, ""all_signals"": [{""signal_type"": ""zuschlag_gewonnen"", ""event_date"": ""2026-09-24"", ""weight"": 6, ""recency"": 1.0, ""icp_fit_dampened"": 0.88, ""confidence"": 0.72, ""confidence_dampened"": 0.832, ""raw"": 4.393, ""source_url"": ""https://ted.europa.eu/en/notice/-/detail/659288-2026""}, {""signal_type"": ""zuschlag_gewonnen"", ""event_date"": ""2026-09-10"", ""weight"": 6, ""recency"": 0.8, ""icp_fit_dampened"": 0.88, ""confidence"": 1.0, ""confidence_dampened"": 1.0, ""raw"": 4.224, ""source_url"": ""https://oeffentlichevergabe.de/api/notices/8ff61baa-d8c4-42ca-9ecb-b722ebef95f3?format=pdf""}]}"
"consulting insire","37","{""formula"": ""min(best(weight x recency x fit_d x conf_d) + stacking, cap) / cap x 100"", ""tier"": ""B"", ""icp_fit"": 0.8, ""dampening"": ""fit und confidence wirken auf [0.4 .. 1.0]"", ""signal_count"": 2, ""distinct_signal_types"": [""zuschlag_gewonnen""], ""stacking_bonus"": 0.0, ""driver"": {""signal_type"": ""zuschlag_gewonnen"", ""event_date"": ""2026-09-24"", ""weight"": 6, ""recency"": 1.0, ""icp_fit_dampened"": 0.88, ""confidence"": 0.72, ""confidence_dampened"": 0.832, ""raw"": 4.393, ""source_url"": ""https://ted.europa.eu/en/notice/-/detail/658883-2026""}, ""all_signals"": [{""signal_type"": ""zuschlag_gewonnen"", ""event_date"": ""2026-09-24"", ""weight"": 6, ""recency"": 1.0, ""icp_fit_dampened"": 0.88, ""confidence"": 0.72, ""confidence_dampened"": 0.832, ""raw"": 4.393, ""source_url"": ""https://ted.europa.eu/en/notice/-/detail/658883-2026""}, {""signal_type"": ""zuschlag_gewonnen"", ""event_date"": ""2026-09-15"", ""weight"": 6, ""recency"": 0.8, ""icp_fit_dampened"": 0.88, ""confidence"": 1.0, ""confidence_dampened"": 1.0, ""raw"": 4.224, ""source_url"": ""https://oeffentlichevergabe.de/api/notices/91f51c22-5dfd-4876-9774-861da91429c5?format=pdf""}]}"
"skaylink","37","{""formula"": ""min(best(weight x recency x fit_d x conf_d) + stacking, cap) / cap x 100"", ""tier"": ""B"", ""icp_fit"": 0.8, ""dampening"": ""fit und confidence wirken auf [0.4 .. 1.0]"", ""signal_count"": 2, ""distinct_signal_types"": [""zuschlag_gewonnen""], ""stacking_bonus"": 0.0, ""driver"": {""signal_type"": ""zuschlag_gewonnen"", ""event_date"": ""2026-09-23"", ""weight"": 6, ""recency"": 1.0, ""icp_fit_dampened"": 0.88, ""confidence"": 0.72, ""confidence_dampened"": 0.832, ""raw"": 4.393, ""source_url"": ""https://ted.europa.eu/en/notice/-/detail/656708-2026""}, ""all_signals"": [{""signal_type"": ""zuschlag_gewonnen"", ""event_date"": ""2026-09-23"", ""weight"": 6, ""recency"": 1.0, ""icp_fit_dampened"": 0.88, ""confidence"": 0.72, ""confidence_dampened"": 0.832, ""raw"": 4.393, ""source_url"": ""https://ted.europa.eu/en/notice/-/detail/656708-2026""}, {""signal_type"": ""zuschlag_gewonnen"", ""event_date"": ""2026-09-18"", ""weight"": 6, ""recency"": 0.8, ""icp_fit_dampened"": 0.88, ""confidence"": 1.0, ""confidence_dampened"": 1.0, ""raw"": 4.224, ""source_url"": ""https://oeffentlichevergabe.de/api/notices/36bf4039-f3ba-46a6-b0f8-2a25b6d8881d?format=pdf""}]}"
"ceyoniq technology","37","{""formula"": ""min(best(weight x recency x fit_d x conf_d) + stacking, cap) / cap x 100"", ""tier"": ""B"", ""icp_fit"": 0.8, ""dampening"": ""fit und confidence wirken auf [0.4 .. 1.0]"", ""signal_count"": 2, ""distinct_signal_types"": [""zuschlag_gewonnen""], ""stacking_bonus"": 0.0, ""driver"": {""signal_type"": ""zuschlag_gewonnen"", ""event_date"": ""2026-09-21"", ""weight"": 6, ""recency"": 1.0, ""icp_fit_dampened"": 0.88, ""confidence"": 0.72, ""confidence_dampened"": 0.832, ""raw"": 4.393, ""source_url"": ""https://ted.europa.eu/en/notice/-/detail/649857-2026""}, ""all_signals"": [{""signal_type"": ""zuschlag_gewonnen"", ""event_date"": ""2026-09-21"", ""weight"": 6, ""recency"": 1.0, ""icp_fit_dampened"": 0.88, ""confidence"": 0.72, ""confidence_dampened"": 0.832, ""raw"": 4.393, ""source_url"": ""https://ted.europa.eu/en/notice/-/detail/649857-2026""}, {""signal_type"": ""zuschlag_gewonnen"", ""event_date"": ""2026-08-21"", ""weight"": 6, ""recency"": 0.4, ""icp_fit_dampened"": 0.88, ""confidence"": 1.0, ""confidence_dampened"": 1.0, ""raw"": 2.112, ""source_url"": ""https://oeffentlichevergabe.de/api/notices/24c77c5b-7ef6-4b3e-aa8c-99708e70081c?format=pdf""}]}"
"aixom","37","{""formula"": ""min(best(weight x recency x fit_d x conf_d) + stacking, cap) / cap x 100"", ""tier"": ""B"", ""icp_fit"": 0.8, ""dampening"": ""fit und confidence wirken auf [0.4 .. 1.0]"", ""signal_count"": 2, ""distinct_signal_types"": [""zuschlag_gewonnen""], ""stacking_bonus"": 0.0, ""driver"": {""signal_type"": ""zuschlag_gewonnen"", ""event_date"": ""2026-09-21"", ""weight"": 6, ""recency"": 1.0, ""icp_fit_dampened"": 0.88, ""confidence"": 0.72, ""confidence_dampened"": 0.832, ""raw"": 4.393, ""source_url"": ""https://ted.europa.eu/en/notice/-/detail/647679-2026""}, ""all_signals"": [{""signal_type"": ""zuschlag_gewonnen"", ""event_date"": ""2026-09-21"", ""weight"": 6, ""recency"": 1.0, ""icp_fit_dampened"": 0.88, ""confidence"": 0.72, ""confidence_dampened"": 0.832, ""raw"": 4.393, ""source_url"": ""https://ted.europa.eu/en/notice/-/detail/647679-2026""}, {""signal_type"": ""zuschlag_gewonnen"", ""event_date"": ""2026-09-14"", ""weight"": 6, ""recency"": 0.8, ""icp_fit_dampened"": 0.88, ""confidence"": 1.0, ""confidence_dampened"": 1.0, ""raw"": 4.224, ""source_url"": ""https://oeffentlichevergabe.de/api/notices/8d6c4fd9-dd19-45e1-af91-0039b016a311?format=pdf""}]}"
"telefonica germany gmbh und co","37","{""formula"": ""min(best(weight x recency x fit_d x conf_d) + stacking, cap) / cap x 100"", ""tier"": ""A"", ""icp_fit"": 1.0, ""dampening"": ""fit und confidence wirken auf [0.4 .. 1.0]"", ""signal_count"": 4, ""distinct_signal_types"": [""teilnahme_belegt"", ""zuschlag_gewonnen""], ""stacking_bonus"": 2.0, ""driver"": {""signal_type"": ""zuschlag_gewonnen"", ""event_date"": ""2026-08-17"", ""weight"": 6, ""recency"": 0.4, ""icp_fit_dampened"": 1.0, ""confidence"": 1.0, ""confidence_dampened"": 1.0, ""raw"": 2.4, ""source_url"": ""https://oeffentlichevergabe.de/api/notices/49865307-44e7-448e-99cb-d7dd7c6bb5af?format=pdf""}, ""all_signals"": [{""signal_type"": ""zuschlag_gewonnen"", ""event_date"": ""2026-08-17"", ""weight"": 6, ""recency"": 0.4, ""icp_fit_dampened"": 1.0, ""confidence"": 1.0, ""confidence_dampened"": 1.0, ""raw"": 2.4, ""source_url"": ""https://oeffentlichevergabe.de/api/notices/49865307-44e7-448e-99cb-d7dd7c6bb5af?format=pdf""}, {""signal_type"": ""zuschlag_gewonnen"", ""event_date"": ""2026-08-21"", ""weight"": 6, ""recency"": 0.4, ""icp_fit_dampened"": 1.0, ""confidence"": 0.72, ""confidence_dampened"": 0.832, ""raw"": 1.997, ""source_url"": ""https://ted.europa.eu/en/notice/-/detail/579376-2026""}, {""signal_type"": ""zuschlag_gewonnen"", ""event_date"": ""2026-08-12"", ""weight"": 6, ""recency"": 0.4, ""icp_fit_dampened"": 1.0, ""confidence"": 0.72, ""confidence_dampened"": 0.832, ""raw"": 1.997, ""source_url"": ""https://ted.europa.eu/en/notice/-/detail/559127-2026""}, {""signal_type"": ""teilnahme_belegt"", ""event_date"": ""2026-08-12"", ""weight"": 5, ""recency"": 0.4, ""icp_fit_dampened"": 1.0, ""confidence"": 0.85, ""confidence_dampened"": 0.91, ""raw"": 1.82, ""source_url"": ""https://oeffentlichevergabe.de/api/notices/41e5b711-4bb6-4c06-ba4d-17895f0ce5a8?format=pdf""}]}"
"eurofunk kappacher","36","{""formula"": ""min(best(weight x recency x fit_d x conf_d) + stacking, cap) / cap x 100"", ""tier"": ""A"", ""icp_fit"": 1.0, ""dampening"": ""fit und confidence wirken auf [0.4 .. 1.0]"", ""signal_count"": 2, ""distinct_signal_types"": [""zuschlag_gewonnen""], ""stacking_bonus"": 0.0, ""driver"": {""signal_type"": ""zuschlag_gewonnen"", ""event_date"": ""2026-09-18"", ""weight"": 6, ""recency"": 0.8, ""icp_fit_dampened"": 1.0, ""confidence"": 0.85, ""confidence_dampened"": 0.91, ""raw"": 4.368, ""source_url"": ""https://oeffentlichevergabe.de/api/notices/344f4cea-e927-4268-9bc9-38fd2e39ef42?format=pdf""}, ""all_signals"": [{""signal_type"": ""zuschlag_gewonnen"", ""event_date"": ""2026-09-18"", ""weight"": 6, ""recency"": 0.8, ""icp_fit_dampened"": 1.0, ""confidence"": 0.85, ""confidence_dampened"": 0.91, ""raw"": 4.368, ""source_url"": ""https://oeffentlichevergabe.de/api/notices/344f4cea-e927-4268-9bc9-38fd2e39ef42?format=pdf""}, {""signal_type"": ""zuschlag_gewonnen"", ""event_date"": ""2026-09-18"", ""weight"": 6, ""recency"": 0.8, ""icp_fit_dampened"": 1.0, ""confidence"": 0.72, ""confidence_dampened"": 0.832, ""raw"": 3.994, ""source_url"": ""https://ted.europa.eu/en/notice/-/detail/645070-2026""}]}"
"h und g hansen und gieraths edv vertriebsgesellschaft","36","{""formula"": ""min(best(weight x recency x fit_d x conf_d) + stacking, cap) / cap x 100"", ""tier"": ""A"", ""icp_fit"": 1.0, ""dampening"": ""fit und confidence wirken auf [0.4 .. 1.0]"", ""signal_count"": 2, ""distinct_signal_types"": [""zuschlag_gewonnen""], ""stacking_bonus"": 0.0, ""driver"": {""signal_type"": ""zuschlag_gewonnen"", ""event_date"": ""2026-09-18"", ""weight"": 6, ""recency"": 0.8, ""icp_fit_dampened"": 1.0, ""confidence"": 0.85, ""confidence_dampened"": 0.91, ""raw"": 4.368, ""source_url"": ""https://oeffentlichevergabe.de/api/notices/7c431a09-f86e-4e0c-bce2-e41caf5c84ba?format=pdf""}, ""all_signals"": [{""signal_type"": ""zuschlag_gewonnen"", ""event_date"": ""2026-09-18"", ""weight"": 6, ""recency"": 0.8, ""icp_fit_dampened"": 1.0, ""confidence"": 0.85, ""confidence_dampened"": 0.91, ""raw"": 4.368, ""source_url"": ""https://oeffentlichevergabe.de/api/notices/7c431a09-f86e-4e0c-bce2-e41caf5c84ba?format=pdf""}, {""signal_type"": ""zuschlag_gewonnen"", ""event_date"": ""2026-09-18"", ""weight"": 6, ""recency"": 0.8, ""icp_fit_dampened"": 1.0, ""confidence"": 0.72, ""confidence_dampened"": 0.832, ""raw"": 3.994, ""source_url"": ""https://ted.europa.eu/en/notice/-/detail/643831-2026""}]}"
"basys brinova","36","{""formula"": ""min(best(weight x recency x fit_d x conf_d) + stacking, cap) / cap x 100"", ""tier"": ""A"", ""icp_fit"": 1.0, ""dampening"": ""fit und confidence wirken auf [0.4 .. 1.0]"", ""signal_count"": 2, ""distinct_signal_types"": [""zuschlag_gewonnen""], ""stacking_bonus"": 0.0, ""driver"": {""signal_type"": ""zuschlag_gewonnen"", ""event_date"": ""2026-09-18"", ""weight"": 6, ""recency"": 0.8, ""icp_fit_dampened"": 1.0, ""confidence"": 0.85, ""confidence_dampened"": 0.91, ""raw"": 4.368, ""source_url"": ""https://oeffentlichevergabe.de/api/notices/a893bff6-4e74-4d58-8ec9-75d3c6733e04?format=pdf""}, ""all_signals"": [{""signal_type"": ""zuschlag_gewonnen"", ""event_date"": ""2026-09-18"", ""weight"": 6, ""recency"": 0.8, ""icp_fit_dampened"": 1.0, ""confidence"": 0.85, ""confidence_dampened"": 0.91, ""raw"": 4.368, ""source_url"": ""https://oeffentlichevergabe.de/api/notices/a893bff6-4e74-4d58-8ec9-75d3c6733e04?format=pdf""}, {""signal_type"": ""zuschlag_gewonnen"", ""event_date"": ""2026-09-18"", ""weight"": 6, ""recency"": 0.8, ""icp_fit_dampened"": 1.0, ""confidence"": 0.72, ""confidence_dampened"": 0.832, ""raw"": 3.994, ""source_url"": ""https://ted.europa.eu/en/notice/-/detail/643685-2026""}]}"
"the mathworks","36","{""formula"": ""min(best(weight x recency x fit_d x conf_d) + stacking, cap) / cap x 100"", ""tier"": ""A"", ""icp_fit"": 1.0, ""dampening"": ""fit und confidence wirken auf [0.4 .. 1.0]"", ""signal_count"": 4, ""distinct_signal_types"": [""zuschlag_gewonnen""], ""stacking_bonus"": 0.0, ""driver"": {""signal_type"": ""zuschlag_gewonnen"", ""event_date"": ""2026-09-18"", ""weight"": 6, ""recency"": 0.8, ""icp_fit_dampened"": 1.0, ""confidence"": 0.85, ""confidence_dampened"": 0.91, ""raw"": 4.368, ""source_url"": ""https://oeffentlichevergabe.de/api/notices/10220f26-9d3a-45fd-9dde-0d49623dc2ba?format=pdf""}, ""all_signals"": [{""signal_type"": ""zuschlag_gewonnen"", ""event_date"": ""2026-09-18"", ""weight"": 6, ""recency"": 0.8, ""icp_fit_dampened"": 1.0, ""confidence"": 0.85, ""confidence_dampened"": 0.91, ""raw"": 4.368, ""source_url"": ""https://oeffentlichevergabe.de/api/notices/10220f26-9d3a-45fd-9dde-0d49623dc2ba?format=pdf""}, {""signal_type"": ""zuschlag_gewonnen"", ""event_date"": ""2026-09-13"", ""weight"": 6, ""recency"": 0.8, ""icp_fit_dampened"": 1.0, ""confidence"": 0.85, ""confidence_dampened"": 0.91, ""raw"": 4.368, ""source_url"": ""https://oeffentlichevergabe.de/api/notices/0eb1a8c1-36ea-40fe-995d-639ff0bfc0ab?format=pdf""}, {""signal_type"": ""zuschlag_gewonnen"", ""event_date"": ""2026-09-18"", ""weight"": 6, ""recency"": 0.8, ""icp_fit_dampened"": 1.0, ""confidence"": 0.72, ""confidence_dampened"": 0.832, ""raw"": 3.994, ""source_url"": ""https://ted.europa.eu/en/notice/-/detail/643488-2026""}, {""signal_type"": ""zuschlag_gewonnen"", ""event_date"": ""2026-09-14"", ""weight"": 6, ""recency"": 0.8, ""icp_fit_dampened"": 1.0, ""confidence"": 0.72, ""confidence_dampened"": 0.832, ""raw"": 3.994, ""source_url"": ""https://ted.europa.eu/en/notice/-/detail/630359-2026""}]}"
"motorola solutions germany","36","{""formula"": ""min(best(weight x recency x fit_d x conf_d) + stacking, cap) / cap x 100"", ""tier"": ""A"", ""icp_fit"": 1.0, ""dampening"": ""fit und confidence wirken auf [0.4 .. 1.0]"", ""signal_count"": 2, ""distinct_signal_types"": [""zuschlag_gewonnen""], ""stacking_bonus"": 0.0, ""driver"": {""signal_type"": ""zuschlag_gewonnen"", ""event_date"": ""2026-09-16"", ""weight"": 6, ""recency"": 0.8, ""icp_fit_dampened"": 1.0, ""confidence"": 0.85, ""confidence_dampened"": 0.91, ""raw"": 4.368, ""source_url"": ""https://oeffentlichevergabe.de/api/notices/8a5794f3-558e-4156-86a7-1950acb1d1e6?format=pdf""}, ""all_signals"": [{""signal_type"": ""zuschlag_gewonnen"", ""event_date"": ""2026-09-16"", ""weight"": 6, ""recency"": 0.8, ""icp_fit_dampened"": 1.0, ""confidence"": 0.85, ""confidence_dampened"": 0.91, ""raw"": 4.368, ""source_url"": ""https://oeffentlichevergabe.de/api/notices/8a5794f3-558e-4156-86a7-1950acb1d1e6?format=pdf""}, {""signal_type"": ""zuschlag_gewonnen"", ""event_date"": ""2026-09-16"", ""weight"": 6, ""recency"": 0.8, ""icp_fit_dampened"": 1.0, ""confidence"": 0.72, ""confidence_dampened"": 0.832, ""raw"": 3.994, ""source_url"": ""https://ted.europa.eu/en/notice/-/detail/638294-2026""}]}"
"infodas","36","{""formula"": ""min(best(weight x recency x fit_d x conf_d) + stacking, cap) / cap x 100"", ""tier"": ""A"", ""icp_fit"": 1.0, ""dampening"": ""fit und confidence wirken auf [0.4 .. 1.0]"", ""signal_count"": 2, ""distinct_signal_types"": [""zuschlag_gewonnen""], ""stacking_bonus"": 0.0, ""driver"": {""signal_type"": ""zuschlag_gewonnen"", ""event_date"": ""2026-09-16"", ""weight"": 6, ""recency"": 0.8, ""icp_fit_dampened"": 1.0, ""confidence"": 0.85, ""confidence_dampened"": 0.91, ""raw"": 4.368, ""source_url"": ""https://oeffentlichevergabe.de/api/notices/e79bb7f2-a797-4169-abb8-05686d80f70c?format=pdf""}, ""all_signals"": [{""signal_type"": ""zuschlag_gewonnen"", ""event_date"": ""2026-09-16"", ""weight"": 6, ""recency"": 0.8, ""icp_fit_dampened"": 1.0, ""confidence"": 0.85, ""confidence_dampened"": 0.91, ""raw"": 4.368, ""source_url"": ""https://oeffentlichevergabe.de/api/notices/e79bb7f2-a797-4169-abb8-05686d80f70c?format=pdf""}, {""signal_type"": ""zuschlag_gewonnen"", ""event_date"": ""2026-09-16"", ""weight"": 6, ""recency"": 0.8, ""icp_fit_dampened"": 1.0, ""confidence"": 0.72, ""confidence_dampened"": 0.832, ""raw"": 3.994, ""source_url"": ""https://ted.europa.eu/en/notice/-/detail/638250-2026""}]}"
"prisma european capacity platform","36","{""formula"": ""min(best(weight x recency x fit_d x conf_d) + stacking, cap) / cap x 100"", ""tier"": ""A"", ""icp_fit"": 1.0, ""dampening"": ""fit und confidence wirken auf [0.4 .. 1.0]"", ""signal_count"": 19, ""distinct_signal_types"": [""zuschlag_gewonnen""], ""stacking_bonus"": 0.0, ""driver"": {""signal_type"": ""zuschlag_gewonnen"", ""event_date"": ""2026-09-16"", ""weight"": 6, ""recency"": 0.8, ""icp_fit_dampened"": 1.0, ""confidence"": 0.85, ""confidence_dampened"": 0.91, ""raw"": 4.368, ""source_url"": ""https://oeffentlichevergabe.de/api/notices/0438fc4d-f4e0-43f1-8124-783654473a06?format=pdf""}, ""all_signals"": [{""signal_type"": ""zuschlag_gewonnen"", ""event_date"": ""2026-09-16"", ""weight"": 6, ""recency"": 0.8, ""icp_fit_dampened"": 1.0, ""confidence"": 0.85, ""confidence_dampened"": 0.91, ""raw"": 4.368, ""source_url"": ""https://oeffentlichevergabe.de/api/notices/0438fc4d-f4e0-43f1-8124-783654473a06?format=pdf""}, {""signal_type"": ""zuschlag_gewonnen"", ""event_date"": ""2026-09-16"", ""weight"": 6, ""recency"": 0.8, ""icp_fit_dampened"": 1.0, ""confidence"": 0.72, ""confidence_dampened"": 0.832, ""raw"": 3.994, ""source_url"": ""https://ted.europa.eu/en/notice/-/detail/636938-2026""}, {""signal_type"": ""zuschlag_gewonnen"", ""event_date"": ""2026-09-07"", ""weight"": 6, ""recency"": 0.8, ""icp_fit_dampened"": 1.0, ""confidence"": 0.72, ""confidence_dampened"": 0.832, ""raw"": 3.994, ""source_url"": ""https://ted.europa.eu/en/notice/-/detail/613603-2026""}, {""signal_type"": ""zuschlag_gewonnen"", ""event_date"": ""2026-09-03"", ""weight"": 6, ""recency"": 0.6, ""icp_fit_dampened"": 1.0, ""confidence"": 0.85, ""confidence_dampened"": 0.91, ""raw"": 3.276, ""source_url"": ""https://oeffentlichevergabe.de/api/notices/6885eb00-699d-4e68-8619-c3a5a263cf50?format=pdf""}, {""signal_type"": ""zuschlag_gewonnen"", ""event_date"": ""2026-09-03"", ""weight"": 6, ""recency"": 0.6, ""icp_fit_dampened"": 1.0, ""confidence"": 0.85, ""confidence_dampened"": 0.91, ""raw"": 3.276, ""source_url"": ""https://oeffentlichevergabe.de/api/notices/3ba32017-48f1-4f23-b115-99c51c3f2dcd?format=pdf""}]}"
"tradex systems oue","36","{""formula"": ""min(best(weight x recency x fit_d x conf_d) + stacking, cap) / cap x 100"", ""tier"": ""A"", ""icp_fit"": 1.0, ""dampening"": ""fit und confidence wirken auf [0.4 .. 1.0]"", ""signal_count"": 4, ""distinct_signal_types"": [""zuschlag_gewonnen""], ""stacking_bonus"": 0.0, ""driver"": {""signal_type"": ""zuschlag_gewonnen"", ""event_date"": ""2026-09-13"", ""weight"": 6, ""recency"": 0.8, ""icp_fit_dampened"": 1.0, ""confidence"": 0.85, ""confidence_dampened"": 0.91, ""raw"": 4.368, ""source_url"": ""https://oeffentlichevergabe.de/api/notices/97b391cb-8244-4d5c-8df9-d74094c1309e?format=pdf""}, ""all_signals"": [{""signal_type"": ""zuschlag_gewonnen"", ""event_date"": ""2026-09-13"", ""weight"": 6, ""recency"": 0.8, ""icp_fit_dampened"": 1.0, ""confidence"": 0.85, ""confidence_dampened"": 0.91, ""raw"": 4.368, ""source_url"": ""https://oeffentlichevergabe.de/api/notices/97b391cb-8244-4d5c-8df9-d74094c1309e?format=pdf""}, {""signal_type"": ""zuschlag_gewonnen"", ""event_date"": ""2026-09-14"", ""weight"": 6, ""recency"": 0.8, ""icp_fit_dampened"": 1.0, ""confidence"": 0.72, ""confidence_dampened"": 0.832, ""raw"": 3.994, ""source_url"": ""https://ted.europa.eu/en/notice/-/detail/630037-2026""}, {""signal_type"": ""zuschlag_gewonnen"", ""event_date"": ""2026-08-18"", ""weight"": 6, ""recency"": 0.4, ""icp_fit_dampened"": 1.0, ""confidence"": 0.85, ""confidence_dampened"": 0.91, ""raw"": 2.184, ""source_url"": ""https://oeffentlichevergabe.de/api/notices/fda716c0-e6fa-4f2a-acae-aefacc9e616b?format=pdf""}, {""signal_type"": ""zuschlag_gewonnen"", ""event_date"": ""2026-08-18"", ""weight"": 6, ""recency"": 0.4, ""icp_fit_dampened"": 1.0, ""confidence"": 0.72, ""confidence_dampened"": 0.832, ""raw"": 1.997, ""source_url"": ""https://ted.europa.eu/en/notice/-/detail/570597-2026""}]}"
"picture","36","{""formula"": ""min(best(weight x recency x fit_d x conf_d) + stacking, cap) / cap x 100"", ""tier"": ""A"", ""icp_fit"": 1.0, ""dampening"": ""fit und confidence wirken auf [0.4 .. 1.0]"", ""signal_count"": 1, ""distinct_signal_types"": [""zuschlag_gewonnen""], ""stacking_bonus"": 0.0, ""driver"": {""signal_type"": ""zuschlag_gewonnen"", ""event_date"": ""2026-09-12"", ""weight"": 6, ""recency"": 0.8, ""icp_fit_dampened"": 1.0, ""confidence"": 0.85, ""confidence_dampened"": 0.91, ""raw"": 4.368, ""source_url"": ""https://oeffentlichevergabe.de/api/notices/7b64fd5a-0e3e-43f3-964b-21d5679b54f6?format=pdf""}, ""all_signals"": [{""signal_type"": ""zuschlag_gewonnen"", ""event_date"": ""2026-09-12"", ""weight"": 6, ""recency"": 0.8, ""icp_fit_dampened"": 1.0, ""confidence"": 0.85, ""confidence_dampened"": 0.91, ""raw"": 4.368, ""source_url"": ""https://oeffentlichevergabe.de/api/notices/7b64fd5a-0e3e-43f3-964b-21d5679b54f6?format=pdf""}]}"
"dslmobil","36","{""formula"": ""min(best(weight x recency x fit_d x conf_d) + stacking, cap) / cap x 100"", ""tier"": ""A"", ""icp_fit"": 1.0, ""dampening"": ""fit und confidence wirken auf [0.4 .. 1.0]"", ""signal_count"": 2, ""distinct_signal_types"": [""zuschlag_gewonnen""], ""stacking_bonus"": 0.0, ""driver"": {""signal_type"": ""zuschlag_gewonnen"", ""event_date"": ""2026-09-11"", ""weight"": 6, ""recency"": 0.8, ""icp_fit_dampened"": 1.0, ""confidence"": 0.85, ""confidence_dampened"": 0.91, ""raw"": 4.368, ""source_url"": ""https://oeffentlichevergabe.de/api/notices/4ff73d1e-0e94-437d-90c4-1f3c2c929e3f?format=pdf""}, ""all_signals"": [{""signal_type"": ""zuschlag_gewonnen"", ""event_date"": ""2026-09-11"", ""weight"": 6, ""recency"": 0.8, ""icp_fit_dampened"": 1.0, ""confidence"": 0.85, ""confidence_dampened"": 0.91, ""raw"": 4.368, ""source_url"": ""https://oeffentlichevergabe.de/api/notices/4ff73d1e-0e94-437d-90c4-1f3c2c929e3f?format=pdf""}, {""signal_type"": ""zuschlag_gewonnen"", ""event_date"": ""2026-09-11"", ""weight"": 6, ""recency"": 0.8, ""icp_fit_dampened"": 1.0, ""confidence"": 0.72, ""confidence_dampened"": 0.832, ""raw"": 3.994, ""source_url"": ""https://ted.europa.eu/en/notice/-/detail/626181-2026""}]}"
"ntt germany","36","{""formula"": ""min(best(weight x recency x fit_d x conf_d) + stacking, cap) / cap x 100"", ""tier"": ""A"", ""icp_fit"": 1.0, ""dampening"": ""fit und confidence wirken auf [0.4 .. 1.0]"", ""signal_count"": 5, ""distinct_signal_types"": [""zuschlag_gewonnen""], ""stacking_bonus"": 0.0, ""driver"": {""signal_type"": ""zuschlag_gewonnen"", ""event_date"": ""2026-09-10"", ""weight"": 6, ""recency"": 0.8, ""icp_fit_dampened"": 1.0, ""confidence"": 0.85, ""confidence_dampened"": 0.91, ""raw"": 4.368, ""source_url"": ""https://oeffentlichevergabe.de/api/notices/c1e52fad-e3e9-483f-8fcc-1812eff24ff9?format=pdf""}, ""all_signals"": [{""signal_type"": ""zuschlag_gewonnen"", ""event_date"": ""2026-09-10"", ""weight"": 6, ""recency"": 0.8, ""icp_fit_dampened"": 1.0, ""confidence"": 0.85, ""confidence_dampened"": 0.91, ""raw"": 4.368, ""source_url"": ""https://oeffentlichevergabe.de/api/notices/c1e52fad-e3e9-483f-8fcc-1812eff24ff9?format=pdf""}, {""signal_type"": ""zuschlag_gewonnen"", ""event_date"": ""2026-09-10"", ""weight"": 6, ""recency"": 0.8, ""icp_fit_dampened"": 1.0, ""confidence"": 0.72, ""confidence_dampened"": 0.832, ""raw"": 3.994, ""source_url"": ""https://ted.europa.eu/en/notice/-/detail/624091-2026""}, {""signal_type"": ""zuschlag_gewonnen"", ""event_date"": ""2026-09-09"", ""weight"": 6, ""recency"": 0.8, ""icp_fit_dampened"": 1.0, ""confidence"": 0.72, ""confidence_dampened"": 0.832, ""raw"": 3.994, ""source_url"": ""https://ted.europa.eu/en/notice/-/detail/619629-2026""}, {""signal_type"": ""zuschlag_gewonnen"", ""event_date"": ""2026-08-12"", ""weight"": 6, ""recency"": 0.4, ""icp_fit_dampened"": 1.0, ""confidence"": 0.85, ""confidence_dampened"": 0.91, ""raw"": 2.184, ""source_url"": ""https://oeffentlichevergabe.de/api/notices/95b67203-96ea-487a-9946-067d5f3d6890?format=pdf""}, {""signal_type"": ""zuschlag_gewonnen"", ""event_date"": ""2026-08-12"", ""weight"": 6, ""recency"": 0.4, ""icp_fit_dampened"": 1.0, ""confidence"": 0.72, ""confidence_dampened"": 0.832, ""raw"": 1.997, ""source_url"": ""https://ted.europa.eu/en/notice/-/detail/560124-2026""}]}"
"keysight technologies deutschland","36","{""formula"": ""min(best(weight x recency x fit_d x conf_d) + stacking, cap) / cap x 100"", ""tier"": ""A"", ""icp_fit"": 1.0, ""dampening"": ""fit und confidence wirken auf [0.4 .. 1.0]"", ""signal_count"": 2, ""distinct_signal_types"": [""zuschlag_gewonnen""], ""stacking_bonus"": 0.0, ""driver"": {""signal_type"": ""zuschlag_gewonnen"", ""event_date"": ""2026-09-09"", ""weight"": 6, ""recency"": 0.8, ""icp_fit_dampened"": 1.0, ""confidence"": 0.85, ""confidence_dampened"": 0.91, ""raw"": 4.368, ""source_url"": ""https://oeffentlichevergabe.de/api/notices/4194a2cc-327a-488e-89f0-2c3dc7338dd2?format=pdf""}, ""all_signals"": [{""signal_type"": ""zuschlag_gewonnen"", ""event_date"": ""2026-09-09"", ""weight"": 6, ""recency"": 0.8, ""icp_fit_dampened"": 1.0, ""confidence"": 0.85, ""confidence_dampened"": 0.91, ""raw"": 4.368, ""source_url"": ""https://oeffentlichevergabe.de/api/notices/4194a2cc-327a-488e-89f0-2c3dc7338dd2?format=pdf""}, {""signal_type"": ""zuschlag_gewonnen"", ""event_date"": ""2026-09-09"", ""weight"": 6, ""recency"": 0.8, ""icp_fit_dampened"": 1.0, ""confidence"": 0.72, ""confidence_dampened"": 0.832, ""raw"": 3.994, ""source_url"": ""https://ted.europa.eu/en/notice/-/detail/622295-2026""}]}"
"atos information technology","36","{""formula"": ""min(best(weight x recency x fit_d x conf_d) + stacking, cap) / cap x 100"", ""tier"": ""A"", ""icp_fit"": 1.0, ""dampening"": ""fit und confidence wirken auf [0.4 .. 1.0]"", ""signal_count"": 2, ""distinct_signal_types"": [""zuschlag_gewonnen""], ""stacking_bonus"": 0.0, ""driver"": {""signal_type"": ""zuschlag_gewonnen"", ""event_date"": ""2026-09-08"", ""weight"": 6, ""recency"": 0.8, ""icp_fit_dampened"": 1.0, ""confidence"": 0.85, ""confidence_dampened"": 0.91, ""raw"": 4.368, ""source_url"": ""https://oeffentlichevergabe.de/api/notices/1a4ffbe5-6925-4e10-9280-7c8e700be263?format=pdf""}, ""all_signals"": [{""signal_type"": ""zuschlag_gewonnen"", ""event_date"": ""2026-09-08"", ""weight"": 6, ""recency"": 0.8, ""icp_fit_dampened"": 1.0, ""confidence"": 0.85, ""confidence_dampened"": 0.91, ""raw"": 4.368, ""source_url"": ""https://oeffentlichevergabe.de/api/notices/1a4ffbe5-6925-4e10-9280-7c8e700be263?format=pdf""}, {""signal_type"": ""zuschlag_gewonnen"", ""event_date"": ""2026-09-08"", ""weight"": 6, ""recency"": 0.8, ""icp_fit_dampened"": 1.0, ""confidence"": 0.72, ""confidence_dampened"": 0.832, ""raw"": 3.994, ""source_url"": ""https://ted.europa.eu/en/notice/-/detail/618439-2026""}]}"
"forml","36","{""formula"": ""min(best(weight x recency x fit_d x conf_d) + stacking, cap) / cap x 100"", ""tier"": ""A"", ""icp_fit"": 1.0, ""dampening"": ""fit und confidence wirken auf [0.4 .. 1.0]"", ""signal_count"": 3, ""distinct_signal_types"": [""zuschlag_gewonnen""], ""stacking_bonus"": 0.0, ""driver"": {""signal_type"": ""zuschlag_gewonnen"", ""event_date"": ""2026-09-08"", ""weight"": 6, ""recency"": 0.8, ""icp_fit_dampened"": 1.0, ""confidence"": 0.85, ""confidence_dampened"": 0.91, ""raw"": 4.368, ""source_url"": ""https://oeffentlichevergabe.de/api/notices/1c17df66-ff26-477e-95dd-357612c33d63?format=pdf""}, ""all_signals"": [{""signal_type"": ""zuschlag_gewonnen"", ""event_date"": ""2026-09-08"", ""weight"": 6, ""recency"": 0.8, ""icp_fit_dampened"": 1.0, ""confidence"": 0.85, ""confidence_dampened"": 0.91, ""raw"": 4.368, ""source_url"": ""https://oeffentlichevergabe.de/api/notices/1c17df66-ff26-477e-95dd-357612c33d63?format=pdf""}, {""signal_type"": ""zuschlag_gewonnen"", ""event_date"": ""2026-09-01"", ""weight"": 6, ""recency"": 0.6, ""icp_fit_dampened"": 1.0, ""confidence"": 0.85, ""confidence_dampened"": 0.91, ""raw"": 3.276, ""source_url"": ""https://oeffentlichevergabe.de/api/notices/48996695-52ce-45b6-950a-82ea3ce31400?format=pdf""}, {""signal_type"": ""zuschlag_gewonnen"", ""event_date"": ""2026-09-01"", ""weight"": 6, ""recency"": 0.6, ""icp_fit_dampened"": 1.0, ""confidence"": 0.72, ""confidence_dampened"": 0.832, ""raw"": 2.995, ""source_url"": ""https://ted.europa.eu/en/notice/-/detail/600906-2026""}]}"
"bdo ag wirtschaftspruefungsgesellschaft","36","{""formula"": ""min(best(weight x recency x fit_d x conf_d) + stacking, cap) / cap x 100"", ""tier"": ""A"", ""icp_fit"": 1.0, ""dampening"": ""fit und confidence wirken auf [0.4 .. 1.0]"", ""signal_count"": 2, ""distinct_signal_types"": [""zuschlag_gewonnen""], ""stacking_bonus"": 0.0, ""driver"": {""signal_type"": ""zuschlag_gewonnen"", ""event_date"": ""2026-09-06"", ""weight"": 6, ""recency"": 0.8, ""icp_fit_dampened"": 1.0, ""confidence"": 0.85, ""confidence_dampened"": 0.91, ""raw"": 4.368, ""source_url"": ""https://oeffentlichevergabe.de/api/notices/1811daf7-8bb4-4011-a127-d8b90db1b1d6?format=pdf""}, ""all_signals"": [{""signal_type"": ""zuschlag_gewonnen"", ""event_date"": ""2026-09-06"", ""weight"": 6, ""recency"": 0.8, ""icp_fit_dampened"": 1.0, ""confidence"": 0.85, ""confidence_dampened"": 0.91, ""raw"": 4.368, ""source_url"": ""https://oeffentlichevergabe.de/api/notices/1811daf7-8bb4-4011-a127-d8b90db1b1d6?format=pdf""}, {""signal_type"": ""zuschlag_gewonnen"", ""event_date"": ""2026-09-07"", ""weight"": 6, ""recency"": 0.8, ""icp_fit_dampened"": 1.0, ""confidence"": 0.72, ""confidence_dampened"": 0.832, ""raw"": 3.994, ""source_url"": ""https://ted.europa.eu/en/notice/-/detail/614994-2026""}]}"
"netline computer und netzwerksysteme","35","{""formula"": ""min(best(weight x recency x fit_d x conf_d) + stacking, cap) / cap x 100"", ""tier"": ""B"", ""icp_fit"": 0.8, ""dampening"": ""fit und confidence wirken auf [0.4 .. 1.0]"", ""signal_count"": 2, ""distinct_signal_types"": [""zuschlag_gewonnen""], ""stacking_bonus"": 0.0, ""driver"": {""signal_type"": ""zuschlag_gewonnen"", ""event_date"": ""2026-09-16"", ""weight"": 6, ""recency"": 0.8, ""icp_fit_dampened"": 0.88, ""confidence"": 1.0, ""confidence_dampened"": 1.0, ""raw"": 4.224, ""source_url"": ""https://oeffentlichevergabe.de/api/notices/ab0ecd01-41d1-4a0e-86fd-392d31431bbe?format=pdf""}, ""all_signals"": [{""signal_type"": ""zuschlag_gewonnen"", ""event_date"": ""2026-09-16"", ""weight"": 6, ""recency"": 0.8, ""icp_fit_dampened"": 0.88, ""confidence"": 1.0, ""confidence_dampened"": 1.0, ""raw"": 4.224, ""source_url"": ""https://oeffentlichevergabe.de/api/notices/ab0ecd01-41d1-4a0e-86fd-392d31431bbe?format=pdf""}, {""signal_type"": ""zuschlag_gewonnen"", ""event_date"": ""2026-09-17"", ""weight"": 6, ""recency"": 0.8, ""icp_fit_dampened"": 0.88, ""confidence"": 0.72, ""confidence_dampened"": 0.832, ""raw"": 3.514, ""source_url"": ""https://ted.europa.eu/en/notice/-/detail/641980-2026""}]}"
"team23","35","{""formula"": ""min(best(weight x recency x fit_d x conf_d) + stacking, cap) / cap x 100"", ""tier"": ""B"", ""icp_fit"": 0.8, ""dampening"": ""fit und confidence wirken auf [0.4 .. 1.0]"", ""signal_count"": 2, ""distinct_signal_types"": [""zuschlag_gewonnen""], ""stacking_bonus"": 0.0, ""driver"": {""signal_type"": ""zuschlag_gewonnen"", ""event_date"": ""2026-09-14"", ""weight"": 6, ""recency"": 0.8, ""icp_fit_dampened"": 0.88, ""confidence"": 1.0, ""confidence_dampened"": 1.0, ""raw"": 4.224, ""source_url"": ""https://oeffentlichevergabe.de/api/notices/970d8565-55ac-43ad-9dff-6c32b6cf0851?format=pdf""}, ""all_signals"": [{""signal_type"": ""zuschlag_gewonnen"", ""event_date"": ""2026-09-14"", ""weight"": 6, ""recency"": 0.8, ""icp_fit_dampened"": 0.88, ""confidence"": 1.0, ""confidence_dampened"": 1.0, ""raw"": 4.224, ""source_url"": ""https://oeffentlichevergabe.de/api/notices/970d8565-55ac-43ad-9dff-6c32b6cf0851?format=pdf""}, {""signal_type"": ""zuschlag_gewonnen"", ""event_date"": ""2026-09-15"", ""weight"": 6, ""recency"": 0.8, ""icp_fit_dampened"": 0.88, ""confidence"": 0.72, ""confidence_dampened"": 0.832, ""raw"": 3.514, ""source_url"": ""https://ted.europa.eu/en/notice/-/detail/634400-2026""}]}"
"condat","35","{""formula"": ""min(best(weight x recency x fit_d x conf_d) + stacking, cap) / cap x 100"", ""tier"": ""B"", ""icp_fit"": 0.8, ""dampening"": ""fit und confidence wirken auf [0.4 .. 1.0]"", ""signal_count"": 2, ""distinct_signal_types"": [""zuschlag_gewonnen""], ""stacking_bonus"": 0.0, ""driver"": {""signal_type"": ""zuschlag_gewonnen"", ""event_date"": ""2026-09-08"", ""weight"": 6, ""recency"": 0.8, ""icp_fit_dampened"": 0.88, ""confidence"": 1.0, ""confidence_dampened"": 1.0, ""raw"": 4.224, ""source_url"": ""https://oeffentlichevergabe.de/api/notices/71d88187-1fde-42b8-922f-08839e910eae?format=pdf""}, ""all_signals"": [{""signal_type"": ""zuschlag_gewonnen"", ""event_date"": ""2026-09-08"", ""weight"": 6, ""recency"": 0.8, ""icp_fit_dampened"": 0.88, ""confidence"": 1.0, ""confidence_dampened"": 1.0, ""raw"": 4.224, ""source_url"": ""https://oeffentlichevergabe.de/api/notices/71d88187-1fde-42b8-922f-08839e910eae?format=pdf""}, {""signal_type"": ""zuschlag_gewonnen"", ""event_date"": ""2026-09-14"", ""weight"": 6, ""recency"": 0.8, ""icp_fit_dampened"": 0.88, ""confidence"": 0.72, ""confidence_dampened"": 0.832, ""raw"": 3.514, ""source_url"": ""https://ted.europa.eu/en/notice/-/detail/632580-2026""}]}"
"ssystems","35","{""formula"": ""min(best(weight x recency x fit_d x conf_d) + stacking, cap) / cap x 100"", ""tier"": ""B"", ""icp_fit"": 0.8, ""dampening"": ""fit und confidence wirken auf [0.4 .. 1.0]"", ""signal_count"": 2, ""distinct_signal_types"": [""zuschlag_gewonnen""], ""stacking_bonus"": 0.0, ""driver"": {""signal_type"": ""zuschlag_gewonnen"", ""event_date"": ""2026-09-07"", ""weight"": 6, ""recency"": 0.8, ""icp_fit_dampened"": 0.88, ""confidence"": 1.0, ""confidence_dampened"": 1.0, ""raw"": 4.224, ""source_url"": ""https://oeffentlichevergabe.de/api/notices/2c8af67e-4b16-4225-b122-a9c73b28dae1?format=pdf""}, ""all_signals"": [{""signal_type"": ""zuschlag_gewonnen"", ""event_date"": ""2026-09-07"", ""weight"": 6, ""recency"": 0.8, ""icp_fit_dampened"": 0.88, ""confidence"": 1.0, ""confidence_dampened"": 1.0, ""raw"": 4.224, ""source_url"": ""https://oeffentlichevergabe.de/api/notices/2c8af67e-4b16-4225-b122-a9c73b28dae1?format=pdf""}, {""signal_type"": ""zuschlag_gewonnen"", ""event_date"": ""2026-09-08"", ""weight"": 6, ""recency"": 0.8, ""icp_fit_dampened"": 0.88, ""confidence"": 0.72, ""confidence_dampened"": 0.832, ""raw"": 3.514, ""source_url"": ""https://ted.europa.eu/en/notice/-/detail/617732-2026""}]}"
"acp techwerk","35","{""formula"": ""min(best(weight x recency x fit_d x conf_d) + stacking, cap) / cap x 100"", ""tier"": ""B"", ""icp_fit"": 0.8, ""dampening"": ""fit und confidence wirken auf [0.4 .. 1.0]"", ""signal_count"": 6, ""distinct_signal_types"": [""zuschlag_gewonnen""], ""stacking_bonus"": 0.0, ""driver"": {""signal_type"": ""zuschlag_gewonnen"", ""event_date"": ""2026-09-07"", ""weight"": 6, ""recency"": 0.8, ""icp_fit_dampened"": 0.88, ""confidence"": 1.0, ""confidence_dampened"": 1.0, ""raw"": 4.224, ""source_url"": ""https://oeffentlichevergabe.de/api/notices/8b5872c4-84cf-48c3-a07c-f94eee564533?format=pdf""}, ""all_signals"": [{""signal_type"": ""zuschlag_gewonnen"", ""event_date"": ""2026-09-07"", ""weight"": 6, ""recency"": 0.8, ""icp_fit_dampened"": 0.88, ""confidence"": 1.0, ""confidence_dampened"": 1.0, ""raw"": 4.224, ""source_url"": ""https://oeffentlichevergabe.de/api/notices/8b5872c4-84cf-48c3-a07c-f94eee564533?format=pdf""}, {""signal_type"": ""zuschlag_gewonnen"", ""event_date"": ""2026-09-07"", ""weight"": 6, ""recency"": 0.8, ""icp_fit_dampened"": 0.88, ""confidence"": 1.0, ""confidence_dampened"": 1.0, ""raw"": 4.224, ""source_url"": ""https://oeffentlichevergabe.de/api/notices/8b5872c4-84cf-48c3-a07c-f94eee564533?format=pdf""}, {""signal_type"": ""zuschlag_gewonnen"", ""event_date"": ""2026-09-07"", ""weight"": 6, ""recency"": 0.8, ""icp_fit_dampened"": 0.88, ""confidence"": 1.0, ""confidence_dampened"": 1.0, ""raw"": 4.224, ""source_url"": ""https://oeffentlichevergabe.de/api/notices/8b5872c4-84cf-48c3-a07c-f94eee564533?format=pdf""}, {""signal_type"": ""zuschlag_gewonnen"", ""event_date"": ""2026-09-07"", ""weight"": 6, ""recency"": 0.8, ""icp_fit_dampened"": 0.88, ""confidence"": 1.0, ""confidence_dampened"": 1.0, ""raw"": 4.224, ""source_url"": ""https://oeffentlichevergabe.de/api/notices/8b5872c4-84cf-48c3-a07c-f94eee564533?format=pdf""}, {""signal_type"": ""zuschlag_gewonnen"", ""event_date"": ""2026-09-07"", ""weight"": 6, ""recency"": 0.8, ""icp_fit_dampened"": 0.88, ""confidence"": 1.0, ""confidence_dampened"": 1.0, ""raw"": 4.224, ""source_url"": ""https://oeffentlichevergabe.de/api/notices/8b5872c4-84cf-48c3-a07c-f94eee564533?format=pdf""}]}"
"munich medical devices","35","{""formula"": ""min(best(weight x recency x fit_d x conf_d) + stacking, cap) / cap x 100"", ""tier"": ""B"", ""icp_fit"": 0.8, ""dampening"": ""fit und confidence wirken auf [0.4 .. 1.0]"", ""signal_count"": 2, ""distinct_signal_types"": [""teilnahme_belegt"", ""zuschlag_gewonnen""], ""stacking_bonus"": 1.6, ""driver"": {""signal_type"": ""zuschlag_gewonnen"", ""event_date"": ""2026-09-03"", ""weight"": 6, ""recency"": 0.6, ""icp_fit_dampened"": 0.88, ""confidence"": 0.72, ""confidence_dampened"": 0.832, ""raw"": 2.636, ""source_url"": ""https://ted.europa.eu/en/notice/-/detail/608778-2026""}, ""all_signals"": [{""signal_type"": ""zuschlag_gewonnen"", ""event_date"": ""2026-09-03"", ""weight"": 6, ""recency"": 0.6, ""icp_fit_dampened"": 0.88, ""confidence"": 0.72, ""confidence_dampened"": 0.832, ""raw"": 2.636, ""source_url"": ""https://ted.europa.eu/en/notice/-/detail/608778-2026""}, {""signal_type"": ""teilnahme_belegt"", ""event_date"": ""2026-09-03"", ""weight"": 5, ""recency"": 0.6, ""icp_fit_dampened"": 0.88, ""confidence"": 0.85, ""confidence_dampened"": 0.91, ""raw"": 2.402, ""source_url"": ""https://oeffentlichevergabe.de/api/notices/b9e4bb6d-2e98-449a-9772-0dd07ef2314f?format=pdf""}]}"
"3d systems","35","{""formula"": ""min(best(weight x recency x fit_d x conf_d) + stacking, cap) / cap x 100"", ""tier"": ""B"", ""icp_fit"": 0.8, ""dampening"": ""fit und confidence wirken auf [0.4 .. 1.0]"", ""signal_count"": 2, ""distinct_signal_types"": [""teilnahme_belegt"", ""zuschlag_gewonnen""], ""stacking_bonus"": 1.6, ""driver"": {""signal_type"": ""zuschlag_gewonnen"", ""event_date"": ""2026-09-03"", ""weight"": 6, ""recency"": 0.6, ""icp_fit_dampened"": 0.88, ""confidence"": 0.72, ""confidence_dampened"": 0.832, ""raw"": 2.636, ""source_url"": ""https://ted.europa.eu/en/notice/-/detail/608778-2026""}, ""all_signals"": [{""signal_type"": ""zuschlag_gewonnen"", ""event_date"": ""2026-09-03"", ""weight"": 6, ""recency"": 0.6, ""icp_fit_dampened"": 0.88, ""confidence"": 0.72, ""confidence_dampened"": 0.832, ""raw"": 2.636, ""source_url"": ""https://ted.europa.eu/en/notice/-/detail/608778-2026""}, {""signal_type"": ""teilnahme_belegt"", ""event_date"": ""2026-09-03"", ""weight"": 5, ""recency"": 0.6, ""icp_fit_dampened"": 0.88, ""confidence"": 0.85, ""confidence_dampened"": 0.91, ""raw"": 2.402, ""source_url"": ""https://oeffentlichevergabe.de/api/notices/b9e4bb6d-2e98-449a-9772-0dd07ef2314f?format=pdf""}]}"
"cato-tech a/s","35","{""formula"": ""min(best(weight x recency x fit_d x conf_d) + stacking, cap) / cap x 100"", ""tier"": ""B"", ""icp_fit"": 0.8, ""dampening"": ""fit und confidence wirken auf [0.4 .. 1.0]"", ""signal_count"": 2, ""distinct_signal_types"": [""teilnahme_belegt"", ""zuschlag_gewonnen""], ""stacking_bonus"": 1.6, ""driver"": {""signal_type"": ""zuschlag_gewonnen"", ""event_date"": ""2026-09-03"", ""weight"": 6, ""recency"": 0.6, ""icp_fit_dampened"": 0.88, ""confidence"": 0.72, ""confidence_dampened"": 0.832, ""raw"": 2.636, ""source_url"": ""https://ted.europa.eu/en/notice/-/detail/608357-2026""}, ""all_signals"": [{""signal_type"": ""zuschlag_gewonnen"", ""event_date"": ""2026-09-03"", ""weight"": 6, ""recency"": 0.6, ""icp_fit_dampened"": 0.88, ""confidence"": 0.72, ""confidence_dampened"": 0.832, ""raw"": 2.636, ""source_url"": ""https://ted.europa.eu/en/notice/-/detail/608357-2026""}, {""signal_type"": ""teilnahme_belegt"", ""event_date"": ""2026-09-03"", ""weight"": 5, ""recency"": 0.6, ""icp_fit_dampened"": 0.88, ""confidence"": 0.85, ""confidence_dampened"": 0.91, ""raw"": 2.402, ""source_url"": ""https://oeffentlichevergabe.de/api/notices/954abff5-0936-4ee3-95b1-23a5286d8cd2?format=pdf""}]}"
"paul ruester und co","35","{""formula"": ""min(best(weight x recency x fit_d x conf_d) + stacking, cap) / cap x 100"", ""tier"": ""B"", ""icp_fit"": 0.8, ""dampening"": ""fit und confidence wirken auf [0.4 .. 1.0]"", ""signal_count"": 2, ""distinct_signal_types"": [""teilnahme_belegt"", ""zuschlag_gewonnen""], ""stacking_bonus"": 1.6, ""driver"": {""signal_type"": ""zuschlag_gewonnen"", ""event_date"": ""2026-09-03"", ""weight"": 6, ""recency"": 0.6, ""icp_fit_dampened"": 0.88, ""confidence"": 0.72, ""confidence_dampened"": 0.832, ""raw"": 2.636, ""source_url"": ""https://ted.europa.eu/en/notice/-/detail/608357-2026""}, ""all_signals"": [{""signal_type"": ""zuschlag_gewonnen"", ""event_date"": ""2026-09-03"", ""weight"": 6, ""recency"": 0.6, ""icp_fit_dampened"": 0.88, ""confidence"": 0.72, ""confidence_dampened"": 0.832, ""raw"": 2.636, ""source_url"": ""https://ted.europa.eu/en/notice/-/detail/608357-2026""}, {""signal_type"": ""teilnahme_belegt"", ""event_date"": ""2026-09-03"", ""weight"": 5, ""recency"": 0.6, ""icp_fit_dampened"": 0.88, ""confidence"": 0.85, ""confidence_dampened"": 0.91, ""raw"": 2.402, ""source_url"": ""https://oeffentlichevergabe.de/api/notices/954abff5-0936-4ee3-95b1-23a5286d8cd2?format=pdf""}]}"
"noris automation","35","{""formula"": ""min(best(weight x recency x fit_d x conf_d) + stacking, cap) / cap x 100"", ""tier"": ""B"", ""icp_fit"": 0.8, ""dampening"": ""fit und confidence wirken auf [0.4 .. 1.0]"", ""signal_count"": 2, ""distinct_signal_types"": [""teilnahme_belegt"", ""zuschlag_gewonnen""], ""stacking_bonus"": 1.6, ""driver"": {""signal_type"": ""zuschlag_gewonnen"", ""event_date"": ""2026-09-03"", ""weight"": 6, ""recency"": 0.6, ""icp_fit_dampened"": 0.88, ""confidence"": 0.72, ""confidence_dampened"": 0.832, ""raw"": 2.636, ""source_url"": ""https://ted.europa.eu/en/notice/-/detail/608357-2026""}, ""all_signals"": [{""signal_type"": ""zuschlag_gewonnen"", ""event_date"": ""2026-09-03"", ""weight"": 6, ""recency"": 0.6, ""icp_fit_dampened"": 0.88, ""confidence"": 0.72, ""confidence_dampened"": 0.832, ""raw"": 2.636, ""source_url"": ""https://ted.europa.eu/en/notice/-/detail/608357-2026""}, {""signal_type"": ""teilnahme_belegt"", ""event_date"": ""2026-09-03"", ""weight"": 5, ""recency"": 0.6, ""icp_fit_dampened"": 0.88, ""confidence"": 0.85, ""confidence_dampened"": 0.91, ""raw"": 2.402, ""source_url"": ""https://oeffentlichevergabe.de/api/notices/954abff5-0936-4ee3-95b1-23a5286d8cd2?format=pdf""}]}"
"hermes medical solutions ab","35","{""formula"": ""min(best(weight x recency x fit_d x conf_d) + stacking, cap) / cap x 100"", ""tier"": ""B"", ""icp_fit"": 0.8, ""dampening"": ""fit und confidence wirken auf [0.4 .. 1.0]"", ""signal_count"": 2, ""distinct_signal_types"": [""teilnahme_belegt"", ""zuschlag_gewonnen""], ""stacking_bonus"": 1.6, ""driver"": {""signal_type"": ""zuschlag_gewonnen"", ""event_date"": ""2026-09-01"", ""weight"": 6, ""recency"": 0.6, ""icp_fit_dampened"": 0.88, ""confidence"": 0.72, ""confidence_dampened"": 0.832, ""raw"": 2.636, ""source_url"": ""https://ted.europa.eu/en/notice/-/detail/599807-2026""}, ""all_signals"": [{""signal_type"": ""zuschlag_gewonnen"", ""event_date"": ""2026-09-01"", ""weight"": 6, ""recency"": 0.6, ""icp_fit_dampened"": 0.88, ""confidence"": 0.72, ""confidence_dampened"": 0.832, ""raw"": 2.636, ""source_url"": ""https://ted.europa.eu/en/notice/-/detail/599807-2026""}, {""signal_type"": ""teilnahme_belegt"", ""event_date"": ""2026-09-01"", ""weight"": 5, ""recency"": 0.6, ""icp_fit_dampened"": 0.88, ""confidence"": 0.85, ""confidence_dampened"": 0.91, ""raw"": 2.402, ""source_url"": ""https://oeffentlichevergabe.de/api/notices/d2199fc1-951f-4216-afc2-181ca4f87f98?format=pdf""}]}"
"mie","35","{""formula"": ""min(best(weight x recency x fit_d x conf_d) + stacking, cap) / cap x 100"", ""tier"": ""B"", ""icp_fit"": 0.8, ""dampening"": ""fit und confidence wirken auf [0.4 .. 1.0]"", ""signal_count"": 2, ""distinct_signal_types"": [""teilnahme_belegt"", ""zuschlag_gewonnen""], ""stacking_bonus"": 1.6, ""driver"": {""signal_type"": ""zuschlag_gewonnen"", ""event_date"": ""2026-09-01"", ""weight"": 6, ""recency"": 0.6, ""icp_fit_dampened"": 0.88, ""confidence"": 0.72, ""confidence_dampened"": 0.832, ""raw"": 2.636, ""source_url"": ""https://ted.europa.eu/en/notice/-/detail/599807-2026""}, ""all_signals"": [{""signal_type"": ""zuschlag_gewonnen"", ""event_date"": ""2026-09-01"", ""weight"": 6, ""recency"": 0.6, ""icp_fit_dampened"": 0.88, ""confidence"": 0.72, ""confidence_dampened"": 0.832, ""raw"": 2.636, ""source_url"": ""https://ted.europa.eu/en/notice/-/detail/599807-2026""}, {""signal_type"": ""teilnahme_belegt"", ""event_date"": ""2026-09-01"", ""weight"": 5, ""recency"": 0.6, ""icp_fit_dampened"": 0.88, ""confidence"": 0.85, ""confidence_dampened"": 0.91, ""raw"": 2.402, ""source_url"": ""https://oeffentlichevergabe.de/api/notices/d2199fc1-951f-4216-afc2-181ca4f87f98?format=pdf""}]}"
"bechtle gmbh und co kg it-systemhaus darmstadt","35","{""formula"": ""min(best(weight x recency x fit_d x conf_d) + stacking, cap) / cap x 100"", ""tier"": ""B"", ""icp_fit"": 0.8, ""dampening"": ""fit und confidence wirken auf [0.4 .. 1.0]"", ""signal_count"": 2, ""distinct_signal_types"": [""teilnahme_belegt"", ""zuschlag_gewonnen""], ""stacking_bonus"": 1.6, ""driver"": {""signal_type"": ""zuschlag_gewonnen"", ""event_date"": ""2026-08-31"", ""weight"": 6, ""recency"": 0.6, ""icp_fit_dampened"": 0.88, ""confidence"": 0.72, ""confidence_dampened"": 0.832, ""raw"": 2.636, ""source_url"": ""https://ted.europa.eu/en/notice/-/detail/598038-2026""}, ""all_signals"": [{""signal_type"": ""zuschlag_gewonnen"", ""event_date"": ""2026-08-31"", ""weight"": 6, ""recency"": 0.6, ""icp_fit_dampened"": 0.88, ""confidence"": 0.72, ""confidence_dampened"": 0.832, ""raw"": 2.636, ""source_url"": ""https://ted.europa.eu/en/notice/-/detail/598038-2026""}, {""signal_type"": ""teilnahme_belegt"", ""event_date"": ""2026-08-29"", ""weight"": 5, ""recency"": 0.6, ""icp_fit_dampened"": 0.88, ""confidence"": 0.85, ""confidence_dampened"": 0.91, ""raw"": 2.402, ""source_url"": ""https://oeffentlichevergabe.de/api/notices/f35ee025-adaf-4842-8142-4fc89e9ba690?format=pdf""}]}"
"netcologne gesellschaft fuer telekommunikation","35","{""formula"": ""min(best(weight x recency x fit_d x conf_d) + stacking, cap) / cap x 100"", ""tier"": ""B"", ""icp_fit"": 0.8, ""dampening"": ""fit und confidence wirken auf [0.4 .. 1.0]"", ""signal_count"": 2, ""distinct_signal_types"": [""teilnahme_belegt"", ""zuschlag_gewonnen""], ""stacking_bonus"": 1.6, ""driver"": {""signal_type"": ""zuschlag_gewonnen"", ""event_date"": ""2026-08-31"", ""weight"": 6, ""recency"": 0.6, ""icp_fit_dampened"": 0.88, ""confidence"": 0.72, ""confidence_dampened"": 0.832, ""raw"": 2.636, ""source_url"": ""https://ted.europa.eu/en/notice/-/detail/597473-2026""}, ""all_signals"": [{""signal_type"": ""zuschlag_gewonnen"", ""event_date"": ""2026-08-31"", ""weight"": 6, ""recency"": 0.6, ""icp_fit_dampened"": 0.88, ""confidence"": 0.72, ""confidence_dampened"": 0.832, ""raw"": 2.636, ""source_url"": ""https://ted.europa.eu/en/notice/-/detail/597473-2026""}, {""signal_type"": ""teilnahme_belegt"", ""event_date"": ""2026-08-30"", ""weight"": 5, ""recency"": 0.6, ""icp_fit_dampened"": 0.88, ""confidence"": 0.85, ""confidence_dampened"": 0.91, ""raw"": 2.402, ""source_url"": ""https://oeffentlichevergabe.de/api/notices/415f58bd-33f9-4b30-b249-7ed755d1d946?format=pdf""}]}"
"gelsen-net kommunikationsgesellschaft","35","{""formula"": ""min(best(weight x recency x fit_d x conf_d) + stacking, cap) / cap x 100"", ""tier"": ""B"", ""icp_fit"": 0.8, ""dampening"": ""fit und confidence wirken auf [0.4 .. 1.0]"", ""signal_count"": 2, ""distinct_signal_types"": [""teilnahme_belegt"", ""zuschlag_gewonnen""], ""stacking_bonus"": 1.6, ""driver"": {""signal_type"": ""zuschlag_gewonnen"", ""event_date"": ""2026-08-31"", ""weight"": 6, ""recency"": 0.6, ""icp_fit_dampened"": 0.88, ""confidence"": 0.72, ""confidence_dampened"": 0.832, ""raw"": 2.636, ""source_url"": ""https://ted.europa.eu/en/notice/-/detail/597473-2026""}, ""all_signals"": [{""signal_type"": ""zuschlag_gewonnen"", ""event_date"": ""2026-08-31"", ""weight"": 6, ""recency"": 0.6, ""icp_fit_dampened"": 0.88, ""confidence"": 0.72, ""confidence_dampened"": 0.832, ""raw"": 2.636, ""source_url"": ""https://ted.europa.eu/en/notice/-/detail/597473-2026""}, {""signal_type"": ""teilnahme_belegt"", ""event_date"": ""2026-08-30"", ""weight"": 5, ""recency"": 0.6, ""icp_fit_dampened"": 0.88, ""confidence"": 0.85, ""confidence_dampened"": 0.91, ""raw"": 2.402, ""source_url"": ""https://oeffentlichevergabe.de/api/notices/415f58bd-33f9-4b30-b249-7ed755d1d946?format=pdf""}]}"
"deutsche telekom business solutions gmbh nrw","35","{""formula"": ""min(best(weight x recency x fit_d x conf_d) + stacking, cap) / cap x 100"", ""tier"": ""B"", ""icp_fit"": 0.8, ""dampening"": ""fit und confidence wirken auf [0.4 .. 1.0]"", ""signal_count"": 2, ""distinct_signal_types"": [""teilnahme_belegt"", ""zuschlag_gewonnen""], ""stacking_bonus"": 1.6, ""driver"": {""signal_type"": ""zuschlag_gewonnen"", ""event_date"": ""2026-08-31"", ""weight"": 6, ""recency"": 0.6, ""icp_fit_dampened"": 0.88, ""confidence"": 0.72, ""confidence_dampened"": 0.832, ""raw"": 2.636, ""source_url"": ""https://ted.europa.eu/en/notice/-/detail/597473-2026""}, ""all_signals"": [{""signal_type"": ""zuschlag_gewonnen"", ""event_date"": ""2026-08-31"", ""weight"": 6, ""recency"": 0.6, ""icp_fit_dampened"": 0.88, ""confidence"": 0.72, ""confidence_dampened"": 0.832, ""raw"": 2.636, ""source_url"": ""https://ted.europa.eu/en/notice/-/detail/597473-2026""}, {""signal_type"": ""teilnahme_belegt"", ""event_date"": ""2026-08-30"", ""weight"": 5, ""recency"": 0.6, ""icp_fit_dampened"": 0.88, ""confidence"": 0.85, ""confidence_dampened"": 0.91, ""raw"": 2.402, ""source_url"": ""https://oeffentlichevergabe.de/api/notices/415f58bd-33f9-4b30-b249-7ed755d1d946?format=pdf""}]}"
"aequitas affinity","35","{""formula"": ""min(best(weight x recency x fit_d x conf_d) + stacking, cap) / cap x 100"", ""tier"": ""B"", ""icp_fit"": 0.8, ""dampening"": ""fit und confidence wirken auf [0.4 .. 1.0]"", ""signal_count"": 2, ""distinct_signal_types"": [""teilnahme_belegt"", ""zuschlag_gewonnen""], ""stacking_bonus"": 1.6, ""driver"": {""signal_type"": ""zuschlag_gewonnen"", ""event_date"": ""2026-08-31"", ""weight"": 6, ""recency"": 0.6, ""icp_fit_dampened"": 0.88, ""confidence"": 0.72, ""confidence_dampened"": 0.832, ""raw"": 2.636, ""source_url"": ""https://ted.europa.eu/en/notice/-/detail/597173-2026""}, ""all_signals"": [{""signal_type"": ""zuschlag_gewonnen"", ""event_date"": ""2026-08-31"", ""weight"": 6, ""recency"": 0.6, ""icp_fit_dampened"": 0.88, ""confidence"": 0.72, ""confidence_dampened"": 0.832, ""raw"": 2.636, ""source_url"": ""https://ted.europa.eu/en/notice/-/detail/597173-2026""}, {""signal_type"": ""teilnahme_belegt"", ""event_date"": ""2026-08-30"", ""weight"": 5, ""recency"": 0.6, ""icp_fit_dampened"": 0.88, ""confidence"": 0.85, ""confidence_dampened"": 0.91, ""raw"": 2.402, ""source_url"": ""https://oeffentlichevergabe.de/api/notices/cd54affd-e251-41df-b548-1d1793356c68?format=pdf""}]}"
"bechtle gmbh und co kg it-systemhaus neckarsulm","35","{""formula"": ""min(best(weight x recency x fit_d x conf_d) + stacking, cap) / cap x 100"", ""tier"": ""B"", ""icp_fit"": 0.8, ""dampening"": ""fit und confidence wirken auf [0.4 .. 1.0]"", ""signal_count"": 2, ""distinct_signal_types"": [""teilnahme_belegt"", ""zuschlag_gewonnen""], ""stacking_bonus"": 1.6, ""driver"": {""signal_type"": ""zuschlag_gewonnen"", ""event_date"": ""2026-08-31"", ""weight"": 6, ""recency"": 0.6, ""icp_fit_dampened"": 0.88, ""confidence"": 0.72, ""confidence_dampened"": 0.832, ""raw"": 2.636, ""source_url"": ""https://ted.europa.eu/en/notice/-/detail/597173-2026""}, ""all_signals"": [{""signal_type"": ""zuschlag_gewonnen"", ""event_date"": ""2026-08-31"", ""weight"": 6, ""recency"": 0.6, ""icp_fit_dampened"": 0.88, ""confidence"": 0.72, ""confidence_dampened"": 0.832, ""raw"": 2.636, ""source_url"": ""https://ted.europa.eu/en/notice/-/detail/597173-2026""}, {""signal_type"": ""teilnahme_belegt"", ""event_date"": ""2026-08-30"", ""weight"": 5, ""recency"": 0.6, ""icp_fit_dampened"": 0.88, ""confidence"": 0.85, ""confidence_dampened"": 0.91, ""raw"": 2.402, ""source_url"": ""https://oeffentlichevergabe.de/api/notices/cd54affd-e251-41df-b548-1d1793356c68?format=pdf""}]}"
"nds netzwerksysteme","35","{""formula"": ""min(best(weight x recency x fit_d x conf_d) + stacking, cap) / cap x 100"", ""tier"": ""B"", ""icp_fit"": 0.8, ""dampening"": ""fit und confidence wirken auf [0.4 .. 1.0]"", ""signal_count"": 2, ""distinct_signal_types"": [""teilnahme_belegt"", ""zuschlag_gewonnen""], ""stacking_bonus"": 1.6, ""driver"": {""signal_type"": ""zuschlag_gewonnen"", ""event_date"": ""2026-08-28"", ""weight"": 6, ""recency"": 0.6, ""icp_fit_dampened"": 0.88, ""confidence"": 0.72, ""confidence_dampened"": 0.832, ""raw"": 2.636, ""source_url"": ""https://ted.europa.eu/en/notice/-/detail/595557-2026""}, ""all_signals"": [{""signal_type"": ""zuschlag_gewonnen"", ""event_date"": ""2026-08-28"", ""weight"": 6, ""recency"": 0.6, ""icp_fit_dampened"": 0.88, ""confidence"": 0.72, ""confidence_dampened"": 0.832, ""raw"": 2.636, ""source_url"": ""https://ted.europa.eu/en/notice/-/detail/595557-2026""}, {""signal_type"": ""teilnahme_belegt"", ""event_date"": ""2026-08-28"", ""weight"": 5, ""recency"": 0.6, ""icp_fit_dampened"": 0.88, ""confidence"": 0.85, ""confidence_dampened"": 0.91, ""raw"": 2.402, ""source_url"": ""https://oeffentlichevergabe.de/api/notices/a1c780be-6c0e-47cc-b4ee-d5b342a15857?format=pdf""}]}"
"nts deutschland","35","{""formula"": ""min(best(weight x recency x fit_d x conf_d) + stacking, cap) / cap x 100"", ""tier"": ""B"", ""icp_fit"": 0.8, ""dampening"": ""fit und confidence wirken auf [0.4 .. 1.0]"", ""signal_count"": 2, ""distinct_signal_types"": [""teilnahme_belegt"", ""zuschlag_gewonnen""], ""stacking_bonus"": 1.6, ""driver"": {""signal_type"": ""zuschlag_gewonnen"", ""event_date"": ""2026-08-28"", ""weight"": 6, ""recency"": 0.6, ""icp_fit_dampened"": 0.88, ""confidence"": 0.72, ""confidence_dampened"": 0.832, ""raw"": 2.636, ""source_url"": ""https://ted.europa.eu/en/notice/-/detail/595557-2026""}, ""all_signals"": [{""signal_type"": ""zuschlag_gewonnen"", ""event_date"": ""2026-08-28"", ""weight"": 6, ""recency"": 0.6, ""icp_fit_dampened"": 0.88, ""confidence"": 0.72, ""confidence_dampened"": 0.832, ""raw"": 2.636, ""source_url"": ""https://ted.europa.eu/en/notice/-/detail/595557-2026""}, {""signal_type"": ""teilnahme_belegt"", ""event_date"": ""2026-08-28"", ""weight"": 5, ""recency"": 0.6, ""icp_fit_dampened"": 0.88, ""confidence"": 0.85, ""confidence_dampened"": 0.91, ""raw"": 2.402, ""source_url"": ""https://oeffentlichevergabe.de/api/notices/a1c780be-6c0e-47cc-b4ee-d5b342a15857?format=pdf""}]}"
"opitz consulting deutschland","35","{""formula"": ""min(best(weight x recency x fit_d x conf_d) + stacking, cap) / cap x 100"", ""tier"": ""B"", ""icp_fit"": 0.8, ""dampening"": ""fit und confidence wirken auf [0.4 .. 1.0]"", ""signal_count"": 2, ""distinct_signal_types"": [""teilnahme_belegt"", ""zuschlag_gewonnen""], ""stacking_bonus"": 1.6, ""driver"": {""signal_type"": ""zuschlag_gewonnen"", ""event_date"": ""2026-08-27"", ""weight"": 6, ""recency"": 0.6, ""icp_fit_dampened"": 0.88, ""confidence"": 0.72, ""confidence_dampened"": 0.832, ""raw"": 2.636, ""source_url"": ""https://ted.europa.eu/en/notice/-/detail/590756-2026""}, ""all_signals"": [{""signal_type"": ""zuschlag_gewonnen"", ""event_date"": ""2026-08-27"", ""weight"": 6, ""recency"": 0.6, ""icp_fit_dampened"": 0.88, ""confidence"": 0.72, ""confidence_dampened"": 0.832, ""raw"": 2.636, ""source_url"": ""https://ted.europa.eu/en/notice/-/detail/590756-2026""}, {""signal_type"": ""teilnahme_belegt"", ""event_date"": ""2026-08-27"", ""weight"": 5, ""recency"": 0.6, ""icp_fit_dampened"": 0.88, ""confidence"": 0.85, ""confidence_dampened"": 0.91, ""raw"": 2.402, ""source_url"": ""https://oeffentlichevergabe.de/api/notices/c333952e-4723-4571-88ec-3cc657ba5b25?format=pdf""}]}"
"virtual7","35","{""formula"": ""min(best(weight x recency x fit_d x conf_d) + stacking, cap) / cap x 100"", ""tier"": ""B"", ""icp_fit"": 0.8, ""dampening"": ""fit und confidence wirken auf [0.4 .. 1.0]"", ""signal_count"": 4, ""distinct_signal_types"": [""teilnahme_belegt"", ""zuschlag_gewonnen""], ""stacking_bonus"": 1.6, ""driver"": {""signal_type"": ""zuschlag_gewonnen"", ""event_date"": ""2026-08-27"", ""weight"": 6, ""recency"": 0.6, ""icp_fit_dampened"": 0.88, ""confidence"": 0.72, ""confidence_dampened"": 0.832, ""raw"": 2.636, ""source_url"": ""https://ted.europa.eu/en/notice/-/detail/590756-2026""}, ""all_signals"": [{""signal_type"": ""zuschlag_gewonnen"", ""event_date"": ""2026-08-27"", ""weight"": 6, ""recency"": 0.6, ""icp_fit_dampened"": 0.88, ""confidence"": 0.72, ""confidence_dampened"": 0.832, ""raw"": 2.636, ""source_url"": ""https://ted.europa.eu/en/notice/-/detail/590756-2026""}, {""signal_type"": ""teilnahme_belegt"", ""event_date"": ""2026-08-27"", ""weight"": 5, ""recency"": 0.6, ""icp_fit_dampened"": 0.88, ""confidence"": 0.85, ""confidence_dampened"": 0.91, ""raw"": 2.402, ""source_url"": ""https://oeffentlichevergabe.de/api/notices/c333952e-4723-4571-88ec-3cc657ba5b25?format=pdf""}, {""signal_type"": ""zuschlag_gewonnen"", ""event_date"": ""2026-08-20"", ""weight"": 6, ""recency"": 0.4, ""icp_fit_dampened"": 0.88, ""confidence"": 0.72, ""confidence_dampened"": 0.832, ""raw"": 1.757, ""source_url"": ""https://ted.europa.eu/en/notice/-/detail/576293-2026""}, {""signal_type"": ""teilnahme_belegt"", ""event_date"": ""2026-08-20"", ""weight"": 5, ""recency"": 0.4, ""icp_fit_dampened"": 0.88, ""confidence"": 0.85, ""confidence_dampened"": 0.91, ""raw"": 1.602, ""source_url"": ""https://oeffentlichevergabe.de/api/notices/ad5fa582-192d-43b4-ac07-237107526de3?format=pdf""}]}"
"kpmg ag wpg","35","{""formula"": ""min(best(weight x recency x fit_d x conf_d) + stacking, cap) / cap x 100"", ""tier"": ""B"", ""icp_fit"": 0.8, ""dampening"": ""fit und confidence wirken auf [0.4 .. 1.0]"", ""signal_count"": 2, ""distinct_signal_types"": [""teilnahme_belegt"", ""zuschlag_gewonnen""], ""stacking_bonus"": 1.6, ""driver"": {""signal_type"": ""zuschlag_gewonnen"", ""event_date"": ""2026-08-25"", ""weight"": 6, ""recency"": 0.6, ""icp_fit_dampened"": 0.88, ""confidence"": 0.72, ""confidence_dampened"": 0.832, ""raw"": 2.636, ""source_url"": ""https://ted.europa.eu/en/notice/-/detail/586784-2026""}, ""all_signals"": [{""signal_type"": ""zuschlag_gewonnen"", ""event_date"": ""2026-08-25"", ""weight"": 6, ""recency"": 0.6, ""icp_fit_dampened"": 0.88, ""confidence"": 0.72, ""confidence_dampened"": 0.832, ""raw"": 2.636, ""source_url"": ""https://ted.europa.eu/en/notice/-/detail/586784-2026""}, {""signal_type"": ""teilnahme_belegt"", ""event_date"": ""2026-08-24"", ""weight"": 5, ""recency"": 0.6, ""icp_fit_dampened"": 0.88, ""confidence"": 0.85, ""confidence_dampened"": 0.91, ""raw"": 2.402, ""source_url"": ""https://oeffentlichevergabe.de/api/notices/14f62248-f3c5-4433-b1e5-f52e8dec16b0?format=pdf""}]}"
"wavestone germnay","35","{""formula"": ""min(best(weight x recency x fit_d x conf_d) + stacking, cap) / cap x 100"", ""tier"": ""B"", ""icp_fit"": 0.8, ""dampening"": ""fit und confidence wirken auf [0.4 .. 1.0]"", ""signal_count"": 2, ""distinct_signal_types"": [""teilnahme_belegt"", ""zuschlag_gewonnen""], ""stacking_bonus"": 1.6, ""driver"": {""signal_type"": ""zuschlag_gewonnen"", ""event_date"": ""2026-08-25"", ""weight"": 6, ""recency"": 0.6, ""icp_fit_dampened"": 0.88, ""confidence"": 0.72, ""confidence_dampened"": 0.832, ""raw"": 2.636, ""source_url"": ""https://ted.europa.eu/en/notice/-/detail/585815-2026""}, ""all_signals"": [{""signal_type"": ""zuschlag_gewonnen"", ""event_date"": ""2026-08-25"", ""weight"": 6, ""recency"": 0.6, ""icp_fit_dampened"": 0.88, ""confidence"": 0.72, ""confidence_dampened"": 0.832, ""raw"": 2.636, ""source_url"": ""https://ted.europa.eu/en/notice/-/detail/585815-2026""}, {""signal_type"": ""teilnahme_belegt"", ""event_date"": ""2026-08-25"", ""weight"": 5, ""recency"": 0.6, ""icp_fit_dampened"": 0.88, ""confidence"": 0.85, ""confidence_dampened"": 0.91, ""raw"": 2.402, ""source_url"": ""https://oeffentlichevergabe.de/api/notices/e705ec63-3485-4770-bab6-d87649455aee?format=pdf""}]}"
"cubeserv","35","{""formula"": ""min(best(weight x recency x fit_d x conf_d) + stacking, cap) / cap x 100"", ""tier"": ""B"", ""icp_fit"": 0.8, ""dampening"": ""fit und confidence wirken auf [0.4 .. 1.0]"", ""signal_count"": 2, ""distinct_signal_types"": [""teilnahme_belegt"", ""zuschlag_gewonnen""], ""stacking_bonus"": 1.6, ""driver"": {""signal_type"": ""zuschlag_gewonnen"", ""event_date"": ""2026-08-25"", ""weight"": 6, ""recency"": 0.6, ""icp_fit_dampened"": 0.88, ""confidence"": 0.72, ""confidence_dampened"": 0.832, ""raw"": 2.636, ""source_url"": ""https://ted.europa.eu/en/notice/-/detail/585815-2026""}, ""all_signals"": [{""signal_type"": ""zuschlag_gewonnen"", ""event_date"": ""2026-08-25"", ""weight"": 6, ""recency"": 0.6, ""icp_fit_dampened"": 0.88, ""confidence"": 0.72, ""confidence_dampened"": 0.832, ""raw"": 2.636, ""source_url"": ""https://ted.europa.eu/en/notice/-/detail/585815-2026""}, {""signal_type"": ""teilnahme_belegt"", ""event_date"": ""2026-08-25"", ""weight"": 5, ""recency"": 0.6, ""icp_fit_dampened"": 0.88, ""confidence"": 0.85, ""confidence_dampened"": 0.91, ""raw"": 2.402, ""source_url"": ""https://oeffentlichevergabe.de/api/notices/e705ec63-3485-4770-bab6-d87649455aee?format=pdf""}]}"
"ainovi","35","{""formula"": ""min(best(weight x recency x fit_d x conf_d) + stacking, cap) / cap x 100"", ""tier"": ""B"", ""icp_fit"": 0.8, ""dampening"": ""fit und confidence wirken auf [0.4 .. 1.0]"", ""signal_count"": 2, ""distinct_signal_types"": [""teilnahme_belegt"", ""zuschlag_gewonnen""], ""stacking_bonus"": 1.6, ""driver"": {""signal_type"": ""zuschlag_gewonnen"", ""event_date"": ""2026-08-25"", ""weight"": 6, ""recency"": 0.6, ""icp_fit_dampened"": 0.88, ""confidence"": 0.72, ""confidence_dampened"": 0.832, ""raw"": 2.636, ""source_url"": ""https://ted.europa.eu/en/notice/-/detail/585815-2026""}, ""all_signals"": [{""signal_type"": ""zuschlag_gewonnen"", ""event_date"": ""2026-08-25"", ""weight"": 6, ""recency"": 0.6, ""icp_fit_dampened"": 0.88, ""confidence"": 0.72, ""confidence_dampened"": 0.832, ""raw"": 2.636, ""source_url"": ""https://ted.europa.eu/en/notice/-/detail/585815-2026""}, {""signal_type"": ""teilnahme_belegt"", ""event_date"": ""2026-08-25"", ""weight"": 5, ""recency"": 0.6, ""icp_fit_dampened"": 0.88, ""confidence"": 0.85, ""confidence_dampened"": 0.91, ""raw"": 2.402, ""source_url"": ""https://oeffentlichevergabe.de/api/notices/e705ec63-3485-4770-bab6-d87649455aee?format=pdf""}]}"
"bix consulting","35","{""formula"": ""min(best(weight x recency x fit_d x conf_d) + stacking, cap) / cap x 100"", ""tier"": ""B"", ""icp_fit"": 0.8, ""dampening"": ""fit und confidence wirken auf [0.4 .. 1.0]"", ""signal_count"": 2, ""distinct_signal_types"": [""teilnahme_belegt"", ""zuschlag_gewonnen""], ""stacking_bonus"": 1.6, ""driver"": {""signal_type"": ""zuschlag_gewonnen"", ""event_date"": ""2026-08-25"", ""weight"": 6, ""recency"": 0.6, ""icp_fit_dampened"": 0.88, ""confidence"": 0.72, ""confidence_dampened"": 0.832, ""raw"": 2.636, ""source_url"": ""https://ted.europa.eu/en/notice/-/detail/585815-2026""}, ""all_signals"": [{""signal_type"": ""zuschlag_gewonnen"", ""event_date"": ""2026-08-25"", ""weight"": 6, ""recency"": 0.6, ""icp_fit_dampened"": 0.88, ""confidence"": 0.72, ""confidence_dampened"": 0.832, ""raw"": 2.636, ""source_url"": ""https://ted.europa.eu/en/notice/-/detail/585815-2026""}, {""signal_type"": ""teilnahme_belegt"", ""event_date"": ""2026-08-25"", ""weight"": 5, ""recency"": 0.6, ""icp_fit_dampened"": 0.88, ""confidence"": 0.85, ""confidence_dampened"": 0.91, ""raw"": 2.402, ""source_url"": ""https://oeffentlichevergabe.de/api/notices/e705ec63-3485-4770-bab6-d87649455aee?format=pdf""}]}"
"edp vertriebs","35","{""formula"": ""min(best(weight x recency x fit_d x conf_d) + stacking, cap) / cap x 100"", ""tier"": ""B"", ""icp_fit"": 0.8, ""dampening"": ""fit und confidence wirken auf [0.4 .. 1.0]"", ""signal_count"": 2, ""distinct_signal_types"": [""teilnahme_belegt"", ""zuschlag_gewonnen""], ""stacking_bonus"": 1.6, ""driver"": {""signal_type"": ""zuschlag_gewonnen"", ""event_date"": ""2026-08-25"", ""weight"": 6, ""recency"": 0.6, ""icp_fit_dampened"": 0.88, ""confidence"": 0.72, ""confidence_dampened"": 0.832, ""raw"": 2.636, ""source_url"": ""https://ted.europa.eu/en/notice/-/detail/584479-2026""}, ""all_signals"": [{""signal_type"": ""zuschlag_gewonnen"", ""event_date"": ""2026-08-25"", ""weight"": 6, ""recency"": 0.6, ""icp_fit_dampened"": 0.88, ""confidence"": 0.72, ""confidence_dampened"": 0.832, ""raw"": 2.636, ""source_url"": ""https://ted.europa.eu/en/notice/-/detail/584479-2026""}, {""signal_type"": ""teilnahme_belegt"", ""event_date"": ""2026-08-25"", ""weight"": 5, ""recency"": 0.6, ""icp_fit_dampened"": 0.88, ""confidence"": 0.85, ""confidence_dampened"": 0.91, ""raw"": 2.402, ""source_url"": ""https://oeffentlichevergabe.de/api/notices/39a3eaa0-fc00-4f4b-8359-4841c417c58b?format=pdf""}]}"
"mup buerohandels","35","{""formula"": ""min(best(weight x recency x fit_d x conf_d) + stacking, cap) / cap x 100"", ""tier"": ""B"", ""icp_fit"": 0.8, ""dampening"": ""fit und confidence wirken auf [0.4 .. 1.0]"", ""signal_count"": 2, ""distinct_signal_types"": [""teilnahme_belegt"", ""zuschlag_gewonnen""], ""stacking_bonus"": 1.6, ""driver"": {""signal_type"": ""zuschlag_gewonnen"", ""event_date"": ""2026-08-25"", ""weight"": 6, ""recency"": 0.6, ""icp_fit_dampened"": 0.88, ""confidence"": 0.72, ""confidence_dampened"": 0.832, ""raw"": 2.636, ""source_url"": ""https://ted.europa.eu/en/notice/-/detail/584479-2026""}, ""all_signals"": [{""signal_type"": ""zuschlag_gewonnen"", ""event_date"": ""2026-08-25"", ""weight"": 6, ""recency"": 0.6, ""icp_fit_dampened"": 0.88, ""confidence"": 0.72, ""confidence_dampened"": 0.832, ""raw"": 2.636, ""source_url"": ""https://ted.europa.eu/en/notice/-/detail/584479-2026""}, {""signal_type"": ""teilnahme_belegt"", ""event_date"": ""2026-08-25"", ""weight"": 5, ""recency"": 0.6, ""icp_fit_dampened"": 0.88, ""confidence"": 0.85, ""confidence_dampened"": 0.91, ""raw"": 2.402, ""source_url"": ""https://oeffentlichevergabe.de/api/notices/39a3eaa0-fc00-4f4b-8359-4841c417c58b?format=pdf""}]}"
"officexpress","35","{""formula"": ""min(best(weight x recency x fit_d x conf_d) + stacking, cap) / cap x 100"", ""tier"": ""B"", ""icp_fit"": 0.8, ""dampening"": ""fit und confidence wirken auf [0.4 .. 1.0]"", ""signal_count"": 2, ""distinct_signal_types"": [""teilnahme_belegt"", ""zuschlag_gewonnen""], ""stacking_bonus"": 1.6, ""driver"": {""signal_type"": ""zuschlag_gewonnen"", ""event_date"": ""2026-08-25"", ""weight"": 6, ""recency"": 0.6, ""icp_fit_dampened"": 0.88, ""confidence"": 0.72, ""confidence_dampened"": 0.832, ""raw"": 2.636, ""source_url"": ""https://ted.europa.eu/en/notice/-/detail/584479-2026""}, ""all_signals"": [{""signal_type"": ""zuschlag_gewonnen"", ""event_date"": ""2026-08-25"", ""weight"": 6, ""recency"": 0.6, ""icp_fit_dampened"": 0.88, ""confidence"": 0.72, ""confidence_dampened"": 0.832, ""raw"": 2.636, ""source_url"": ""https://ted.europa.eu/en/notice/-/detail/584479-2026""}, {""signal_type"": ""teilnahme_belegt"", ""event_date"": ""2026-08-25"", ""weight"": 5, ""recency"": 0.6, ""icp_fit_dampened"": 0.88, ""confidence"": 0.85, ""confidence_dampened"": 0.91, ""raw"": 2.402, ""source_url"": ""https://oeffentlichevergabe.de/api/notices/39a3eaa0-fc00-4f4b-8359-4841c417c58b?format=pdf""}]}"
"bechtle it-systemhaus karlsruhe","35","{""formula"": ""min(best(weight x recency x fit_d x conf_d) + stacking, cap) / cap x 100"", ""tier"": ""B"", ""icp_fit"": 0.8, ""dampening"": ""fit und confidence wirken auf [0.4 .. 1.0]"", ""signal_count"": 2, ""distinct_signal_types"": [""teilnahme_belegt"", ""zuschlag_gewonnen""], ""stacking_bonus"": 1.6, ""driver"": {""signal_type"": ""zuschlag_gewonnen"", ""event_date"": ""2026-08-24"", ""weight"": 6, ""recency"": 0.6, ""icp_fit_dampened"": 0.88, ""confidence"": 0.72, ""confidence_dampened"": 0.832, ""raw"": 2.636, ""source_url"": ""https://ted.europa.eu/en/notice/-/detail/583625-2026""}, ""all_signals"": [{""signal_type"": ""zuschlag_gewonnen"", ""event_date"": ""2026-08-24"", ""weight"": 6, ""recency"": 0.6, ""icp_fit_dampened"": 0.88, ""confidence"": 0.72, ""confidence_dampened"": 0.832, ""raw"": 2.636, ""source_url"": ""https://ted.europa.eu/en/notice/-/detail/583625-2026""}, {""signal_type"": ""teilnahme_belegt"", ""event_date"": ""2026-08-23"", ""weight"": 5, ""recency"": 0.6, ""icp_fit_dampened"": 0.88, ""confidence"": 0.85, ""confidence_dampened"": 0.91, ""raw"": 2.402, ""source_url"": ""https://oeffentlichevergabe.de/api/notices/80b95a9c-d6f1-47e9-96f5-1eac5f7c037f?format=pdf""}]}"
"capgemini deutschland","35","{""formula"": ""min(best(weight x recency x fit_d x conf_d) + stacking, cap) / cap x 100"", ""tier"": ""A"", ""icp_fit"": 1.0, ""dampening"": ""fit und confidence wirken auf [0.4 .. 1.0]"", ""signal_count"": 3, ""distinct_signal_types"": [""teilnahme_belegt"", ""zuschlag_gewonnen""], ""stacking_bonus"": 2.0, ""driver"": {""signal_type"": ""zuschlag_gewonnen"", ""event_date"": ""2026-08-20"", ""weight"": 6, ""recency"": 0.4, ""icp_fit_dampened"": 1.0, ""confidence"": 0.85, ""confidence_dampened"": 0.91, ""raw"": 2.184, ""source_url"": ""https://oeffentlichevergabe.de/api/notices/da3f84e5-550f-4eed-8a45-0e8b4183ffb6?format=pdf""}, ""all_signals"": [{""signal_type"": ""zuschlag_gewonnen"", ""event_date"": ""2026-08-20"", ""weight"": 6, ""recency"": 0.4, ""icp_fit_dampened"": 1.0, ""confidence"": 0.85, ""confidence_dampened"": 0.91, ""raw"": 2.184, ""source_url"": ""https://oeffentlichevergabe.de/api/notices/da3f84e5-550f-4eed-8a45-0e8b4183ffb6?format=pdf""}, {""signal_type"": ""zuschlag_gewonnen"", ""event_date"": ""2026-08-20"", ""weight"": 6, ""recency"": 0.4, ""icp_fit_dampened"": 1.0, ""confidence"": 0.72, ""confidence_dampened"": 0.832, ""raw"": 1.997, ""source_url"": ""https://ted.europa.eu/en/notice/-/detail/577139-2026""}, {""signal_type"": ""teilnahme_belegt"", ""event_date"": ""2026-08-20"", ""weight"": 5, ""recency"": 0.4, ""icp_fit_dampened"": 1.0, ""confidence"": 0.85, ""confidence_dampened"": 0.91, ""raw"": 1.82, ""source_url"": ""https://oeffentlichevergabe.de/api/notices/5919b28b-7af2-4987-8081-39c4bf29e16a?format=pdf""}]}"
"pricewaterhousecoopers gmbh wpg","35","{""formula"": ""min(best(weight x recency x fit_d x conf_d) + stacking, cap) / cap x 100"", ""tier"": ""A"", ""icp_fit"": 1.0, ""dampening"": ""fit und confidence wirken auf [0.4 .. 1.0]"", ""signal_count"": 3, ""distinct_signal_types"": [""teilnahme_belegt"", ""zuschlag_gewonnen""], ""stacking_bonus"": 2.0, ""driver"": {""signal_type"": ""zuschlag_gewonnen"", ""event_date"": ""2026-08-11"", ""weight"": 6, ""recency"": 0.4, ""icp_fit_dampened"": 1.0, ""confidence"": 0.85, ""confidence_dampened"": 0.91, ""raw"": 2.184, ""source_url"": ""https://oeffentlichevergabe.de/api/notices/073f4b78-5ac0-4f7e-b541-c9b4efb6cab2?format=pdf""}, ""all_signals"": [{""signal_type"": ""zuschlag_gewonnen"", ""event_date"": ""2026-08-11"", ""weight"": 6, ""recency"": 0.4, ""icp_fit_dampened"": 1.0, ""confidence"": 0.85, ""confidence_dampened"": 0.91, ""raw"": 2.184, ""source_url"": ""https://oeffentlichevergabe.de/api/notices/073f4b78-5ac0-4f7e-b541-c9b4efb6cab2?format=pdf""}, {""signal_type"": ""zuschlag_gewonnen"", ""event_date"": ""2026-08-17"", ""weight"": 6, ""recency"": 0.4, ""icp_fit_dampened"": 1.0, ""confidence"": 0.72, ""confidence_dampened"": 0.832, ""raw"": 1.997, ""source_url"": ""https://ted.europa.eu/en/notice/-/detail/568975-2026""}, {""signal_type"": ""teilnahme_belegt"", ""event_date"": ""2026-08-15"", ""weight"": 5, ""recency"": 0.4, ""icp_fit_dampened"": 1.0, ""confidence"": 0.85, ""confidence_dampened"": 0.91, ""raw"": 1.82, ""source_url"": ""https://oeffentlichevergabe.de/api/notices/641f40b5-31ce-4950-9752-ed1deb02a52e?format=pdf""}]}"
"ares consulting","33","{""formula"": ""min(best(weight x recency x fit_d x conf_d) + stacking, cap) / cap x 100"", ""tier"": ""B"", ""icp_fit"": 0.8, ""dampening"": ""fit und confidence wirken auf [0.4 .. 1.0]"", ""signal_count"": 1, ""distinct_signal_types"": [""teilnahme_belegt""], ""stacking_bonus"": 0.0, ""driver"": {""signal_type"": ""teilnahme_belegt"", ""event_date"": ""2026-10-02"", ""weight"": 5, ""recency"": 1.0, ""icp_fit_dampened"": 0.88, ""confidence"": 0.85, ""confidence_dampened"": 0.91, ""raw"": 4.004, ""source_url"": ""https://oeffentlichevergabe.de/api/notices/4f28a356-0186-4310-8095-8608c59fcee5?format=pdf""}, ""all_signals"": [{""signal_type"": ""teilnahme_belegt"", ""event_date"": ""2026-10-02"", ""weight"": 5, ""recency"": 1.0, ""icp_fit_dampened"": 0.88, ""confidence"": 0.85, ""confidence_dampened"": 0.91, ""raw"": 4.004, ""source_url"": ""https://oeffentlichevergabe.de/api/notices/4f28a356-0186-4310-8095-8608c59fcee5?format=pdf""}]}"
"step it up consulting","33","{""formula"": ""min(best(weight x recency x fit_d x conf_d) + stacking, cap) / cap x 100"", ""tier"": ""B"", ""icp_fit"": 0.8, ""dampening"": ""fit und confidence wirken auf [0.4 .. 1.0]"", ""signal_count"": 1, ""distinct_signal_types"": [""teilnahme_belegt""], ""stacking_bonus"": 0.0, ""driver"": {""signal_type"": ""teilnahme_belegt"", ""event_date"": ""2026-10-02"", ""weight"": 5, ""recency"": 1.0, ""icp_fit_dampened"": 0.88, ""confidence"": 0.85, ""confidence_dampened"": 0.91, ""raw"": 4.004, ""source_url"": ""https://oeffentlichevergabe.de/api/notices/4f28a356-0186-4310-8095-8608c59fcee5?format=pdf""}, ""all_signals"": [{""signal_type"": ""teilnahme_belegt"", ""event_date"": ""2026-10-02"", ""weight"": 5, ""recency"": 1.0, ""icp_fit_dampened"": 0.88, ""confidence"": 0.85, ""confidence_dampened"": 0.91, ""raw"": 4.004, ""source_url"": ""https://oeffentlichevergabe.de/api/notices/4f28a356-0186-4310-8095-8608c59fcee5?format=pdf""}]}"
"wematch consulting","33","{""formula"": ""min(best(weight x recency x fit_d x conf_d) + stacking, cap) / cap x 100"", ""tier"": ""B"", ""icp_fit"": 0.8, ""dampening"": ""fit und confidence wirken auf [0.4 .. 1.0]"", ""signal_count"": 1, ""distinct_signal_types"": [""teilnahme_belegt""], ""stacking_bonus"": 0.0, ""driver"": {""signal_type"": ""teilnahme_belegt"", ""event_date"": ""2026-10-02"", ""weight"": 5, ""recency"": 1.0, ""icp_fit_dampened"": 0.88, ""confidence"": 0.85, ""confidence_dampened"": 0.91, ""raw"": 4.004, ""source_url"": ""https://oeffentlichevergabe.de/api/notices/4f28a356-0186-4310-8095-8608c59fcee5?format=pdf""}, ""all_signals"": [{""signal_type"": ""teilnahme_belegt"", ""event_date"": ""2026-10-02"", ""weight"": 5, ""recency"": 1.0, ""icp_fit_dampened"": 0.88, ""confidence"": 0.85, ""confidence_dampened"": 0.91, ""raw"": 4.004, ""source_url"": ""https://oeffentlichevergabe.de/api/notices/4f28a356-0186-4310-8095-8608c59fcee5?format=pdf""}]}"
"chg-meridian","33","{""formula"": ""min(best(weight x recency x fit_d x conf_d) + stacking, cap) / cap x 100"", ""tier"": ""A"", ""icp_fit"": 1.0, ""dampening"": ""fit und confidence wirken auf [0.4 .. 1.0]"", ""signal_count"": 1, ""distinct_signal_types"": [""zuschlag_gewonnen""], ""stacking_bonus"": 0.0, ""driver"": {""signal_type"": ""zuschlag_gewonnen"", ""event_date"": ""2026-09-08"", ""weight"": 6, ""recency"": 0.8, ""icp_fit_dampened"": 1.0, ""confidence"": 0.72, ""confidence_dampened"": 0.832, ""raw"": 3.994, ""source_url"": ""https://ted.europa.eu/en/notice/-/detail/618604-2026""}, ""all_signals"": [{""signal_type"": ""zuschlag_gewonnen"", ""event_date"": ""2026-09-08"", ""weight"": 6, ""recency"": 0.8, ""icp_fit_dampened"": 1.0, ""confidence"": 0.72, ""confidence_dampened"": 0.832, ""raw"": 3.994, ""source_url"": ""https://ted.europa.eu/en/notice/-/detail/618604-2026""}]}"
"conet deutschland","33","{""formula"": ""min(best(weight x recency x fit_d x conf_d) + stacking, cap) / cap x 100"", ""tier"": ""A"", ""icp_fit"": 1.0, ""dampening"": ""fit und confidence wirken auf [0.4 .. 1.0]"", ""signal_count"": 2, ""distinct_signal_types"": [""zuschlag_gewonnen""], ""stacking_bonus"": 0.0, ""driver"": {""signal_type"": ""zuschlag_gewonnen"", ""event_date"": ""2026-09-07"", ""weight"": 6, ""recency"": 0.8, ""icp_fit_dampened"": 1.0, ""confidence"": 0.72, ""confidence_dampened"": 0.832, ""raw"": 3.994, ""source_url"": ""https://ted.europa.eu/en/notice/-/detail/613331-2026""}, ""all_signals"": [{""signal_type"": ""zuschlag_gewonnen"", ""event_date"": ""2026-09-07"", ""weight"": 6, ""recency"": 0.8, ""icp_fit_dampened"": 1.0, ""confidence"": 0.72, ""confidence_dampened"": 0.832, ""raw"": 3.994, ""source_url"": ""https://ted.europa.eu/en/notice/-/detail/613331-2026""}, {""signal_type"": ""zuschlag_gewonnen"", ""event_date"": ""2026-08-10"", ""weight"": 6, ""recency"": 0.4, ""icp_fit_dampened"": 1.0, ""confidence"": 1.0, ""confidence_dampened"": 1.0, ""raw"": 2.4, ""source_url"": ""https://oeffentlichevergabe.de/api/notices/4610f0db-d36e-492e-9b97-1d165e8a9e27?format=pdf""}]}"
"bechtle it-systemhaus neckarsulm","33","{""formula"": ""min(best(weight x recency x fit_d x conf_d) + stacking, cap) / cap x 100"", ""tier"": ""A"", ""icp_fit"": 1.0, ""dampening"": ""fit und confidence wirken auf [0.4 .. 1.0]"", ""signal_count"": 2, ""distinct_signal_types"": [""teilnahme_belegt"", ""zuschlag_gewonnen""], ""stacking_bonus"": 2.0, ""driver"": {""signal_type"": ""zuschlag_gewonnen"", ""event_date"": ""2026-08-11"", ""weight"": 6, ""recency"": 0.4, ""icp_fit_dampened"": 1.0, ""confidence"": 0.72, ""confidence_dampened"": 0.832, ""raw"": 1.997, ""source_url"": ""https://ted.europa.eu/en/notice/-/detail/556514-2026""}, ""all_signals"": [{""signal_type"": ""zuschlag_gewonnen"", ""event_date"": ""2026-08-11"", ""weight"": 6, ""recency"": 0.4, ""icp_fit_dampened"": 1.0, ""confidence"": 0.72, ""confidence_dampened"": 0.832, ""raw"": 1.997, ""source_url"": ""https://ted.europa.eu/en/notice/-/detail/556514-2026""}, {""signal_type"": ""teilnahme_belegt"", ""event_date"": ""2026-08-11"", ""weight"": 5, ""recency"": 0.4, ""icp_fit_dampened"": 1.0, ""confidence"": 0.85, ""confidence_dampened"": 0.91, ""raw"": 1.82, ""source_url"": ""https://oeffentlichevergabe.de/api/notices/5071290e-2084-4e42-b6b1-f30cad987e71?format=pdf""}]}"
"wolfgang juenger elektrotechnik","32","{""formula"": ""min(best(weight x recency x fit_d x conf_d) + stacking, cap) / cap x 100"", ""tier"": ""C"", ""icp_fit"": 0.6, ""dampening"": ""fit und confidence wirken auf [0.4 .. 1.0]"", ""signal_count"": 1, ""distinct_signal_types"": [""zuschlag_gewonnen""], ""stacking_bonus"": 0.0, ""driver"": {""signal_type"": ""zuschlag_gewonnen"", ""event_date"": ""2026-10-02"", ""weight"": 6, ""recency"": 1.0, ""icp_fit_dampened"": 0.76, ""confidence"": 0.72, ""confidence_dampened"": 0.832, ""raw"": 3.794, ""source_url"": ""https://ted.europa.eu/en/notice/-/detail/678797-2026""}, ""all_signals"": [{""signal_type"": ""zuschlag_gewonnen"", ""event_date"": ""2026-10-02"", ""weight"": 6, ""recency"": 1.0, ""icp_fit_dampened"": 0.76, ""confidence"": 0.72, ""confidence_dampened"": 0.832, ""raw"": 3.794, ""source_url"": ""https://ted.europa.eu/en/notice/-/detail/678797-2026""}]}"
"philips","32","{""formula"": ""min(best(weight x recency x fit_d x conf_d) + stacking, cap) / cap x 100"", ""tier"": ""C"", ""icp_fit"": 0.6, ""dampening"": ""fit und confidence wirken auf [0.4 .. 1.0]"", ""signal_count"": 1, ""distinct_signal_types"": [""zuschlag_gewonnen""], ""stacking_bonus"": 0.0, ""driver"": {""signal_type"": ""zuschlag_gewonnen"", ""event_date"": ""2026-09-29"", ""weight"": 6, ""recency"": 1.0, ""icp_fit_dampened"": 0.76, ""confidence"": 0.72, ""confidence_dampened"": 0.832, ""raw"": 3.794, ""source_url"": ""https://ted.europa.eu/en/notice/-/detail/670304-2026""}, ""all_signals"": [{""signal_type"": ""zuschlag_gewonnen"", ""event_date"": ""2026-09-29"", ""weight"": 6, ""recency"": 1.0, ""icp_fit_dampened"": 0.76, ""confidence"": 0.72, ""confidence_dampened"": 0.832, ""raw"": 3.794, ""source_url"": ""https://ted.europa.eu/en/notice/-/detail/670304-2026""}]}"
"tse ag-technik und service fuer events","32","{""formula"": ""min(best(weight x recency x fit_d x conf_d) + stacking, cap) / cap x 100"", ""tier"": ""C"", ""icp_fit"": 0.6, ""dampening"": ""fit und confidence wirken auf [0.4 .. 1.0]"", ""signal_count"": 1, ""distinct_signal_types"": [""zuschlag_gewonnen""], ""stacking_bonus"": 0.0, ""driver"": {""signal_type"": ""zuschlag_gewonnen"", ""event_date"": ""2026-09-28"", ""weight"": 6, ""recency"": 1.0, ""icp_fit_dampened"": 0.76, ""confidence"": 0.72, ""confidence_dampened"": 0.832, ""raw"": 3.794, ""source_url"": ""https://ted.europa.eu/en/notice/-/detail/664671-2026""}, ""all_signals"": [{""signal_type"": ""zuschlag_gewonnen"", ""event_date"": ""2026-09-28"", ""weight"": 6, ""recency"": 1.0, ""icp_fit_dampened"": 0.76, ""confidence"": 0.72, ""confidence_dampened"": 0.832, ""raw"": 3.794, ""source_url"": ""https://ted.europa.eu/en/notice/-/detail/664671-2026""}]}"
"nokia solutions and networks","32","{""formula"": ""min(best(weight x recency x fit_d x conf_d) + stacking, cap) / cap x 100"", ""tier"": ""C"", ""icp_fit"": 0.6, ""dampening"": ""fit und confidence wirken auf [0.4 .. 1.0]"", ""signal_count"": 1, ""distinct_signal_types"": [""zuschlag_gewonnen""], ""stacking_bonus"": 0.0, ""driver"": {""signal_type"": ""zuschlag_gewonnen"", ""event_date"": ""2026-09-23"", ""weight"": 6, ""recency"": 1.0, ""icp_fit_dampened"": 0.76, ""confidence"": 0.72, ""confidence_dampened"": 0.832, ""raw"": 3.794, ""source_url"": ""https://ted.europa.eu/en/notice/-/detail/655100-2026""}, ""all_signals"": [{""signal_type"": ""zuschlag_gewonnen"", ""event_date"": ""2026-09-23"", ""weight"": 6, ""recency"": 1.0, ""icp_fit_dampened"": 0.76, ""confidence"": 0.72, ""confidence_dampened"": 0.832, ""raw"": 3.794, ""source_url"": ""https://ted.europa.eu/en/notice/-/detail/655100-2026""}]}"
"r2b energy consulting","32","{""formula"": ""min(best(weight x recency x fit_d x conf_d) + stacking, cap) / cap x 100"", ""tier"": ""C"", ""icp_fit"": 0.6, ""dampening"": ""fit und confidence wirken auf [0.4 .. 1.0]"", ""signal_count"": 1, ""distinct_signal_types"": [""zuschlag_gewonnen""], ""stacking_bonus"": 0.0, ""driver"": {""signal_type"": ""zuschlag_gewonnen"", ""event_date"": ""2026-09-21"", ""weight"": 6, ""recency"": 1.0, ""icp_fit_dampened"": 0.76, ""confidence"": 0.72, ""confidence_dampened"": 0.832, ""raw"": 3.794, ""source_url"": ""https://ted.europa.eu/en/notice/-/detail/650058-2026""}, ""all_signals"": [{""signal_type"": ""zuschlag_gewonnen"", ""event_date"": ""2026-09-21"", ""weight"": 6, ""recency"": 1.0, ""icp_fit_dampened"": 0.76, ""confidence"": 0.72, ""confidence_dampened"": 0.832, ""raw"": 3.794, ""source_url"": ""https://ted.europa.eu/en/notice/-/detail/650058-2026""}]}"
"consenso consulting","32","{""formula"": ""min(best(weight x recency x fit_d x conf_d) + stacking, cap) / cap x 100"", ""tier"": ""B"", ""icp_fit"": 0.8, ""dampening"": ""fit und confidence wirken auf [0.4 .. 1.0]"", ""signal_count"": 2, ""distinct_signal_types"": [""zuschlag_gewonnen""], ""stacking_bonus"": 0.0, ""driver"": {""signal_type"": ""zuschlag_gewonnen"", ""event_date"": ""2026-09-18"", ""weight"": 6, ""recency"": 0.8, ""icp_fit_dampened"": 0.88, ""confidence"": 0.85, ""confidence_dampened"": 0.91, ""raw"": 3.844, ""source_url"": ""https://oeffentlichevergabe.de/api/notices/a612477c-4f34-421b-a296-b8b02176a0ea?format=pdf""}, ""all_signals"": [{""signal_type"": ""zuschlag_gewonnen"", ""event_date"": ""2026-09-18"", ""weight"": 6, ""recency"": 0.8, ""icp_fit_dampened"": 0.88, ""confidence"": 0.85, ""confidence_dampened"": 0.91, ""raw"": 3.844, ""source_url"": ""https://oeffentlichevergabe.de/api/notices/a612477c-4f34-421b-a296-b8b02176a0ea?format=pdf""}, {""signal_type"": ""zuschlag_gewonnen"", ""event_date"": ""2026-09-18"", ""weight"": 6, ""recency"": 0.8, ""icp_fit_dampened"": 0.88, ""confidence"": 0.72, ""confidence_dampened"": 0.832, ""raw"": 3.514, ""source_url"": ""https://ted.europa.eu/en/notice/-/detail/646264-2026""}]}"
"hanseatics rich media","32","{""formula"": ""min(best(weight x recency x fit_d x conf_d) + stacking, cap) / cap x 100"", ""tier"": ""B"", ""icp_fit"": 0.8, ""dampening"": ""fit und confidence wirken auf [0.4 .. 1.0]"", ""signal_count"": 2, ""distinct_signal_types"": [""zuschlag_gewonnen""], ""stacking_bonus"": 0.0, ""driver"": {""signal_type"": ""zuschlag_gewonnen"", ""event_date"": ""2026-09-18"", ""weight"": 6, ""recency"": 0.8, ""icp_fit_dampened"": 0.88, ""confidence"": 0.85, ""confidence_dampened"": 0.91, ""raw"": 3.844, ""source_url"": ""https://oeffentlichevergabe.de/api/notices/3e66a3cf-245a-44bc-8faa-57aee2e163af?format=pdf""}, ""all_signals"": [{""signal_type"": ""zuschlag_gewonnen"", ""event_date"": ""2026-09-18"", ""weight"": 6, ""recency"": 0.8, ""icp_fit_dampened"": 0.88, ""confidence"": 0.85, ""confidence_dampened"": 0.91, ""raw"": 3.844, ""source_url"": ""https://oeffentlichevergabe.de/api/notices/3e66a3cf-245a-44bc-8faa-57aee2e163af?format=pdf""}, {""signal_type"": ""zuschlag_gewonnen"", ""event_date"": ""2026-09-18"", ""weight"": 6, ""recency"": 0.8, ""icp_fit_dampened"": 0.88, ""confidence"": 0.72, ""confidence_dampened"": 0.832, ""raw"": 3.514, ""source_url"": ""https://ted.europa.eu/en/notice/-/detail/646125-2026""}]}"
"axalon deutschland","32","{""formula"": ""min(best(weight x recency x fit_d x conf_d) + stacking, cap) / cap x 100"", ""tier"": ""B"", ""icp_fit"": 0.8, ""dampening"": ""fit und confidence wirken auf [0.4 .. 1.0]"", ""signal_count"": 2, ""distinct_signal_types"": [""zuschlag_gewonnen""], ""stacking_bonus"": 0.0, ""driver"": {""signal_type"": ""zuschlag_gewonnen"", ""event_date"": ""2026-09-18"", ""weight"": 6, ""recency"": 0.8, ""icp_fit_dampened"": 0.88, ""confidence"": 0.85, ""confidence_dampened"": 0.91, ""raw"": 3.844, ""source_url"": ""https://oeffentlichevergabe.de/api/notices/30c4817e-5a90-4cbf-9f5b-74359f6e0522?format=pdf""}, ""all_signals"": [{""signal_type"": ""zuschlag_gewonnen"", ""event_date"": ""2026-09-18"", ""weight"": 6, ""recency"": 0.8, ""icp_fit_dampened"": 0.88, ""confidence"": 0.85, ""confidence_dampened"": 0.91, ""raw"": 3.844, ""source_url"": ""https://oeffentlichevergabe.de/api/notices/30c4817e-5a90-4cbf-9f5b-74359f6e0522?format=pdf""}, {""signal_type"": ""zuschlag_gewonnen"", ""event_date"": ""2026-09-18"", ""weight"": 6, ""recency"": 0.8, ""icp_fit_dampened"": 0.88, ""confidence"": 0.72, ""confidence_dampened"": 0.832, ""raw"": 3.514, ""source_url"": ""https://ted.europa.eu/en/notice/-/detail/646124-2026""}]}"
"proelux","32","{""formula"": ""min(best(weight x recency x fit_d x conf_d) + stacking, cap) / cap x 100"", ""tier"": ""B"", ""icp_fit"": 0.8, ""dampening"": ""fit und confidence wirken auf [0.4 .. 1.0]"", ""signal_count"": 2, ""distinct_signal_types"": [""zuschlag_gewonnen""], ""stacking_bonus"": 0.0, ""driver"": {""signal_type"": ""zuschlag_gewonnen"", ""event_date"": ""2026-09-18"", ""weight"": 6, ""recency"": 0.8, ""icp_fit_dampened"": 0.88, ""confidence"": 0.85, ""confidence_dampened"": 0.91, ""raw"": 3.844, ""source_url"": ""https://oeffentlichevergabe.de/api/notices/c522d6a2-c7d9-4df3-b9d8-3402d941af74?format=pdf""}, ""all_signals"": [{""signal_type"": ""zuschlag_gewonnen"", ""event_date"": ""2026-09-18"", ""weight"": 6, ""recency"": 0.8, ""icp_fit_dampened"": 0.88, ""confidence"": 0.85, ""confidence_dampened"": 0.91, ""raw"": 3.844, ""source_url"": ""https://oeffentlichevergabe.de/api/notices/c522d6a2-c7d9-4df3-b9d8-3402d941af74?format=pdf""}, {""signal_type"": ""zuschlag_gewonnen"", ""event_date"": ""2026-09-18"", ""weight"": 6, ""recency"": 0.8, ""icp_fit_dampened"": 0.88, ""confidence"": 0.72, ""confidence_dampened"": 0.832, ""raw"": 3.514, ""source_url"": ""https://ted.europa.eu/en/notice/-/detail/645585-2026""}]}"
"xcave technology","32","{""formula"": ""min(best(weight x recency x fit_d x conf_d) + stacking, cap) / cap x 100"", ""tier"": ""B"", ""icp_fit"": 0.8, ""dampening"": ""fit und confidence wirken auf [0.4 .. 1.0]"", ""signal_count"": 2, ""distinct_signal_types"": [""zuschlag_gewonnen""], ""stacking_bonus"": 0.0, ""driver"": {""signal_type"": ""zuschlag_gewonnen"", ""event_date"": ""2026-09-18"", ""weight"": 6, ""recency"": 0.8, ""icp_fit_dampened"": 0.88, ""confidence"": 0.85, ""confidence_dampened"": 0.91, ""raw"": 3.844, ""source_url"": ""https://oeffentlichevergabe.de/api/notices/1a23620f-719b-4644-8d52-f439f548ca7f?format=pdf""}, ""all_signals"": [{""signal_type"": ""zuschlag_gewonnen"", ""event_date"": ""2026-09-18"", ""weight"": 6, ""recency"": 0.8, ""icp_fit_dampened"": 0.88, ""confidence"": 0.85, ""confidence_dampened"": 0.91, ""raw"": 3.844, ""source_url"": ""https://oeffentlichevergabe.de/api/notices/1a23620f-719b-4644-8d52-f439f548ca7f?format=pdf""}, {""signal_type"": ""zuschlag_gewonnen"", ""event_date"": ""2026-09-18"", ""weight"": 6, ""recency"": 0.8, ""icp_fit_dampened"": 0.88, ""confidence"": 0.72, ""confidence_dampened"": 0.832, ""raw"": 3.514, ""source_url"": ""https://ted.europa.eu/en/notice/-/detail/645190-2026""}]}"
"ivpnetworks","32","{""formula"": ""min(best(weight x recency x fit_d x conf_d) + stacking, cap) / cap x 100"", ""tier"": ""B"", ""icp_fit"": 0.8, ""dampening"": ""fit und confidence wirken auf [0.4 .. 1.0]"", ""signal_count"": 1, ""distinct_signal_types"": [""zuschlag_gewonnen""], ""stacking_bonus"": 0.0, ""driver"": {""signal_type"": ""zuschlag_gewonnen"", ""event_date"": ""2026-09-18"", ""weight"": 6, ""recency"": 0.8, ""icp_fit_dampened"": 0.88, ""confidence"": 0.85, ""confidence_dampened"": 0.91, ""raw"": 3.844, ""source_url"": ""https://oeffentlichevergabe.de/api/notices/4e50662b-a5cf-4f10-a398-7794960dd96b?format=pdf""}, ""all_signals"": [{""signal_type"": ""zuschlag_gewonnen"", ""event_date"": ""2026-09-18"", ""weight"": 6, ""recency"": 0.8, ""icp_fit_dampened"": 0.88, ""confidence"": 0.85, ""confidence_dampened"": 0.91, ""raw"": 3.844, ""source_url"": ""https://oeffentlichevergabe.de/api/notices/4e50662b-a5cf-4f10-a398-7794960dd96b?format=pdf""}]}"
"fsas technologies","32","{""formula"": ""min(best(weight x recency x fit_d x conf_d) + stacking, cap) / cap x 100"", ""tier"": ""B"", ""icp_fit"": 0.8, ""dampening"": ""fit und confidence wirken auf [0.4 .. 1.0]"", ""signal_count"": 7, ""distinct_signal_types"": [""zuschlag_gewonnen""], ""stacking_bonus"": 0.0, ""driver"": {""signal_type"": ""zuschlag_gewonnen"", ""event_date"": ""2026-09-17"", ""weight"": 6, ""recency"": 0.8, ""icp_fit_dampened"": 0.88, ""confidence"": 0.85, ""confidence_dampened"": 0.91, ""raw"": 3.844, ""source_url"": ""https://oeffentlichevergabe.de/api/notices/b391cb39-181d-4728-82cf-6480470a650f?format=pdf""}, ""all_signals"": [{""signal_type"": ""zuschlag_gewonnen"", ""event_date"": ""2026-09-17"", ""weight"": 6, ""recency"": 0.8, ""icp_fit_dampened"": 0.88, ""confidence"": 0.85, ""confidence_dampened"": 0.91, ""raw"": 3.844, ""source_url"": ""https://oeffentlichevergabe.de/api/notices/b391cb39-181d-4728-82cf-6480470a650f?format=pdf""}, {""signal_type"": ""zuschlag_gewonnen"", ""event_date"": ""2026-09-06"", ""weight"": 6, ""recency"": 0.8, ""icp_fit_dampened"": 0.88, ""confidence"": 0.85, ""confidence_dampened"": 0.91, ""raw"": 3.844, ""source_url"": ""https://oeffentlichevergabe.de/api/notices/f708ae61-5739-478f-b9a8-1619034322ad?format=pdf""}, {""signal_type"": ""zuschlag_gewonnen"", ""event_date"": ""2026-09-17"", ""weight"": 6, ""recency"": 0.8, ""icp_fit_dampened"": 0.88, ""confidence"": 0.72, ""confidence_dampened"": 0.832, ""raw"": 3.514, ""source_url"": ""https://ted.europa.eu/en/notice/-/detail/642381-2026""}, {""signal_type"": ""zuschlag_gewonnen"", ""event_date"": ""2026-09-07"", ""weight"": 6, ""recency"": 0.8, ""icp_fit_dampened"": 0.88, ""confidence"": 0.72, ""confidence_dampened"": 0.832, ""raw"": 3.514, ""source_url"": ""https://ted.europa.eu/en/notice/-/detail/613898-2026""}, {""signal_type"": ""zuschlag_gewonnen"", ""event_date"": ""2026-09-02"", ""weight"": 6, ""recency"": 0.6, ""icp_fit_dampened"": 0.88, ""confidence"": 0.85, ""confidence_dampened"": 0.91, ""raw"": 2.883, ""source_url"": ""https://oeffentlichevergabe.de/api/notices/d0a36b47-570f-4ce6-a26c-b43023040c7c?format=pdf""}]}"
"isec7","32","{""formula"": ""min(best(weight x recency x fit_d x conf_d) + stacking, cap) / cap x 100"", ""tier"": ""B"", ""icp_fit"": 0.8, ""dampening"": ""fit und confidence wirken auf [0.4 .. 1.0]"", ""signal_count"": 2, ""distinct_signal_types"": [""zuschlag_gewonnen""], ""stacking_bonus"": 0.0, ""driver"": {""signal_type"": ""zuschlag_gewonnen"", ""event_date"": ""2026-09-17"", ""weight"": 6, ""recency"": 0.8, ""icp_fit_dampened"": 0.88, ""confidence"": 0.85, ""confidence_dampened"": 0.91, ""raw"": 3.844, ""source_url"": ""https://oeffentlichevergabe.de/api/notices/a7fc8648-26a6-4f6e-b0b3-90ac72503e54?format=pdf""}, ""all_signals"": [{""signal_type"": ""zuschlag_gewonnen"", ""event_date"": ""2026-09-17"", ""weight"": 6, ""recency"": 0.8, ""icp_fit_dampened"": 0.88, ""confidence"": 0.85, ""confidence_dampened"": 0.91, ""raw"": 3.844, ""source_url"": ""https://oeffentlichevergabe.de/api/notices/a7fc8648-26a6-4f6e-b0b3-90ac72503e54?format=pdf""}, {""signal_type"": ""zuschlag_gewonnen"", ""event_date"": ""2026-09-17"", ""weight"": 6, ""recency"": 0.8, ""icp_fit_dampened"": 0.88, ""confidence"": 0.72, ""confidence_dampened"": 0.832, ""raw"": 3.514, ""source_url"": ""https://ted.europa.eu/en/notice/-/detail/642131-2026""}]}"
"deutsche telekom business solutions gmbh lk sn","32","{""formula"": ""min(best(weight x recency x fit_d x conf_d) + stacking, cap) / cap x 100"", ""tier"": ""B"", ""icp_fit"": 0.8, ""dampening"": ""fit und confidence wirken auf [0.4 .. 1.0]"", ""signal_count"": 2, ""distinct_signal_types"": [""zuschlag_gewonnen""], ""stacking_bonus"": 0.0, ""driver"": {""signal_type"": ""zuschlag_gewonnen"", ""event_date"": ""2026-09-17"", ""weight"": 6, ""recency"": 0.8, ""icp_fit_dampened"": 0.88, ""confidence"": 0.85, ""confidence_dampened"": 0.91, ""raw"": 3.844, ""source_url"": ""https://oeffentlichevergabe.de/api/notices/d11fab1b-6b91-40e3-8fc6-9cb3402b1915?format=pdf""}, ""all_signals"": [{""signal_type"": ""zuschlag_gewonnen"", ""event_date"": ""2026-09-17"", ""weight"": 6, ""recency"": 0.8, ""icp_fit_dampened"": 0.88, ""confidence"": 0.85, ""confidence_dampened"": 0.91, ""raw"": 3.844, ""source_url"": ""https://oeffentlichevergabe.de/api/notices/d11fab1b-6b91-40e3-8fc6-9cb3402b1915?format=pdf""}, {""signal_type"": ""zuschlag_gewonnen"", ""event_date"": ""2026-09-17"", ""weight"": 6, ""recency"": 0.8, ""icp_fit_dampened"": 0.88, ""confidence"": 0.72, ""confidence_dampened"": 0.832, ""raw"": 3.514, ""source_url"": ""https://ted.europa.eu/en/notice/-/detail/641603-2026""}]}"
"nira dynamics","32","{""formula"": ""min(best(weight x recency x fit_d x conf_d) + stacking, cap) / cap x 100"", ""tier"": ""B"", ""icp_fit"": 0.8, ""dampening"": ""fit und confidence wirken auf [0.4 .. 1.0]"", ""signal_count"": 2, ""distinct_signal_types"": [""zuschlag_gewonnen""], ""stacking_bonus"": 0.0, ""driver"": {""signal_type"": ""zuschlag_gewonnen"", ""event_date"": ""2026-09-17"", ""weight"": 6, ""recency"": 0.8, ""icp_fit_dampened"": 0.88, ""confidence"": 0.85, ""confidence_dampened"": 0.91, ""raw"": 3.844, ""source_url"": ""https://oeffentlichevergabe.de/api/notices/aaa124f2-0148-4589-b19c-96031757b1de?format=pdf""}, ""all_signals"": [{""signal_type"": ""zuschlag_gewonnen"", ""event_date"": ""2026-09-17"", ""weight"": 6, ""recency"": 0.8, ""icp_fit_dampened"": 0.88, ""confidence"": 0.85, ""confidence_dampened"": 0.91, ""raw"": 3.844, ""source_url"": ""https://oeffentlichevergabe.de/api/notices/aaa124f2-0148-4589-b19c-96031757b1de?format=pdf""}, {""signal_type"": ""zuschlag_gewonnen"", ""event_date"": ""2026-09-17"", ""weight"": 6, ""recency"": 0.8, ""icp_fit_dampened"": 0.88, ""confidence"": 0.72, ""confidence_dampened"": 0.832, ""raw"": 3.514, ""source_url"": ""https://ted.europa.eu/en/notice/-/detail/640362-2026""}]}"
"immomio","32","{""formula"": ""min(best(weight x recency x fit_d x conf_d) + stacking, cap) / cap x 100"", ""tier"": ""B"", ""icp_fit"": 0.8, ""dampening"": ""fit und confidence wirken auf [0.4 .. 1.0]"", ""signal_count"": 2, ""distinct_signal_types"": [""zuschlag_gewonnen""], ""stacking_bonus"": 0.0, ""driver"": {""signal_type"": ""zuschlag_gewonnen"", ""event_date"": ""2026-09-17"", ""weight"": 6, ""recency"": 0.8, ""icp_fit_dampened"": 0.88, ""confidence"": 0.85, ""confidence_dampened"": 0.91, ""raw"": 3.844, ""source_url"": ""https://oeffentlichevergabe.de/api/notices/99abb9b4-94c5-4f36-b343-0bc40146baab?format=pdf""}, ""all_signals"": [{""signal_type"": ""zuschlag_gewonnen"", ""event_date"": ""2026-09-17"", ""weight"": 6, ""recency"": 0.8, ""icp_fit_dampened"": 0.88, ""confidence"": 0.85, ""confidence_dampened"": 0.91, ""raw"": 3.844, ""source_url"": ""https://oeffentlichevergabe.de/api/notices/99abb9b4-94c5-4f36-b343-0bc40146baab?format=pdf""}, {""signal_type"": ""zuschlag_gewonnen"", ""event_date"": ""2026-09-17"", ""weight"": 6, ""recency"": 0.8, ""icp_fit_dampened"": 0.88, ""confidence"": 0.72, ""confidence_dampened"": 0.832, ""raw"": 3.514, ""source_url"": ""https://ted.europa.eu/en/notice/-/detail/639890-2026""}]}"
"megware computer","32","{""formula"": ""min(best(weight x recency x fit_d x conf_d) + stacking, cap) / cap x 100"", ""tier"": ""B"", ""icp_fit"": 0.8, ""dampening"": ""fit und confidence wirken auf [0.4 .. 1.0]"", ""signal_count"": 1, ""distinct_signal_types"": [""zuschlag_gewonnen""], ""stacking_bonus"": 0.0, ""driver"": {""signal_type"": ""zuschlag_gewonnen"", ""event_date"": ""2026-09-17"", ""weight"": 6, ""recency"": 0.8, ""icp_fit_dampened"": 0.88, ""confidence"": 0.85, ""confidence_dampened"": 0.91, ""raw"": 3.844, ""source_url"": ""https://oeffentlichevergabe.de/api/notices/020789af-e975-4506-9155-1ff527e55830?format=pdf""}, ""all_signals"": [{""signal_type"": ""zuschlag_gewonnen"", ""event_date"": ""2026-09-17"", ""weight"": 6, ""recency"": 0.8, ""icp_fit_dampened"": 0.88, ""confidence"": 0.85, ""confidence_dampened"": 0.91, ""raw"": 3.844, ""source_url"": ""https://oeffentlichevergabe.de/api/notices/020789af-e975-4506-9155-1ff527e55830?format=pdf""}]}"
"swarco traffic systems","32","{""formula"": ""min(best(weight x recency x fit_d x conf_d) + stacking, cap) / cap x 100"", ""tier"": ""B"", ""icp_fit"": 0.8, ""dampening"": ""fit und confidence wirken auf [0.4 .. 1.0]"", ""signal_count"": 3, ""distinct_signal_types"": [""zuschlag_gewonnen""], ""stacking_bonus"": 0.0, ""driver"": {""signal_type"": ""zuschlag_gewonnen"", ""event_date"": ""2026-09-16"", ""weight"": 6, ""recency"": 0.8, ""icp_fit_dampened"": 0.88, ""confidence"": 0.85, ""confidence_dampened"": 0.91, ""raw"": 3.844, ""source_url"": ""https://oeffentlichevergabe.de/api/notices/2446e1a7-8dc7-4593-b2d7-3260e7e86389?format=pdf""}, ""all_signals"": [{""signal_type"": ""zuschlag_gewonnen"", ""event_date"": ""2026-09-16"", ""weight"": 6, ""recency"": 0.8, ""icp_fit_dampened"": 0.88, ""confidence"": 0.85, ""confidence_dampened"": 0.91, ""raw"": 3.844, ""source_url"": ""https://oeffentlichevergabe.de/api/notices/2446e1a7-8dc7-4593-b2d7-3260e7e86389?format=pdf""}, {""signal_type"": ""zuschlag_gewonnen"", ""event_date"": ""2026-09-06"", ""weight"": 6, ""recency"": 0.8, ""icp_fit_dampened"": 0.88, ""confidence"": 0.85, ""confidence_dampened"": 0.91, ""raw"": 3.844, ""source_url"": ""https://oeffentlichevergabe.de/api/notices/891c8d42-7c0d-4425-aea0-1a818c59b09d?format=pdf""}, {""signal_type"": ""zuschlag_gewonnen"", ""event_date"": ""2026-09-16"", ""weight"": 6, ""recency"": 0.8, ""icp_fit_dampened"": 0.88, ""confidence"": 0.72, ""confidence_dampened"": 0.832, ""raw"": 3.514, ""source_url"": ""https://ted.europa.eu/en/notice/-/detail/638304-2026""}]}"
"paintbucket games ug haftungsbeschraenkt","32","{""formula"": ""min(best(weight x recency x fit_d x conf_d) + stacking, cap) / cap x 100"", ""tier"": ""B"", ""icp_fit"": 0.8, ""dampening"": ""fit und confidence wirken auf [0.4 .. 1.0]"", ""signal_count"": 2, ""distinct_signal_types"": [""zuschlag_gewonnen""], ""stacking_bonus"": 0.0, ""driver"": {""signal_type"": ""zuschlag_gewonnen"", ""event_date"": ""2026-09-16"", ""weight"": 6, ""recency"": 0.8, ""icp_fit_dampened"": 0.88, ""confidence"": 0.85, ""confidence_dampened"": 0.91, ""raw"": 3.844, ""source_url"": ""https://oeffentlichevergabe.de/api/notices/8b68c9cd-becc-4aae-b266-0d8fd532adde?format=pdf""}, ""all_signals"": [{""signal_type"": ""zuschlag_gewonnen"", ""event_date"": ""2026-09-16"", ""weight"": 6, ""recency"": 0.8, ""icp_fit_dampened"": 0.88, ""confidence"": 0.85, ""confidence_dampened"": 0.91, ""raw"": 3.844, ""source_url"": ""https://oeffentlichevergabe.de/api/notices/8b68c9cd-becc-4aae-b266-0d8fd532adde?format=pdf""}, {""signal_type"": ""zuschlag_gewonnen"", ""event_date"": ""2026-09-16"", ""weight"": 6, ""recency"": 0.8, ""icp_fit_dampened"": 0.88, ""confidence"": 0.72, ""confidence_dampened"": 0.832, ""raw"": 3.514, ""source_url"": ""https://ted.europa.eu/en/notice/-/detail/637502-2026""}]}"
"adesso","32","{""formula"": ""min(best(weight x recency x fit_d x conf_d) + stacking, cap) / cap x 100"", ""tier"": ""B"", ""icp_fit"": 0.8, ""dampening"": ""fit und confidence wirken auf [0.4 .. 1.0]"", ""signal_count"": 2, ""distinct_signal_types"": [""zuschlag_gewonnen""], ""stacking_bonus"": 0.0, ""driver"": {""signal_type"": ""zuschlag_gewonnen"", ""event_date"": ""2026-09-16"", ""weight"": 6, ""recency"": 0.8, ""icp_fit_dampened"": 0.88, ""confidence"": 0.85, ""confidence_dampened"": 0.91, ""raw"": 3.844, ""source_url"": ""https://oeffentlichevergabe.de/api/notices/2fbce19e-8406-42b5-9a31-021c37f0693e?format=pdf""}, ""all_signals"": [{""signal_type"": ""zuschlag_gewonnen"", ""event_date"": ""2026-09-16"", ""weight"": 6, ""recency"": 0.8, ""icp_fit_dampened"": 0.88, ""confidence"": 0.85, ""confidence_dampened"": 0.91, ""raw"": 3.844, ""source_url"": ""https://oeffentlichevergabe.de/api/notices/2fbce19e-8406-42b5-9a31-021c37f0693e?format=pdf""}, {""signal_type"": ""zuschlag_gewonnen"", ""event_date"": ""2026-09-16"", ""weight"": 6, ""recency"": 0.8, ""icp_fit_dampened"": 0.88, ""confidence"": 0.72, ""confidence_dampened"": 0.832, ""raw"": 3.514, ""source_url"": ""https://ted.europa.eu/en/notice/-/detail/637487-2026""}]}"
"gi group deutschland","32","{""formula"": ""min(best(weight x recency x fit_d x conf_d) + stacking, cap) / cap x 100"", ""tier"": ""B"", ""icp_fit"": 0.8, ""dampening"": ""fit und confidence wirken auf [0.4 .. 1.0]"", ""signal_count"": 2, ""distinct_signal_types"": [""zuschlag_gewonnen""], ""stacking_bonus"": 0.0, ""driver"": {""signal_type"": ""zuschlag_gewonnen"", ""event_date"": ""2026-09-16"", ""weight"": 6, ""recency"": 0.8, ""icp_fit_dampened"": 0.88, ""confidence"": 0.85, ""confidence_dampened"": 0.91, ""raw"": 3.844, ""source_url"": ""https://oeffentlichevergabe.de/api/notices/08ecd73b-ffc2-45a7-8132-f92a89d11b94?format=pdf""}, ""all_signals"": [{""signal_type"": ""zuschlag_gewonnen"", ""event_date"": ""2026-09-16"", ""weight"": 6, ""recency"": 0.8, ""icp_fit_dampened"": 0.88, ""confidence"": 0.85, ""confidence_dampened"": 0.91, ""raw"": 3.844, ""source_url"": ""https://oeffentlichevergabe.de/api/notices/08ecd73b-ffc2-45a7-8132-f92a89d11b94?format=pdf""}, {""signal_type"": ""zuschlag_gewonnen"", ""event_date"": ""2026-09-16"", ""weight"": 6, ""recency"": 0.8, ""icp_fit_dampened"": 0.88, ""confidence"": 0.72, ""confidence_dampened"": 0.832, ""raw"": 3.514, ""source_url"": ""https://ted.europa.eu/en/notice/-/detail/636797-2026""}]}"
"fuchsfabrik digitalagentur","32","{""formula"": ""min(best(weight x recency x fit_d x conf_d) + stacking, cap) / cap x 100"", ""tier"": ""B"", ""icp_fit"": 0.8, ""dampening"": ""fit und confidence wirken auf [0.4 .. 1.0]"", ""signal_count"": 2, ""distinct_signal_types"": [""zuschlag_gewonnen""], ""stacking_bonus"": 0.0, ""driver"": {""signal_type"": ""zuschlag_gewonnen"", ""event_date"": ""2026-09-16"", ""weight"": 6, ""recency"": 0.8, ""icp_fit_dampened"": 0.88, ""confidence"": 0.85, ""confidence_dampened"": 0.91, ""raw"": 3.844, ""source_url"": ""https://oeffentlichevergabe.de/api/notices/ebf0316c-dc1d-4aff-9f0c-9601ef0834b6?format=pdf""}, ""all_signals"": [{""signal_type"": ""zuschlag_gewonnen"", ""event_date"": ""2026-09-16"", ""weight"": 6, ""recency"": 0.8, ""icp_fit_dampened"": 0.88, ""confidence"": 0.85, ""confidence_dampened"": 0.91, ""raw"": 3.844, ""source_url"": ""https://oeffentlichevergabe.de/api/notices/ebf0316c-dc1d-4aff-9f0c-9601ef0834b6?format=pdf""}, {""signal_type"": ""zuschlag_gewonnen"", ""event_date"": ""2026-09-16"", ""weight"": 6, ""recency"": 0.8, ""icp_fit_dampened"": 0.88, ""confidence"": 0.72, ""confidence_dampened"": 0.832, ""raw"": 3.514, ""source_url"": ""https://ted.europa.eu/en/notice/-/detail/636656-2026""}]}"
"argus data insights","32","{""formula"": ""min(best(weight x recency x fit_d x conf_d) + stacking, cap) / cap x 100"", ""tier"": ""B"", ""icp_fit"": 0.8, ""dampening"": ""fit und confidence wirken auf [0.4 .. 1.0]"", ""signal_count"": 2, ""distinct_signal_types"": [""zuschlag_gewonnen""], ""stacking_bonus"": 0.0, ""driver"": {""signal_type"": ""zuschlag_gewonnen"", ""event_date"": ""2026-09-16"", ""weight"": 6, ""recency"": 0.8, ""icp_fit_dampened"": 0.88, ""confidence"": 0.85, ""confidence_dampened"": 0.91, ""raw"": 3.844, ""source_url"": ""https://oeffentlichevergabe.de/api/notices/4b78a193-a1fc-423c-8a38-0694dfd95972?format=pdf""}, ""all_signals"": [{""signal_type"": ""zuschlag_gewonnen"", ""event_date"": ""2026-09-16"", ""weight"": 6, ""recency"": 0.8, ""icp_fit_dampened"": 0.88, ""confidence"": 0.85, ""confidence_dampened"": 0.91, ""raw"": 3.844, ""source_url"": ""https://oeffentlichevergabe.de/api/notices/4b78a193-a1fc-423c-8a38-0694dfd95972?format=pdf""}, {""signal_type"": ""zuschlag_gewonnen"", ""event_date"": ""2026-09-16"", ""weight"": 6, ""recency"": 0.8, ""icp_fit_dampened"": 0.88, ""confidence"": 0.72, ""confidence_dampened"": 0.832, ""raw"": 3.514, ""source_url"": ""https://ted.europa.eu/en/notice/-/detail/636344-2026""}]}"
"oe_konzept agentur fuer werbung und kommunikation","32","{""formula"": ""min(best(weight x recency x fit_d x conf_d) + stacking, cap) / cap x 100"", ""tier"": ""B"", ""icp_fit"": 0.8, ""dampening"": ""fit und confidence wirken auf [0.4 .. 1.0]"", ""signal_count"": 2, ""distinct_signal_types"": [""zuschlag_gewonnen""], ""stacking_bonus"": 0.0, ""driver"": {""signal_type"": ""zuschlag_gewonnen"", ""event_date"": ""2026-09-16"", ""weight"": 6, ""recency"": 0.8, ""icp_fit_dampened"": 0.88, ""confidence"": 0.85, ""confidence_dampened"": 0.91, ""raw"": 3.844, ""source_url"": ""https://oeffentlichevergabe.de/api/notices/6b0f4674-e061-4675-a513-14d54862e182?format=pdf""}, ""all_signals"": [{""signal_type"": ""zuschlag_gewonnen"", ""event_date"": ""2026-09-16"", ""weight"": 6, ""recency"": 0.8, ""icp_fit_dampened"": 0.88, ""confidence"": 0.85, ""confidence_dampened"": 0.91, ""raw"": 3.844, ""source_url"": ""https://oeffentlichevergabe.de/api/notices/6b0f4674-e061-4675-a513-14d54862e182?format=pdf""}, {""signal_type"": ""zuschlag_gewonnen"", ""event_date"": ""2026-09-16"", ""weight"": 6, ""recency"": 0.8, ""icp_fit_dampened"": 0.88, ""confidence"": 0.72, ""confidence_dampened"": 0.832, ""raw"": 3.514, ""source_url"": ""https://ted.europa.eu/en/notice/-/detail/635932-2026""}]}"
"eislebener tele-funk","32","{""formula"": ""min(best(weight x recency x fit_d x conf_d) + stacking, cap) / cap x 100"", ""tier"": ""B"", ""icp_fit"": 0.8, ""dampening"": ""fit und confidence wirken auf [0.4 .. 1.0]"", ""signal_count"": 1, ""distinct_signal_types"": [""zuschlag_gewonnen""], ""stacking_bonus"": 0.0, ""driver"": {""signal_type"": ""zuschlag_gewonnen"", ""event_date"": ""2026-09-16"", ""weight"": 6, ""recency"": 0.8, ""icp_fit_dampened"": 0.88, ""confidence"": 0.85, ""confidence_dampened"": 0.91, ""raw"": 3.844, ""source_url"": ""https://oeffentlichevergabe.de/api/notices/6eed375a-5cb3-4ea3-8c0e-467f90e25ca1?format=pdf""}, ""all_signals"": [{""signal_type"": ""zuschlag_gewonnen"", ""event_date"": ""2026-09-16"", ""weight"": 6, ""recency"": 0.8, ""icp_fit_dampened"": 0.88, ""confidence"": 0.85, ""confidence_dampened"": 0.91, ""raw"": 3.844, ""source_url"": ""https://oeffentlichevergabe.de/api/notices/6eed375a-5cb3-4ea3-8c0e-467f90e25ca1?format=pdf""}]}"
"aufhebung","32","{""formula"": ""min(best(weight x recency x fit_d x conf_d) + stacking, cap) / cap x 100"", ""tier"": ""B"", ""icp_fit"": 0.8, ""dampening"": ""fit und confidence wirken auf [0.4 .. 1.0]"", ""signal_count"": 1, ""distinct_signal_types"": [""zuschlag_gewonnen""], ""stacking_bonus"": 0.0, ""driver"": {""signal_type"": ""zuschlag_gewonnen"", ""event_date"": ""2026-09-16"", ""weight"": 6, ""recency"": 0.8, ""icp_fit_dampened"": 0.88, ""confidence"": 0.85, ""confidence_dampened"": 0.91, ""raw"": 3.844, ""source_url"": ""https://oeffentlichevergabe.de/api/notices/de166c56-23c7-4c31-9f0e-9846fb8ea264?format=pdf""}, ""all_signals"": [{""signal_type"": ""zuschlag_gewonnen"", ""event_date"": ""2026-09-16"", ""weight"": 6, ""recency"": 0.8, ""icp_fit_dampened"": 0.88, ""confidence"": 0.85, ""confidence_dampened"": 0.91, ""raw"": 3.844, ""source_url"": ""https://oeffentlichevergabe.de/api/notices/de166c56-23c7-4c31-9f0e-9846fb8ea264?format=pdf""}]}"
"zeq","32","{""formula"": ""min(best(weight x recency x fit_d x conf_d) + stacking, cap) / cap x 100"", ""tier"": ""B"", ""icp_fit"": 0.8, ""dampening"": ""fit und confidence wirken auf [0.4 .. 1.0]"", ""signal_count"": 2, ""distinct_signal_types"": [""zuschlag_gewonnen""], ""stacking_bonus"": 0.0, ""driver"": {""signal_type"": ""zuschlag_gewonnen"", ""event_date"": ""2026-09-15"", ""weight"": 6, ""recency"": 0.8, ""icp_fit_dampened"": 0.88, ""confidence"": 0.85, ""confidence_dampened"": 0.91, ""raw"": 3.844, ""source_url"": ""https://oeffentlichevergabe.de/api/notices/16ce1149-45f5-444a-8542-dc5805752d78?format=pdf""}, ""all_signals"": [{""signal_type"": ""zuschlag_gewonnen"", ""event_date"": ""2026-09-15"", ""weight"": 6, ""recency"": 0.8, ""icp_fit_dampened"": 0.88, ""confidence"": 0.85, ""confidence_dampened"": 0.91, ""raw"": 3.844, ""source_url"": ""https://oeffentlichevergabe.de/api/notices/16ce1149-45f5-444a-8542-dc5805752d78?format=pdf""}, {""signal_type"": ""zuschlag_gewonnen"", ""event_date"": ""2026-09-15"", ""weight"": 6, ""recency"": 0.8, ""icp_fit_dampened"": 0.88, ""confidence"": 0.72, ""confidence_dampened"": 0.832, ""raw"": 3.514, ""source_url"": ""https://ted.europa.eu/en/notice/-/detail/635781-2026""}]}"
"voigtmann","32","{""formula"": ""min(best(weight x recency x fit_d x conf_d) + stacking, cap) / cap x 100"", ""tier"": ""B"", ""icp_fit"": 0.8, ""dampening"": ""fit und confidence wirken auf [0.4 .. 1.0]"", ""signal_count"": 4, ""distinct_signal_types"": [""zuschlag_gewonnen""], ""stacking_bonus"": 0.0, ""driver"": {""signal_type"": ""zuschlag_gewonnen"", ""event_date"": ""2026-09-15"", ""weight"": 6, ""recency"": 0.8, ""icp_fit_dampened"": 0.88, ""confidence"": 0.85, ""confidence_dampened"": 0.91, ""raw"": 3.844, ""source_url"": ""https://oeffentlichevergabe.de/api/notices/4cc8195a-9a28-46a0-9f10-c9e8677171c0?format=pdf""}, ""all_signals"": [{""signal_type"": ""zuschlag_gewonnen"", ""event_date"": ""2026-09-15"", ""weight"": 6, ""recency"": 0.8, ""icp_fit_dampened"": 0.88, ""confidence"": 0.85, ""confidence_dampened"": 0.91, ""raw"": 3.844, ""source_url"": ""https://oeffentlichevergabe.de/api/notices/4cc8195a-9a28-46a0-9f10-c9e8677171c0?format=pdf""}, {""signal_type"": ""zuschlag_gewonnen"", ""event_date"": ""2026-09-15"", ""weight"": 6, ""recency"": 0.8, ""icp_fit_dampened"": 0.88, ""confidence"": 0.72, ""confidence_dampened"": 0.832, ""raw"": 3.514, ""source_url"": ""https://ted.europa.eu/en/notice/-/detail/635643-2026""}, {""signal_type"": ""zuschlag_gewonnen"", ""event_date"": ""2026-08-21"", ""weight"": 6, ""recency"": 0.4, ""icp_fit_dampened"": 0.88, ""confidence"": 0.85, ""confidence_dampened"": 0.91, ""raw"": 1.922, ""source_url"": ""https://oeffentlichevergabe.de/api/notices/6e4130cf-696b-4832-b799-163626dcc92f?format=pdf""}, {""signal_type"": ""zuschlag_gewonnen"", ""event_date"": ""2026-08-21"", ""weight"": 6, ""recency"": 0.4, ""icp_fit_dampened"": 0.88, ""confidence"": 0.72, ""confidence_dampened"": 0.832, ""raw"": 1.757, ""source_url"": ""https://ted.europa.eu/en/notice/-/detail/580799-2026""}]}"
"appsphere","32","{""formula"": ""min(best(weight x recency x fit_d x conf_d) + stacking, cap) / cap x 100"", ""tier"": ""B"", ""icp_fit"": 0.8, ""dampening"": ""fit und confidence wirken auf [0.4 .. 1.0]"", ""signal_count"": 2, ""distinct_signal_types"": [""zuschlag_gewonnen""], ""stacking_bonus"": 0.0, ""driver"": {""signal_type"": ""zuschlag_gewonnen"", ""event_date"": ""2026-09-15"", ""weight"": 6, ""recency"": 0.8, ""icp_fit_dampened"": 0.88, ""confidence"": 0.85, ""confidence_dampened"": 0.91, ""raw"": 3.844, ""source_url"": ""https://oeffentlichevergabe.de/api/notices/cf854fd9-db88-43d8-9378-6fbbc7265fa9?format=pdf""}, ""all_signals"": [{""signal_type"": ""zuschlag_gewonnen"", ""event_date"": ""2026-09-15"", ""weight"": 6, ""recency"": 0.8, ""icp_fit_dampened"": 0.88, ""confidence"": 0.85, ""confidence_dampened"": 0.91, ""raw"": 3.844, ""source_url"": ""https://oeffentlichevergabe.de/api/notices/cf854fd9-db88-43d8-9378-6fbbc7265fa9?format=pdf""}, {""signal_type"": ""zuschlag_gewonnen"", ""event_date"": ""2026-09-15"", ""weight"": 6, ""recency"": 0.8, ""icp_fit_dampened"": 0.88, ""confidence"": 0.72, ""confidence_dampened"": 0.832, ""raw"": 3.514, ""source_url"": ""https://ted.europa.eu/en/notice/-/detail/635491-2026""}]}"
"mixed world","32","{""formula"": ""min(best(weight x recency x fit_d x conf_d) + stacking, cap) / cap x 100"", ""tier"": ""B"", ""icp_fit"": 0.8, ""dampening"": ""fit und confidence wirken auf [0.4 .. 1.0]"", ""signal_count"": 3, ""distinct_signal_types"": [""zuschlag_gewonnen""], ""stacking_bonus"": 0.0, ""driver"": {""signal_type"": ""zuschlag_gewonnen"", ""event_date"": ""2026-09-13"", ""weight"": 6, ""recency"": 0.8, ""icp_fit_dampened"": 0.88, ""confidence"": 0.85, ""confidence_dampened"": 0.91, ""raw"": 3.844, ""source_url"": ""https://oeffentlichevergabe.de/api/notices/74db7dfc-2189-4521-aa82-47cc57748f3f?format=pdf""}, ""all_signals"": [{""signal_type"": ""zuschlag_gewonnen"", ""event_date"": ""2026-09-13"", ""weight"": 6, ""recency"": 0.8, ""icp_fit_dampened"": 0.88, ""confidence"": 0.85, ""confidence_dampened"": 0.91, ""raw"": 3.844, ""source_url"": ""https://oeffentlichevergabe.de/api/notices/74db7dfc-2189-4521-aa82-47cc57748f3f?format=pdf""}, {""signal_type"": ""zuschlag_gewonnen"", ""event_date"": ""2026-09-15"", ""weight"": 6, ""recency"": 0.8, ""icp_fit_dampened"": 0.88, ""confidence"": 0.72, ""confidence_dampened"": 0.832, ""raw"": 3.514, ""source_url"": ""https://ted.europa.eu/en/notice/-/detail/635316-2026""}, {""signal_type"": ""zuschlag_gewonnen"", ""event_date"": ""2026-08-13"", ""weight"": 6, ""recency"": 0.4, ""icp_fit_dampened"": 0.88, ""confidence"": 0.85, ""confidence_dampened"": 0.91, ""raw"": 1.922, ""source_url"": ""https://oeffentlichevergabe.de/api/notices/c301dccf-2d3e-4af4-b79a-dbb6b4047b90?format=pdf""}]}"
"zehnbauer-it","32","{""formula"": ""min(best(weight x recency x fit_d x conf_d) + stacking, cap) / cap x 100"", ""tier"": ""B"", ""icp_fit"": 0.8, ""dampening"": ""fit und confidence wirken auf [0.4 .. 1.0]"", ""signal_count"": 2, ""distinct_signal_types"": [""zuschlag_gewonnen""], ""stacking_bonus"": 0.0, ""driver"": {""signal_type"": ""zuschlag_gewonnen"", ""event_date"": ""2026-09-15"", ""weight"": 6, ""recency"": 0.8, ""icp_fit_dampened"": 0.88, ""confidence"": 0.85, ""confidence_dampened"": 0.91, ""raw"": 3.844, ""source_url"": ""https://oeffentlichevergabe.de/api/notices/7ab9a759-8ba3-4780-8964-089e2fc79a34?format=pdf""}, ""all_signals"": [{""signal_type"": ""zuschlag_gewonnen"", ""event_date"": ""2026-09-15"", ""weight"": 6, ""recency"": 0.8, ""icp_fit_dampened"": 0.88, ""confidence"": 0.85, ""confidence_dampened"": 0.91, ""raw"": 3.844, ""source_url"": ""https://oeffentlichevergabe.de/api/notices/7ab9a759-8ba3-4780-8964-089e2fc79a34?format=pdf""}, {""signal_type"": ""zuschlag_gewonnen"", ""event_date"": ""2026-09-15"", ""weight"": 6, ""recency"": 0.8, ""icp_fit_dampened"": 0.88, ""confidence"": 0.72, ""confidence_dampened"": 0.832, ""raw"": 3.514, ""source_url"": ""https://ted.europa.eu/en/notice/-/detail/635232-2026""}]}"
"ksl kommunalservice","32","{""formula"": ""min(best(weight x recency x fit_d x conf_d) + stacking, cap) / cap x 100"", ""tier"": ""B"", ""icp_fit"": 0.8, ""dampening"": ""fit und confidence wirken auf [0.4 .. 1.0]"", ""signal_count"": 2, ""distinct_signal_types"": [""zuschlag_gewonnen""], ""stacking_bonus"": 0.0, ""driver"": {""signal_type"": ""zuschlag_gewonnen"", ""event_date"": ""2026-09-15"", ""weight"": 6, ""recency"": 0.8, ""icp_fit_dampened"": 0.88, ""confidence"": 0.85, ""confidence_dampened"": 0.91, ""raw"": 3.844, ""source_url"": ""https://oeffentlichevergabe.de/api/notices/e12a23d9-be17-4f7a-897c-aca3f5ffdae8?format=pdf""}, ""all_signals"": [{""signal_type"": ""zuschlag_gewonnen"", ""event_date"": ""2026-09-15"", ""weight"": 6, ""recency"": 0.8, ""icp_fit_dampened"": 0.88, ""confidence"": 0.85, ""confidence_dampened"": 0.91, ""raw"": 3.844, ""source_url"": ""https://oeffentlichevergabe.de/api/notices/e12a23d9-be17-4f7a-897c-aca3f5ffdae8?format=pdf""}, {""signal_type"": ""zuschlag_gewonnen"", ""event_date"": ""2026-09-15"", ""weight"": 6, ""recency"": 0.8, ""icp_fit_dampened"": 0.88, ""confidence"": 0.72, ""confidence_dampened"": 0.832, ""raw"": 3.514, ""source_url"": ""https://ted.europa.eu/en/notice/-/detail/634703-2026""}]}"
"sunzinet","32","{""formula"": ""min(best(weight x recency x fit_d x conf_d) + stacking, cap) / cap x 100"", ""tier"": ""B"", ""icp_fit"": 0.8, ""dampening"": ""fit und confidence wirken auf [0.4 .. 1.0]"", ""signal_count"": 2, ""distinct_signal_types"": [""zuschlag_gewonnen""], ""stacking_bonus"": 0.0, ""driver"": {""signal_type"": ""zuschlag_gewonnen"", ""event_date"": ""2026-09-15"", ""weight"": 6, ""recency"": 0.8, ""icp_fit_dampened"": 0.88, ""confidence"": 0.85, ""confidence_dampened"": 0.91, ""raw"": 3.844, ""source_url"": ""https://oeffentlichevergabe.de/api/notices/90fbafdc-5e9c-4d5b-be32-9d3536f6e7ed?format=pdf""}, ""all_signals"": [{""signal_type"": ""zuschlag_gewonnen"", ""event_date"": ""2026-09-15"", ""weight"": 6, ""recency"": 0.8, ""icp_fit_dampened"": 0.88, ""confidence"": 0.85, ""confidence_dampened"": 0.91, ""raw"": 3.844, ""source_url"": ""https://oeffentlichevergabe.de/api/notices/90fbafdc-5e9c-4d5b-be32-9d3536f6e7ed?format=pdf""}, {""signal_type"": ""zuschlag_gewonnen"", ""event_date"": ""2026-09-15"", ""weight"": 6, ""recency"": 0.8, ""icp_fit_dampened"": 0.88, ""confidence"": 0.72, ""confidence_dampened"": 0.832, ""raw"": 3.514, ""source_url"": ""https://ted.europa.eu/en/notice/-/detail/633795-2026""}]}"
"h und g hansen und gieraths it solutions gmbh/public edge","32","{""formula"": ""min(best(weight x recency x fit_d x conf_d) + stacking, cap) / cap x 100"", ""tier"": ""B"", ""icp_fit"": 0.8, ""dampening"": ""fit und confidence wirken auf [0.4 .. 1.0]"", ""signal_count"": 2, ""distinct_signal_types"": [""zuschlag_gewonnen""], ""stacking_bonus"": 0.0, ""driver"": {""signal_type"": ""zuschlag_gewonnen"", ""event_date"": ""2026-09-15"", ""weight"": 6, ""recency"": 0.8, ""icp_fit_dampened"": 0.88, ""confidence"": 0.85, ""confidence_dampened"": 0.91, ""raw"": 3.844, ""source_url"": ""https://oeffentlichevergabe.de/api/notices/0f3d96bf-c9b4-436a-893d-5a7ef4eb4876?format=pdf""}, ""all_signals"": [{""signal_type"": ""zuschlag_gewonnen"", ""event_date"": ""2026-09-15"", ""weight"": 6, ""recency"": 0.8, ""icp_fit_dampened"": 0.88, ""confidence"": 0.85, ""confidence_dampened"": 0.91, ""raw"": 3.844, ""source_url"": ""https://oeffentlichevergabe.de/api/notices/0f3d96bf-c9b4-436a-893d-5a7ef4eb4876?format=pdf""}, {""signal_type"": ""zuschlag_gewonnen"", ""event_date"": ""2026-09-15"", ""weight"": 6, ""recency"": 0.8, ""icp_fit_dampened"": 0.88, ""confidence"": 0.72, ""confidence_dampened"": 0.832, ""raw"": 3.514, ""source_url"": ""https://ted.europa.eu/en/notice/-/detail/633621-2026""}]}"
"green it","32","{""formula"": ""min(best(weight x recency x fit_d x conf_d) + stacking, cap) / cap x 100"", ""tier"": ""B"", ""icp_fit"": 0.8, ""dampening"": ""fit und confidence wirken auf [0.4 .. 1.0]"", ""signal_count"": 2, ""distinct_signal_types"": [""zuschlag_gewonnen""], ""stacking_bonus"": 0.0, ""driver"": {""signal_type"": ""zuschlag_gewonnen"", ""event_date"": ""2026-09-15"", ""weight"": 6, ""recency"": 0.8, ""icp_fit_dampened"": 0.88, ""confidence"": 0.85, ""confidence_dampened"": 0.91, ""raw"": 3.844, ""source_url"": ""https://oeffentlichevergabe.de/api/notices/4b333639-45b4-4adc-aa68-6b9b8540ea8e?format=pdf""}, ""all_signals"": [{""signal_type"": ""zuschlag_gewonnen"", ""event_date"": ""2026-09-15"", ""weight"": 6, ""recency"": 0.8, ""icp_fit_dampened"": 0.88, ""confidence"": 0.85, ""confidence_dampened"": 0.91, ""raw"": 3.844, ""source_url"": ""https://oeffentlichevergabe.de/api/notices/4b333639-45b4-4adc-aa68-6b9b8540ea8e?format=pdf""}, {""signal_type"": ""zuschlag_gewonnen"", ""event_date"": ""2026-09-15"", ""weight"": 6, ""recency"": 0.8, ""icp_fit_dampened"": 0.88, ""confidence"": 0.72, ""confidence_dampened"": 0.832, ""raw"": 3.514, ""source_url"": ""https://ted.europa.eu/en/notice/-/detail/633080-2026""}]}"
"june","32","{""formula"": ""min(best(weight x recency x fit_d x conf_d) + stacking, cap) / cap x 100"", ""tier"": ""B"", ""icp_fit"": 0.8, ""dampening"": ""fit und confidence wirken auf [0.4 .. 1.0]"", ""signal_count"": 2, ""distinct_signal_types"": [""zuschlag_gewonnen""], ""stacking_bonus"": 0.0, ""driver"": {""signal_type"": ""zuschlag_gewonnen"", ""event_date"": ""2026-09-15"", ""weight"": 6, ""recency"": 0.8, ""icp_fit_dampened"": 0.88, ""confidence"": 0.85, ""confidence_dampened"": 0.91, ""raw"": 3.844, ""source_url"": ""https://oeffentlichevergabe.de/api/notices/9ed83f14-8400-4322-b599-b38ead23ec4f?format=pdf""}, ""all_signals"": [{""signal_type"": ""zuschlag_gewonnen"", ""event_date"": ""2026-09-15"", ""weight"": 6, ""recency"": 0.8, ""icp_fit_dampened"": 0.88, ""confidence"": 0.85, ""confidence_dampened"": 0.91, ""raw"": 3.844, ""source_url"": ""https://oeffentlichevergabe.de/api/notices/9ed83f14-8400-4322-b599-b38ead23ec4f?format=pdf""}, {""signal_type"": ""zuschlag_gewonnen"", ""event_date"": ""2026-09-15"", ""weight"": 6, ""recency"": 0.8, ""icp_fit_dampened"": 0.88, ""confidence"": 0.72, ""confidence_dampened"": 0.832, ""raw"": 3.514, ""source_url"": ""https://ted.europa.eu/en/notice/-/detail/632969-2026""}]}"
"machtfit","32","{""formula"": ""min(best(weight x recency x fit_d x conf_d) + stacking, cap) / cap x 100"", ""tier"": ""B"", ""icp_fit"": 0.8, ""dampening"": ""fit und confidence wirken auf [0.4 .. 1.0]"", ""signal_count"": 2, ""distinct_signal_types"": [""zuschlag_gewonnen""], ""stacking_bonus"": 0.0, ""driver"": {""signal_type"": ""zuschlag_gewonnen"", ""event_date"": ""2026-09-13"", ""weight"": 6, ""recency"": 0.8, ""icp_fit_dampened"": 0.88, ""confidence"": 0.85, ""confidence_dampened"": 0.91, ""raw"": 3.844, ""source_url"": ""https://oeffentlichevergabe.de/api/notices/f410fcd6-6961-4fa8-8f14-ea13286f98ee?format=pdf""}, ""all_signals"": [{""signal_type"": ""zuschlag_gewonnen"", ""event_date"": ""2026-09-13"", ""weight"": 6, ""recency"": 0.8, ""icp_fit_dampened"": 0.88, ""confidence"": 0.85, ""confidence_dampened"": 0.91, ""raw"": 3.844, ""source_url"": ""https://oeffentlichevergabe.de/api/notices/f410fcd6-6961-4fa8-8f14-ea13286f98ee?format=pdf""}, {""signal_type"": ""zuschlag_gewonnen"", ""event_date"": ""2026-09-14"", ""weight"": 6, ""recency"": 0.8, ""icp_fit_dampened"": 0.88, ""confidence"": 0.72, ""confidence_dampened"": 0.832, ""raw"": 3.514, ""source_url"": ""https://ted.europa.eu/en/notice/-/detail/632514-2026""}]}"
"ramboll management consulting","32","{""formula"": ""min(best(weight x recency x fit_d x conf_d) + stacking, cap) / cap x 100"", ""tier"": ""B"", ""icp_fit"": 0.8, ""dampening"": ""fit und confidence wirken auf [0.4 .. 1.0]"", ""signal_count"": 2, ""distinct_signal_types"": [""zuschlag_gewonnen""], ""stacking_bonus"": 0.0, ""driver"": {""signal_type"": ""zuschlag_gewonnen"", ""event_date"": ""2026-09-12"", ""weight"": 6, ""recency"": 0.8, ""icp_fit_dampened"": 0.88, ""confidence"": 0.85, ""confidence_dampened"": 0.91, ""raw"": 3.844, ""source_url"": ""https://oeffentlichevergabe.de/api/notices/d2f55190-accc-4b49-af5d-4ac56bcd2357?format=pdf""}, ""all_signals"": [{""signal_type"": ""zuschlag_gewonnen"", ""event_date"": ""2026-09-12"", ""weight"": 6, ""recency"": 0.8, ""icp_fit_dampened"": 0.88, ""confidence"": 0.85, ""confidence_dampened"": 0.91, ""raw"": 3.844, ""source_url"": ""https://oeffentlichevergabe.de/api/notices/d2f55190-accc-4b49-af5d-4ac56bcd2357?format=pdf""}, {""signal_type"": ""zuschlag_gewonnen"", ""event_date"": ""2026-09-14"", ""weight"": 6, ""recency"": 0.8, ""icp_fit_dampened"": 0.88, ""confidence"": 0.72, ""confidence_dampened"": 0.832, ""raw"": 3.514, ""source_url"": ""https://ted.europa.eu/en/notice/-/detail/632108-2026""}]}"
"arktis it solutions","32","{""formula"": ""min(best(weight x recency x fit_d x conf_d) + stacking, cap) / cap x 100"", ""tier"": ""B"", ""icp_fit"": 0.8, ""dampening"": ""fit und confidence wirken auf [0.4 .. 1.0]"", ""signal_count"": 2, ""distinct_signal_types"": [""zuschlag_gewonnen""], ""stacking_bonus"": 0.0, ""driver"": {""signal_type"": ""zuschlag_gewonnen"", ""event_date"": ""2026-09-12"", ""weight"": 6, ""recency"": 0.8, ""icp_fit_dampened"": 0.88, ""confidence"": 0.85, ""confidence_dampened"": 0.91, ""raw"": 3.844, ""source_url"": ""https://oeffentlichevergabe.de/api/notices/542c59c9-f631-4241-b977-f4d4cc0058af?format=pdf""}, ""all_signals"": [{""signal_type"": ""zuschlag_gewonnen"", ""event_date"": ""2026-09-12"", ""weight"": 6, ""recency"": 0.8, ""icp_fit_dampened"": 0.88, ""confidence"": 0.85, ""confidence_dampened"": 0.91, ""raw"": 3.844, ""source_url"": ""https://oeffentlichevergabe.de/api/notices/542c59c9-f631-4241-b977-f4d4cc0058af?format=pdf""}, {""signal_type"": ""zuschlag_gewonnen"", ""event_date"": ""2026-09-14"", ""weight"": 6, ""recency"": 0.8, ""icp_fit_dampened"": 0.88, ""confidence"": 0.72, ""confidence_dampened"": 0.832, ""raw"": 3.514, ""source_url"": ""https://ted.europa.eu/en/notice/-/detail/631807-2026""}]}"
"mentz","32","{""formula"": ""min(best(weight x recency x fit_d x conf_d) + stacking, cap) / cap x 100"", ""tier"": ""B"", ""icp_fit"": 0.8, ""dampening"": ""fit und confidence wirken auf [0.4 .. 1.0]"", ""signal_count"": 2, ""distinct_signal_types"": [""zuschlag_gewonnen""], ""stacking_bonus"": 0.0, ""driver"": {""signal_type"": ""zuschlag_gewonnen"", ""event_date"": ""2026-09-12"", ""weight"": 6, ""recency"": 0.8, ""icp_fit_dampened"": 0.88, ""confidence"": 0.85, ""confidence_dampened"": 0.91, ""raw"": 3.844, ""source_url"": ""https://oeffentlichevergabe.de/api/notices/82e61e86-0420-4644-86bc-e90d346bcca0?format=pdf""}, ""all_signals"": [{""signal_type"": ""zuschlag_gewonnen"", ""event_date"": ""2026-09-12"", ""weight"": 6, ""recency"": 0.8, ""icp_fit_dampened"": 0.88, ""confidence"": 0.85, ""confidence_dampened"": 0.91, ""raw"": 3.844, ""source_url"": ""https://oeffentlichevergabe.de/api/notices/82e61e86-0420-4644-86bc-e90d346bcca0?format=pdf""}, {""signal_type"": ""zuschlag_gewonnen"", ""event_date"": ""2026-09-14"", ""weight"": 6, ""recency"": 0.8, ""icp_fit_dampened"": 0.88, ""confidence"": 0.72, ""confidence_dampened"": 0.832, ""raw"": 3.514, ""source_url"": ""https://ted.europa.eu/en/notice/-/detail/631313-2026""}]}"
"nordsonne identity","32","{""formula"": ""min(best(weight x recency x fit_d x conf_d) + stacking, cap) / cap x 100"", ""tier"": ""B"", ""icp_fit"": 0.8, ""dampening"": ""fit und confidence wirken auf [0.4 .. 1.0]"", ""signal_count"": 2, ""distinct_signal_types"": [""zuschlag_gewonnen""], ""stacking_bonus"": 0.0, ""driver"": {""signal_type"": ""zuschlag_gewonnen"", ""event_date"": ""2026-09-12"", ""weight"": 6, ""recency"": 0.8, ""icp_fit_dampened"": 0.88, ""confidence"": 0.85, ""confidence_dampened"": 0.91, ""raw"": 3.844, ""source_url"": ""https://oeffentlichevergabe.de/api/notices/1c9f0ad3-7cd6-4b09-9bfa-db267de0ed90?format=pdf""}, ""all_signals"": [{""signal_type"": ""zuschlag_gewonnen"", ""event_date"": ""2026-09-12"", ""weight"": 6, ""recency"": 0.8, ""icp_fit_dampened"": 0.88, ""confidence"": 0.85, ""confidence_dampened"": 0.91, ""raw"": 3.844, ""source_url"": ""https://oeffentlichevergabe.de/api/notices/1c9f0ad3-7cd6-4b09-9bfa-db267de0ed90?format=pdf""}, {""signal_type"": ""zuschlag_gewonnen"", ""event_date"": ""2026-09-14"", ""weight"": 6, ""recency"": 0.8, ""icp_fit_dampened"": 0.88, ""confidence"": 0.72, ""confidence_dampened"": 0.832, ""raw"": 3.514, ""source_url"": ""https://ted.europa.eu/en/notice/-/detail/631241-2026""}]}"
"atos secure digital","32","{""formula"": ""min(best(weight x recency x fit_d x conf_d) + stacking, cap) / cap x 100"", ""tier"": ""B"", ""icp_fit"": 0.8, ""dampening"": ""fit und confidence wirken auf [0.4 .. 1.0]"", ""signal_count"": 2, ""distinct_signal_types"": [""zuschlag_gewonnen""], ""stacking_bonus"": 0.0, ""driver"": {""signal_type"": ""zuschlag_gewonnen"", ""event_date"": ""2026-09-13"", ""weight"": 6, ""recency"": 0.8, ""icp_fit_dampened"": 0.88, ""confidence"": 0.85, ""confidence_dampened"": 0.91, ""raw"": 3.844, ""source_url"": ""https://oeffentlichevergabe.de/api/notices/3865b925-065f-4d1e-9682-30435c8dc305?format=pdf""}, ""all_signals"": [{""signal_type"": ""zuschlag_gewonnen"", ""event_date"": ""2026-09-13"", ""weight"": 6, ""recency"": 0.8, ""icp_fit_dampened"": 0.88, ""confidence"": 0.85, ""confidence_dampened"": 0.91, ""raw"": 3.844, ""source_url"": ""https://oeffentlichevergabe.de/api/notices/3865b925-065f-4d1e-9682-30435c8dc305?format=pdf""}, {""signal_type"": ""zuschlag_gewonnen"", ""event_date"": ""2026-09-14"", ""weight"": 6, ""recency"": 0.8, ""icp_fit_dampened"": 0.88, ""confidence"": 0.72, ""confidence_dampened"": 0.832, ""raw"": 3.514, ""source_url"": ""https://ted.europa.eu/en/notice/-/detail/630824-2026""}]}"
"smoodi consulting","32","{""formula"": ""min(best(weight x recency x fit_d x conf_d) + stacking, cap) / cap x 100"", ""tier"": ""B"", ""icp_fit"": 0.8, ""dampening"": ""fit und confidence wirken auf [0.4 .. 1.0]"", ""signal_count"": 2, ""distinct_signal_types"": [""zuschlag_gewonnen""], ""stacking_bonus"": 0.0, ""driver"": {""signal_type"": ""zuschlag_gewonnen"", ""event_date"": ""2026-09-13"", ""weight"": 6, ""recency"": 0.8, ""icp_fit_dampened"": 0.88, ""confidence"": 0.85, ""confidence_dampened"": 0.91, ""raw"": 3.844, ""source_url"": ""https://oeffentlichevergabe.de/api/notices/7cb63ed2-adb8-4b5a-80ef-762924cf9569?format=pdf""}, ""all_signals"": [{""signal_type"": ""zuschlag_gewonnen"", ""event_date"": ""2026-09-13"", ""weight"": 6, ""recency"": 0.8, ""icp_fit_dampened"": 0.88, ""confidence"": 0.85, ""confidence_dampened"": 0.91, ""raw"": 3.844, ""source_url"": ""https://oeffentlichevergabe.de/api/notices/7cb63ed2-adb8-4b5a-80ef-762924cf9569?format=pdf""}, {""signal_type"": ""zuschlag_gewonnen"", ""event_date"": ""2026-09-14"", ""weight"": 6, ""recency"": 0.8, ""icp_fit_dampened"": 0.88, ""confidence"": 0.72, ""confidence_dampened"": 0.832, ""raw"": 3.514, ""source_url"": ""https://ted.europa.eu/en/notice/-/detail/629319-2026""}]}"
"connectedcare","32","{""formula"": ""min(best(weight x recency x fit_d x conf_d) + stacking, cap) / cap x 100"", ""tier"": ""B"", ""icp_fit"": 0.8, ""dampening"": ""fit und confidence wirken auf [0.4 .. 1.0]"", ""signal_count"": 1, ""distinct_signal_types"": [""zuschlag_gewonnen""], ""stacking_bonus"": 0.0, ""driver"": {""signal_type"": ""zuschlag_gewonnen"", ""event_date"": ""2026-09-13"", ""weight"": 6, ""recency"": 0.8, ""icp_fit_dampened"": 0.88, ""confidence"": 0.85, ""confidence_dampened"": 0.91, ""raw"": 3.844, ""source_url"": ""https://oeffentlichevergabe.de/api/notices/52370fa5-0ca0-4d68-a4a2-d229e51f5655?format=pdf""}, ""all_signals"": [{""signal_type"": ""zuschlag_gewonnen"", ""event_date"": ""2026-09-13"", ""weight"": 6, ""recency"": 0.8, ""icp_fit_dampened"": 0.88, ""confidence"": 0.85, ""confidence_dampened"": 0.91, ""raw"": 3.844, ""source_url"": ""https://oeffentlichevergabe.de/api/notices/52370fa5-0ca0-4d68-a4a2-d229e51f5655?format=pdf""}]}"
"lunzer + partner","32","{""formula"": ""min(best(weight x recency x fit_d x conf_d) + stacking, cap) / cap x 100"", ""tier"": ""B"", ""icp_fit"": 0.8, ""dampening"": ""fit und confidence wirken auf [0.4 .. 1.0]"", ""signal_count"": 2, ""distinct_signal_types"": [""zuschlag_gewonnen""], ""stacking_bonus"": 0.0, ""driver"": {""signal_type"": ""zuschlag_gewonnen"", ""event_date"": ""2026-09-11"", ""weight"": 6, ""recency"": 0.8, ""icp_fit_dampened"": 0.88, ""confidence"": 0.85, ""confidence_dampened"": 0.91, ""raw"": 3.844, ""source_url"": ""https://oeffentlichevergabe.de/api/notices/f978551b-9fff-4ec6-bfdc-99b57df13e1f?format=pdf""}, ""all_signals"": [{""signal_type"": ""zuschlag_gewonnen"", ""event_date"": ""2026-09-11"", ""weight"": 6, ""recency"": 0.8, ""icp_fit_dampened"": 0.88, ""confidence"": 0.85, ""confidence_dampened"": 0.91, ""raw"": 3.844, ""source_url"": ""https://oeffentlichevergabe.de/api/notices/f978551b-9fff-4ec6-bfdc-99b57df13e1f?format=pdf""}, {""signal_type"": ""zuschlag_gewonnen"", ""event_date"": ""2026-09-11"", ""weight"": 6, ""recency"": 0.8, ""icp_fit_dampened"": 0.88, ""confidence"": 0.72, ""confidence_dampened"": 0.832, ""raw"": 3.514, ""source_url"": ""https://ted.europa.eu/en/notice/-/detail/629109-2026""}]}"
"choose my mission","32","{""formula"": ""min(best(weight x recency x fit_d x conf_d) + stacking, cap) / cap x 100"", ""tier"": ""B"", ""icp_fit"": 0.8, ""dampening"": ""fit und confidence wirken auf [0.4 .. 1.0]"", ""signal_count"": 2, ""distinct_signal_types"": [""zuschlag_gewonnen""], ""stacking_bonus"": 0.0, ""driver"": {""signal_type"": ""zuschlag_gewonnen"", ""event_date"": ""2026-09-11"", ""weight"": 6, ""recency"": 0.8, ""icp_fit_dampened"": 0.88, ""confidence"": 0.85, ""confidence_dampened"": 0.91, ""raw"": 3.844, ""source_url"": ""https://oeffentlichevergabe.de/api/notices/0053399d-6d7d-4b7a-a472-3cba3178fd34?format=pdf""}, ""all_signals"": [{""signal_type"": ""zuschlag_gewonnen"", ""event_date"": ""2026-09-11"", ""weight"": 6, ""recency"": 0.8, ""icp_fit_dampened"": 0.88, ""confidence"": 0.85, ""confidence_dampened"": 0.91, ""raw"": 3.844, ""source_url"": ""https://oeffentlichevergabe.de/api/notices/0053399d-6d7d-4b7a-a472-3cba3178fd34?format=pdf""}, {""signal_type"": ""zuschlag_gewonnen"", ""event_date"": ""2026-09-11"", ""weight"": 6, ""recency"": 0.8, ""icp_fit_dampened"": 0.88, ""confidence"": 0.72, ""confidence_dampened"": 0.832, ""raw"": 3.514, ""source_url"": ""https://ted.europa.eu/en/notice/-/detail/629101-2026""}]}"
"dooh media","32","{""formula"": ""min(best(weight x recency x fit_d x conf_d) + stacking, cap) / cap x 100"", ""tier"": ""B"", ""icp_fit"": 0.8, ""dampening"": ""fit und confidence wirken auf [0.4 .. 1.0]"", ""signal_count"": 2, ""distinct_signal_types"": [""zuschlag_gewonnen""], ""stacking_bonus"": 0.0, ""driver"": {""signal_type"": ""zuschlag_gewonnen"", ""event_date"": ""2026-09-11"", ""weight"": 6, ""recency"": 0.8, ""icp_fit_dampened"": 0.88, ""confidence"": 0.85, ""confidence_dampened"": 0.91, ""raw"": 3.844, ""source_url"": ""https://oeffentlichevergabe.de/api/notices/28f82ecd-79fa-4bd9-ac53-f9223844e9c6?format=pdf""}, ""all_signals"": [{""signal_type"": ""zuschlag_gewonnen"", ""event_date"": ""2026-09-11"", ""weight"": 6, ""recency"": 0.8, ""icp_fit_dampened"": 0.88, ""confidence"": 0.85, ""confidence_dampened"": 0.91, ""raw"": 3.844, ""source_url"": ""https://oeffentlichevergabe.de/api/notices/28f82ecd-79fa-4bd9-ac53-f9223844e9c6?format=pdf""}, {""signal_type"": ""zuschlag_gewonnen"", ""event_date"": ""2026-09-11"", ""weight"": 6, ""recency"": 0.8, ""icp_fit_dampened"": 0.88, ""confidence"": 0.72, ""confidence_dampened"": 0.832, ""raw"": 3.514, ""source_url"": ""https://ted.europa.eu/en/notice/-/detail/628915-2026""}]}"
"rmdata","32","{""formula"": ""min(best(weight x recency x fit_d x conf_d) + stacking, cap) / cap x 100"", ""tier"": ""B"", ""icp_fit"": 0.8, ""dampening"": ""fit und confidence wirken auf [0.4 .. 1.0]"", ""signal_count"": 2, ""distinct_signal_types"": [""zuschlag_gewonnen""], ""stacking_bonus"": 0.0, ""driver"": {""signal_type"": ""zuschlag_gewonnen"", ""event_date"": ""2026-09-11"", ""weight"": 6, ""recency"": 0.8, ""icp_fit_dampened"": 0.88, ""confidence"": 0.85, ""confidence_dampened"": 0.91, ""raw"": 3.844, ""source_url"": ""https://oeffentlichevergabe.de/api/notices/2db458c4-2cc6-444e-8fd3-527732971494?format=pdf""}, ""all_signals"": [{""signal_type"": ""zuschlag_gewonnen"", ""event_date"": ""2026-09-11"", ""weight"": 6, ""recency"": 0.8, ""icp_fit_dampened"": 0.88, ""confidence"": 0.85, ""confidence_dampened"": 0.91, ""raw"": 3.844, ""source_url"": ""https://oeffentlichevergabe.de/api/notices/2db458c4-2cc6-444e-8fd3-527732971494?format=pdf""}, {""signal_type"": ""zuschlag_gewonnen"", ""event_date"": ""2026-09-11"", ""weight"": 6, ""recency"": 0.8, ""icp_fit_dampened"": 0.88, ""confidence"": 0.72, ""confidence_dampened"": 0.832, ""raw"": 3.514, ""source_url"": ""https://ted.europa.eu/en/notice/-/detail/628364-2026""}]}"
"devoteam","32","{""formula"": ""min(best(weight x recency x fit_d x conf_d) + stacking, cap) / cap x 100"", ""tier"": ""B"", ""icp_fit"": 0.8, ""dampening"": ""fit und confidence wirken auf [0.4 .. 1.0]"", ""signal_count"": 2, ""distinct_signal_types"": [""zuschlag_gewonnen""], ""stacking_bonus"": 0.0, ""driver"": {""signal_type"": ""zuschlag_gewonnen"", ""event_date"": ""2026-09-11"", ""weight"": 6, ""recency"": 0.8, ""icp_fit_dampened"": 0.88, ""confidence"": 0.85, ""confidence_dampened"": 0.91, ""raw"": 3.844, ""source_url"": ""https://oeffentlichevergabe.de/api/notices/b0775691-d1bc-4bba-a648-8273916f6209?format=pdf""}, ""all_signals"": [{""signal_type"": ""zuschlag_gewonnen"", ""event_date"": ""2026-09-11"", ""weight"": 6, ""recency"": 0.8, ""icp_fit_dampened"": 0.88, ""confidence"": 0.85, ""confidence_dampened"": 0.91, ""raw"": 3.844, ""source_url"": ""https://oeffentlichevergabe.de/api/notices/b0775691-d1bc-4bba-a648-8273916f6209?format=pdf""}, {""signal_type"": ""zuschlag_gewonnen"", ""event_date"": ""2026-09-11"", ""weight"": 6, ""recency"": 0.8, ""icp_fit_dampened"": 0.88, ""confidence"": 0.72, ""confidence_dampened"": 0.832, ""raw"": 3.514, ""source_url"": ""https://ted.europa.eu/en/notice/-/detail/627349-2026""}]}"
"a u d i v i s a deutsche gesellschaft fuer e-learning","32","{""formula"": ""min(best(weight x recency x fit_d x conf_d) + stacking, cap) / cap x 100"", ""tier"": ""B"", ""icp_fit"": 0.8, ""dampening"": ""fit und confidence wirken auf [0.4 .. 1.0]"", ""signal_count"": 2, ""distinct_signal_types"": [""zuschlag_gewonnen""], ""stacking_bonus"": 0.0, ""driver"": {""signal_type"": ""zuschlag_gewonnen"", ""event_date"": ""2026-09-11"", ""weight"": 6, ""recency"": 0.8, ""icp_fit_dampened"": 0.88, ""confidence"": 0.85, ""confidence_dampened"": 0.91, ""raw"": 3.844, ""source_url"": ""https://oeffentlichevergabe.de/api/notices/9063bd2c-a1b8-4080-8c3f-feb03e236982?format=pdf""}, ""all_signals"": [{""signal_type"": ""zuschlag_gewonnen"", ""event_date"": ""2026-09-11"", ""weight"": 6, ""recency"": 0.8, ""icp_fit_dampened"": 0.88, ""confidence"": 0.85, ""confidence_dampened"": 0.91, ""raw"": 3.844, ""source_url"": ""https://oeffentlichevergabe.de/api/notices/9063bd2c-a1b8-4080-8c3f-feb03e236982?format=pdf""}, {""signal_type"": ""zuschlag_gewonnen"", ""event_date"": ""2026-09-11"", ""weight"": 6, ""recency"": 0.8, ""icp_fit_dampened"": 0.88, ""confidence"": 0.72, ""confidence_dampened"": 0.832, ""raw"": 3.514, ""source_url"": ""https://ted.europa.eu/en/notice/-/detail/626995-2026""}]}"
"camunda services","32","{""formula"": ""min(best(weight x recency x fit_d x conf_d) + stacking, cap) / cap x 100"", ""tier"": ""B"", ""icp_fit"": 0.8, ""dampening"": ""fit und confidence wirken auf [0.4 .. 1.0]"", ""signal_count"": 2, ""distinct_signal_types"": [""zuschlag_gewonnen""], ""stacking_bonus"": 0.0, ""driver"": {""signal_type"": ""zuschlag_gewonnen"", ""event_date"": ""2026-09-11"", ""weight"": 6, ""recency"": 0.8, ""icp_fit_dampened"": 0.88, ""confidence"": 0.85, ""confidence_dampened"": 0.91, ""raw"": 3.844, ""source_url"": ""https://oeffentlichevergabe.de/api/notices/198d0094-d3e3-4b52-b952-a27bec8d1749?format=pdf""}, ""all_signals"": [{""signal_type"": ""zuschlag_gewonnen"", ""event_date"": ""2026-09-11"", ""weight"": 6, ""recency"": 0.8, ""icp_fit_dampened"": 0.88, ""confidence"": 0.85, ""confidence_dampened"": 0.91, ""raw"": 3.844, ""source_url"": ""https://oeffentlichevergabe.de/api/notices/198d0094-d3e3-4b52-b952-a27bec8d1749?format=pdf""}, {""signal_type"": ""zuschlag_gewonnen"", ""event_date"": ""2026-09-11"", ""weight"": 6, ""recency"": 0.8, ""icp_fit_dampened"": 0.88, ""confidence"": 0.72, ""confidence_dampened"": 0.832, ""raw"": 3.514, ""source_url"": ""https://ted.europa.eu/en/notice/-/detail/626451-2026""}]}"
"vater kns energy","32","{""formula"": ""min(best(weight x recency x fit_d x conf_d) + stacking, cap) / cap x 100"", ""tier"": ""B"", ""icp_fit"": 0.8, ""dampening"": ""fit und confidence wirken auf [0.4 .. 1.0]"", ""signal_count"": 1, ""distinct_signal_types"": [""zuschlag_gewonnen""], ""stacking_bonus"": 0.0, ""driver"": {""signal_type"": ""zuschlag_gewonnen"", ""event_date"": ""2026-09-11"", ""weight"": 6, ""recency"": 0.8, ""icp_fit_dampened"": 0.88, ""confidence"": 0.85, ""confidence_dampened"": 0.91, ""raw"": 3.844, ""source_url"": ""https://oeffentlichevergabe.de/api/notices/9ecb75a1-076a-45ba-8cf5-adb59111ae87?format=pdf""}, ""all_signals"": [{""signal_type"": ""zuschlag_gewonnen"", ""event_date"": ""2026-09-11"", ""weight"": 6, ""recency"": 0.8, ""icp_fit_dampened"": 0.88, ""confidence"": 0.85, ""confidence_dampened"": 0.91, ""raw"": 3.844, ""source_url"": ""https://oeffentlichevergabe.de/api/notices/9ecb75a1-076a-45ba-8cf5-adb59111ae87?format=pdf""}]}"
"zentrum fuer digitale entwicklung","32","{""formula"": ""min(best(weight x recency x fit_d x conf_d) + stacking, cap) / cap x 100"", ""tier"": ""B"", ""icp_fit"": 0.8, ""dampening"": ""fit und confidence wirken auf [0.4 .. 1.0]"", ""signal_count"": 2, ""distinct_signal_types"": [""zuschlag_gewonnen""], ""stacking_bonus"": 0.0, ""driver"": {""signal_type"": ""zuschlag_gewonnen"", ""event_date"": ""2026-09-10"", ""weight"": 6, ""recency"": 0.8, ""icp_fit_dampened"": 0.88, ""confidence"": 0.85, ""confidence_dampened"": 0.91, ""raw"": 3.844, ""source_url"": ""https://oeffentlichevergabe.de/api/notices/20651781-b248-4ba2-bf83-9e2d9bd25a4a?format=pdf""}, ""all_signals"": [{""signal_type"": ""zuschlag_gewonnen"", ""event_date"": ""2026-09-10"", ""weight"": 6, ""recency"": 0.8, ""icp_fit_dampened"": 0.88, ""confidence"": 0.85, ""confidence_dampened"": 0.91, ""raw"": 3.844, ""source_url"": ""https://oeffentlichevergabe.de/api/notices/20651781-b248-4ba2-bf83-9e2d9bd25a4a?format=pdf""}, {""signal_type"": ""zuschlag_gewonnen"", ""event_date"": ""2026-09-10"", ""weight"": 6, ""recency"": 0.8, ""icp_fit_dampened"": 0.88, ""confidence"": 0.72, ""confidence_dampened"": 0.832, ""raw"": 3.514, ""source_url"": ""https://ted.europa.eu/en/notice/-/detail/626021-2026""}]}"
"akquinet business consulting","32","{""formula"": ""min(best(weight x recency x fit_d x conf_d) + stacking, cap) / cap x 100"", ""tier"": ""B"", ""icp_fit"": 0.8, ""dampening"": ""fit und confidence wirken auf [0.4 .. 1.0]"", ""signal_count"": 2, ""distinct_signal_types"": [""zuschlag_gewonnen""], ""stacking_bonus"": 0.0, ""driver"": {""signal_type"": ""zuschlag_gewonnen"", ""event_date"": ""2026-09-10"", ""weight"": 6, ""recency"": 0.8, ""icp_fit_dampened"": 0.88, ""confidence"": 0.85, ""confidence_dampened"": 0.91, ""raw"": 3.844, ""source_url"": ""https://oeffentlichevergabe.de/api/notices/08f1d02c-62f0-4741-bd5e-c7860bb7ca91?format=pdf""}, ""all_signals"": [{""signal_type"": ""zuschlag_gewonnen"", ""event_date"": ""2026-09-10"", ""weight"": 6, ""recency"": 0.8, ""icp_fit_dampened"": 0.88, ""confidence"": 0.85, ""confidence_dampened"": 0.91, ""raw"": 3.844, ""source_url"": ""https://oeffentlichevergabe.de/api/notices/08f1d02c-62f0-4741-bd5e-c7860bb7ca91?format=pdf""}, {""signal_type"": ""zuschlag_gewonnen"", ""event_date"": ""2026-09-10"", ""weight"": 6, ""recency"": 0.8, ""icp_fit_dampened"": 0.88, ""confidence"": 0.72, ""confidence_dampened"": 0.832, ""raw"": 3.514, ""source_url"": ""https://ted.europa.eu/en/notice/-/detail/625339-2026""}]}"
"adjumed services","32","{""formula"": ""min(best(weight x recency x fit_d x conf_d) + stacking, cap) / cap x 100"", ""tier"": ""B"", ""icp_fit"": 0.8, ""dampening"": ""fit und confidence wirken auf [0.4 .. 1.0]"", ""signal_count"": 2, ""distinct_signal_types"": [""zuschlag_gewonnen""], ""stacking_bonus"": 0.0, ""driver"": {""signal_type"": ""zuschlag_gewonnen"", ""event_date"": ""2026-09-10"", ""weight"": 6, ""recency"": 0.8, ""icp_fit_dampened"": 0.88, ""confidence"": 0.85, ""confidence_dampened"": 0.91, ""raw"": 3.844, ""source_url"": ""https://oeffentlichevergabe.de/api/notices/423aac52-c781-4750-8dca-f46c2ea5c909?format=pdf""}, ""all_signals"": [{""signal_type"": ""zuschlag_gewonnen"", ""event_date"": ""2026-09-10"", ""weight"": 6, ""recency"": 0.8, ""icp_fit_dampened"": 0.88, ""confidence"": 0.85, ""confidence_dampened"": 0.91, ""raw"": 3.844, ""source_url"": ""https://oeffentlichevergabe.de/api/notices/423aac52-c781-4750-8dca-f46c2ea5c909?format=pdf""}, {""signal_type"": ""zuschlag_gewonnen"", ""event_date"": ""2026-09-10"", ""weight"": 6, ""recency"": 0.8, ""icp_fit_dampened"": 0.88, ""confidence"": 0.72, ""confidence_dampened"": 0.832, ""raw"": 3.514, ""source_url"": ""https://ted.europa.eu/en/notice/-/detail/625173-2026""}]}"
"get it live","32","{""formula"": ""min(best(weight x recency x fit_d x conf_d) + stacking, cap) / cap x 100"", ""tier"": ""B"", ""icp_fit"": 0.8, ""dampening"": ""fit und confidence wirken auf [0.4 .. 1.0]"", ""signal_count"": 2, ""distinct_signal_types"": [""zuschlag_gewonnen""], ""stacking_bonus"": 0.0, ""driver"": {""signal_type"": ""zuschlag_gewonnen"", ""event_date"": ""2026-09-10"", ""weight"": 6, ""recency"": 0.8, ""icp_fit_dampened"": 0.88, ""confidence"": 0.85, ""confidence_dampened"": 0.91, ""raw"": 3.844, ""source_url"": ""https://oeffentlichevergabe.de/api/notices/6045fed5-3c7d-4fa2-b153-d82dbfdc5949?format=pdf""}, ""all_signals"": [{""signal_type"": ""zuschlag_gewonnen"", ""event_date"": ""2026-09-10"", ""weight"": 6, ""recency"": 0.8, ""icp_fit_dampened"": 0.88, ""confidence"": 0.85, ""confidence_dampened"": 0.91, ""raw"": 3.844, ""source_url"": ""https://oeffentlichevergabe.de/api/notices/6045fed5-3c7d-4fa2-b153-d82dbfdc5949?format=pdf""}, {""signal_type"": ""zuschlag_gewonnen"", ""event_date"": ""2026-09-10"", ""weight"": 6, ""recency"": 0.8, ""icp_fit_dampened"": 0.88, ""confidence"": 0.72, ""confidence_dampened"": 0.832, ""raw"": 3.514, ""source_url"": ""https://ted.europa.eu/en/notice/-/detail/623727-2026""}]}"
"digital services 42","32","{""formula"": ""min(best(weight x recency x fit_d x conf_d) + stacking, cap) / cap x 100"", ""tier"": ""B"", ""icp_fit"": 0.8, ""dampening"": ""fit und confidence wirken auf [0.4 .. 1.0]"", ""signal_count"": 2, ""distinct_signal_types"": [""zuschlag_gewonnen""], ""stacking_bonus"": 0.0, ""driver"": {""signal_type"": ""zuschlag_gewonnen"", ""event_date"": ""2026-09-10"", ""weight"": 6, ""recency"": 0.8, ""icp_fit_dampened"": 0.88, ""confidence"": 0.85, ""confidence_dampened"": 0.91, ""raw"": 3.844, ""source_url"": ""https://oeffentlichevergabe.de/api/notices/7bceaf5f-bea3-437b-a196-dd19d75c4aaa?format=pdf""}, ""all_signals"": [{""signal_type"": ""zuschlag_gewonnen"", ""event_date"": ""2026-09-10"", ""weight"": 6, ""recency"": 0.8, ""icp_fit_dampened"": 0.88, ""confidence"": 0.85, ""confidence_dampened"": 0.91, ""raw"": 3.844, ""source_url"": ""https://oeffentlichevergabe.de/api/notices/7bceaf5f-bea3-437b-a196-dd19d75c4aaa?format=pdf""}, {""signal_type"": ""zuschlag_gewonnen"", ""event_date"": ""2026-09-10"", ""weight"": 6, ""recency"": 0.8, ""icp_fit_dampened"": 0.88, ""confidence"": 0.72, ""confidence_dampened"": 0.832, ""raw"": 3.514, ""source_url"": ""https://ted.europa.eu/en/notice/-/detail/623263-2026""}]}"
"virtuell7","32","{""formula"": ""min(best(weight x recency x fit_d x conf_d) + stacking, cap) / cap x 100"", ""tier"": ""B"", ""icp_fit"": 0.8, ""dampening"": ""fit und confidence wirken auf [0.4 .. 1.0]"", ""signal_count"": 2, ""distinct_signal_types"": [""zuschlag_gewonnen""], ""stacking_bonus"": 0.0, ""driver"": {""signal_type"": ""zuschlag_gewonnen"", ""event_date"": ""2026-09-10"", ""weight"": 6, ""recency"": 0.8, ""icp_fit_dampened"": 0.88, ""confidence"": 0.85, ""confidence_dampened"": 0.91, ""raw"": 3.844, ""source_url"": ""https://oeffentlichevergabe.de/api/notices/0a833334-1513-467d-961c-11277df1f39d?format=pdf""}, ""all_signals"": [{""signal_type"": ""zuschlag_gewonnen"", ""event_date"": ""2026-09-10"", ""weight"": 6, ""recency"": 0.8, ""icp_fit_dampened"": 0.88, ""confidence"": 0.85, ""confidence_dampened"": 0.91, ""raw"": 3.844, ""source_url"": ""https://oeffentlichevergabe.de/api/notices/0a833334-1513-467d-961c-11277df1f39d?format=pdf""}, {""signal_type"": ""zuschlag_gewonnen"", ""event_date"": ""2026-09-10"", ""weight"": 6, ""recency"": 0.8, ""icp_fit_dampened"": 0.88, ""confidence"": 0.72, ""confidence_dampened"": 0.832, ""raw"": 3.514, ""source_url"": ""https://ted.europa.eu/en/notice/-/detail/622994-2026""}]}"
"terrera","32","{""formula"": ""min(best(weight x recency x fit_d x conf_d) + stacking, cap) / cap x 100"", ""tier"": ""B"", ""icp_fit"": 0.8, ""dampening"": ""fit und confidence wirken auf [0.4 .. 1.0]"", ""signal_count"": 4, ""distinct_signal_types"": [""zuschlag_gewonnen""], ""stacking_bonus"": 0.0, ""driver"": {""signal_type"": ""zuschlag_gewonnen"", ""event_date"": ""2026-09-10"", ""weight"": 6, ""recency"": 0.8, ""icp_fit_dampened"": 0.88, ""confidence"": 0.85, ""confidence_dampened"": 0.91, ""raw"": 3.844, ""source_url"": ""https://oeffentlichevergabe.de/api/notices/182ed028-4ea0-4b9a-ae37-5d7202926362?format=pdf""}, ""all_signals"": [{""signal_type"": ""zuschlag_gewonnen"", ""event_date"": ""2026-09-10"", ""weight"": 6, ""recency"": 0.8, ""icp_fit_dampened"": 0.88, ""confidence"": 0.85, ""confidence_dampened"": 0.91, ""raw"": 3.844, ""source_url"": ""https://oeffentlichevergabe.de/api/notices/182ed028-4ea0-4b9a-ae37-5d7202926362?format=pdf""}, {""signal_type"": ""zuschlag_gewonnen"", ""event_date"": ""2026-09-10"", ""weight"": 6, ""recency"": 0.8, ""icp_fit_dampened"": 0.88, ""confidence"": 0.72, ""confidence_dampened"": 0.832, ""raw"": 3.514, ""source_url"": ""https://ted.europa.eu/en/notice/-/detail/622980-2026""}, {""signal_type"": ""zuschlag_gewonnen"", ""event_date"": ""2026-08-13"", ""weight"": 6, ""recency"": 0.4, ""icp_fit_dampened"": 0.88, ""confidence"": 0.85, ""confidence_dampened"": 0.91, ""raw"": 1.922, ""source_url"": ""https://oeffentlichevergabe.de/api/notices/5c1d87b5-cc3f-4d12-a3da-c7929cba5734?format=pdf""}, {""signal_type"": ""zuschlag_gewonnen"", ""event_date"": ""2026-08-13"", ""weight"": 6, ""recency"": 0.4, ""icp_fit_dampened"": 0.88, ""confidence"": 0.72, ""confidence_dampened"": 0.832, ""raw"": 1.757, ""source_url"": ""https://ted.europa.eu/en/notice/-/detail/562312-2026""}]}"
"pro-com datensysteme","32","{""formula"": ""min(best(weight x recency x fit_d x conf_d) + stacking, cap) / cap x 100"", ""tier"": ""B"", ""icp_fit"": 0.8, ""dampening"": ""fit und confidence wirken auf [0.4 .. 1.0]"", ""signal_count"": 2, ""distinct_signal_types"": [""zuschlag_gewonnen""], ""stacking_bonus"": 0.0, ""driver"": {""signal_type"": ""zuschlag_gewonnen"", ""event_date"": ""2026-09-09"", ""weight"": 6, ""recency"": 0.8, ""icp_fit_dampened"": 0.88, ""confidence"": 0.85, ""confidence_dampened"": 0.91, ""raw"": 3.844, ""source_url"": ""https://oeffentlichevergabe.de/api/notices/80501ec6-af6e-4143-966e-fe69eda84dcd?format=pdf""}, ""all_signals"": [{""signal_type"": ""zuschlag_gewonnen"", ""event_date"": ""2026-09-09"", ""weight"": 6, ""recency"": 0.8, ""icp_fit_dampened"": 0.88, ""confidence"": 0.85, ""confidence_dampened"": 0.91, ""raw"": 3.844, ""source_url"": ""https://oeffentlichevergabe.de/api/notices/80501ec6-af6e-4143-966e-fe69eda84dcd?format=pdf""}, {""signal_type"": ""zuschlag_gewonnen"", ""event_date"": ""2026-09-09"", ""weight"": 6, ""recency"": 0.8, ""icp_fit_dampened"": 0.88, ""confidence"": 0.72, ""confidence_dampened"": 0.832, ""raw"": 3.514, ""source_url"": ""https://ted.europa.eu/en/notice/-/detail/622479-2026""}]}"
"j4hr","32","{""formula"": ""min(best(weight x recency x fit_d x conf_d) + stacking, cap) / cap x 100"", ""tier"": ""B"", ""icp_fit"": 0.8, ""dampening"": ""fit und confidence wirken auf [0.4 .. 1.0]"", ""signal_count"": 2, ""distinct_signal_types"": [""zuschlag_gewonnen""], ""stacking_bonus"": 0.0, ""driver"": {""signal_type"": ""zuschlag_gewonnen"", ""event_date"": ""2026-09-09"", ""weight"": 6, ""recency"": 0.8, ""icp_fit_dampened"": 0.88, ""confidence"": 0.85, ""confidence_dampened"": 0.91, ""raw"": 3.844, ""source_url"": ""https://oeffentlichevergabe.de/api/notices/a03eb4d4-69b0-40e6-9021-7bfd79553582?format=pdf""}, ""all_signals"": [{""signal_type"": ""zuschlag_gewonnen"", ""event_date"": ""2026-09-09"", ""weight"": 6, ""recency"": 0.8, ""icp_fit_dampened"": 0.88, ""confidence"": 0.85, ""confidence_dampened"": 0.91, ""raw"": 3.844, ""source_url"": ""https://oeffentlichevergabe.de/api/notices/a03eb4d4-69b0-40e6-9021-7bfd79553582?format=pdf""}, {""signal_type"": ""zuschlag_gewonnen"", ""event_date"": ""2026-09-09"", ""weight"": 6, ""recency"": 0.8, ""icp_fit_dampened"": 0.88, ""confidence"": 0.72, ""confidence_dampened"": 0.832, ""raw"": 3.514, ""source_url"": ""https://ted.europa.eu/en/notice/-/detail/622109-2026""}]}"
"vertragspartner","32","{""formula"": ""min(best(weight x recency x fit_d x conf_d) + stacking, cap) / cap x 100"", ""tier"": ""B"", ""icp_fit"": 0.8, ""dampening"": ""fit und confidence wirken auf [0.4 .. 1.0]"", ""signal_count"": 2, ""distinct_signal_types"": [""zuschlag_gewonnen""], ""stacking_bonus"": 0.0, ""driver"": {""signal_type"": ""zuschlag_gewonnen"", ""event_date"": ""2026-09-09"", ""weight"": 6, ""recency"": 0.8, ""icp_fit_dampened"": 0.88, ""confidence"": 0.85, ""confidence_dampened"": 0.91, ""raw"": 3.844, ""source_url"": ""https://oeffentlichevergabe.de/api/notices/fbe5e076-c159-465c-9829-99e2f941d297?format=pdf""}, ""all_signals"": [{""signal_type"": ""zuschlag_gewonnen"", ""event_date"": ""2026-09-09"", ""weight"": 6, ""recency"": 0.8, ""icp_fit_dampened"": 0.88, ""confidence"": 0.85, ""confidence_dampened"": 0.91, ""raw"": 3.844, ""source_url"": ""https://oeffentlichevergabe.de/api/notices/fbe5e076-c159-465c-9829-99e2f941d297?format=pdf""}, {""signal_type"": ""zuschlag_gewonnen"", ""event_date"": ""2026-09-09"", ""weight"": 6, ""recency"": 0.8, ""icp_fit_dampened"": 0.88, ""confidence"": 0.72, ""confidence_dampened"": 0.832, ""raw"": 3.514, ""source_url"": ""https://ted.europa.eu/en/notice/-/detail/621944-2026""}]}"
"fraunhofer-institut fuer kommunikation informationsverarbeitung und ergonomie fkie","32","{""formula"": ""min(best(weight x recency x fit_d x conf_d) + stacking, cap) / cap x 100"", ""tier"": ""B"", ""icp_fit"": 0.8, ""dampening"": ""fit und confidence wirken auf [0.4 .. 1.0]"", ""signal_count"": 2, ""distinct_signal_types"": [""zuschlag_gewonnen""], ""stacking_bonus"": 0.0, ""driver"": {""signal_type"": ""zuschlag_gewonnen"", ""event_date"": ""2026-09-09"", ""weight"": 6, ""recency"": 0.8, ""icp_fit_dampened"": 0.88, ""confidence"": 0.85, ""confidence_dampened"": 0.91, ""raw"": 3.844, ""source_url"": ""https://oeffentlichevergabe.de/api/notices/df51c75f-4649-4c9f-be98-a5b5e0650d24?format=pdf""}, ""all_signals"": [{""signal_type"": ""zuschlag_gewonnen"", ""event_date"": ""2026-09-09"", ""weight"": 6, ""recency"": 0.8, ""icp_fit_dampened"": 0.88, ""confidence"": 0.85, ""confidence_dampened"": 0.91, ""raw"": 3.844, ""source_url"": ""https://oeffentlichevergabe.de/api/notices/df51c75f-4649-4c9f-be98-a5b5e0650d24?format=pdf""}, {""signal_type"": ""zuschlag_gewonnen"", ""event_date"": ""2026-09-09"", ""weight"": 6, ""recency"": 0.8, ""icp_fit_dampened"": 0.88, ""confidence"": 0.72, ""confidence_dampened"": 0.832, ""raw"": 3.514, ""source_url"": ""https://ted.europa.eu/en/notice/-/detail/621144-2026""}]}"
"excit3d","32","{""formula"": ""min(best(weight x recency x fit_d x conf_d) + stacking, cap) / cap x 100"", ""tier"": ""B"", ""icp_fit"": 0.8, ""dampening"": ""fit und confidence wirken auf [0.4 .. 1.0]"", ""signal_count"": 2, ""distinct_signal_types"": [""zuschlag_gewonnen""], ""stacking_bonus"": 0.0, ""driver"": {""signal_type"": ""zuschlag_gewonnen"", ""event_date"": ""2026-09-09"", ""weight"": 6, ""recency"": 0.8, ""icp_fit_dampened"": 0.88, ""confidence"": 0.85, ""confidence_dampened"": 0.91, ""raw"": 3.844, ""source_url"": ""https://oeffentlichevergabe.de/api/notices/3832fd05-faad-4cfb-b6b4-f4ce88cee571?format=pdf""}, ""all_signals"": [{""signal_type"": ""zuschlag_gewonnen"", ""event_date"": ""2026-09-09"", ""weight"": 6, ""recency"": 0.8, ""icp_fit_dampened"": 0.88, ""confidence"": 0.85, ""confidence_dampened"": 0.91, ""raw"": 3.844, ""source_url"": ""https://oeffentlichevergabe.de/api/notices/3832fd05-faad-4cfb-b6b4-f4ce88cee571?format=pdf""}, {""signal_type"": ""zuschlag_gewonnen"", ""event_date"": ""2026-09-09"", ""weight"": 6, ""recency"": 0.8, ""icp_fit_dampened"": 0.88, ""confidence"": 0.72, ""confidence_dampened"": 0.832, ""raw"": 3.514, ""source_url"": ""https://ted.europa.eu/en/notice/-/detail/620632-2026""}]}"
"gid global information distribution","32","{""formula"": ""min(best(weight x recency x fit_d x conf_d) + stacking, cap) / cap x 100"", ""tier"": ""B"", ""icp_fit"": 0.8, ""dampening"": ""fit und confidence wirken auf [0.4 .. 1.0]"", ""signal_count"": 2, ""distinct_signal_types"": [""zuschlag_gewonnen""], ""stacking_bonus"": 0.0, ""driver"": {""signal_type"": ""zuschlag_gewonnen"", ""event_date"": ""2026-09-09"", ""weight"": 6, ""recency"": 0.8, ""icp_fit_dampened"": 0.88, ""confidence"": 0.85, ""confidence_dampened"": 0.91, ""raw"": 3.844, ""source_url"": ""https://oeffentlichevergabe.de/api/notices/b133307f-1eb5-43d2-a9dd-e2d04a2a4830?format=pdf""}, ""all_signals"": [{""signal_type"": ""zuschlag_gewonnen"", ""event_date"": ""2026-09-09"", ""weight"": 6, ""recency"": 0.8, ""icp_fit_dampened"": 0.88, ""confidence"": 0.85, ""confidence_dampened"": 0.91, ""raw"": 3.844, ""source_url"": ""https://oeffentlichevergabe.de/api/notices/b133307f-1eb5-43d2-a9dd-e2d04a2a4830?format=pdf""}, {""signal_type"": ""zuschlag_gewonnen"", ""event_date"": ""2026-09-09"", ""weight"": 6, ""recency"": 0.8, ""icp_fit_dampened"": 0.88, ""confidence"": 0.72, ""confidence_dampened"": 0.832, ""raw"": 3.514, ""source_url"": ""https://ted.europa.eu/en/notice/-/detail/619606-2026""}]}"
"blubito ood","32","{""formula"": ""min(best(weight x recency x fit_d x conf_d) + stacking, cap) / cap x 100"", ""tier"": ""B"", ""icp_fit"": 0.8, ""dampening"": ""fit und confidence wirken auf [0.4 .. 1.0]"", ""signal_count"": 1, ""distinct_signal_types"": [""zuschlag_gewonnen""], ""stacking_bonus"": 0.0, ""driver"": {""signal_type"": ""zuschlag_gewonnen"", ""event_date"": ""2026-09-09"", ""weight"": 6, ""recency"": 0.8, ""icp_fit_dampened"": 0.88, ""confidence"": 0.85, ""confidence_dampened"": 0.91, ""raw"": 3.844, ""source_url"": ""https://oeffentlichevergabe.de/api/notices/cdac70f2-4ad9-4f25-b7eb-25c4f4e420d8?format=pdf""}, ""all_signals"": [{""signal_type"": ""zuschlag_gewonnen"", ""event_date"": ""2026-09-09"", ""weight"": 6, ""recency"": 0.8, ""icp_fit_dampened"": 0.88, ""confidence"": 0.85, ""confidence_dampened"": 0.91, ""raw"": 3.844, ""source_url"": ""https://oeffentlichevergabe.de/api/notices/cdac70f2-4ad9-4f25-b7eb-25c4f4e420d8?format=pdf""}]}"
"codefy","32","{""formula"": ""min(best(weight x recency x fit_d x conf_d) + stacking, cap) / cap x 100"", ""tier"": ""B"", ""icp_fit"": 0.8, ""dampening"": ""fit und confidence wirken auf [0.4 .. 1.0]"", ""signal_count"": 1, ""distinct_signal_types"": [""zuschlag_gewonnen""], ""stacking_bonus"": 0.0, ""driver"": {""signal_type"": ""zuschlag_gewonnen"", ""event_date"": ""2026-09-09"", ""weight"": 6, ""recency"": 0.8, ""icp_fit_dampened"": 0.88, ""confidence"": 0.85, ""confidence_dampened"": 0.91, ""raw"": 3.844, ""source_url"": ""https://oeffentlichevergabe.de/api/notices/99ad3aa0-62a8-43aa-afbf-c06dfc2451f9?format=pdf""}, ""all_signals"": [{""signal_type"": ""zuschlag_gewonnen"", ""event_date"": ""2026-09-09"", ""weight"": 6, ""recency"": 0.8, ""icp_fit_dampened"": 0.88, ""confidence"": 0.85, ""confidence_dampened"": 0.91, ""raw"": 3.844, ""source_url"": ""https://oeffentlichevergabe.de/api/notices/99ad3aa0-62a8-43aa-afbf-c06dfc2451f9?format=pdf""}]}"
"epi-use","32","{""formula"": ""min(best(weight x recency x fit_d x conf_d) + stacking, cap) / cap x 100"", ""tier"": ""B"", ""icp_fit"": 0.8, ""dampening"": ""fit und confidence wirken auf [0.4 .. 1.0]"", ""signal_count"": 2, ""distinct_signal_types"": [""zuschlag_gewonnen""], ""stacking_bonus"": 0.0, ""driver"": {""signal_type"": ""zuschlag_gewonnen"", ""event_date"": ""2026-09-08"", ""weight"": 6, ""recency"": 0.8, ""icp_fit_dampened"": 0.88, ""confidence"": 0.85, ""confidence_dampened"": 0.91, ""raw"": 3.844, ""source_url"": ""https://oeffentlichevergabe.de/api/notices/2e389d5a-f8fc-4bd6-a644-f71718769d6e?format=pdf""}, ""all_signals"": [{""signal_type"": ""zuschlag_gewonnen"", ""event_date"": ""2026-09-08"", ""weight"": 6, ""recency"": 0.8, ""icp_fit_dampened"": 0.88, ""confidence"": 0.85, ""confidence_dampened"": 0.91, ""raw"": 3.844, ""source_url"": ""https://oeffentlichevergabe.de/api/notices/2e389d5a-f8fc-4bd6-a644-f71718769d6e?format=pdf""}, {""signal_type"": ""zuschlag_gewonnen"", ""event_date"": ""2026-09-08"", ""weight"": 6, ""recency"": 0.8, ""icp_fit_dampened"": 0.88, ""confidence"": 0.72, ""confidence_dampened"": 0.832, ""raw"": 3.514, ""source_url"": ""https://ted.europa.eu/en/notice/-/detail/618610-2026""}]}"
"wsw und partner","32","{""formula"": ""min(best(weight x recency x fit_d x conf_d) + stacking, cap) / cap x 100"", ""tier"": ""B"", ""icp_fit"": 0.8, ""dampening"": ""fit und confidence wirken auf [0.4 .. 1.0]"", ""signal_count"": 2, ""distinct_signal_types"": [""zuschlag_gewonnen""], ""stacking_bonus"": 0.0, ""driver"": {""signal_type"": ""zuschlag_gewonnen"", ""event_date"": ""2026-09-08"", ""weight"": 6, ""recency"": 0.8, ""icp_fit_dampened"": 0.88, ""confidence"": 0.85, ""confidence_dampened"": 0.91, ""raw"": 3.844, ""source_url"": ""https://oeffentlichevergabe.de/api/notices/87c7e158-2668-417d-844f-2f81d678f315?format=pdf""}, ""all_signals"": [{""signal_type"": ""zuschlag_gewonnen"", ""event_date"": ""2026-09-08"", ""weight"": 6, ""recency"": 0.8, ""icp_fit_dampened"": 0.88, ""confidence"": 0.85, ""confidence_dampened"": 0.91, ""raw"": 3.844, ""source_url"": ""https://oeffentlichevergabe.de/api/notices/87c7e158-2668-417d-844f-2f81d678f315?format=pdf""}, {""signal_type"": ""zuschlag_gewonnen"", ""event_date"": ""2026-09-08"", ""weight"": 6, ""recency"": 0.8, ""icp_fit_dampened"": 0.88, ""confidence"": 0.72, ""confidence_dampened"": 0.832, ""raw"": 3.514, ""source_url"": ""https://ted.europa.eu/en/notice/-/detail/618043-2026""}]}"
"satz-rechen-zentrum hartmann + heenmann","32","{""formula"": ""min(best(weight x recency x fit_d x conf_d) + stacking, cap) / cap x 100"", ""tier"": ""B"", ""icp_fit"": 0.8, ""dampening"": ""fit und confidence wirken auf [0.4 .. 1.0]"", ""signal_count"": 2, ""distinct_signal_types"": [""zuschlag_gewonnen""], ""stacking_bonus"": 0.0, ""driver"": {""signal_type"": ""zuschlag_gewonnen"", ""event_date"": ""2026-09-08"", ""weight"": 6, ""recency"": 0.8, ""icp_fit_dampened"": 0.88, ""confidence"": 0.85, ""confidence_dampened"": 0.91, ""raw"": 3.844, ""source_url"": ""https://oeffentlichevergabe.de/api/notices/dcedc7e9-2f32-4566-b165-341c59c2f01f?format=pdf""}, ""all_signals"": [{""signal_type"": ""zuschlag_gewonnen"", ""event_date"": ""2026-09-08"", ""weight"": 6, ""recency"": 0.8, ""icp_fit_dampened"": 0.88, ""confidence"": 0.85, ""confidence_dampened"": 0.91, ""raw"": 3.844, ""source_url"": ""https://oeffentlichevergabe.de/api/notices/dcedc7e9-2f32-4566-b165-341c59c2f01f?format=pdf""}, {""signal_type"": ""zuschlag_gewonnen"", ""event_date"": ""2026-09-08"", ""weight"": 6, ""recency"": 0.8, ""icp_fit_dampened"": 0.88, ""confidence"": 0.72, ""confidence_dampened"": 0.832, ""raw"": 3.514, ""source_url"": ""https://ted.europa.eu/en/notice/-/detail/617942-2026""}]}"
"softline","32","{""formula"": ""min(best(weight x recency x fit_d x conf_d) + stacking, cap) / cap x 100"", ""tier"": ""B"", ""icp_fit"": 0.8, ""dampening"": ""fit und confidence wirken auf [0.4 .. 1.0]"", ""signal_count"": 2, ""distinct_signal_types"": [""zuschlag_gewonnen""], ""stacking_bonus"": 0.0, ""driver"": {""signal_type"": ""zuschlag_gewonnen"", ""event_date"": ""2026-09-06"", ""weight"": 6, ""recency"": 0.8, ""icp_fit_dampened"": 0.88, ""confidence"": 0.85, ""confidence_dampened"": 0.91, ""raw"": 3.844, ""source_url"": ""https://oeffentlichevergabe.de/api/notices/d83fa168-6b03-4398-81db-f4fb2a153522?format=pdf""}, ""all_signals"": [{""signal_type"": ""zuschlag_gewonnen"", ""event_date"": ""2026-09-06"", ""weight"": 6, ""recency"": 0.8, ""icp_fit_dampened"": 0.88, ""confidence"": 0.85, ""confidence_dampened"": 0.91, ""raw"": 3.844, ""source_url"": ""https://oeffentlichevergabe.de/api/notices/d83fa168-6b03-4398-81db-f4fb2a153522?format=pdf""}, {""signal_type"": ""zuschlag_gewonnen"", ""event_date"": ""2026-09-08"", ""weight"": 6, ""recency"": 0.8, ""icp_fit_dampened"": 0.88, ""confidence"": 0.72, ""confidence_dampened"": 0.832, ""raw"": 3.514, ""source_url"": ""https://ted.europa.eu/en/notice/-/detail/617923-2026""}]}"
"mediakom","32","{""formula"": ""min(best(weight x recency x fit_d x conf_d) + stacking, cap) / cap x 100"", ""tier"": ""B"", ""icp_fit"": 0.8, ""dampening"": ""fit und confidence wirken auf [0.4 .. 1.0]"", ""signal_count"": 2, ""distinct_signal_types"": [""zuschlag_gewonnen""], ""stacking_bonus"": 0.0, ""driver"": {""signal_type"": ""zuschlag_gewonnen"", ""event_date"": ""2026-09-08"", ""weight"": 6, ""recency"": 0.8, ""icp_fit_dampened"": 0.88, ""confidence"": 0.85, ""confidence_dampened"": 0.91, ""raw"": 3.844, ""source_url"": ""https://oeffentlichevergabe.de/api/notices/21231e45-0960-4f9b-befc-b4ee98f34b9b?format=pdf""}, ""all_signals"": [{""signal_type"": ""zuschlag_gewonnen"", ""event_date"": ""2026-09-08"", ""weight"": 6, ""recency"": 0.8, ""icp_fit_dampened"": 0.88, ""confidence"": 0.85, ""confidence_dampened"": 0.91, ""raw"": 3.844, ""source_url"": ""https://oeffentlichevergabe.de/api/notices/21231e45-0960-4f9b-befc-b4ee98f34b9b?format=pdf""}, {""signal_type"": ""zuschlag_gewonnen"", ""event_date"": ""2026-09-08"", ""weight"": 6, ""recency"": 0.8, ""icp_fit_dampened"": 0.88, ""confidence"": 0.72, ""confidence_dampened"": 0.832, ""raw"": 3.514, ""source_url"": ""https://ted.europa.eu/en/notice/-/detail/617690-2026""}]}"
"sysgen systeme und informatikanwendungen nikisch","32","{""formula"": ""min(best(weight x recency x fit_d x conf_d) + stacking, cap) / cap x 100"", ""tier"": ""B"", ""icp_fit"": 0.8, ""dampening"": ""fit und confidence wirken auf [0.4 .. 1.0]"", ""signal_count"": 2, ""distinct_signal_types"": [""zuschlag_gewonnen""], ""stacking_bonus"": 0.0, ""driver"": {""signal_type"": ""zuschlag_gewonnen"", ""event_date"": ""2026-09-08"", ""weight"": 6, ""recency"": 0.8, ""icp_fit_dampened"": 0.88, ""confidence"": 0.85, ""confidence_dampened"": 0.91, ""raw"": 3.844, ""source_url"": ""https://oeffentlichevergabe.de/api/notices/124287e1-bc5d-4e05-be4d-e7af8d62e09f?format=pdf""}, ""all_signals"": [{""signal_type"": ""zuschlag_gewonnen"", ""event_date"": ""2026-09-08"", ""weight"": 6, ""recency"": 0.8, ""icp_fit_dampened"": 0.88, ""confidence"": 0.85, ""confidence_dampened"": 0.91, ""raw"": 3.844, ""source_url"": ""https://oeffentlichevergabe.de/api/notices/124287e1-bc5d-4e05-be4d-e7af8d62e09f?format=pdf""}, {""signal_type"": ""zuschlag_gewonnen"", ""event_date"": ""2026-09-08"", ""weight"": 6, ""recency"": 0.8, ""icp_fit_dampened"": 0.88, ""confidence"": 0.72, ""confidence_dampened"": 0.832, ""raw"": 3.514, ""source_url"": ""https://ted.europa.eu/en/notice/-/detail/617649-2026""}]}"
"h und g hansen und gieraths edv vetriebsgesellschaft","32","{""formula"": ""min(best(weight x recency x fit_d x conf_d) + stacking, cap) / cap x 100"", ""tier"": ""B"", ""icp_fit"": 0.8, ""dampening"": ""fit und confidence wirken auf [0.4 .. 1.0]"", ""signal_count"": 2, ""distinct_signal_types"": [""zuschlag_gewonnen""], ""stacking_bonus"": 0.0, ""driver"": {""signal_type"": ""zuschlag_gewonnen"", ""event_date"": ""2026-09-08"", ""weight"": 6, ""recency"": 0.8, ""icp_fit_dampened"": 0.88, ""confidence"": 0.85, ""confidence_dampened"": 0.91, ""raw"": 3.844, ""source_url"": ""https://oeffentlichevergabe.de/api/notices/07b7c138-e147-492e-b622-69aa3265b147?format=pdf""}, ""all_signals"": [{""signal_type"": ""zuschlag_gewonnen"", ""event_date"": ""2026-09-08"", ""weight"": 6, ""recency"": 0.8, ""icp_fit_dampened"": 0.88, ""confidence"": 0.85, ""confidence_dampened"": 0.91, ""raw"": 3.844, ""source_url"": ""https://oeffentlichevergabe.de/api/notices/07b7c138-e147-492e-b622-69aa3265b147?format=pdf""}, {""signal_type"": ""zuschlag_gewonnen"", ""event_date"": ""2026-09-08"", ""weight"": 6, ""recency"": 0.8, ""icp_fit_dampened"": 0.88, ""confidence"": 0.72, ""confidence_dampened"": 0.832, ""raw"": 3.514, ""source_url"": ""https://ted.europa.eu/en/notice/-/detail/617316-2026""}]}"
"best-blu consulting with energy","32","{""formula"": ""min(best(weight x recency x fit_d x conf_d) + stacking, cap) / cap x 100"", ""tier"": ""B"", ""icp_fit"": 0.8, ""dampening"": ""fit und confidence wirken auf [0.4 .. 1.0]"", ""signal_count"": 2, ""distinct_signal_types"": [""zuschlag_gewonnen""], ""stacking_bonus"": 0.0, ""driver"": {""signal_type"": ""zuschlag_gewonnen"", ""event_date"": ""2026-09-08"", ""weight"": 6, ""recency"": 0.8, ""icp_fit_dampened"": 0.88, ""confidence"": 0.85, ""confidence_dampened"": 0.91, ""raw"": 3.844, ""source_url"": ""https://oeffentlichevergabe.de/api/notices/0c0d269d-8172-4647-85bf-67a7bd92b239?format=pdf""}, ""all_signals"": [{""signal_type"": ""zuschlag_gewonnen"", ""event_date"": ""2026-09-08"", ""weight"": 6, ""recency"": 0.8, ""icp_fit_dampened"": 0.88, ""confidence"": 0.85, ""confidence_dampened"": 0.91, ""raw"": 3.844, ""source_url"": ""https://oeffentlichevergabe.de/api/notices/0c0d269d-8172-4647-85bf-67a7bd92b239?format=pdf""}, {""signal_type"": ""zuschlag_gewonnen"", ""event_date"": ""2026-09-08"", ""weight"": 6, ""recency"": 0.8, ""icp_fit_dampened"": 0.88, ""confidence"": 0.72, ""confidence_dampened"": 0.832, ""raw"": 3.514, ""source_url"": ""https://ted.europa.eu/en/notice/-/detail/617242-2026""}]}"
"h und g hansen und gieraths it solutions","32","{""formula"": ""min(best(weight x recency x fit_d x conf_d) + stacking, cap) / cap x 100"", ""tier"": ""B"", ""icp_fit"": 0.8, ""dampening"": ""fit und confidence wirken auf [0.4 .. 1.0]"", ""signal_count"": 2, ""distinct_signal_types"": [""zuschlag_gewonnen""], ""stacking_bonus"": 0.0, ""driver"": {""signal_type"": ""zuschlag_gewonnen"", ""event_date"": ""2026-09-08"", ""weight"": 6, ""recency"": 0.8, ""icp_fit_dampened"": 0.88, ""confidence"": 0.85, ""confidence_dampened"": 0.91, ""raw"": 3.844, ""source_url"": ""https://oeffentlichevergabe.de/api/notices/cbbc3b86-4a2b-4ba5-9934-ea73f460b1cc?format=pdf""}, ""all_signals"": [{""signal_type"": ""zuschlag_gewonnen"", ""event_date"": ""2026-09-08"", ""weight"": 6, ""recency"": 0.8, ""icp_fit_dampened"": 0.88, ""confidence"": 0.85, ""confidence_dampened"": 0.91, ""raw"": 3.844, ""source_url"": ""https://oeffentlichevergabe.de/api/notices/cbbc3b86-4a2b-4ba5-9934-ea73f460b1cc?format=pdf""}, {""signal_type"": ""zuschlag_gewonnen"", ""event_date"": ""2026-09-08"", ""weight"": 6, ""recency"": 0.8, ""icp_fit_dampened"": 0.88, ""confidence"": 0.72, ""confidence_dampened"": 0.832, ""raw"": 3.514, ""source_url"": ""https://ted.europa.eu/en/notice/-/detail/616504-2026""}]}"
"spie building technology automation und traffic","32","{""formula"": ""min(best(weight x recency x fit_d x conf_d) + stacking, cap) / cap x 100"", ""tier"": ""B"", ""icp_fit"": 0.8, ""dampening"": ""fit und confidence wirken auf [0.4 .. 1.0]"", ""signal_count"": 2, ""distinct_signal_types"": [""zuschlag_gewonnen""], ""stacking_bonus"": 0.0, ""driver"": {""signal_type"": ""zuschlag_gewonnen"", ""event_date"": ""2026-09-08"", ""weight"": 6, ""recency"": 0.8, ""icp_fit_dampened"": 0.88, ""confidence"": 0.85, ""confidence_dampened"": 0.91, ""raw"": 3.844, ""source_url"": ""https://oeffentlichevergabe.de/api/notices/a5225697-d310-4cb3-adc1-260e41320b75?format=pdf""}, ""all_signals"": [{""signal_type"": ""zuschlag_gewonnen"", ""event_date"": ""2026-09-08"", ""weight"": 6, ""recency"": 0.8, ""icp_fit_dampened"": 0.88, ""confidence"": 0.85, ""confidence_dampened"": 0.91, ""raw"": 3.844, ""source_url"": ""https://oeffentlichevergabe.de/api/notices/a5225697-d310-4cb3-adc1-260e41320b75?format=pdf""}, {""signal_type"": ""zuschlag_gewonnen"", ""event_date"": ""2026-09-08"", ""weight"": 6, ""recency"": 0.8, ""icp_fit_dampened"": 0.88, ""confidence"": 0.72, ""confidence_dampened"": 0.832, ""raw"": 3.514, ""source_url"": ""https://ted.europa.eu/en/notice/-/detail/616267-2026""}]}"
"it-haus","32","{""formula"": ""min(best(weight x recency x fit_d x conf_d) + stacking, cap) / cap x 100"", ""tier"": ""B"", ""icp_fit"": 0.8, ""dampening"": ""fit und confidence wirken auf [0.4 .. 1.0]"", ""signal_count"": 2, ""distinct_signal_types"": [""zuschlag_gewonnen""], ""stacking_bonus"": 0.0, ""driver"": {""signal_type"": ""zuschlag_gewonnen"", ""event_date"": ""2026-09-08"", ""weight"": 6, ""recency"": 0.8, ""icp_fit_dampened"": 0.88, ""confidence"": 0.85, ""confidence_dampened"": 0.91, ""raw"": 3.844, ""source_url"": ""https://oeffentlichevergabe.de/api/notices/d2780dbc-7961-4d3c-b625-cbcbccb1ec03?format=pdf""}, ""all_signals"": [{""signal_type"": ""zuschlag_gewonnen"", ""event_date"": ""2026-09-08"", ""weight"": 6, ""recency"": 0.8, ""icp_fit_dampened"": 0.88, ""confidence"": 0.85, ""confidence_dampened"": 0.91, ""raw"": 3.844, ""source_url"": ""https://oeffentlichevergabe.de/api/notices/d2780dbc-7961-4d3c-b625-cbcbccb1ec03?format=pdf""}, {""signal_type"": ""zuschlag_gewonnen"", ""event_date"": ""2026-09-08"", ""weight"": 6, ""recency"": 0.8, ""icp_fit_dampened"": 0.88, ""confidence"": 0.72, ""confidence_dampened"": 0.832, ""raw"": 3.514, ""source_url"": ""https://ted.europa.eu/en/notice/-/detail/616219-2026""}]}"
"continum","32","{""formula"": ""min(best(weight x recency x fit_d x conf_d) + stacking, cap) / cap x 100"", ""tier"": ""B"", ""icp_fit"": 0.8, ""dampening"": ""fit und confidence wirken auf [0.4 .. 1.0]"", ""signal_count"": 2, ""distinct_signal_types"": [""zuschlag_gewonnen""], ""stacking_bonus"": 0.0, ""driver"": {""signal_type"": ""zuschlag_gewonnen"", ""event_date"": ""2026-09-05"", ""weight"": 6, ""recency"": 0.8, ""icp_fit_dampened"": 0.88, ""confidence"": 0.85, ""confidence_dampened"": 0.91, ""raw"": 3.844, ""source_url"": ""https://oeffentlichevergabe.de/api/notices/c6ae3107-1d4e-4b46-9a1c-347b3c605606?format=pdf""}, ""all_signals"": [{""signal_type"": ""zuschlag_gewonnen"", ""event_date"": ""2026-09-05"", ""weight"": 6, ""recency"": 0.8, ""icp_fit_dampened"": 0.88, ""confidence"": 0.85, ""confidence_dampened"": 0.91, ""raw"": 3.844, ""source_url"": ""https://oeffentlichevergabe.de/api/notices/c6ae3107-1d4e-4b46-9a1c-347b3c605606?format=pdf""}, {""signal_type"": ""zuschlag_gewonnen"", ""event_date"": ""2026-09-07"", ""weight"": 6, ""recency"": 0.8, ""icp_fit_dampened"": 0.88, ""confidence"": 0.72, ""confidence_dampened"": 0.832, ""raw"": 3.514, ""source_url"": ""https://ted.europa.eu/en/notice/-/detail/615168-2026""}]}"
"e-company consultants it beratung","32","{""formula"": ""min(best(weight x recency x fit_d x conf_d) + stacking, cap) / cap x 100"", ""tier"": ""B"", ""icp_fit"": 0.8, ""dampening"": ""fit und confidence wirken auf [0.4 .. 1.0]"", ""signal_count"": 2, ""distinct_signal_types"": [""zuschlag_gewonnen""], ""stacking_bonus"": 0.0, ""driver"": {""signal_type"": ""zuschlag_gewonnen"", ""event_date"": ""2026-09-06"", ""weight"": 6, ""recency"": 0.8, ""icp_fit_dampened"": 0.88, ""confidence"": 0.85, ""confidence_dampened"": 0.91, ""raw"": 3.844, ""source_url"": ""https://oeffentlichevergabe.de/api/notices/0e41e09c-63d1-4986-beef-812d7efdddbd?format=pdf""}, ""all_signals"": [{""signal_type"": ""zuschlag_gewonnen"", ""event_date"": ""2026-09-06"", ""weight"": 6, ""recency"": 0.8, ""icp_fit_dampened"": 0.88, ""confidence"": 0.85, ""confidence_dampened"": 0.91, ""raw"": 3.844, ""source_url"": ""https://oeffentlichevergabe.de/api/notices/0e41e09c-63d1-4986-beef-812d7efdddbd?format=pdf""}, {""signal_type"": ""zuschlag_gewonnen"", ""event_date"": ""2026-09-07"", ""weight"": 6, ""recency"": 0.8, ""icp_fit_dampened"": 0.88, ""confidence"": 0.72, ""confidence_dampened"": 0.832, ""raw"": 3.514, ""source_url"": ""https://ted.europa.eu/en/notice/-/detail/614527-2026""}]}"
"dr lippke und dr wagner","32","{""formula"": ""min(best(weight x recency x fit_d x conf_d) + stacking, cap) / cap x 100"", ""tier"": ""B"", ""icp_fit"": 0.8, ""dampening"": ""fit und confidence wirken auf [0.4 .. 1.0]"", ""signal_count"": 2, ""distinct_signal_types"": [""zuschlag_gewonnen""], ""stacking_bonus"": 0.0, ""driver"": {""signal_type"": ""zuschlag_gewonnen"", ""event_date"": ""2026-09-06"", ""weight"": 6, ""recency"": 0.8, ""icp_fit_dampened"": 0.88, ""confidence"": 0.85, ""confidence_dampened"": 0.91, ""raw"": 3.844, ""source_url"": ""https://oeffentlichevergabe.de/api/notices/7fd6477e-0ae4-4046-b5f7-983e626f1629?format=pdf""}, ""all_signals"": [{""signal_type"": ""zuschlag_gewonnen"", ""event_date"": ""2026-09-06"", ""weight"": 6, ""recency"": 0.8, ""icp_fit_dampened"": 0.88, ""confidence"": 0.85, ""confidence_dampened"": 0.91, ""raw"": 3.844, ""source_url"": ""https://oeffentlichevergabe.de/api/notices/7fd6477e-0ae4-4046-b5f7-983e626f1629?format=pdf""}, {""signal_type"": ""zuschlag_gewonnen"", ""event_date"": ""2026-09-07"", ""weight"": 6, ""recency"": 0.8, ""icp_fit_dampened"": 0.88, ""confidence"": 0.72, ""confidence_dampened"": 0.832, ""raw"": 3.514, ""source_url"": ""https://ted.europa.eu/en/notice/-/detail/613458-2026""}]}"
"entona","32","{""formula"": ""min(best(weight x recency x fit_d x conf_d) + stacking, cap) / cap x 100"", ""tier"": ""B"", ""icp_fit"": 0.8, ""dampening"": ""fit und confidence wirken auf [0.4 .. 1.0]"", ""signal_count"": 2, ""distinct_signal_types"": [""zuschlag_gewonnen""], ""stacking_bonus"": 0.0, ""driver"": {""signal_type"": ""zuschlag_gewonnen"", ""event_date"": ""2026-09-06"", ""weight"": 6, ""recency"": 0.8, ""icp_fit_dampened"": 0.88, ""confidence"": 0.85, ""confidence_dampened"": 0.91, ""raw"": 3.844, ""source_url"": ""https://oeffentlichevergabe.de/api/notices/ca25a6e9-fa98-4080-81c2-55eb3ac0d5d2?format=pdf""}, ""all_signals"": [{""signal_type"": ""zuschlag_gewonnen"", ""event_date"": ""2026-09-06"", ""weight"": 6, ""recency"": 0.8, ""icp_fit_dampened"": 0.88, ""confidence"": 0.85, ""confidence_dampened"": 0.91, ""raw"": 3.844, ""source_url"": ""https://oeffentlichevergabe.de/api/notices/ca25a6e9-fa98-4080-81c2-55eb3ac0d5d2?format=pdf""}, {""signal_type"": ""zuschlag_gewonnen"", ""event_date"": ""2026-09-07"", ""weight"": 6, ""recency"": 0.8, ""icp_fit_dampened"": 0.88, ""confidence"": 0.72, ""confidence_dampened"": 0.832, ""raw"": 3.514, ""source_url"": ""https://ted.europa.eu/en/notice/-/detail/613210-2026""}]}"
"engie deutschland","32","{""formula"": ""min(best(weight x recency x fit_d x conf_d) + stacking, cap) / cap x 100"", ""tier"": ""B"", ""icp_fit"": 0.8, ""dampening"": ""fit und confidence wirken auf [0.4 .. 1.0]"", ""signal_count"": 1, ""distinct_signal_types"": [""zuschlag_gewonnen""], ""stacking_bonus"": 0.0, ""driver"": {""signal_type"": ""zuschlag_gewonnen"", ""event_date"": ""2026-09-07"", ""weight"": 6, ""recency"": 0.8, ""icp_fit_dampened"": 0.88, ""confidence"": 0.85, ""confidence_dampened"": 0.91, ""raw"": 3.844, ""source_url"": ""https://oeffentlichevergabe.de/api/notices/5053d099-21bc-4693-8998-d395e9a231c4?format=pdf""}, ""all_signals"": [{""signal_type"": ""zuschlag_gewonnen"", ""event_date"": ""2026-09-07"", ""weight"": 6, ""recency"": 0.8, ""icp_fit_dampened"": 0.88, ""confidence"": 0.85, ""confidence_dampened"": 0.91, ""raw"": 3.844, ""source_url"": ""https://oeffentlichevergabe.de/api/notices/5053d099-21bc-4693-8998-d395e9a231c4?format=pdf""}]}"
"isgus","29","{""formula"": ""min(best(weight x recency x fit_d x conf_d) + stacking, cap) / cap x 100"", ""tier"": ""B"", ""icp_fit"": 0.8, ""dampening"": ""fit und confidence wirken auf [0.4 .. 1.0]"", ""signal_count"": 2, ""distinct_signal_types"": [""zuschlag_gewonnen""], ""stacking_bonus"": 0.0, ""driver"": {""signal_type"": ""zuschlag_gewonnen"", ""event_date"": ""2026-09-17"", ""weight"": 6, ""recency"": 0.8, ""icp_fit_dampened"": 0.88, ""confidence"": 0.72, ""confidence_dampened"": 0.832, ""raw"": 3.514, ""source_url"": ""https://ted.europa.eu/en/notice/-/detail/640888-2026""}, ""all_signals"": [{""signal_type"": ""zuschlag_gewonnen"", ""event_date"": ""2026-09-17"", ""weight"": 6, ""recency"": 0.8, ""icp_fit_dampened"": 0.88, ""confidence"": 0.72, ""confidence_dampened"": 0.832, ""raw"": 3.514, ""source_url"": ""https://ted.europa.eu/en/notice/-/detail/640888-2026""}, {""signal_type"": ""zuschlag_gewonnen"", ""event_date"": ""2026-08-18"", ""weight"": 6, ""recency"": 0.4, ""icp_fit_dampened"": 0.88, ""confidence"": 1.0, ""confidence_dampened"": 1.0, ""raw"": 2.112, ""source_url"": ""https://oeffentlichevergabe.de/api/notices/18c267d4-f5ed-4cd0-a0de-ee30241e0412?format=pdf""}]}"
"8com","29","{""formula"": ""min(best(weight x recency x fit_d x conf_d) + stacking, cap) / cap x 100"", ""tier"": ""B"", ""icp_fit"": 0.8, ""dampening"": ""fit und confidence wirken auf [0.4 .. 1.0]"", ""signal_count"": 1, ""distinct_signal_types"": [""zuschlag_gewonnen""], ""stacking_bonus"": 0.0, ""driver"": {""signal_type"": ""zuschlag_gewonnen"", ""event_date"": ""2026-09-17"", ""weight"": 6, ""recency"": 0.8, ""icp_fit_dampened"": 0.88, ""confidence"": 0.72, ""confidence_dampened"": 0.832, ""raw"": 3.514, ""source_url"": ""https://ted.europa.eu/en/notice/-/detail/640585-2026""}, ""all_signals"": [{""signal_type"": ""zuschlag_gewonnen"", ""event_date"": ""2026-09-17"", ""weight"": 6, ""recency"": 0.8, ""icp_fit_dampened"": 0.88, ""confidence"": 0.72, ""confidence_dampened"": 0.832, ""raw"": 3.514, ""source_url"": ""https://ted.europa.eu/en/notice/-/detail/640585-2026""}]}"
"liquid reply","29","{""formula"": ""min(best(weight x recency x fit_d x conf_d) + stacking, cap) / cap x 100"", ""tier"": ""B"", ""icp_fit"": 0.8, ""dampening"": ""fit und confidence wirken auf [0.4 .. 1.0]"", ""signal_count"": 4, ""distinct_signal_types"": [""teilnahme_belegt"", ""zuschlag_gewonnen""], ""stacking_bonus"": 1.6, ""driver"": {""signal_type"": ""zuschlag_gewonnen"", ""event_date"": ""2026-08-19"", ""weight"": 6, ""recency"": 0.4, ""icp_fit_dampened"": 0.88, ""confidence"": 0.85, ""confidence_dampened"": 0.91, ""raw"": 1.922, ""source_url"": ""https://oeffentlichevergabe.de/api/notices/24df3fbb-f98d-45bc-9bb4-52ee4138519d?format=pdf""}, ""all_signals"": [{""signal_type"": ""zuschlag_gewonnen"", ""event_date"": ""2026-08-19"", ""weight"": 6, ""recency"": 0.4, ""icp_fit_dampened"": 0.88, ""confidence"": 0.85, ""confidence_dampened"": 0.91, ""raw"": 1.922, ""source_url"": ""https://oeffentlichevergabe.de/api/notices/24df3fbb-f98d-45bc-9bb4-52ee4138519d?format=pdf""}, {""signal_type"": ""zuschlag_gewonnen"", ""event_date"": ""2026-08-19"", ""weight"": 6, ""recency"": 0.4, ""icp_fit_dampened"": 0.88, ""confidence"": 0.72, ""confidence_dampened"": 0.832, ""raw"": 1.757, ""source_url"": ""https://ted.europa.eu/en/notice/-/detail/575190-2026""}, {""signal_type"": ""zuschlag_gewonnen"", ""event_date"": ""2026-08-19"", ""weight"": 6, ""recency"": 0.4, ""icp_fit_dampened"": 0.88, ""confidence"": 0.72, ""confidence_dampened"": 0.832, ""raw"": 1.757, ""source_url"": ""https://ted.europa.eu/en/notice/-/detail/573395-2026""}, {""signal_type"": ""teilnahme_belegt"", ""event_date"": ""2026-08-19"", ""weight"": 5, ""recency"": 0.4, ""icp_fit_dampened"": 0.88, ""confidence"": 0.85, ""confidence_dampened"": 0.91, ""raw"": 1.602, ""source_url"": ""https://oeffentlichevergabe.de/api/notices/55c45bba-31fa-4a28-b95d-00b38153cf3c?format=pdf""}]}"
"deutsche telekom bs","29","{""formula"": ""min(best(weight x recency x fit_d x conf_d) + stacking, cap) / cap x 100"", ""tier"": ""B"", ""icp_fit"": 0.8, ""dampening"": ""fit und confidence wirken auf [0.4 .. 1.0]"", ""signal_count"": 4, ""distinct_signal_types"": [""teilnahme_belegt"", ""zuschlag_gewonnen""], ""stacking_bonus"": 1.6, ""driver"": {""signal_type"": ""zuschlag_gewonnen"", ""event_date"": ""2026-08-11"", ""weight"": 6, ""recency"": 0.4, ""icp_fit_dampened"": 0.88, ""confidence"": 0.85, ""confidence_dampened"": 0.91, ""raw"": 1.922, ""source_url"": ""https://oeffentlichevergabe.de/api/notices/94b82415-06d0-4fca-aaa1-2c08c6394c18?format=pdf""}, ""all_signals"": [{""signal_type"": ""zuschlag_gewonnen"", ""event_date"": ""2026-08-11"", ""weight"": 6, ""recency"": 0.4, ""icp_fit_dampened"": 0.88, ""confidence"": 0.85, ""confidence_dampened"": 0.91, ""raw"": 1.922, ""source_url"": ""https://oeffentlichevergabe.de/api/notices/94b82415-06d0-4fca-aaa1-2c08c6394c18?format=pdf""}, {""signal_type"": ""zuschlag_gewonnen"", ""event_date"": ""2026-08-12"", ""weight"": 6, ""recency"": 0.4, ""icp_fit_dampened"": 0.88, ""confidence"": 0.72, ""confidence_dampened"": 0.832, ""raw"": 1.757, ""source_url"": ""https://ted.europa.eu/en/notice/-/detail/559127-2026""}, {""signal_type"": ""zuschlag_gewonnen"", ""event_date"": ""2026-08-11"", ""weight"": 6, ""recency"": 0.4, ""icp_fit_dampened"": 0.88, ""confidence"": 0.72, ""confidence_dampened"": 0.832, ""raw"": 1.757, ""source_url"": ""https://ted.europa.eu/en/notice/-/detail/554548-2026""}, {""signal_type"": ""teilnahme_belegt"", ""event_date"": ""2026-08-12"", ""weight"": 5, ""recency"": 0.4, ""icp_fit_dampened"": 0.88, ""confidence"": 0.85, ""confidence_dampened"": 0.91, ""raw"": 1.602, ""source_url"": ""https://oeffentlichevergabe.de/api/notices/41e5b711-4bb6-4c06-ba4d-17895f0ce5a8?format=pdf""}]}"
"human art computersysteme","28","{""formula"": ""min(best(weight x recency x fit_d x conf_d) + stacking, cap) / cap x 100"", ""tier"": ""B"", ""icp_fit"": 0.8, ""dampening"": ""fit und confidence wirken auf [0.4 .. 1.0]"", ""signal_count"": 2, ""distinct_signal_types"": [""teilnahme_belegt"", ""zuschlag_gewonnen""], ""stacking_bonus"": 1.6, ""driver"": {""signal_type"": ""zuschlag_gewonnen"", ""event_date"": ""2026-08-21"", ""weight"": 6, ""recency"": 0.4, ""icp_fit_dampened"": 0.88, ""confidence"": 0.72, ""confidence_dampened"": 0.832, ""raw"": 1.757, ""source_url"": ""https://ted.europa.eu/en/notice/-/detail/580082-2026""}, ""all_signals"": [{""signal_type"": ""zuschlag_gewonnen"", ""event_date"": ""2026-08-21"", ""weight"": 6, ""recency"": 0.4, ""icp_fit_dampened"": 0.88, ""confidence"": 0.72, ""confidence_dampened"": 0.832, ""raw"": 1.757, ""source_url"": ""https://ted.europa.eu/en/notice/-/detail/580082-2026""}, {""signal_type"": ""teilnahme_belegt"", ""event_date"": ""2026-08-21"", ""weight"": 5, ""recency"": 0.4, ""icp_fit_dampened"": 0.88, ""confidence"": 0.85, ""confidence_dampened"": 0.91, ""raw"": 1.602, ""source_url"": ""https://oeffentlichevergabe.de/api/notices/bbdbbb6e-106f-4e65-bf57-8914826d583c?format=pdf""}]}"
"allianz adesso mittelstand gmbh und co egbr","28","{""formula"": ""min(best(weight x recency x fit_d x conf_d) + stacking, cap) / cap x 100"", ""tier"": ""B"", ""icp_fit"": 0.8, ""dampening"": ""fit und confidence wirken auf [0.4 .. 1.0]"", ""signal_count"": 2, ""distinct_signal_types"": [""teilnahme_belegt"", ""zuschlag_gewonnen""], ""stacking_bonus"": 1.6, ""driver"": {""signal_type"": ""zuschlag_gewonnen"", ""event_date"": ""2026-08-20"", ""weight"": 6, ""recency"": 0.4, ""icp_fit_dampened"": 0.88, ""confidence"": 0.72, ""confidence_dampened"": 0.832, ""raw"": 1.757, ""source_url"": ""https://ted.europa.eu/en/notice/-/detail/577139-2026""}, ""all_signals"": [{""signal_type"": ""zuschlag_gewonnen"", ""event_date"": ""2026-08-20"", ""weight"": 6, ""recency"": 0.4, ""icp_fit_dampened"": 0.88, ""confidence"": 0.72, ""confidence_dampened"": 0.832, ""raw"": 1.757, ""source_url"": ""https://ted.europa.eu/en/notice/-/detail/577139-2026""}, {""signal_type"": ""teilnahme_belegt"", ""event_date"": ""2026-08-20"", ""weight"": 5, ""recency"": 0.4, ""icp_fit_dampened"": 0.88, ""confidence"": 0.85, ""confidence_dampened"": 0.91, ""raw"": 1.602, ""source_url"": ""https://oeffentlichevergabe.de/api/notices/5919b28b-7af2-4987-8081-39c4bf29e16a?format=pdf""}]}"
"it4transformation","28","{""formula"": ""min(best(weight x recency x fit_d x conf_d) + stacking, cap) / cap x 100"", ""tier"": ""B"", ""icp_fit"": 0.8, ""dampening"": ""fit und confidence wirken auf [0.4 .. 1.0]"", ""signal_count"": 2, ""distinct_signal_types"": [""teilnahme_belegt"", ""zuschlag_gewonnen""], ""stacking_bonus"": 1.6, ""driver"": {""signal_type"": ""zuschlag_gewonnen"", ""event_date"": ""2026-08-20"", ""weight"": 6, ""recency"": 0.4, ""icp_fit_dampened"": 0.88, ""confidence"": 0.72, ""confidence_dampened"": 0.832, ""raw"": 1.757, ""source_url"": ""https://ted.europa.eu/en/notice/-/detail/577139-2026""}, ""all_signals"": [{""signal_type"": ""zuschlag_gewonnen"", ""event_date"": ""2026-08-20"", ""weight"": 6, ""recency"": 0.4, ""icp_fit_dampened"": 0.88, ""confidence"": 0.72, ""confidence_dampened"": 0.832, ""raw"": 1.757, ""source_url"": ""https://ted.europa.eu/en/notice/-/detail/577139-2026""}, {""signal_type"": ""teilnahme_belegt"", ""event_date"": ""2026-08-20"", ""weight"": 5, ""recency"": 0.4, ""icp_fit_dampened"": 0.88, ""confidence"": 0.85, ""confidence_dampened"": 0.91, ""raw"": 1.602, ""source_url"": ""https://oeffentlichevergabe.de/api/notices/5919b28b-7af2-4987-8081-39c4bf29e16a?format=pdf""}]}"
"mgm security partners","28","{""formula"": ""min(best(weight x recency x fit_d x conf_d) + stacking, cap) / cap x 100"", ""tier"": ""B"", ""icp_fit"": 0.8, ""dampening"": ""fit und confidence wirken auf [0.4 .. 1.0]"", ""signal_count"": 2, ""distinct_signal_types"": [""teilnahme_belegt"", ""zuschlag_gewonnen""], ""stacking_bonus"": 1.6, ""driver"": {""signal_type"": ""zuschlag_gewonnen"", ""event_date"": ""2026-08-19"", ""weight"": 6, ""recency"": 0.4, ""icp_fit_dampened"": 0.88, ""confidence"": 0.72, ""confidence_dampened"": 0.832, ""raw"": 1.757, ""source_url"": ""https://ted.europa.eu/en/notice/-/detail/573607-2026""}, ""all_signals"": [{""signal_type"": ""zuschlag_gewonnen"", ""event_date"": ""2026-08-19"", ""weight"": 6, ""recency"": 0.4, ""icp_fit_dampened"": 0.88, ""confidence"": 0.72, ""confidence_dampened"": 0.832, ""raw"": 1.757, ""source_url"": ""https://ted.europa.eu/en/notice/-/detail/573607-2026""}, {""signal_type"": ""teilnahme_belegt"", ""event_date"": ""2026-08-19"", ""weight"": 5, ""recency"": 0.4, ""icp_fit_dampened"": 0.88, ""confidence"": 0.85, ""confidence_dampened"": 0.91, ""raw"": 1.602, ""source_url"": ""https://oeffentlichevergabe.de/api/notices/86f13466-dd03-418a-9508-1fb16726fa25?format=pdf""}]}"
"ada logics","28","{""formula"": ""min(best(weight x recency x fit_d x conf_d) + stacking, cap) / cap x 100"", ""tier"": ""B"", ""icp_fit"": 0.8, ""dampening"": ""fit und confidence wirken auf [0.4 .. 1.0]"", ""signal_count"": 2, ""distinct_signal_types"": [""teilnahme_belegt"", ""zuschlag_gewonnen""], ""stacking_bonus"": 1.6, ""driver"": {""signal_type"": ""zuschlag_gewonnen"", ""event_date"": ""2026-08-19"", ""weight"": 6, ""recency"": 0.4, ""icp_fit_dampened"": 0.88, ""confidence"": 0.72, ""confidence_dampened"": 0.832, ""raw"": 1.757, ""source_url"": ""https://ted.europa.eu/en/notice/-/detail/573607-2026""}, ""all_signals"": [{""signal_type"": ""zuschlag_gewonnen"", ""event_date"": ""2026-08-19"", ""weight"": 6, ""recency"": 0.4, ""icp_fit_dampened"": 0.88, ""confidence"": 0.72, ""confidence_dampened"": 0.832, ""raw"": 1.757, ""source_url"": ""https://ted.europa.eu/en/notice/-/detail/573607-2026""}, {""signal_type"": ""teilnahme_belegt"", ""event_date"": ""2026-08-19"", ""weight"": 5, ""recency"": 0.4, ""icp_fit_dampened"": 0.88, ""confidence"": 0.85, ""confidence_dampened"": 0.91, ""raw"": 1.602, ""source_url"": ""https://oeffentlichevergabe.de/api/notices/86f13466-dd03-418a-9508-1fb16726fa25?format=pdf""}]}"
"badger systems","28","{""formula"": ""min(best(weight x recency x fit_d x conf_d) + stacking, cap) / cap x 100"", ""tier"": ""B"", ""icp_fit"": 0.8, ""dampening"": ""fit und confidence wirken auf [0.4 .. 1.0]"", ""signal_count"": 2, ""distinct_signal_types"": [""teilnahme_belegt"", ""zuschlag_gewonnen""], ""stacking_bonus"": 1.6, ""driver"": {""signal_type"": ""zuschlag_gewonnen"", ""event_date"": ""2026-08-19"", ""weight"": 6, ""recency"": 0.4, ""icp_fit_dampened"": 0.88, ""confidence"": 0.72, ""confidence_dampened"": 0.832, ""raw"": 1.757, ""source_url"": ""https://ted.europa.eu/en/notice/-/detail/573395-2026""}, ""all_signals"": [{""signal_type"": ""zuschlag_gewonnen"", ""event_date"": ""2026-08-19"", ""weight"": 6, ""recency"": 0.4, ""icp_fit_dampened"": 0.88, ""confidence"": 0.72, ""confidence_dampened"": 0.832, ""raw"": 1.757, ""source_url"": ""https://ted.europa.eu/en/notice/-/detail/573395-2026""}, {""signal_type"": ""teilnahme_belegt"", ""event_date"": ""2026-08-19"", ""weight"": 5, ""recency"": 0.4, ""icp_fit_dampened"": 0.88, ""confidence"": 0.85, ""confidence_dampened"": 0.91, ""raw"": 1.602, ""source_url"": ""https://oeffentlichevergabe.de/api/notices/55c45bba-31fa-4a28-b95d-00b38153cf3c?format=pdf""}]}"
"wittler visuelle einrichtungen","28","{""formula"": ""min(best(weight x recency x fit_d x conf_d) + stacking, cap) / cap x 100"", ""tier"": ""B"", ""icp_fit"": 0.8, ""dampening"": ""fit und confidence wirken auf [0.4 .. 1.0]"", ""signal_count"": 2, ""distinct_signal_types"": [""teilnahme_belegt"", ""zuschlag_gewonnen""], ""stacking_bonus"": 1.6, ""driver"": {""signal_type"": ""zuschlag_gewonnen"", ""event_date"": ""2026-08-18"", ""weight"": 6, ""recency"": 0.4, ""icp_fit_dampened"": 0.88, ""confidence"": 0.72, ""confidence_dampened"": 0.832, ""raw"": 1.757, ""source_url"": ""https://ted.europa.eu/en/notice/-/detail/571955-2026""}, ""all_signals"": [{""signal_type"": ""zuschlag_gewonnen"", ""event_date"": ""2026-08-18"", ""weight"": 6, ""recency"": 0.4, ""icp_fit_dampened"": 0.88, ""confidence"": 0.72, ""confidence_dampened"": 0.832, ""raw"": 1.757, ""source_url"": ""https://ted.europa.eu/en/notice/-/detail/571955-2026""}, {""signal_type"": ""teilnahme_belegt"", ""event_date"": ""2026-08-18"", ""weight"": 5, ""recency"": 0.4, ""icp_fit_dampened"": 0.88, ""confidence"": 0.85, ""confidence_dampened"": 0.91, ""raw"": 1.602, ""source_url"": ""https://oeffentlichevergabe.de/api/notices/c2f82210-2f04-4204-9a07-6eb76a301c20?format=pdf""}]}"
"ncino germany","28","{""formula"": ""min(best(weight x recency x fit_d x conf_d) + stacking, cap) / cap x 100"", ""tier"": ""B"", ""icp_fit"": 0.8, ""dampening"": ""fit und confidence wirken auf [0.4 .. 1.0]"", ""signal_count"": 2, ""distinct_signal_types"": [""teilnahme_belegt"", ""zuschlag_gewonnen""], ""stacking_bonus"": 1.6, ""driver"": {""signal_type"": ""zuschlag_gewonnen"", ""event_date"": ""2026-08-17"", ""weight"": 6, ""recency"": 0.4, ""icp_fit_dampened"": 0.88, ""confidence"": 0.72, ""confidence_dampened"": 0.832, ""raw"": 1.757, ""source_url"": ""https://ted.europa.eu/en/notice/-/detail/568975-2026""}, ""all_signals"": [{""signal_type"": ""zuschlag_gewonnen"", ""event_date"": ""2026-08-17"", ""weight"": 6, ""recency"": 0.4, ""icp_fit_dampened"": 0.88, ""confidence"": 0.72, ""confidence_dampened"": 0.832, ""raw"": 1.757, ""source_url"": ""https://ted.europa.eu/en/notice/-/detail/568975-2026""}, {""signal_type"": ""teilnahme_belegt"", ""event_date"": ""2026-08-15"", ""weight"": 5, ""recency"": 0.4, ""icp_fit_dampened"": 0.88, ""confidence"": 0.85, ""confidence_dampened"": 0.91, ""raw"": 1.602, ""source_url"": ""https://oeffentlichevergabe.de/api/notices/641f40b5-31ce-4950-9752-ed1deb02a52e?format=pdf""}]}"
"hiscout","28","{""formula"": ""min(best(weight x recency x fit_d x conf_d) + stacking, cap) / cap x 100"", ""tier"": ""B"", ""icp_fit"": 0.8, ""dampening"": ""fit und confidence wirken auf [0.4 .. 1.0]"", ""signal_count"": 2, ""distinct_signal_types"": [""teilnahme_belegt"", ""zuschlag_gewonnen""], ""stacking_bonus"": 1.6, ""driver"": {""signal_type"": ""zuschlag_gewonnen"", ""event_date"": ""2026-08-14"", ""weight"": 6, ""recency"": 0.4, ""icp_fit_dampened"": 0.88, ""confidence"": 0.72, ""confidence_dampened"": 0.832, ""raw"": 1.757, ""source_url"": ""https://ted.europa.eu/en/notice/-/detail/565803-2026""}, ""all_signals"": [{""signal_type"": ""zuschlag_gewonnen"", ""event_date"": ""2026-08-14"", ""weight"": 6, ""recency"": 0.4, ""icp_fit_dampened"": 0.88, ""confidence"": 0.72, ""confidence_dampened"": 0.832, ""raw"": 1.757, ""source_url"": ""https://ted.europa.eu/en/notice/-/detail/565803-2026""}, {""signal_type"": ""teilnahme_belegt"", ""event_date"": ""2026-08-14"", ""weight"": 5, ""recency"": 0.4, ""icp_fit_dampened"": 0.88, ""confidence"": 0.85, ""confidence_dampened"": 0.91, ""raw"": 1.602, ""source_url"": ""https://oeffentlichevergabe.de/api/notices/d9570405-c7ce-4da8-8752-fde32614df1a?format=pdf""}]}"
"dextradata grc technologies gmbh in bewerbergemeinschaft mit dextradata","28","{""formula"": ""min(best(weight x recency x fit_d x conf_d) + stacking, cap) / cap x 100"", ""tier"": ""B"", ""icp_fit"": 0.8, ""dampening"": ""fit und confidence wirken auf [0.4 .. 1.0]"", ""signal_count"": 2, ""distinct_signal_types"": [""teilnahme_belegt"", ""zuschlag_gewonnen""], ""stacking_bonus"": 1.6, ""driver"": {""signal_type"": ""zuschlag_gewonnen"", ""event_date"": ""2026-08-14"", ""weight"": 6, ""recency"": 0.4, ""icp_fit_dampened"": 0.88, ""confidence"": 0.72, ""confidence_dampened"": 0.832, ""raw"": 1.757, ""source_url"": ""https://ted.europa.eu/en/notice/-/detail/565803-2026""}, ""all_signals"": [{""signal_type"": ""zuschlag_gewonnen"", ""event_date"": ""2026-08-14"", ""weight"": 6, ""recency"": 0.4, ""icp_fit_dampened"": 0.88, ""confidence"": 0.72, ""confidence_dampened"": 0.832, ""raw"": 1.757, ""source_url"": ""https://ted.europa.eu/en/notice/-/detail/565803-2026""}, {""signal_type"": ""teilnahme_belegt"", ""event_date"": ""2026-08-14"", ""weight"": 5, ""recency"": 0.4, ""icp_fit_dampened"": 0.88, ""confidence"": 0.85, ""confidence_dampened"": 0.91, ""raw"": 1.602, ""source_url"": ""https://oeffentlichevergabe.de/api/notices/d9570405-c7ce-4da8-8752-fde32614df1a?format=pdf""}]}"
"dextradata gmbh in bewerbergemeinschaft mit dextradata grc technologies","28","{""formula"": ""min(best(weight x recency x fit_d x conf_d) + stacking, cap) / cap x 100"", ""tier"": ""B"", ""icp_fit"": 0.8, ""dampening"": ""fit und confidence wirken auf [0.4 .. 1.0]"", ""signal_count"": 2, ""distinct_signal_types"": [""teilnahme_belegt"", ""zuschlag_gewonnen""], ""stacking_bonus"": 1.6, ""driver"": {""signal_type"": ""zuschlag_gewonnen"", ""event_date"": ""2026-08-14"", ""weight"": 6, ""recency"": 0.4, ""icp_fit_dampened"": 0.88, ""confidence"": 0.72, ""confidence_dampened"": 0.832, ""raw"": 1.757, ""source_url"": ""https://ted.europa.eu/en/notice/-/detail/565803-2026""}, ""all_signals"": [{""signal_type"": ""zuschlag_gewonnen"", ""event_date"": ""2026-08-14"", ""weight"": 6, ""recency"": 0.4, ""icp_fit_dampened"": 0.88, ""confidence"": 0.72, ""confidence_dampened"": 0.832, ""raw"": 1.757, ""source_url"": ""https://ted.europa.eu/en/notice/-/detail/565803-2026""}, {""signal_type"": ""teilnahme_belegt"", ""event_date"": ""2026-08-14"", ""weight"": 5, ""recency"": 0.4, ""icp_fit_dampened"": 0.88, ""confidence"": 0.85, ""confidence_dampened"": 0.91, ""raw"": 1.602, ""source_url"": ""https://oeffentlichevergabe.de/api/notices/d9570405-c7ce-4da8-8752-fde32614df1a?format=pdf""}]}"
"athereon grc","28","{""formula"": ""min(best(weight x recency x fit_d x conf_d) + stacking, cap) / cap x 100"", ""tier"": ""B"", ""icp_fit"": 0.8, ""dampening"": ""fit und confidence wirken auf [0.4 .. 1.0]"", ""signal_count"": 2, ""distinct_signal_types"": [""teilnahme_belegt"", ""zuschlag_gewonnen""], ""stacking_bonus"": 1.6, ""driver"": {""signal_type"": ""zuschlag_gewonnen"", ""event_date"": ""2026-08-14"", ""weight"": 6, ""recency"": 0.4, ""icp_fit_dampened"": 0.88, ""confidence"": 0.72, ""confidence_dampened"": 0.832, ""raw"": 1.757, ""source_url"": ""https://ted.europa.eu/en/notice/-/detail/565803-2026""}, ""all_signals"": [{""signal_type"": ""zuschlag_gewonnen"", ""event_date"": ""2026-08-14"", ""weight"": 6, ""recency"": 0.4, ""icp_fit_dampened"": 0.88, ""confidence"": 0.72, ""confidence_dampened"": 0.832, ""raw"": 1.757, ""source_url"": ""https://ted.europa.eu/en/notice/-/detail/565803-2026""}, {""signal_type"": ""teilnahme_belegt"", ""event_date"": ""2026-08-14"", ""weight"": 5, ""recency"": 0.4, ""icp_fit_dampened"": 0.88, ""confidence"": 0.85, ""confidence_dampened"": 0.91, ""raw"": 1.602, ""source_url"": ""https://oeffentlichevergabe.de/api/notices/d9570405-c7ce-4da8-8752-fde32614df1a?format=pdf""}]}"
"tecbakery gmbh-wavepointer","28","{""formula"": ""min(best(weight x recency x fit_d x conf_d) + stacking, cap) / cap x 100"", ""tier"": ""B"", ""icp_fit"": 0.8, ""dampening"": ""fit und confidence wirken auf [0.4 .. 1.0]"", ""signal_count"": 2, ""distinct_signal_types"": [""teilnahme_belegt"", ""zuschlag_gewonnen""], ""stacking_bonus"": 1.6, ""driver"": {""signal_type"": ""zuschlag_gewonnen"", ""event_date"": ""2026-08-14"", ""weight"": 6, ""recency"": 0.4, ""icp_fit_dampened"": 0.88, ""confidence"": 0.72, ""confidence_dampened"": 0.832, ""raw"": 1.757, ""source_url"": ""https://ted.europa.eu/en/notice/-/detail/564912-2026""}, ""all_signals"": [{""signal_type"": ""zuschlag_gewonnen"", ""event_date"": ""2026-08-14"", ""weight"": 6, ""recency"": 0.4, ""icp_fit_dampened"": 0.88, ""confidence"": 0.72, ""confidence_dampened"": 0.832, ""raw"": 1.757, ""source_url"": ""https://ted.europa.eu/en/notice/-/detail/564912-2026""}, {""signal_type"": ""teilnahme_belegt"", ""event_date"": ""2026-08-14"", ""weight"": 5, ""recency"": 0.4, ""icp_fit_dampened"": 0.88, ""confidence"": 0.85, ""confidence_dampened"": 0.91, ""raw"": 1.602, ""source_url"": ""https://oeffentlichevergabe.de/api/notices/d852c5fd-757a-4d69-bd26-05db8aeb4662?format=pdf""}]}"
"motiontag","28","{""formula"": ""min(best(weight x recency x fit_d x conf_d) + stacking, cap) / cap x 100"", ""tier"": ""B"", ""icp_fit"": 0.8, ""dampening"": ""fit und confidence wirken auf [0.4 .. 1.0]"", ""signal_count"": 2, ""distinct_signal_types"": [""teilnahme_belegt"", ""zuschlag_gewonnen""], ""stacking_bonus"": 1.6, ""driver"": {""signal_type"": ""zuschlag_gewonnen"", ""event_date"": ""2026-08-14"", ""weight"": 6, ""recency"": 0.4, ""icp_fit_dampened"": 0.88, ""confidence"": 0.72, ""confidence_dampened"": 0.832, ""raw"": 1.757, ""source_url"": ""https://ted.europa.eu/en/notice/-/detail/564912-2026""}, ""all_signals"": [{""signal_type"": ""zuschlag_gewonnen"", ""event_date"": ""2026-08-14"", ""weight"": 6, ""recency"": 0.4, ""icp_fit_dampened"": 0.88, ""confidence"": 0.72, ""confidence_dampened"": 0.832, ""raw"": 1.757, ""source_url"": ""https://ted.europa.eu/en/notice/-/detail/564912-2026""}, {""signal_type"": ""teilnahme_belegt"", ""event_date"": ""2026-08-14"", ""weight"": 5, ""recency"": 0.4, ""icp_fit_dampened"": 0.88, ""confidence"": 0.85, ""confidence_dampened"": 0.91, ""raw"": 1.602, ""source_url"": ""https://oeffentlichevergabe.de/api/notices/d852c5fd-757a-4d69-bd26-05db8aeb4662?format=pdf""}]}"
"willy tel","28","{""formula"": ""min(best(weight x recency x fit_d x conf_d) + stacking, cap) / cap x 100"", ""tier"": ""B"", ""icp_fit"": 0.8, ""dampening"": ""fit und confidence wirken auf [0.4 .. 1.0]"", ""signal_count"": 2, ""distinct_signal_types"": [""teilnahme_belegt"", ""zuschlag_gewonnen""], ""stacking_bonus"": 1.6, ""driver"": {""signal_type"": ""zuschlag_gewonnen"", ""event_date"": ""2026-08-12"", ""weight"": 6, ""recency"": 0.4, ""icp_fit_dampened"": 0.88, ""confidence"": 0.72, ""confidence_dampened"": 0.832, ""raw"": 1.757, ""source_url"": ""https://ted.europa.eu/en/notice/-/detail/559127-2026""}, ""all_signals"": [{""signal_type"": ""zuschlag_gewonnen"", ""event_date"": ""2026-08-12"", ""weight"": 6, ""recency"": 0.4, ""icp_fit_dampened"": 0.88, ""confidence"": 0.72, ""confidence_dampened"": 0.832, ""raw"": 1.757, ""source_url"": ""https://ted.europa.eu/en/notice/-/detail/559127-2026""}, {""signal_type"": ""teilnahme_belegt"", ""event_date"": ""2026-08-12"", ""weight"": 5, ""recency"": 0.4, ""icp_fit_dampened"": 0.88, ""confidence"": 0.85, ""confidence_dampened"": 0.91, ""raw"": 1.602, ""source_url"": ""https://oeffentlichevergabe.de/api/notices/41e5b711-4bb6-4c06-ba4d-17895f0ce5a8?format=pdf""}]}"
"sag aris","28","{""formula"": ""min(best(weight x recency x fit_d x conf_d) + stacking, cap) / cap x 100"", ""tier"": ""B"", ""icp_fit"": 0.8, ""dampening"": ""fit und confidence wirken auf [0.4 .. 1.0]"", ""signal_count"": 3, ""distinct_signal_types"": [""teilnahme_belegt"", ""zuschlag_gewonnen""], ""stacking_bonus"": 1.6, ""driver"": {""signal_type"": ""zuschlag_gewonnen"", ""event_date"": ""2026-08-12"", ""weight"": 6, ""recency"": 0.4, ""icp_fit_dampened"": 0.88, ""confidence"": 0.72, ""confidence_dampened"": 0.832, ""raw"": 1.757, ""source_url"": ""https://ted.europa.eu/en/notice/-/detail/559071-2026""}, ""all_signals"": [{""signal_type"": ""zuschlag_gewonnen"", ""event_date"": ""2026-08-12"", ""weight"": 6, ""recency"": 0.4, ""icp_fit_dampened"": 0.88, ""confidence"": 0.72, ""confidence_dampened"": 0.832, ""raw"": 1.757, ""source_url"": ""https://ted.europa.eu/en/notice/-/detail/559071-2026""}, {""signal_type"": ""zuschlag_gewonnen"", ""event_date"": ""2026-08-12"", ""weight"": 6, ""recency"": 0.4, ""icp_fit_dampened"": 0.88, ""confidence"": 0.72, ""confidence_dampened"": 0.832, ""raw"": 1.757, ""source_url"": ""https://ted.europa.eu/en/notice/-/detail/559071-2026""}, {""signal_type"": ""teilnahme_belegt"", ""event_date"": ""2026-08-12"", ""weight"": 5, ""recency"": 0.4, ""icp_fit_dampened"": 0.88, ""confidence"": 0.85, ""confidence_dampened"": 0.91, ""raw"": 1.602, ""source_url"": ""https://oeffentlichevergabe.de/api/notices/be66fb32-175c-4625-b7ea-f8bc6bebea2d?format=pdf""}]}"
"seitenbau","27","{""formula"": ""min(best(weight x recency x fit_d x conf_d) + stacking, cap) / cap x 100"", ""tier"": ""A"", ""icp_fit"": 1.0, ""dampening"": ""fit und confidence wirken auf [0.4 .. 1.0]"", ""signal_count"": 2, ""distinct_signal_types"": [""zuschlag_gewonnen""], ""stacking_bonus"": 0.0, ""driver"": {""signal_type"": ""zuschlag_gewonnen"", ""event_date"": ""2026-09-04"", ""weight"": 6, ""recency"": 0.6, ""icp_fit_dampened"": 1.0, ""confidence"": 0.85, ""confidence_dampened"": 0.91, ""raw"": 3.276, ""source_url"": ""https://oeffentlichevergabe.de/api/notices/c453e44e-c30f-46b6-905f-f8e821167f92?format=pdf""}, ""all_signals"": [{""signal_type"": ""zuschlag_gewonnen"", ""event_date"": ""2026-09-04"", ""weight"": 6, ""recency"": 0.6, ""icp_fit_dampened"": 1.0, ""confidence"": 0.85, ""confidence_dampened"": 0.91, ""raw"": 3.276, ""source_url"": ""https://oeffentlichevergabe.de/api/notices/c453e44e-c30f-46b6-905f-f8e821167f92?format=pdf""}, {""signal_type"": ""zuschlag_gewonnen"", ""event_date"": ""2026-09-04"", ""weight"": 6, ""recency"": 0.6, ""icp_fit_dampened"": 1.0, ""confidence"": 0.72, ""confidence_dampened"": 0.832, ""raw"": 2.995, ""source_url"": ""https://ted.europa.eu/en/notice/-/detail/610840-2026""}]}"
"valantic business analytics","27","{""formula"": ""min(best(weight x recency x fit_d x conf_d) + stacking, cap) / cap x 100"", ""tier"": ""A"", ""icp_fit"": 1.0, ""dampening"": ""fit und confidence wirken auf [0.4 .. 1.0]"", ""signal_count"": 2, ""distinct_signal_types"": [""zuschlag_gewonnen""], ""stacking_bonus"": 0.0, ""driver"": {""signal_type"": ""zuschlag_gewonnen"", ""event_date"": ""2026-09-03"", ""weight"": 6, ""recency"": 0.6, ""icp_fit_dampened"": 1.0, ""confidence"": 0.85, ""confidence_dampened"": 0.91, ""raw"": 3.276, ""source_url"": ""https://oeffentlichevergabe.de/api/notices/8b1e4b2c-8f4b-40fa-bc84-65a554a70181?format=pdf""}, ""all_signals"": [{""signal_type"": ""zuschlag_gewonnen"", ""event_date"": ""2026-09-03"", ""weight"": 6, ""recency"": 0.6, ""icp_fit_dampened"": 1.0, ""confidence"": 0.85, ""confidence_dampened"": 0.91, ""raw"": 3.276, ""source_url"": ""https://oeffentlichevergabe.de/api/notices/8b1e4b2c-8f4b-40fa-bc84-65a554a70181?format=pdf""}, {""signal_type"": ""zuschlag_gewonnen"", ""event_date"": ""2026-09-03"", ""weight"": 6, ""recency"": 0.6, ""icp_fit_dampened"": 1.0, ""confidence"": 0.72, ""confidence_dampened"": 0.832, ""raw"": 2.995, ""source_url"": ""https://ted.europa.eu/en/notice/-/detail/608584-2026""}]}"
"telent","27","{""formula"": ""min(best(weight x recency x fit_d x conf_d) + stacking, cap) / cap x 100"", ""tier"": ""A"", ""icp_fit"": 1.0, ""dampening"": ""fit und confidence wirken auf [0.4 .. 1.0]"", ""signal_count"": 2, ""distinct_signal_types"": [""zuschlag_gewonnen""], ""stacking_bonus"": 0.0, ""driver"": {""signal_type"": ""zuschlag_gewonnen"", ""event_date"": ""2026-09-03"", ""weight"": 6, ""recency"": 0.6, ""icp_fit_dampened"": 1.0, ""confidence"": 0.85, ""confidence_dampened"": 0.91, ""raw"": 3.276, ""source_url"": ""https://oeffentlichevergabe.de/api/notices/f5441118-8d94-4e25-84ac-0f679cc78803?format=pdf""}, ""all_signals"": [{""signal_type"": ""zuschlag_gewonnen"", ""event_date"": ""2026-09-03"", ""weight"": 6, ""recency"": 0.6, ""icp_fit_dampened"": 1.0, ""confidence"": 0.85, ""confidence_dampened"": 0.91, ""raw"": 3.276, ""source_url"": ""https://oeffentlichevergabe.de/api/notices/f5441118-8d94-4e25-84ac-0f679cc78803?format=pdf""}, {""signal_type"": ""zuschlag_gewonnen"", ""event_date"": ""2026-09-03"", ""weight"": 6, ""recency"": 0.6, ""icp_fit_dampened"": 1.0, ""confidence"": 0.72, ""confidence_dampened"": 0.832, ""raw"": 2.995, ""source_url"": ""https://ted.europa.eu/en/notice/-/detail/607913-2026""}]}"
"red commerce","27","{""formula"": ""min(best(weight x recency x fit_d x conf_d) + stacking, cap) / cap x 100"", ""tier"": ""A"", ""icp_fit"": 1.0, ""dampening"": ""fit und confidence wirken auf [0.4 .. 1.0]"", ""signal_count"": 2, ""distinct_signal_types"": [""zuschlag_gewonnen""], ""stacking_bonus"": 0.0, ""driver"": {""signal_type"": ""zuschlag_gewonnen"", ""event_date"": ""2026-09-01"", ""weight"": 6, ""recency"": 0.6, ""icp_fit_dampened"": 1.0, ""confidence"": 0.85, ""confidence_dampened"": 0.91, ""raw"": 3.276, ""source_url"": ""https://oeffentlichevergabe.de/api/notices/7ad5de8b-a9bf-4637-bec3-d0bc89f953ff?format=pdf""}, ""all_signals"": [{""signal_type"": ""zuschlag_gewonnen"", ""event_date"": ""2026-09-01"", ""weight"": 6, ""recency"": 0.6, ""icp_fit_dampened"": 1.0, ""confidence"": 0.85, ""confidence_dampened"": 0.91, ""raw"": 3.276, ""source_url"": ""https://oeffentlichevergabe.de/api/notices/7ad5de8b-a9bf-4637-bec3-d0bc89f953ff?format=pdf""}, {""signal_type"": ""zuschlag_gewonnen"", ""event_date"": ""2026-09-01"", ""weight"": 6, ""recency"": 0.6, ""icp_fit_dampened"": 1.0, ""confidence"": 0.72, ""confidence_dampened"": 0.832, ""raw"": 2.995, ""source_url"": ""https://ted.europa.eu/en/notice/-/detail/601385-2026""}]}"
"disy informationssysteme","27","{""formula"": ""min(best(weight x recency x fit_d x conf_d) + stacking, cap) / cap x 100"", ""tier"": ""A"", ""icp_fit"": 1.0, ""dampening"": ""fit und confidence wirken auf [0.4 .. 1.0]"", ""signal_count"": 2, ""distinct_signal_types"": [""zuschlag_gewonnen""], ""stacking_bonus"": 0.0, ""driver"": {""signal_type"": ""zuschlag_gewonnen"", ""event_date"": ""2026-08-30"", ""weight"": 6, ""recency"": 0.6, ""icp_fit_dampened"": 1.0, ""confidence"": 0.85, ""confidence_dampened"": 0.91, ""raw"": 3.276, ""source_url"": ""https://oeffentlichevergabe.de/api/notices/813b67fc-d93e-47a6-a67a-034dd316432c?format=pdf""}, ""all_signals"": [{""signal_type"": ""zuschlag_gewonnen"", ""event_date"": ""2026-08-30"", ""weight"": 6, ""recency"": 0.6, ""icp_fit_dampened"": 1.0, ""confidence"": 0.85, ""confidence_dampened"": 0.91, ""raw"": 3.276, ""source_url"": ""https://oeffentlichevergabe.de/api/notices/813b67fc-d93e-47a6-a67a-034dd316432c?format=pdf""}, {""signal_type"": ""zuschlag_gewonnen"", ""event_date"": ""2026-08-31"", ""weight"": 6, ""recency"": 0.6, ""icp_fit_dampened"": 1.0, ""confidence"": 0.72, ""confidence_dampened"": 0.832, ""raw"": 2.995, ""source_url"": ""https://ted.europa.eu/en/notice/-/detail/599366-2026""}]}"
"bechtle network und security solutions","27","{""formula"": ""min(best(weight x recency x fit_d x conf_d) + stacking, cap) / cap x 100"", ""tier"": ""A"", ""icp_fit"": 1.0, ""dampening"": ""fit und confidence wirken auf [0.4 .. 1.0]"", ""signal_count"": 2, ""distinct_signal_types"": [""zuschlag_gewonnen""], ""stacking_bonus"": 0.0, ""driver"": {""signal_type"": ""zuschlag_gewonnen"", ""event_date"": ""2026-08-30"", ""weight"": 6, ""recency"": 0.6, ""icp_fit_dampened"": 1.0, ""confidence"": 0.85, ""confidence_dampened"": 0.91, ""raw"": 3.276, ""source_url"": ""https://oeffentlichevergabe.de/api/notices/dc4b14a0-653c-406c-b3c3-17c898859e9c?format=pdf""}, ""all_signals"": [{""signal_type"": ""zuschlag_gewonnen"", ""event_date"": ""2026-08-30"", ""weight"": 6, ""recency"": 0.6, ""icp_fit_dampened"": 1.0, ""confidence"": 0.85, ""confidence_dampened"": 0.91, ""raw"": 3.276, ""source_url"": ""https://oeffentlichevergabe.de/api/notices/dc4b14a0-653c-406c-b3c3-17c898859e9c?format=pdf""}, {""signal_type"": ""zuschlag_gewonnen"", ""event_date"": ""2026-08-31"", ""weight"": 6, ""recency"": 0.6, ""icp_fit_dampened"": 1.0, ""confidence"": 0.72, ""confidence_dampened"": 0.832, ""raw"": 2.995, ""source_url"": ""https://ted.europa.eu/en/notice/-/detail/597622-2026""}]}"
"concat","27","{""formula"": ""min(best(weight x recency x fit_d x conf_d) + stacking, cap) / cap x 100"", ""tier"": ""A"", ""icp_fit"": 1.0, ""dampening"": ""fit und confidence wirken auf [0.4 .. 1.0]"", ""signal_count"": 4, ""distinct_signal_types"": [""zuschlag_gewonnen""], ""stacking_bonus"": 0.0, ""driver"": {""signal_type"": ""zuschlag_gewonnen"", ""event_date"": ""2026-08-30"", ""weight"": 6, ""recency"": 0.6, ""icp_fit_dampened"": 1.0, ""confidence"": 0.85, ""confidence_dampened"": 0.91, ""raw"": 3.276, ""source_url"": ""https://oeffentlichevergabe.de/api/notices/cff95e02-3adc-44d8-86cc-78848242d198?format=pdf""}, ""all_signals"": [{""signal_type"": ""zuschlag_gewonnen"", ""event_date"": ""2026-08-30"", ""weight"": 6, ""recency"": 0.6, ""icp_fit_dampened"": 1.0, ""confidence"": 0.85, ""confidence_dampened"": 0.91, ""raw"": 3.276, ""source_url"": ""https://oeffentlichevergabe.de/api/notices/cff95e02-3adc-44d8-86cc-78848242d198?format=pdf""}, {""signal_type"": ""zuschlag_gewonnen"", ""event_date"": ""2026-08-23"", ""weight"": 6, ""recency"": 0.6, ""icp_fit_dampened"": 1.0, ""confidence"": 0.85, ""confidence_dampened"": 0.91, ""raw"": 3.276, ""source_url"": ""https://oeffentlichevergabe.de/api/notices/2af2182d-eec6-4c5e-972f-a2833f021efc?format=pdf""}, {""signal_type"": ""zuschlag_gewonnen"", ""event_date"": ""2026-08-31"", ""weight"": 6, ""recency"": 0.6, ""icp_fit_dampened"": 1.0, ""confidence"": 0.72, ""confidence_dampened"": 0.832, ""raw"": 2.995, ""source_url"": ""https://ted.europa.eu/en/notice/-/detail/597276-2026""}, {""signal_type"": ""zuschlag_gewonnen"", ""event_date"": ""2026-08-24"", ""weight"": 6, ""recency"": 0.6, ""icp_fit_dampened"": 1.0, ""confidence"": 0.72, ""confidence_dampened"": 0.832, ""raw"": 2.995, ""source_url"": ""https://ted.europa.eu/en/notice/-/detail/582742-2026""}]}"
"nec deutschland","27","{""formula"": ""min(best(weight x recency x fit_d x conf_d) + stacking, cap) / cap x 100"", ""tier"": ""A"", ""icp_fit"": 1.0, ""dampening"": ""fit und confidence wirken auf [0.4 .. 1.0]"", ""signal_count"": 2, ""distinct_signal_types"": [""zuschlag_gewonnen""], ""stacking_bonus"": 0.0, ""driver"": {""signal_type"": ""zuschlag_gewonnen"", ""event_date"": ""2026-08-30"", ""weight"": 6, ""recency"": 0.6, ""icp_fit_dampened"": 1.0, ""confidence"": 0.85, ""confidence_dampened"": 0.91, ""raw"": 3.276, ""source_url"": ""https://oeffentlichevergabe.de/api/notices/dda3b57d-76a9-43b1-875c-fdbd83573c15?format=pdf""}, ""all_signals"": [{""signal_type"": ""zuschlag_gewonnen"", ""event_date"": ""2026-08-30"", ""weight"": 6, ""recency"": 0.6, ""icp_fit_dampened"": 1.0, ""confidence"": 0.85, ""confidence_dampened"": 0.91, ""raw"": 3.276, ""source_url"": ""https://oeffentlichevergabe.de/api/notices/dda3b57d-76a9-43b1-875c-fdbd83573c15?format=pdf""}, {""signal_type"": ""zuschlag_gewonnen"", ""event_date"": ""2026-08-31"", ""weight"": 6, ""recency"": 0.6, ""icp_fit_dampened"": 1.0, ""confidence"": 0.72, ""confidence_dampened"": 0.832, ""raw"": 2.995, ""source_url"": ""https://ted.europa.eu/en/notice/-/detail/596919-2026""}]}"
"ebcont operations","27","{""formula"": ""min(best(weight x recency x fit_d x conf_d) + stacking, cap) / cap x 100"", ""tier"": ""A"", ""icp_fit"": 1.0, ""dampening"": ""fit und confidence wirken auf [0.4 .. 1.0]"", ""signal_count"": 2, ""distinct_signal_types"": [""zuschlag_gewonnen""], ""stacking_bonus"": 0.0, ""driver"": {""signal_type"": ""zuschlag_gewonnen"", ""event_date"": ""2026-08-28"", ""weight"": 6, ""recency"": 0.6, ""icp_fit_dampened"": 1.0, ""confidence"": 0.85, ""confidence_dampened"": 0.91, ""raw"": 3.276, ""source_url"": ""https://oeffentlichevergabe.de/api/notices/296376d2-d2be-4d53-a83c-9f3c1504993e?format=pdf""}, ""all_signals"": [{""signal_type"": ""zuschlag_gewonnen"", ""event_date"": ""2026-08-28"", ""weight"": 6, ""recency"": 0.6, ""icp_fit_dampened"": 1.0, ""confidence"": 0.85, ""confidence_dampened"": 0.91, ""raw"": 3.276, ""source_url"": ""https://oeffentlichevergabe.de/api/notices/296376d2-d2be-4d53-a83c-9f3c1504993e?format=pdf""}, {""signal_type"": ""zuschlag_gewonnen"", ""event_date"": ""2026-08-28"", ""weight"": 6, ""recency"": 0.6, ""icp_fit_dampened"": 1.0, ""confidence"": 0.72, ""confidence_dampened"": 0.832, ""raw"": 2.995, ""source_url"": ""https://ted.europa.eu/en/notice/-/detail/593912-2026""}]}"
"nortal","27","{""formula"": ""min(best(weight x recency x fit_d x conf_d) + stacking, cap) / cap x 100"", ""tier"": ""A"", ""icp_fit"": 1.0, ""dampening"": ""fit und confidence wirken auf [0.4 .. 1.0]"", ""signal_count"": 4, ""distinct_signal_types"": [""zuschlag_gewonnen""], ""stacking_bonus"": 0.0, ""driver"": {""signal_type"": ""zuschlag_gewonnen"", ""event_date"": ""2026-08-28"", ""weight"": 6, ""recency"": 0.6, ""icp_fit_dampened"": 1.0, ""confidence"": 0.85, ""confidence_dampened"": 0.91, ""raw"": 3.276, ""source_url"": ""https://oeffentlichevergabe.de/api/notices/2978fb1d-4725-44fa-90b4-365da5ab9485?format=pdf""}, ""all_signals"": [{""signal_type"": ""zuschlag_gewonnen"", ""event_date"": ""2026-08-28"", ""weight"": 6, ""recency"": 0.6, ""icp_fit_dampened"": 1.0, ""confidence"": 0.85, ""confidence_dampened"": 0.91, ""raw"": 3.276, ""source_url"": ""https://oeffentlichevergabe.de/api/notices/2978fb1d-4725-44fa-90b4-365da5ab9485?format=pdf""}, {""signal_type"": ""zuschlag_gewonnen"", ""event_date"": ""2026-08-28"", ""weight"": 6, ""recency"": 0.6, ""icp_fit_dampened"": 1.0, ""confidence"": 0.72, ""confidence_dampened"": 0.832, ""raw"": 2.995, ""source_url"": ""https://ted.europa.eu/en/notice/-/detail/593782-2026""}, {""signal_type"": ""zuschlag_gewonnen"", ""event_date"": ""2026-08-20"", ""weight"": 6, ""recency"": 0.4, ""icp_fit_dampened"": 1.0, ""confidence"": 0.85, ""confidence_dampened"": 0.91, ""raw"": 2.184, ""source_url"": ""https://oeffentlichevergabe.de/api/notices/019f8f13-0365-4fde-b468-0820cd585c05?format=pdf""}, {""signal_type"": ""zuschlag_gewonnen"", ""event_date"": ""2026-08-20"", ""weight"": 6, ""recency"": 0.4, ""icp_fit_dampened"": 1.0, ""confidence"": 0.72, ""confidence_dampened"": 0.832, ""raw"": 1.997, ""source_url"": ""https://ted.europa.eu/en/notice/-/detail/576324-2026""}]}"
"ergosign","27","{""formula"": ""min(best(weight x recency x fit_d x conf_d) + stacking, cap) / cap x 100"", ""tier"": ""A"", ""icp_fit"": 1.0, ""dampening"": ""fit und confidence wirken auf [0.4 .. 1.0]"", ""signal_count"": 1, ""distinct_signal_types"": [""zuschlag_gewonnen""], ""stacking_bonus"": 0.0, ""driver"": {""signal_type"": ""zuschlag_gewonnen"", ""event_date"": ""2026-08-28"", ""weight"": 6, ""recency"": 0.6, ""icp_fit_dampened"": 1.0, ""confidence"": 0.85, ""confidence_dampened"": 0.91, ""raw"": 3.276, ""source_url"": ""https://oeffentlichevergabe.de/api/notices/30f4dec0-2cb3-42fa-a4b0-2f83fbd518a7?format=pdf""}, ""all_signals"": [{""signal_type"": ""zuschlag_gewonnen"", ""event_date"": ""2026-08-28"", ""weight"": 6, ""recency"": 0.6, ""icp_fit_dampened"": 1.0, ""confidence"": 0.85, ""confidence_dampened"": 0.91, ""raw"": 3.276, ""source_url"": ""https://oeffentlichevergabe.de/api/notices/30f4dec0-2cb3-42fa-a4b0-2f83fbd518a7?format=pdf""}]}"
"b1 systems","27","{""formula"": ""min(best(weight x recency x fit_d x conf_d) + stacking, cap) / cap x 100"", ""tier"": ""A"", ""icp_fit"": 1.0, ""dampening"": ""fit und confidence wirken auf [0.4 .. 1.0]"", ""signal_count"": 2, ""distinct_signal_types"": [""zuschlag_gewonnen""], ""stacking_bonus"": 0.0, ""driver"": {""signal_type"": ""zuschlag_gewonnen"", ""event_date"": ""2026-08-27"", ""weight"": 6, ""recency"": 0.6, ""icp_fit_dampened"": 1.0, ""confidence"": 0.85, ""confidence_dampened"": 0.91, ""raw"": 3.276, ""source_url"": ""https://oeffentlichevergabe.de/api/notices/fdeb7268-d1ba-40ee-ba6c-07e934900ad1?format=pdf""}, ""all_signals"": [{""signal_type"": ""zuschlag_gewonnen"", ""event_date"": ""2026-08-27"", ""weight"": 6, ""recency"": 0.6, ""icp_fit_dampened"": 1.0, ""confidence"": 0.85, ""confidence_dampened"": 0.91, ""raw"": 3.276, ""source_url"": ""https://oeffentlichevergabe.de/api/notices/fdeb7268-d1ba-40ee-ba6c-07e934900ad1?format=pdf""}, {""signal_type"": ""zuschlag_gewonnen"", ""event_date"": ""2026-08-27"", ""weight"": 6, ""recency"": 0.6, ""icp_fit_dampened"": 1.0, ""confidence"": 0.72, ""confidence_dampened"": 0.832, ""raw"": 2.995, ""source_url"": ""https://ted.europa.eu/en/notice/-/detail/590483-2026""}]}"
"ivu traffic technologies","27","{""formula"": ""min(best(weight x recency x fit_d x conf_d) + stacking, cap) / cap x 100"", ""tier"": ""A"", ""icp_fit"": 1.0, ""dampening"": ""fit und confidence wirken auf [0.4 .. 1.0]"", ""signal_count"": 2, ""distinct_signal_types"": [""zuschlag_gewonnen""], ""stacking_bonus"": 0.0, ""driver"": {""signal_type"": ""zuschlag_gewonnen"", ""event_date"": ""2026-08-26"", ""weight"": 6, ""recency"": 0.6, ""icp_fit_dampened"": 1.0, ""confidence"": 0.85, ""confidence_dampened"": 0.91, ""raw"": 3.276, ""source_url"": ""https://oeffentlichevergabe.de/api/notices/9330fce5-9885-4afd-a59b-14c302a17c9e?format=pdf""}, ""all_signals"": [{""signal_type"": ""zuschlag_gewonnen"", ""event_date"": ""2026-08-26"", ""weight"": 6, ""recency"": 0.6, ""icp_fit_dampened"": 1.0, ""confidence"": 0.85, ""confidence_dampened"": 0.91, ""raw"": 3.276, ""source_url"": ""https://oeffentlichevergabe.de/api/notices/9330fce5-9885-4afd-a59b-14c302a17c9e?format=pdf""}, {""signal_type"": ""zuschlag_gewonnen"", ""event_date"": ""2026-08-26"", ""weight"": 6, ""recency"": 0.6, ""icp_fit_dampened"": 1.0, ""confidence"": 0.72, ""confidence_dampened"": 0.832, ""raw"": 2.995, ""source_url"": ""https://ted.europa.eu/en/notice/-/detail/588878-2026""}]}"
"pit-cup","27","{""formula"": ""min(best(weight x recency x fit_d x conf_d) + stacking, cap) / cap x 100"", ""tier"": ""A"", ""icp_fit"": 1.0, ""dampening"": ""fit und confidence wirken auf [0.4 .. 1.0]"", ""signal_count"": 2, ""distinct_signal_types"": [""zuschlag_gewonnen""], ""stacking_bonus"": 0.0, ""driver"": {""signal_type"": ""zuschlag_gewonnen"", ""event_date"": ""2026-08-25"", ""weight"": 6, ""recency"": 0.6, ""icp_fit_dampened"": 1.0, ""confidence"": 0.85, ""confidence_dampened"": 0.91, ""raw"": 3.276, ""source_url"": ""https://oeffentlichevergabe.de/api/notices/844c079f-2f40-41f5-80aa-a80e6312b9c2?format=pdf""}, ""all_signals"": [{""signal_type"": ""zuschlag_gewonnen"", ""event_date"": ""2026-08-25"", ""weight"": 6, ""recency"": 0.6, ""icp_fit_dampened"": 1.0, ""confidence"": 0.85, ""confidence_dampened"": 0.91, ""raw"": 3.276, ""source_url"": ""https://oeffentlichevergabe.de/api/notices/844c079f-2f40-41f5-80aa-a80e6312b9c2?format=pdf""}, {""signal_type"": ""zuschlag_gewonnen"", ""event_date"": ""2026-08-25"", ""weight"": 6, ""recency"": 0.6, ""icp_fit_dampened"": 1.0, ""confidence"": 0.72, ""confidence_dampened"": 0.832, ""raw"": 2.995, ""source_url"": ""https://ted.europa.eu/en/notice/-/detail/586971-2026""}]}"
"delta computer products","27","{""formula"": ""min(best(weight x recency x fit_d x conf_d) + stacking, cap) / cap x 100"", ""tier"": ""A"", ""icp_fit"": 1.0, ""dampening"": ""fit und confidence wirken auf [0.4 .. 1.0]"", ""signal_count"": 5, ""distinct_signal_types"": [""zuschlag_gewonnen""], ""stacking_bonus"": 0.0, ""driver"": {""signal_type"": ""zuschlag_gewonnen"", ""event_date"": ""2026-08-23"", ""weight"": 6, ""recency"": 0.6, ""icp_fit_dampened"": 1.0, ""confidence"": 0.85, ""confidence_dampened"": 0.91, ""raw"": 3.276, ""source_url"": ""https://oeffentlichevergabe.de/api/notices/f3b36f0e-8dd1-4ec5-bd96-dcdfd09e51af?format=pdf""}, ""all_signals"": [{""signal_type"": ""zuschlag_gewonnen"", ""event_date"": ""2026-08-23"", ""weight"": 6, ""recency"": 0.6, ""icp_fit_dampened"": 1.0, ""confidence"": 0.85, ""confidence_dampened"": 0.91, ""raw"": 3.276, ""source_url"": ""https://oeffentlichevergabe.de/api/notices/f3b36f0e-8dd1-4ec5-bd96-dcdfd09e51af?format=pdf""}, {""signal_type"": ""zuschlag_gewonnen"", ""event_date"": ""2026-08-24"", ""weight"": 6, ""recency"": 0.6, ""icp_fit_dampened"": 1.0, ""confidence"": 0.72, ""confidence_dampened"": 0.832, ""raw"": 2.995, ""source_url"": ""https://ted.europa.eu/en/notice/-/detail/584113-2026""}, {""signal_type"": ""zuschlag_gewonnen"", ""event_date"": ""2026-08-20"", ""weight"": 6, ""recency"": 0.4, ""icp_fit_dampened"": 1.0, ""confidence"": 0.85, ""confidence_dampened"": 0.91, ""raw"": 2.184, ""source_url"": ""https://oeffentlichevergabe.de/api/notices/0f5c3f03-2bf4-429a-aae6-c96098ecc6d2?format=pdf""}, {""signal_type"": ""zuschlag_gewonnen"", ""event_date"": ""2026-08-11"", ""weight"": 6, ""recency"": 0.4, ""icp_fit_dampened"": 1.0, ""confidence"": 0.85, ""confidence_dampened"": 0.91, ""raw"": 2.184, ""source_url"": ""https://oeffentlichevergabe.de/api/notices/30d3f77c-accc-4bd5-909d-37b87aaeace6?format=pdf""}, {""signal_type"": ""zuschlag_gewonnen"", ""event_date"": ""2026-08-11"", ""weight"": 6, ""recency"": 0.4, ""icp_fit_dampened"": 1.0, ""confidence"": 0.72, ""confidence_dampened"": 0.832, ""raw"": 1.997, ""source_url"": ""https://ted.europa.eu/en/notice/-/detail/554699-2026""}]}"
"ip syscon","27","{""formula"": ""min(best(weight x recency x fit_d x conf_d) + stacking, cap) / cap x 100"", ""tier"": ""A"", ""icp_fit"": 1.0, ""dampening"": ""fit und confidence wirken auf [0.4 .. 1.0]"", ""signal_count"": 4, ""distinct_signal_types"": [""zuschlag_gewonnen""], ""stacking_bonus"": 0.0, ""driver"": {""signal_type"": ""zuschlag_gewonnen"", ""event_date"": ""2026-08-23"", ""weight"": 6, ""recency"": 0.6, ""icp_fit_dampened"": 1.0, ""confidence"": 0.85, ""confidence_dampened"": 0.91, ""raw"": 3.276, ""source_url"": ""https://oeffentlichevergabe.de/api/notices/122f0515-c0e6-40c5-b8eb-6bb2951c34c5?format=pdf""}, ""all_signals"": [{""signal_type"": ""zuschlag_gewonnen"", ""event_date"": ""2026-08-23"", ""weight"": 6, ""recency"": 0.6, ""icp_fit_dampened"": 1.0, ""confidence"": 0.85, ""confidence_dampened"": 0.91, ""raw"": 3.276, ""source_url"": ""https://oeffentlichevergabe.de/api/notices/122f0515-c0e6-40c5-b8eb-6bb2951c34c5?format=pdf""}, {""signal_type"": ""zuschlag_gewonnen"", ""event_date"": ""2026-08-24"", ""weight"": 6, ""recency"": 0.6, ""icp_fit_dampened"": 1.0, ""confidence"": 0.72, ""confidence_dampened"": 0.832, ""raw"": 2.995, ""source_url"": ""https://ted.europa.eu/en/notice/-/detail/582874-2026""}, {""signal_type"": ""zuschlag_gewonnen"", ""event_date"": ""2026-08-09"", ""weight"": 6, ""recency"": 0.4, ""icp_fit_dampened"": 1.0, ""confidence"": 0.85, ""confidence_dampened"": 0.91, ""raw"": 2.184, ""source_url"": ""https://oeffentlichevergabe.de/api/notices/90a61894-e3ac-4a31-9f6b-79831ea480b2?format=pdf""}, {""signal_type"": ""zuschlag_gewonnen"", ""event_date"": ""2026-08-10"", ""weight"": 6, ""recency"": 0.4, ""icp_fit_dampened"": 1.0, ""confidence"": 0.72, ""confidence_dampened"": 0.832, ""raw"": 1.997, ""source_url"": ""https://ted.europa.eu/en/notice/-/detail/553245-2026""}]}"
"ressourcenmangel","27","{""formula"": ""min(best(weight x recency x fit_d x conf_d) + stacking, cap) / cap x 100"", ""tier"": ""A"", ""icp_fit"": 1.0, ""dampening"": ""fit und confidence wirken auf [0.4 .. 1.0]"", ""signal_count"": 2, ""distinct_signal_types"": [""zuschlag_gewonnen""], ""stacking_bonus"": 0.0, ""driver"": {""signal_type"": ""zuschlag_gewonnen"", ""event_date"": ""2026-08-23"", ""weight"": 6, ""recency"": 0.6, ""icp_fit_dampened"": 1.0, ""confidence"": 0.85, ""confidence_dampened"": 0.91, ""raw"": 3.276, ""source_url"": ""https://oeffentlichevergabe.de/api/notices/01427035-85fd-4288-800d-9d82e6e9def6?format=pdf""}, ""all_signals"": [{""signal_type"": ""zuschlag_gewonnen"", ""event_date"": ""2026-08-23"", ""weight"": 6, ""recency"": 0.6, ""icp_fit_dampened"": 1.0, ""confidence"": 0.85, ""confidence_dampened"": 0.91, ""raw"": 3.276, ""source_url"": ""https://oeffentlichevergabe.de/api/notices/01427035-85fd-4288-800d-9d82e6e9def6?format=pdf""}, {""signal_type"": ""zuschlag_gewonnen"", ""event_date"": ""2026-08-24"", ""weight"": 6, ""recency"": 0.6, ""icp_fit_dampened"": 1.0, ""confidence"": 0.72, ""confidence_dampened"": 0.832, ""raw"": 2.995, ""source_url"": ""https://ted.europa.eu/en/notice/-/detail/582459-2026""}]}"
"deloitte","27","{""formula"": ""min(best(weight x recency x fit_d x conf_d) + stacking, cap) / cap x 100"", ""tier"": ""A"", ""icp_fit"": 1.0, ""dampening"": ""fit und confidence wirken auf [0.4 .. 1.0]"", ""signal_count"": 2, ""distinct_signal_types"": [""zuschlag_gewonnen""], ""stacking_bonus"": 0.0, ""driver"": {""signal_type"": ""zuschlag_gewonnen"", ""event_date"": ""2026-08-23"", ""weight"": 6, ""recency"": 0.6, ""icp_fit_dampened"": 1.0, ""confidence"": 0.85, ""confidence_dampened"": 0.91, ""raw"": 3.276, ""source_url"": ""https://oeffentlichevergabe.de/api/notices/5112a563-7dc3-4ff3-98fc-f4f3cc5d6f4b?format=pdf""}, ""all_signals"": [{""signal_type"": ""zuschlag_gewonnen"", ""event_date"": ""2026-08-23"", ""weight"": 6, ""recency"": 0.6, ""icp_fit_dampened"": 1.0, ""confidence"": 0.85, ""confidence_dampened"": 0.91, ""raw"": 3.276, ""source_url"": ""https://oeffentlichevergabe.de/api/notices/5112a563-7dc3-4ff3-98fc-f4f3cc5d6f4b?format=pdf""}, {""signal_type"": ""zuschlag_gewonnen"", ""event_date"": ""2026-08-24"", ""weight"": 6, ""recency"": 0.6, ""icp_fit_dampened"": 1.0, ""confidence"": 0.72, ""confidence_dampened"": 0.832, ""raw"": 2.995, ""source_url"": ""https://ted.europa.eu/en/notice/-/detail/582125-2026""}]}"
"bureau van dijk electronic publishing","27","{""formula"": ""min(best(weight x recency x fit_d x conf_d) + stacking, cap) / cap x 100"", ""tier"": ""A"", ""icp_fit"": 1.0, ""dampening"": ""fit und confidence wirken auf [0.4 .. 1.0]"", ""signal_count"": 2, ""distinct_signal_types"": [""zuschlag_gewonnen""], ""stacking_bonus"": 0.0, ""driver"": {""signal_type"": ""zuschlag_gewonnen"", ""event_date"": ""2026-08-23"", ""weight"": 6, ""recency"": 0.6, ""icp_fit_dampened"": 1.0, ""confidence"": 0.85, ""confidence_dampened"": 0.91, ""raw"": 3.276, ""source_url"": ""https://oeffentlichevergabe.de/api/notices/db2e78b1-182d-4ff6-8fa4-6f73ca3a3e38?format=pdf""}, ""all_signals"": [{""signal_type"": ""zuschlag_gewonnen"", ""event_date"": ""2026-08-23"", ""weight"": 6, ""recency"": 0.6, ""icp_fit_dampened"": 1.0, ""confidence"": 0.85, ""confidence_dampened"": 0.91, ""raw"": 3.276, ""source_url"": ""https://oeffentlichevergabe.de/api/notices/db2e78b1-182d-4ff6-8fa4-6f73ca3a3e38?format=pdf""}, {""signal_type"": ""zuschlag_gewonnen"", ""event_date"": ""2026-08-24"", ""weight"": 6, ""recency"": 0.6, ""icp_fit_dampened"": 1.0, ""confidence"": 0.72, ""confidence_dampened"": 0.832, ""raw"": 2.995, ""source_url"": ""https://ted.europa.eu/en/notice/-/detail/582113-2026""}]}"
"nextcloud","27","{""formula"": ""min(best(weight x recency x fit_d x conf_d) + stacking, cap) / cap x 100"", ""tier"": ""A"", ""icp_fit"": 1.0, ""dampening"": ""fit und confidence wirken auf [0.4 .. 1.0]"", ""signal_count"": 1, ""distinct_signal_types"": [""zuschlag_gewonnen""], ""stacking_bonus"": 0.0, ""driver"": {""signal_type"": ""zuschlag_gewonnen"", ""event_date"": ""2026-08-23"", ""weight"": 6, ""recency"": 0.6, ""icp_fit_dampened"": 1.0, ""confidence"": 0.85, ""confidence_dampened"": 0.91, ""raw"": 3.276, ""source_url"": ""https://oeffentlichevergabe.de/api/notices/035fe20b-6c37-4c81-9059-ab58f0408f16?format=pdf""}, ""all_signals"": [{""signal_type"": ""zuschlag_gewonnen"", ""event_date"": ""2026-08-23"", ""weight"": 6, ""recency"": 0.6, ""icp_fit_dampened"": 1.0, ""confidence"": 0.85, ""confidence_dampened"": 0.91, ""raw"": 3.276, ""source_url"": ""https://oeffentlichevergabe.de/api/notices/035fe20b-6c37-4c81-9059-ab58f0408f16?format=pdf""}]}"
"grobmeier solutions","27","{""formula"": ""min(best(weight x recency x fit_d x conf_d) + stacking, cap) / cap x 100"", ""tier"": ""B"", ""icp_fit"": 0.8, ""dampening"": ""fit und confidence wirken auf [0.4 .. 1.0]"", ""signal_count"": 2, ""distinct_signal_types"": [""teilnahme_belegt"", ""zuschlag_gewonnen""], ""stacking_bonus"": 1.6, ""driver"": {""signal_type"": ""zuschlag_gewonnen"", ""event_date"": ""2026-08-19"", ""weight"": 6, ""recency"": 0.4, ""icp_fit_dampened"": 0.88, ""confidence"": 0.62, ""confidence_dampened"": 0.772, ""raw"": 1.63, ""source_url"": ""https://ted.europa.eu/en/notice/-/detail/573395-2026""}, ""all_signals"": [{""signal_type"": ""zuschlag_gewonnen"", ""event_date"": ""2026-08-19"", ""weight"": 6, ""recency"": 0.4, ""icp_fit_dampened"": 0.88, ""confidence"": 0.62, ""confidence_dampened"": 0.772, ""raw"": 1.63, ""source_url"": ""https://ted.europa.eu/en/notice/-/detail/573395-2026""}, {""signal_type"": ""teilnahme_belegt"", ""event_date"": ""2026-08-19"", ""weight"": 5, ""recency"": 0.4, ""icp_fit_dampened"": 0.88, ""confidence"": 0.75, ""confidence_dampened"": 0.85, ""raw"": 1.496, ""source_url"": ""https://oeffentlichevergabe.de/api/notices/55c45bba-31fa-4a28-b95d-00b38153cf3c?format=pdf""}]}"
"marc philipp","27","{""formula"": ""min(best(weight x recency x fit_d x conf_d) + stacking, cap) / cap x 100"", ""tier"": ""B"", ""icp_fit"": 0.8, ""dampening"": ""fit und confidence wirken auf [0.4 .. 1.0]"", ""signal_count"": 2, ""distinct_signal_types"": [""teilnahme_belegt"", ""zuschlag_gewonnen""], ""stacking_bonus"": 1.6, ""driver"": {""signal_type"": ""zuschlag_gewonnen"", ""event_date"": ""2026-08-19"", ""weight"": 6, ""recency"": 0.4, ""icp_fit_dampened"": 0.88, ""confidence"": 0.62, ""confidence_dampened"": 0.772, ""raw"": 1.63, ""source_url"": ""https://ted.europa.eu/en/notice/-/detail/573395-2026""}, ""all_signals"": [{""signal_type"": ""zuschlag_gewonnen"", ""event_date"": ""2026-08-19"", ""weight"": 6, ""recency"": 0.4, ""icp_fit_dampened"": 0.88, ""confidence"": 0.62, ""confidence_dampened"": 0.772, ""raw"": 1.63, ""source_url"": ""https://ted.europa.eu/en/notice/-/detail/573395-2026""}, {""signal_type"": ""teilnahme_belegt"", ""event_date"": ""2026-08-19"", ""weight"": 5, ""recency"": 0.4, ""icp_fit_dampened"": 0.88, ""confidence"": 0.75, ""confidence_dampened"": 0.85, ""raw"": 1.496, ""source_url"": ""https://oeffentlichevergabe.de/api/notices/55c45bba-31fa-4a28-b95d-00b38153cf3c?format=pdf""}]}"
"bidding open elements gmbh leading","27","{""formula"": ""min(best(weight x recency x fit_d x conf_d) + stacking, cap) / cap x 100"", ""tier"": ""B"", ""icp_fit"": 0.8, ""dampening"": ""fit und confidence wirken auf [0.4 .. 1.0]"", ""signal_count"": 2, ""distinct_signal_types"": [""teilnahme_belegt"", ""zuschlag_gewonnen""], ""stacking_bonus"": 1.6, ""driver"": {""signal_type"": ""zuschlag_gewonnen"", ""event_date"": ""2026-08-19"", ""weight"": 6, ""recency"": 0.4, ""icp_fit_dampened"": 0.88, ""confidence"": 0.62, ""confidence_dampened"": 0.772, ""raw"": 1.63, ""source_url"": ""https://ted.europa.eu/en/notice/-/detail/573395-2026""}, ""all_signals"": [{""signal_type"": ""zuschlag_gewonnen"", ""event_date"": ""2026-08-19"", ""weight"": 6, ""recency"": 0.4, ""icp_fit_dampened"": 0.88, ""confidence"": 0.62, ""confidence_dampened"": 0.772, ""raw"": 1.63, ""source_url"": ""https://ted.europa.eu/en/notice/-/detail/573395-2026""}, {""signal_type"": ""teilnahme_belegt"", ""event_date"": ""2026-08-19"", ""weight"": 5, ""recency"": 0.4, ""icp_fit_dampened"": 0.88, ""confidence"": 0.75, ""confidence_dampened"": 0.85, ""raw"": 1.496, ""source_url"": ""https://oeffentlichevergabe.de/api/notices/55c45bba-31fa-4a28-b95d-00b38153cf3c?format=pdf""}]}"
"mitglied 2 der cimt services","27","{""formula"": ""min(best(weight x recency x fit_d x conf_d) + stacking, cap) / cap x 100"", ""tier"": ""B"", ""icp_fit"": 0.8, ""dampening"": ""fit und confidence wirken auf [0.4 .. 1.0]"", ""signal_count"": 2, ""distinct_signal_types"": [""teilnahme_belegt"", ""zuschlag_gewonnen""], ""stacking_bonus"": 1.6, ""driver"": {""signal_type"": ""zuschlag_gewonnen"", ""event_date"": ""2026-08-17"", ""weight"": 6, ""recency"": 0.4, ""icp_fit_dampened"": 0.88, ""confidence"": 0.62, ""confidence_dampened"": 0.772, ""raw"": 1.63, ""source_url"": ""https://ted.europa.eu/en/notice/-/detail/568973-2026""}, ""all_signals"": [{""signal_type"": ""zuschlag_gewonnen"", ""event_date"": ""2026-08-17"", ""weight"": 6, ""recency"": 0.4, ""icp_fit_dampened"": 0.88, ""confidence"": 0.62, ""confidence_dampened"": 0.772, ""raw"": 1.63, ""source_url"": ""https://ted.europa.eu/en/notice/-/detail/568973-2026""}, {""signal_type"": ""teilnahme_belegt"", ""event_date"": ""2026-08-16"", ""weight"": 5, ""recency"": 0.4, ""icp_fit_dampened"": 0.88, ""confidence"": 0.75, ""confidence_dampened"": 0.85, ""raw"": 1.496, ""source_url"": ""https://oeffentlichevergabe.de/api/notices/b1579da5-4d11-49b8-959d-3d01a109d661?format=pdf""}]}"
"mitglied 1: cimt consulting","27","{""formula"": ""min(best(weight x recency x fit_d x conf_d) + stacking, cap) / cap x 100"", ""tier"": ""B"", ""icp_fit"": 0.8, ""dampening"": ""fit und confidence wirken auf [0.4 .. 1.0]"", ""signal_count"": 2, ""distinct_signal_types"": [""teilnahme_belegt"", ""zuschlag_gewonnen""], ""stacking_bonus"": 1.6, ""driver"": {""signal_type"": ""zuschlag_gewonnen"", ""event_date"": ""2026-08-17"", ""weight"": 6, ""recency"": 0.4, ""icp_fit_dampened"": 0.88, ""confidence"": 0.62, ""confidence_dampened"": 0.772, ""raw"": 1.63, ""source_url"": ""https://ted.europa.eu/en/notice/-/detail/568973-2026""}, ""all_signals"": [{""signal_type"": ""zuschlag_gewonnen"", ""event_date"": ""2026-08-17"", ""weight"": 6, ""recency"": 0.4, ""icp_fit_dampened"": 0.88, ""confidence"": 0.62, ""confidence_dampened"": 0.772, ""raw"": 1.63, ""source_url"": ""https://ted.europa.eu/en/notice/-/detail/568973-2026""}, {""signal_type"": ""teilnahme_belegt"", ""event_date"": ""2026-08-16"", ""weight"": 5, ""recency"": 0.4, ""icp_fit_dampened"": 0.88, ""confidence"": 0.75, ""confidence_dampened"": 0.85, ""raw"": 1.496, ""source_url"": ""https://oeffentlichevergabe.de/api/notices/b1579da5-4d11-49b8-959d-3d01a109d661?format=pdf""}]}"
"cimt consulting ag und cimt services","27","{""formula"": ""min(best(weight x recency x fit_d x conf_d) + stacking, cap) / cap x 100"", ""tier"": ""B"", ""icp_fit"": 0.8, ""dampening"": ""fit und confidence wirken auf [0.4 .. 1.0]"", ""signal_count"": 2, ""distinct_signal_types"": [""teilnahme_belegt"", ""zuschlag_gewonnen""], ""stacking_bonus"": 1.6, ""driver"": {""signal_type"": ""zuschlag_gewonnen"", ""event_date"": ""2026-08-17"", ""weight"": 6, ""recency"": 0.4, ""icp_fit_dampened"": 0.88, ""confidence"": 0.62, ""confidence_dampened"": 0.772, ""raw"": 1.63, ""source_url"": ""https://ted.europa.eu/en/notice/-/detail/568973-2026""}, ""all_signals"": [{""signal_type"": ""zuschlag_gewonnen"", ""event_date"": ""2026-08-17"", ""weight"": 6, ""recency"": 0.4, ""icp_fit_dampened"": 0.88, ""confidence"": 0.62, ""confidence_dampened"": 0.772, ""raw"": 1.63, ""source_url"": ""https://ted.europa.eu/en/notice/-/detail/568973-2026""}, {""signal_type"": ""teilnahme_belegt"", ""event_date"": ""2026-08-16"", ""weight"": 5, ""recency"": 0.4, ""icp_fit_dampened"": 0.88, ""confidence"": 0.75, ""confidence_dampened"": 0.85, ""raw"": 1.496, ""source_url"": ""https://oeffentlichevergabe.de/api/notices/b1579da5-4d11-49b8-959d-3d01a109d661?format=pdf""}]}"
"instikom","26","{""formula"": ""min(best(weight x recency x fit_d x conf_d) + stacking, cap) / cap x 100"", ""tier"": ""B"", ""icp_fit"": 0.8, ""dampening"": ""fit und confidence wirken auf [0.4 .. 1.0]"", ""signal_count"": 2, ""distinct_signal_types"": [""zuschlag_gewonnen""], ""stacking_bonus"": 0.0, ""driver"": {""signal_type"": ""zuschlag_gewonnen"", ""event_date"": ""2026-08-26"", ""weight"": 6, ""recency"": 0.6, ""icp_fit_dampened"": 0.88, ""confidence"": 1.0, ""confidence_dampened"": 1.0, ""raw"": 3.168, ""source_url"": ""https://oeffentlichevergabe.de/api/notices/bcd2f9e4-01cb-4453-99d1-75e81a0dde3c?format=pdf""}, ""all_signals"": [{""signal_type"": ""zuschlag_gewonnen"", ""event_date"": ""2026-08-26"", ""weight"": 6, ""recency"": 0.6, ""icp_fit_dampened"": 0.88, ""confidence"": 1.0, ""confidence_dampened"": 1.0, ""raw"": 3.168, ""source_url"": ""https://oeffentlichevergabe.de/api/notices/bcd2f9e4-01cb-4453-99d1-75e81a0dde3c?format=pdf""}, {""signal_type"": ""zuschlag_gewonnen"", ""event_date"": ""2026-09-03"", ""weight"": 6, ""recency"": 0.6, ""icp_fit_dampened"": 0.88, ""confidence"": 0.72, ""confidence_dampened"": 0.832, ""raw"": 2.636, ""source_url"": ""https://ted.europa.eu/en/notice/-/detail/608011-2026""}]}"
"quantum coorporation","26","{""formula"": ""min(best(weight x recency x fit_d x conf_d) + stacking, cap) / cap x 100"", ""tier"": ""B"", ""icp_fit"": 0.8, ""dampening"": ""fit und confidence wirken auf [0.4 .. 1.0]"", ""signal_count"": 2, ""distinct_signal_types"": [""zuschlag_gewonnen""], ""stacking_bonus"": 0.0, ""driver"": {""signal_type"": ""zuschlag_gewonnen"", ""event_date"": ""2026-08-25"", ""weight"": 6, ""recency"": 0.6, ""icp_fit_dampened"": 0.88, ""confidence"": 1.0, ""confidence_dampened"": 1.0, ""raw"": 3.168, ""source_url"": ""https://oeffentlichevergabe.de/api/notices/8dc7e939-ab3f-4f07-a40d-8ae85bac29e5?format=pdf""}, ""all_signals"": [{""signal_type"": ""zuschlag_gewonnen"", ""event_date"": ""2026-08-25"", ""weight"": 6, ""recency"": 0.6, ""icp_fit_dampened"": 0.88, ""confidence"": 1.0, ""confidence_dampened"": 1.0, ""raw"": 3.168, ""source_url"": ""https://oeffentlichevergabe.de/api/notices/8dc7e939-ab3f-4f07-a40d-8ae85bac29e5?format=pdf""}, {""signal_type"": ""zuschlag_gewonnen"", ""event_date"": ""2026-09-03"", ""weight"": 6, ""recency"": 0.6, ""icp_fit_dampened"": 0.88, ""confidence"": 0.72, ""confidence_dampened"": 0.832, ""raw"": 2.636, ""source_url"": ""https://ted.europa.eu/en/notice/-/detail/607284-2026""}]}"
"heinekingmedia","26","{""formula"": ""min(best(weight x recency x fit_d x conf_d) + stacking, cap) / cap x 100"", ""tier"": ""B"", ""icp_fit"": 0.8, ""dampening"": ""fit und confidence wirken auf [0.4 .. 1.0]"", ""signal_count"": 2, ""distinct_signal_types"": [""zuschlag_gewonnen""], ""stacking_bonus"": 0.0, ""driver"": {""signal_type"": ""zuschlag_gewonnen"", ""event_date"": ""2026-08-31"", ""weight"": 6, ""recency"": 0.6, ""icp_fit_dampened"": 0.88, ""confidence"": 1.0, ""confidence_dampened"": 1.0, ""raw"": 3.168, ""source_url"": ""https://oeffentlichevergabe.de/api/notices/22683dcc-7108-46c5-a773-cc1396f89a6b?format=pdf""}, ""all_signals"": [{""signal_type"": ""zuschlag_gewonnen"", ""event_date"": ""2026-08-31"", ""weight"": 6, ""recency"": 0.6, ""icp_fit_dampened"": 0.88, ""confidence"": 1.0, ""confidence_dampened"": 1.0, ""raw"": 3.168, ""source_url"": ""https://oeffentlichevergabe.de/api/notices/22683dcc-7108-46c5-a773-cc1396f89a6b?format=pdf""}, {""signal_type"": ""zuschlag_gewonnen"", ""event_date"": ""2026-09-02"", ""weight"": 6, ""recency"": 0.6, ""icp_fit_dampened"": 0.88, ""confidence"": 0.72, ""confidence_dampened"": 0.832, ""raw"": 2.636, ""source_url"": ""https://ted.europa.eu/en/notice/-/detail/603997-2026""}]}"
"media markt bamberg tv-hifi-elektro","26","{""formula"": ""min(best(weight x recency x fit_d x conf_d) + stacking, cap) / cap x 100"", ""tier"": ""B"", ""icp_fit"": 0.8, ""dampening"": ""fit und confidence wirken auf [0.4 .. 1.0]"", ""signal_count"": 4, ""distinct_signal_types"": [""zuschlag_gewonnen""], ""stacking_bonus"": 0.0, ""driver"": {""signal_type"": ""zuschlag_gewonnen"", ""event_date"": ""2026-08-31"", ""weight"": 6, ""recency"": 0.6, ""icp_fit_dampened"": 0.88, ""confidence"": 1.0, ""confidence_dampened"": 1.0, ""raw"": 3.168, ""source_url"": ""https://oeffentlichevergabe.de/api/notices/6bf29cbb-a609-495f-b6aa-a8850aebd285?format=pdf""}, ""all_signals"": [{""signal_type"": ""zuschlag_gewonnen"", ""event_date"": ""2026-08-31"", ""weight"": 6, ""recency"": 0.6, ""icp_fit_dampened"": 0.88, ""confidence"": 1.0, ""confidence_dampened"": 1.0, ""raw"": 3.168, ""source_url"": ""https://oeffentlichevergabe.de/api/notices/6bf29cbb-a609-495f-b6aa-a8850aebd285?format=pdf""}, {""signal_type"": ""zuschlag_gewonnen"", ""event_date"": ""2026-08-31"", ""weight"": 6, ""recency"": 0.6, ""icp_fit_dampened"": 0.88, ""confidence"": 1.0, ""confidence_dampened"": 1.0, ""raw"": 3.168, ""source_url"": ""https://oeffentlichevergabe.de/api/notices/6bf29cbb-a609-495f-b6aa-a8850aebd285?format=pdf""}, {""signal_type"": ""zuschlag_gewonnen"", ""event_date"": ""2026-08-31"", ""weight"": 6, ""recency"": 0.6, ""icp_fit_dampened"": 0.88, ""confidence"": 1.0, ""confidence_dampened"": 1.0, ""raw"": 3.168, ""source_url"": ""https://oeffentlichevergabe.de/api/notices/6bf29cbb-a609-495f-b6aa-a8850aebd285?format=pdf""}, {""signal_type"": ""zuschlag_gewonnen"", ""event_date"": ""2026-09-02"", ""weight"": 6, ""recency"": 0.6, ""icp_fit_dampened"": 0.88, ""confidence"": 0.72, ""confidence_dampened"": 0.832, ""raw"": 2.636, ""source_url"": ""https://ted.europa.eu/en/notice/-/detail/603095-2026""}]}"
"soft und cloud","26","{""formula"": ""min(best(weight x recency x fit_d x conf_d) + stacking, cap) / cap x 100"", ""tier"": ""B"", ""icp_fit"": 0.8, ""dampening"": ""fit und confidence wirken auf [0.4 .. 1.0]"", ""signal_count"": 2, ""distinct_signal_types"": [""zuschlag_gewonnen""], ""stacking_bonus"": 0.0, ""driver"": {""signal_type"": ""zuschlag_gewonnen"", ""event_date"": ""2026-08-31"", ""weight"": 6, ""recency"": 0.6, ""icp_fit_dampened"": 0.88, ""confidence"": 1.0, ""confidence_dampened"": 1.0, ""raw"": 3.168, ""source_url"": ""https://oeffentlichevergabe.de/api/notices/f56f6f8a-254a-45c5-9906-b65a7a448ec1?format=pdf""}, ""all_signals"": [{""signal_type"": ""zuschlag_gewonnen"", ""event_date"": ""2026-08-31"", ""weight"": 6, ""recency"": 0.6, ""icp_fit_dampened"": 0.88, ""confidence"": 1.0, ""confidence_dampened"": 1.0, ""raw"": 3.168, ""source_url"": ""https://oeffentlichevergabe.de/api/notices/f56f6f8a-254a-45c5-9906-b65a7a448ec1?format=pdf""}, {""signal_type"": ""zuschlag_gewonnen"", ""event_date"": ""2026-09-01"", ""weight"": 6, ""recency"": 0.6, ""icp_fit_dampened"": 0.88, ""confidence"": 0.72, ""confidence_dampened"": 0.832, ""raw"": 2.636, ""source_url"": ""https://ted.europa.eu/en/notice/-/detail/601871-2026""}]}"
"zucchetti germany","25","{""formula"": ""min(best(weight x recency x fit_d x conf_d) + stacking, cap) / cap x 100"", ""tier"": ""C"", ""icp_fit"": 0.6, ""dampening"": ""fit und confidence wirken auf [0.4 .. 1.0]"", ""signal_count"": 1, ""distinct_signal_types"": [""zuschlag_gewonnen""], ""stacking_bonus"": 0.0, ""driver"": {""signal_type"": ""zuschlag_gewonnen"", ""event_date"": ""2026-09-17"", ""weight"": 6, ""recency"": 0.8, ""icp_fit_dampened"": 0.76, ""confidence"": 0.72, ""confidence_dampened"": 0.832, ""raw"": 3.035, ""source_url"": ""https://ted.europa.eu/en/notice/-/detail/641623-2026""}, ""all_signals"": [{""signal_type"": ""zuschlag_gewonnen"", ""event_date"": ""2026-09-17"", ""weight"": 6, ""recency"": 0.8, ""icp_fit_dampened"": 0.76, ""confidence"": 0.72, ""confidence_dampened"": 0.832, ""raw"": 3.035, ""source_url"": ""https://ted.europa.eu/en/notice/-/detail/641623-2026""}]}"
"spconsulting inhaber: martin spaeth","25","{""formula"": ""min(best(weight x recency x fit_d x conf_d) + stacking, cap) / cap x 100"", ""tier"": ""C"", ""icp_fit"": 0.6, ""dampening"": ""fit und confidence wirken auf [0.4 .. 1.0]"", ""signal_count"": 1, ""distinct_signal_types"": [""zuschlag_gewonnen""], ""stacking_bonus"": 0.0, ""driver"": {""signal_type"": ""zuschlag_gewonnen"", ""event_date"": ""2026-09-17"", ""weight"": 6, ""recency"": 0.8, ""icp_fit_dampened"": 0.76, ""confidence"": 0.72, ""confidence_dampened"": 0.832, ""raw"": 3.035, ""source_url"": ""https://ted.europa.eu/en/notice/-/detail/639464-2026""}, ""all_signals"": [{""signal_type"": ""zuschlag_gewonnen"", ""event_date"": ""2026-09-17"", ""weight"": 6, ""recency"": 0.8, ""icp_fit_dampened"": 0.76, ""confidence"": 0.72, ""confidence_dampened"": 0.832, ""raw"": 3.035, ""source_url"": ""https://ted.europa.eu/en/notice/-/detail/639464-2026""}]}"
"stefan ebert","25","{""formula"": ""min(best(weight x recency x fit_d x conf_d) + stacking, cap) / cap x 100"", ""tier"": ""C"", ""icp_fit"": 0.6, ""dampening"": ""fit und confidence wirken auf [0.4 .. 1.0]"", ""signal_count"": 1, ""distinct_signal_types"": [""zuschlag_gewonnen""], ""stacking_bonus"": 0.0, ""driver"": {""signal_type"": ""zuschlag_gewonnen"", ""event_date"": ""2026-09-17"", ""weight"": 6, ""recency"": 0.8, ""icp_fit_dampened"": 0.76, ""confidence"": 0.72, ""confidence_dampened"": 0.832, ""raw"": 3.035, ""source_url"": ""https://ted.europa.eu/en/notice/-/detail/639464-2026""}, ""all_signals"": [{""signal_type"": ""zuschlag_gewonnen"", ""event_date"": ""2026-09-17"", ""weight"": 6, ""recency"": 0.8, ""icp_fit_dampened"": 0.76, ""confidence"": 0.72, ""confidence_dampened"": 0.832, ""raw"": 3.035, ""source_url"": ""https://ted.europa.eu/en/notice/-/detail/639464-2026""}]}"
"rixner brochier gebaeudetechnik","25","{""formula"": ""min(best(weight x recency x fit_d x conf_d) + stacking, cap) / cap x 100"", ""tier"": ""C"", ""icp_fit"": 0.6, ""dampening"": ""fit und confidence wirken auf [0.4 .. 1.0]"", ""signal_count"": 1, ""distinct_signal_types"": [""zuschlag_gewonnen""], ""stacking_bonus"": 0.0, ""driver"": {""signal_type"": ""zuschlag_gewonnen"", ""event_date"": ""2026-09-16"", ""weight"": 6, ""recency"": 0.8, ""icp_fit_dampened"": 0.76, ""confidence"": 0.72, ""confidence_dampened"": 0.832, ""raw"": 3.035, ""source_url"": ""https://ted.europa.eu/en/notice/-/detail/638995-2026""}, ""all_signals"": [{""signal_type"": ""zuschlag_gewonnen"", ""event_date"": ""2026-09-16"", ""weight"": 6, ""recency"": 0.8, ""icp_fit_dampened"": 0.76, ""confidence"": 0.72, ""confidence_dampened"": 0.832, ""raw"": 3.035, ""source_url"": ""https://ted.europa.eu/en/notice/-/detail/638995-2026""}]}"
"gahrens + battermann","25","{""formula"": ""min(best(weight x recency x fit_d x conf_d) + stacking, cap) / cap x 100"", ""tier"": ""C"", ""icp_fit"": 0.6, ""dampening"": ""fit und confidence wirken auf [0.4 .. 1.0]"", ""signal_count"": 1, ""distinct_signal_types"": [""zuschlag_gewonnen""], ""stacking_bonus"": 0.0, ""driver"": {""signal_type"": ""zuschlag_gewonnen"", ""event_date"": ""2026-09-16"", ""weight"": 6, ""recency"": 0.8, ""icp_fit_dampened"": 0.76, ""confidence"": 0.72, ""confidence_dampened"": 0.832, ""raw"": 3.035, ""source_url"": ""https://ted.europa.eu/en/notice/-/detail/636555-2026""}, ""all_signals"": [{""signal_type"": ""zuschlag_gewonnen"", ""event_date"": ""2026-09-16"", ""weight"": 6, ""recency"": 0.8, ""icp_fit_dampened"": 0.76, ""confidence"": 0.72, ""confidence_dampened"": 0.832, ""raw"": 3.035, ""source_url"": ""https://ted.europa.eu/en/notice/-/detail/636555-2026""}]}"
"tescan","25","{""formula"": ""min(best(weight x recency x fit_d x conf_d) + stacking, cap) / cap x 100"", ""tier"": ""C"", ""icp_fit"": 0.6, ""dampening"": ""fit und confidence wirken auf [0.4 .. 1.0]"", ""signal_count"": 1, ""distinct_signal_types"": [""zuschlag_gewonnen""], ""stacking_bonus"": 0.0, ""driver"": {""signal_type"": ""zuschlag_gewonnen"", ""event_date"": ""2026-09-14"", ""weight"": 6, ""recency"": 0.8, ""icp_fit_dampened"": 0.76, ""confidence"": 0.72, ""confidence_dampened"": 0.832, ""raw"": 3.035, ""source_url"": ""https://ted.europa.eu/en/notice/-/detail/632790-2026""}, ""all_signals"": [{""signal_type"": ""zuschlag_gewonnen"", ""event_date"": ""2026-09-14"", ""weight"": 6, ""recency"": 0.8, ""icp_fit_dampened"": 0.76, ""confidence"": 0.72, ""confidence_dampened"": 0.832, ""raw"": 3.035, ""source_url"": ""https://ted.europa.eu/en/notice/-/detail/632790-2026""}]}"
"deltron elektronic","25","{""formula"": ""min(best(weight x recency x fit_d x conf_d) + stacking, cap) / cap x 100"", ""tier"": ""C"", ""icp_fit"": 0.6, ""dampening"": ""fit und confidence wirken auf [0.4 .. 1.0]"", ""signal_count"": 1, ""distinct_signal_types"": [""zuschlag_gewonnen""], ""stacking_bonus"": 0.0, ""driver"": {""signal_type"": ""zuschlag_gewonnen"", ""event_date"": ""2026-09-14"", ""weight"": 6, ""recency"": 0.8, ""icp_fit_dampened"": 0.76, ""confidence"": 0.72, ""confidence_dampened"": 0.832, ""raw"": 3.035, ""source_url"": ""https://ted.europa.eu/en/notice/-/detail/630896-2026""}, ""all_signals"": [{""signal_type"": ""zuschlag_gewonnen"", ""event_date"": ""2026-09-14"", ""weight"": 6, ""recency"": 0.8, ""icp_fit_dampened"": 0.76, ""confidence"": 0.72, ""confidence_dampened"": 0.832, ""raw"": 3.035, ""source_url"": ""https://ted.europa.eu/en/notice/-/detail/630896-2026""}]}"
"up umweltanalytische produkte","25","{""formula"": ""min(best(weight x recency x fit_d x conf_d) + stacking, cap) / cap x 100"", ""tier"": ""C"", ""icp_fit"": 0.6, ""dampening"": ""fit und confidence wirken auf [0.4 .. 1.0]"", ""signal_count"": 1, ""distinct_signal_types"": [""zuschlag_gewonnen""], ""stacking_bonus"": 0.0, ""driver"": {""signal_type"": ""zuschlag_gewonnen"", ""event_date"": ""2026-09-11"", ""weight"": 6, ""recency"": 0.8, ""icp_fit_dampened"": 0.76, ""confidence"": 0.72, ""confidence_dampened"": 0.832, ""raw"": 3.035, ""source_url"": ""https://ted.europa.eu/en/notice/-/detail/626702-2026""}, ""all_signals"": [{""signal_type"": ""zuschlag_gewonnen"", ""event_date"": ""2026-09-11"", ""weight"": 6, ""recency"": 0.8, ""icp_fit_dampened"": 0.76, ""confidence"": 0.72, ""confidence_dampened"": 0.832, ""raw"": 3.035, ""source_url"": ""https://ted.europa.eu/en/notice/-/detail/626702-2026""}]}"
"umwelt-geraete-technik","25","{""formula"": ""min(best(weight x recency x fit_d x conf_d) + stacking, cap) / cap x 100"", ""tier"": ""C"", ""icp_fit"": 0.6, ""dampening"": ""fit und confidence wirken auf [0.4 .. 1.0]"", ""signal_count"": 1, ""distinct_signal_types"": [""zuschlag_gewonnen""], ""stacking_bonus"": 0.0, ""driver"": {""signal_type"": ""zuschlag_gewonnen"", ""event_date"": ""2026-09-11"", ""weight"": 6, ""recency"": 0.8, ""icp_fit_dampened"": 0.76, ""confidence"": 0.72, ""confidence_dampened"": 0.832, ""raw"": 3.035, ""source_url"": ""https://ted.europa.eu/en/notice/-/detail/626702-2026""}, ""all_signals"": [{""signal_type"": ""zuschlag_gewonnen"", ""event_date"": ""2026-09-11"", ""weight"": 6, ""recency"": 0.8, ""icp_fit_dampened"": 0.76, ""confidence"": 0.72, ""confidence_dampened"": 0.832, ""raw"": 3.035, ""source_url"": ""https://ted.europa.eu/en/notice/-/detail/626702-2026""}]}"
"meter group","25","{""formula"": ""min(best(weight x recency x fit_d x conf_d) + stacking, cap) / cap x 100"", ""tier"": ""C"", ""icp_fit"": 0.6, ""dampening"": ""fit und confidence wirken auf [0.4 .. 1.0]"", ""signal_count"": 1, ""distinct_signal_types"": [""zuschlag_gewonnen""], ""stacking_bonus"": 0.0, ""driver"": {""signal_type"": ""zuschlag_gewonnen"", ""event_date"": ""2026-09-11"", ""weight"": 6, ""recency"": 0.8, ""icp_fit_dampened"": 0.76, ""confidence"": 0.72, ""confidence_dampened"": 0.832, ""raw"": 3.035, ""source_url"": ""https://ted.europa.eu/en/notice/-/detail/626702-2026""}, ""all_signals"": [{""signal_type"": ""zuschlag_gewonnen"", ""event_date"": ""2026-09-11"", ""weight"": 6, ""recency"": 0.8, ""icp_fit_dampened"": 0.76, ""confidence"": 0.72, ""confidence_dampened"": 0.832, ""raw"": 3.035, ""source_url"": ""https://ted.europa.eu/en/notice/-/detail/626702-2026""}]}"
"agrometius","25","{""formula"": ""min(best(weight x recency x fit_d x conf_d) + stacking, cap) / cap x 100"", ""tier"": ""C"", ""icp_fit"": 0.6, ""dampening"": ""fit und confidence wirken auf [0.4 .. 1.0]"", ""signal_count"": 1, ""distinct_signal_types"": [""zuschlag_gewonnen""], ""stacking_bonus"": 0.0, ""driver"": {""signal_type"": ""zuschlag_gewonnen"", ""event_date"": ""2026-09-11"", ""weight"": 6, ""recency"": 0.8, ""icp_fit_dampened"": 0.76, ""confidence"": 0.72, ""confidence_dampened"": 0.832, ""raw"": 3.035, ""source_url"": ""https://ted.europa.eu/en/notice/-/detail/626702-2026""}, ""all_signals"": [{""signal_type"": ""zuschlag_gewonnen"", ""event_date"": ""2026-09-11"", ""weight"": 6, ""recency"": 0.8, ""icp_fit_dampened"": 0.76, ""confidence"": 0.72, ""confidence_dampened"": 0.832, ""raw"": 3.035, ""source_url"": ""https://ted.europa.eu/en/notice/-/detail/626702-2026""}]}"
"avdata","25","{""formula"": ""min(best(weight x recency x fit_d x conf_d) + stacking, cap) / cap x 100"", ""tier"": ""C"", ""icp_fit"": 0.6, ""dampening"": ""fit und confidence wirken auf [0.4 .. 1.0]"", ""signal_count"": 1, ""distinct_signal_types"": [""zuschlag_gewonnen""], ""stacking_bonus"": 0.0, ""driver"": {""signal_type"": ""zuschlag_gewonnen"", ""event_date"": ""2026-09-10"", ""weight"": 6, ""recency"": 0.8, ""icp_fit_dampened"": 0.76, ""confidence"": 0.72, ""confidence_dampened"": 0.832, ""raw"": 3.035, ""source_url"": ""https://ted.europa.eu/en/notice/-/detail/624862-2026""}, ""all_signals"": [{""signal_type"": ""zuschlag_gewonnen"", ""event_date"": ""2026-09-10"", ""weight"": 6, ""recency"": 0.8, ""icp_fit_dampened"": 0.76, ""confidence"": 0.72, ""confidence_dampened"": 0.832, ""raw"": 3.035, ""source_url"": ""https://ted.europa.eu/en/notice/-/detail/624862-2026""}]}"
"giga gesellschaft fuer industrie-und gebaeudeautomation","25","{""formula"": ""min(best(weight x recency x fit_d x conf_d) + stacking, cap) / cap x 100"", ""tier"": ""C"", ""icp_fit"": 0.6, ""dampening"": ""fit und confidence wirken auf [0.4 .. 1.0]"", ""signal_count"": 1, ""distinct_signal_types"": [""zuschlag_gewonnen""], ""stacking_bonus"": 0.0, ""driver"": {""signal_type"": ""zuschlag_gewonnen"", ""event_date"": ""2026-09-10"", ""weight"": 6, ""recency"": 0.8, ""icp_fit_dampened"": 0.76, ""confidence"": 0.72, ""confidence_dampened"": 0.832, ""raw"": 3.035, ""source_url"": ""https://ted.europa.eu/en/notice/-/detail/624312-2026""}, ""all_signals"": [{""signal_type"": ""zuschlag_gewonnen"", ""event_date"": ""2026-09-10"", ""weight"": 6, ""recency"": 0.8, ""icp_fit_dampened"": 0.76, ""confidence"": 0.72, ""confidence_dampened"": 0.832, ""raw"": 3.035, ""source_url"": ""https://ted.europa.eu/en/notice/-/detail/624312-2026""}]}"
"securitas sicherheitsdienste","25","{""formula"": ""min(best(weight x recency x fit_d x conf_d) + stacking, cap) / cap x 100"", ""tier"": ""C"", ""icp_fit"": 0.6, ""dampening"": ""fit und confidence wirken auf [0.4 .. 1.0]"", ""signal_count"": 1, ""distinct_signal_types"": [""zuschlag_gewonnen""], ""stacking_bonus"": 0.0, ""driver"": {""signal_type"": ""zuschlag_gewonnen"", ""event_date"": ""2026-09-09"", ""weight"": 6, ""recency"": 0.8, ""icp_fit_dampened"": 0.76, ""confidence"": 0.72, ""confidence_dampened"": 0.832, ""raw"": 3.035, ""source_url"": ""https://ted.europa.eu/en/notice/-/detail/619317-2026""}, ""all_signals"": [{""signal_type"": ""zuschlag_gewonnen"", ""event_date"": ""2026-09-09"", ""weight"": 6, ""recency"": 0.8, ""icp_fit_dampened"": 0.76, ""confidence"": 0.72, ""confidence_dampened"": 0.832, ""raw"": 3.035, ""source_url"": ""https://ted.europa.eu/en/notice/-/detail/619317-2026""}]}"
"pke deutschland gmbh nl muenchen","25","{""formula"": ""min(best(weight x recency x fit_d x conf_d) + stacking, cap) / cap x 100"", ""tier"": ""C"", ""icp_fit"": 0.6, ""dampening"": ""fit und confidence wirken auf [0.4 .. 1.0]"", ""signal_count"": 1, ""distinct_signal_types"": [""zuschlag_gewonnen""], ""stacking_bonus"": 0.0, ""driver"": {""signal_type"": ""zuschlag_gewonnen"", ""event_date"": ""2026-09-07"", ""weight"": 6, ""recency"": 0.8, ""icp_fit_dampened"": 0.76, ""confidence"": 0.72, ""confidence_dampened"": 0.832, ""raw"": 3.035, ""source_url"": ""https://ted.europa.eu/en/notice/-/detail/613936-2026""}, ""all_signals"": [{""signal_type"": ""zuschlag_gewonnen"", ""event_date"": ""2026-09-07"", ""weight"": 6, ""recency"": 0.8, ""icp_fit_dampened"": 0.76, ""confidence"": 0.72, ""confidence_dampened"": 0.832, ""raw"": 3.035, ""source_url"": ""https://ted.europa.eu/en/notice/-/detail/613936-2026""}]}"
"neu-medianet","25","{""formula"": ""min(best(weight x recency x fit_d x conf_d) + stacking, cap) / cap x 100"", ""tier"": ""C"", ""icp_fit"": 0.6, ""dampening"": ""fit und confidence wirken auf [0.4 .. 1.0]"", ""signal_count"": 1, ""distinct_signal_types"": [""zuschlag_gewonnen""], ""stacking_bonus"": 0.0, ""driver"": {""signal_type"": ""zuschlag_gewonnen"", ""event_date"": ""2026-09-07"", ""weight"": 6, ""recency"": 0.8, ""icp_fit_dampened"": 0.76, ""confidence"": 0.72, ""confidence_dampened"": 0.832, ""raw"": 3.035, ""source_url"": ""https://ted.europa.eu/en/notice/-/detail/613602-2026""}, ""all_signals"": [{""signal_type"": ""zuschlag_gewonnen"", ""event_date"": ""2026-09-07"", ""weight"": 6, ""recency"": 0.8, ""icp_fit_dampened"": 0.76, ""confidence"": 0.72, ""confidence_dampened"": 0.832, ""raw"": 3.035, ""source_url"": ""https://ted.europa.eu/en/notice/-/detail/613602-2026""}]}"
"forestarius","24","{""formula"": ""min(best(weight x recency x fit_d x conf_d) + stacking, cap) / cap x 100"", ""tier"": ""B"", ""icp_fit"": 0.8, ""dampening"": ""fit und confidence wirken auf [0.4 .. 1.0]"", ""signal_count"": 2, ""distinct_signal_types"": [""zuschlag_gewonnen""], ""stacking_bonus"": 0.0, ""driver"": {""signal_type"": ""zuschlag_gewonnen"", ""event_date"": ""2026-09-04"", ""weight"": 6, ""recency"": 0.6, ""icp_fit_dampened"": 0.88, ""confidence"": 0.85, ""confidence_dampened"": 0.91, ""raw"": 2.883, ""source_url"": ""https://oeffentlichevergabe.de/api/notices/a64770b9-048d-42ee-9955-04ed2eab647d?format=pdf""}, ""all_signals"": [{""signal_type"": ""zuschlag_gewonnen"", ""event_date"": ""2026-09-04"", ""weight"": 6, ""recency"": 0.6, ""icp_fit_dampened"": 0.88, ""confidence"": 0.85, ""confidence_dampened"": 0.91, ""raw"": 2.883, ""source_url"": ""https://oeffentlichevergabe.de/api/notices/a64770b9-048d-42ee-9955-04ed2eab647d?format=pdf""}, {""signal_type"": ""zuschlag_gewonnen"", ""event_date"": ""2026-09-04"", ""weight"": 6, ""recency"": 0.6, ""icp_fit_dampened"": 0.88, ""confidence"": 0.72, ""confidence_dampened"": 0.832, ""raw"": 2.636, ""source_url"": ""https://ted.europa.eu/en/notice/-/detail/612043-2026""}]}"
"openai llc","24","{""formula"": ""min(best(weight x recency x fit_d x conf_d) + stacking, cap) / cap x 100"", ""tier"": ""B"", ""icp_fit"": 0.8, ""dampening"": ""fit und confidence wirken auf [0.4 .. 1.0]"", ""signal_count"": 2, ""distinct_signal_types"": [""zuschlag_gewonnen""], ""stacking_bonus"": 0.0, ""driver"": {""signal_type"": ""zuschlag_gewonnen"", ""event_date"": ""2026-09-04"", ""weight"": 6, ""recency"": 0.6, ""icp_fit_dampened"": 0.88, ""confidence"": 0.85, ""confidence_dampened"": 0.91, ""raw"": 2.883, ""source_url"": ""https://oeffentlichevergabe.de/api/notices/9b341062-97cf-496b-a51a-a0bd8b800345?format=pdf""}, ""all_signals"": [{""signal_type"": ""zuschlag_gewonnen"", ""event_date"": ""2026-09-04"", ""weight"": 6, ""recency"": 0.6, ""icp_fit_dampened"": 0.88, ""confidence"": 0.85, ""confidence_dampened"": 0.91, ""raw"": 2.883, ""source_url"": ""https://oeffentlichevergabe.de/api/notices/9b341062-97cf-496b-a51a-a0bd8b800345?format=pdf""}, {""signal_type"": ""zuschlag_gewonnen"", ""event_date"": ""2026-09-04"", ""weight"": 6, ""recency"": 0.6, ""icp_fit_dampened"": 0.88, ""confidence"": 0.72, ""confidence_dampened"": 0.832, ""raw"": 2.636, ""source_url"": ""https://ted.europa.eu/en/notice/-/detail/611841-2026""}]}"
"camptocamp germany","24","{""formula"": ""min(best(weight x recency x fit_d x conf_d) + stacking, cap) / cap x 100"", ""tier"": ""B"", ""icp_fit"": 0.8, ""dampening"": ""fit und confidence wirken auf [0.4 .. 1.0]"", ""signal_count"": 2, ""distinct_signal_types"": [""zuschlag_gewonnen""], ""stacking_bonus"": 0.0, ""driver"": {""signal_type"": ""zuschlag_gewonnen"", ""event_date"": ""2026-09-04"", ""weight"": 6, ""recency"": 0.6, ""icp_fit_dampened"": 0.88, ""confidence"": 0.85, ""confidence_dampened"": 0.91, ""raw"": 2.883, ""source_url"": ""https://oeffentlichevergabe.de/api/notices/de6dcd5c-3381-42ed-afd6-4bc576fe2ca7?format=pdf""}, ""all_signals"": [{""signal_type"": ""zuschlag_gewonnen"", ""event_date"": ""2026-09-04"", ""weight"": 6, ""recency"": 0.6, ""icp_fit_dampened"": 0.88, ""confidence"": 0.85, ""confidence_dampened"": 0.91, ""raw"": 2.883, ""source_url"": ""https://oeffentlichevergabe.de/api/notices/de6dcd5c-3381-42ed-afd6-4bc576fe2ca7?format=pdf""}, {""signal_type"": ""zuschlag_gewonnen"", ""event_date"": ""2026-09-04"", ""weight"": 6, ""recency"": 0.6, ""icp_fit_dampened"": 0.88, ""confidence"": 0.72, ""confidence_dampened"": 0.832, ""raw"": 2.636, ""source_url"": ""https://ted.europa.eu/en/notice/-/detail/611433-2026""}]}"
"gecko","24","{""formula"": ""min(best(weight x recency x fit_d x conf_d) + stacking, cap) / cap x 100"", ""tier"": ""B"", ""icp_fit"": 0.8, ""dampening"": ""fit und confidence wirken auf [0.4 .. 1.0]"", ""signal_count"": 2, ""distinct_signal_types"": [""zuschlag_gewonnen""], ""stacking_bonus"": 0.0, ""driver"": {""signal_type"": ""zuschlag_gewonnen"", ""event_date"": ""2026-09-04"", ""weight"": 6, ""recency"": 0.6, ""icp_fit_dampened"": 0.88, ""confidence"": 0.85, ""confidence_dampened"": 0.91, ""raw"": 2.883, ""source_url"": ""https://oeffentlichevergabe.de/api/notices/37ea6a03-5352-4a16-ad25-6f4b6ad2b9ef?format=pdf""}, ""all_signals"": [{""signal_type"": ""zuschlag_gewonnen"", ""event_date"": ""2026-09-04"", ""weight"": 6, ""recency"": 0.6, ""icp_fit_dampened"": 0.88, ""confidence"": 0.85, ""confidence_dampened"": 0.91, ""raw"": 2.883, ""source_url"": ""https://oeffentlichevergabe.de/api/notices/37ea6a03-5352-4a16-ad25-6f4b6ad2b9ef?format=pdf""}, {""signal_type"": ""zuschlag_gewonnen"", ""event_date"": ""2026-09-04"", ""weight"": 6, ""recency"": 0.6, ""icp_fit_dampened"": 0.88, ""confidence"": 0.72, ""confidence_dampened"": 0.832, ""raw"": 2.636, ""source_url"": ""https://ted.europa.eu/en/notice/-/detail/611051-2026""}]}"
"dedalus labor","24","{""formula"": ""min(best(weight x recency x fit_d x conf_d) + stacking, cap) / cap x 100"", ""tier"": ""B"", ""icp_fit"": 0.8, ""dampening"": ""fit und confidence wirken auf [0.4 .. 1.0]"", ""signal_count"": 2, ""distinct_signal_types"": [""zuschlag_gewonnen""], ""stacking_bonus"": 0.0, ""driver"": {""signal_type"": ""zuschlag_gewonnen"", ""event_date"": ""2026-09-04"", ""weight"": 6, ""recency"": 0.6, ""icp_fit_dampened"": 0.88, ""confidence"": 0.85, ""confidence_dampened"": 0.91, ""raw"": 2.883, ""source_url"": ""https://oeffentlichevergabe.de/api/notices/2ff64cbe-63cf-49dc-b8a9-fe04fae5f212?format=pdf""}, ""all_signals"": [{""signal_type"": ""zuschlag_gewonnen"", ""event_date"": ""2026-09-04"", ""weight"": 6, ""recency"": 0.6, ""icp_fit_dampened"": 0.88, ""confidence"": 0.85, ""confidence_dampened"": 0.91, ""raw"": 2.883, ""source_url"": ""https://oeffentlichevergabe.de/api/notices/2ff64cbe-63cf-49dc-b8a9-fe04fae5f212?format=pdf""}, {""signal_type"": ""zuschlag_gewonnen"", ""event_date"": ""2026-09-04"", ""weight"": 6, ""recency"": 0.6, ""icp_fit_dampened"": 0.88, ""confidence"": 0.72, ""confidence_dampened"": 0.832, ""raw"": 2.636, ""source_url"": ""https://ted.europa.eu/en/notice/-/detail/610213-2026""}]}"
"versorgungnetz service","24","{""formula"": ""min(best(weight x recency x fit_d x conf_d) + stacking, cap) / cap x 100"", ""tier"": ""B"", ""icp_fit"": 0.8, ""dampening"": ""fit und confidence wirken auf [0.4 .. 1.0]"", ""signal_count"": 2, ""distinct_signal_types"": [""zuschlag_gewonnen""], ""stacking_bonus"": 0.0, ""driver"": {""signal_type"": ""zuschlag_gewonnen"", ""event_date"": ""2026-09-04"", ""weight"": 6, ""recency"": 0.6, ""icp_fit_dampened"": 0.88, ""confidence"": 0.85, ""confidence_dampened"": 0.91, ""raw"": 2.883, ""source_url"": ""https://oeffentlichevergabe.de/api/notices/f9bb3eee-97e9-4212-9784-3b80ebaff296?format=pdf""}, ""all_signals"": [{""signal_type"": ""zuschlag_gewonnen"", ""event_date"": ""2026-09-04"", ""weight"": 6, ""recency"": 0.6, ""icp_fit_dampened"": 0.88, ""confidence"": 0.85, ""confidence_dampened"": 0.91, ""raw"": 2.883, ""source_url"": ""https://oeffentlichevergabe.de/api/notices/f9bb3eee-97e9-4212-9784-3b80ebaff296?format=pdf""}, {""signal_type"": ""zuschlag_gewonnen"", ""event_date"": ""2026-09-04"", ""weight"": 6, ""recency"": 0.6, ""icp_fit_dampened"": 0.88, ""confidence"": 0.72, ""confidence_dampened"": 0.832, ""raw"": 2.636, ""source_url"": ""https://ted.europa.eu/en/notice/-/detail/609594-2026""}]}"
"join","24","{""formula"": ""min(best(weight x recency x fit_d x conf_d) + stacking, cap) / cap x 100"", ""tier"": ""B"", ""icp_fit"": 0.8, ""dampening"": ""fit und confidence wirken auf [0.4 .. 1.0]"", ""signal_count"": 1, ""distinct_signal_types"": [""zuschlag_gewonnen""], ""stacking_bonus"": 0.0, ""driver"": {""signal_type"": ""zuschlag_gewonnen"", ""event_date"": ""2026-09-04"", ""weight"": 6, ""recency"": 0.6, ""icp_fit_dampened"": 0.88, ""confidence"": 0.85, ""confidence_dampened"": 0.91, ""raw"": 2.883, ""source_url"": ""https://oeffentlichevergabe.de/api/notices/82beb79b-9cdf-43fb-a4aa-d7f8a5e88123?format=pdf""}, ""all_signals"": [{""signal_type"": ""zuschlag_gewonnen"", ""event_date"": ""2026-09-04"", ""weight"": 6, ""recency"": 0.6, ""icp_fit_dampened"": 0.88, ""confidence"": 0.85, ""confidence_dampened"": 0.91, ""raw"": 2.883, ""source_url"": ""https://oeffentlichevergabe.de/api/notices/82beb79b-9cdf-43fb-a4aa-d7f8a5e88123?format=pdf""}]}"
"noris network","24","{""formula"": ""min(best(weight x recency x fit_d x conf_d) + stacking, cap) / cap x 100"", ""tier"": ""B"", ""icp_fit"": 0.8, ""dampening"": ""fit und confidence wirken auf [0.4 .. 1.0]"", ""signal_count"": 1, ""distinct_signal_types"": [""zuschlag_gewonnen""], ""stacking_bonus"": 0.0, ""driver"": {""signal_type"": ""zuschlag_gewonnen"", ""event_date"": ""2026-09-04"", ""weight"": 6, ""recency"": 0.6, ""icp_fit_dampened"": 0.88, ""confidence"": 0.85, ""confidence_dampened"": 0.91, ""raw"": 2.883, ""source_url"": ""https://oeffentlichevergabe.de/api/notices/53cd7a05-3d94-4e94-bd53-5bc81f5f62e3?format=pdf""}, ""all_signals"": [{""signal_type"": ""zuschlag_gewonnen"", ""event_date"": ""2026-09-04"", ""weight"": 6, ""recency"": 0.6, ""icp_fit_dampened"": 0.88, ""confidence"": 0.85, ""confidence_dampened"": 0.91, ""raw"": 2.883, ""source_url"": ""https://oeffentlichevergabe.de/api/notices/53cd7a05-3d94-4e94-bd53-5bc81f5f62e3?format=pdf""}]}"
"pixelpoint multimedia werbe","24","{""formula"": ""min(best(weight x recency x fit_d x conf_d) + stacking, cap) / cap x 100"", ""tier"": ""B"", ""icp_fit"": 0.8, ""dampening"": ""fit und confidence wirken auf [0.4 .. 1.0]"", ""signal_count"": 2, ""distinct_signal_types"": [""zuschlag_gewonnen""], ""stacking_bonus"": 0.0, ""driver"": {""signal_type"": ""zuschlag_gewonnen"", ""event_date"": ""2026-09-03"", ""weight"": 6, ""recency"": 0.6, ""icp_fit_dampened"": 0.88, ""confidence"": 0.85, ""confidence_dampened"": 0.91, ""raw"": 2.883, ""source_url"": ""https://oeffentlichevergabe.de/api/notices/0b10ebc1-94c4-4038-9e30-1f155b3568f3?format=pdf""}, ""all_signals"": [{""signal_type"": ""zuschlag_gewonnen"", ""event_date"": ""2026-09-03"", ""weight"": 6, ""recency"": 0.6, ""icp_fit_dampened"": 0.88, ""confidence"": 0.85, ""confidence_dampened"": 0.91, ""raw"": 2.883, ""source_url"": ""https://oeffentlichevergabe.de/api/notices/0b10ebc1-94c4-4038-9e30-1f155b3568f3?format=pdf""}, {""signal_type"": ""zuschlag_gewonnen"", ""event_date"": ""2026-09-03"", ""weight"": 6, ""recency"": 0.6, ""icp_fit_dampened"": 0.88, ""confidence"": 0.72, ""confidence_dampened"": 0.832, ""raw"": 2.636, ""source_url"": ""https://ted.europa.eu/en/notice/-/detail/608946-2026""}]}"
"prisma european capacity plattform","24","{""formula"": ""min(best(weight x recency x fit_d x conf_d) + stacking, cap) / cap x 100"", ""tier"": ""B"", ""icp_fit"": 0.8, ""dampening"": ""fit und confidence wirken auf [0.4 .. 1.0]"", ""signal_count"": 4, ""distinct_signal_types"": [""zuschlag_gewonnen""], ""stacking_bonus"": 0.0, ""driver"": {""signal_type"": ""zuschlag_gewonnen"", ""event_date"": ""2026-09-03"", ""weight"": 6, ""recency"": 0.6, ""icp_fit_dampened"": 0.88, ""confidence"": 0.85, ""confidence_dampened"": 0.91, ""raw"": 2.883, ""source_url"": ""https://oeffentlichevergabe.de/api/notices/71b855f2-8056-4cf4-84d2-f623548cecba?format=pdf""}, ""all_signals"": [{""signal_type"": ""zuschlag_gewonnen"", ""event_date"": ""2026-09-03"", ""weight"": 6, ""recency"": 0.6, ""icp_fit_dampened"": 0.88, ""confidence"": 0.85, ""confidence_dampened"": 0.91, ""raw"": 2.883, ""source_url"": ""https://oeffentlichevergabe.de/api/notices/71b855f2-8056-4cf4-84d2-f623548cecba?format=pdf""}, {""signal_type"": ""zuschlag_gewonnen"", ""event_date"": ""2026-09-03"", ""weight"": 6, ""recency"": 0.6, ""icp_fit_dampened"": 0.88, ""confidence"": 0.85, ""confidence_dampened"": 0.91, ""raw"": 2.883, ""source_url"": ""https://oeffentlichevergabe.de/api/notices/ff3ae053-1cc4-4ea3-aa15-ec04687d221b?format=pdf""}, {""signal_type"": ""zuschlag_gewonnen"", ""event_date"": ""2026-09-03"", ""weight"": 6, ""recency"": 0.6, ""icp_fit_dampened"": 0.88, ""confidence"": 0.72, ""confidence_dampened"": 0.832, ""raw"": 2.636, ""source_url"": ""https://ted.europa.eu/en/notice/-/detail/608790-2026""}, {""signal_type"": ""zuschlag_gewonnen"", ""event_date"": ""2026-09-03"", ""weight"": 6, ""recency"": 0.6, ""icp_fit_dampened"": 0.88, ""confidence"": 0.72, ""confidence_dampened"": 0.832, ""raw"": 2.636, ""source_url"": ""https://ted.europa.eu/en/notice/-/detail/606645-2026""}]}"
"d-i-e elektro","24","{""formula"": ""min(best(weight x recency x fit_d x conf_d) + stacking, cap) / cap x 100"", ""tier"": ""B"", ""icp_fit"": 0.8, ""dampening"": ""fit und confidence wirken auf [0.4 .. 1.0]"", ""signal_count"": 2, ""distinct_signal_types"": [""zuschlag_gewonnen""], ""stacking_bonus"": 0.0, ""driver"": {""signal_type"": ""zuschlag_gewonnen"", ""event_date"": ""2026-09-03"", ""weight"": 6, ""recency"": 0.6, ""icp_fit_dampened"": 0.88, ""confidence"": 0.85, ""confidence_dampened"": 0.91, ""raw"": 2.883, ""source_url"": ""https://oeffentlichevergabe.de/api/notices/eddff7a3-9727-4abd-b26a-8397d3e923ed?format=pdf""}, ""all_signals"": [{""signal_type"": ""zuschlag_gewonnen"", ""event_date"": ""2026-09-03"", ""weight"": 6, ""recency"": 0.6, ""icp_fit_dampened"": 0.88, ""confidence"": 0.85, ""confidence_dampened"": 0.91, ""raw"": 2.883, ""source_url"": ""https://oeffentlichevergabe.de/api/notices/eddff7a3-9727-4abd-b26a-8397d3e923ed?format=pdf""}, {""signal_type"": ""zuschlag_gewonnen"", ""event_date"": ""2026-09-03"", ""weight"": 6, ""recency"": 0.6, ""icp_fit_dampened"": 0.88, ""confidence"": 0.72, ""confidence_dampened"": 0.832, ""raw"": 2.636, ""source_url"": ""https://ted.europa.eu/en/notice/-/detail/608748-2026""}]}"
"pricewaterhousecoopers","24","{""formula"": ""min(best(weight x recency x fit_d x conf_d) + stacking, cap) / cap x 100"", ""tier"": ""B"", ""icp_fit"": 0.8, ""dampening"": ""fit und confidence wirken auf [0.4 .. 1.0]"", ""signal_count"": 2, ""distinct_signal_types"": [""zuschlag_gewonnen""], ""stacking_bonus"": 0.0, ""driver"": {""signal_type"": ""zuschlag_gewonnen"", ""event_date"": ""2026-09-03"", ""weight"": 6, ""recency"": 0.6, ""icp_fit_dampened"": 0.88, ""confidence"": 0.85, ""confidence_dampened"": 0.91, ""raw"": 2.883, ""source_url"": ""https://oeffentlichevergabe.de/api/notices/872315df-d24d-471b-8bd9-112b8cb9b96d?format=pdf""}, ""all_signals"": [{""signal_type"": ""zuschlag_gewonnen"", ""event_date"": ""2026-09-03"", ""weight"": 6, ""recency"": 0.6, ""icp_fit_dampened"": 0.88, ""confidence"": 0.85, ""confidence_dampened"": 0.91, ""raw"": 2.883, ""source_url"": ""https://oeffentlichevergabe.de/api/notices/872315df-d24d-471b-8bd9-112b8cb9b96d?format=pdf""}, {""signal_type"": ""zuschlag_gewonnen"", ""event_date"": ""2026-09-03"", ""weight"": 6, ""recency"": 0.6, ""icp_fit_dampened"": 0.88, ""confidence"": 0.72, ""confidence_dampened"": 0.832, ""raw"": 2.636, ""source_url"": ""https://ted.europa.eu/en/notice/-/detail/608731-2026""}]}"
"sandata edv-systemhaus","24","{""formula"": ""min(best(weight x recency x fit_d x conf_d) + stacking, cap) / cap x 100"", ""tier"": ""B"", ""icp_fit"": 0.8, ""dampening"": ""fit und confidence wirken auf [0.4 .. 1.0]"", ""signal_count"": 2, ""distinct_signal_types"": [""zuschlag_gewonnen""], ""stacking_bonus"": 0.0, ""driver"": {""signal_type"": ""zuschlag_gewonnen"", ""event_date"": ""2026-09-03"", ""weight"": 6, ""recency"": 0.6, ""icp_fit_dampened"": 0.88, ""confidence"": 0.85, ""confidence_dampened"": 0.91, ""raw"": 2.883, ""source_url"": ""https://oeffentlichevergabe.de/api/notices/889ad58a-83be-405b-be11-04acff3bb2e7?format=pdf""}, ""all_signals"": [{""signal_type"": ""zuschlag_gewonnen"", ""event_date"": ""2026-09-03"", ""weight"": 6, ""recency"": 0.6, ""icp_fit_dampened"": 0.88, ""confidence"": 0.85, ""confidence_dampened"": 0.91, ""raw"": 2.883, ""source_url"": ""https://oeffentlichevergabe.de/api/notices/889ad58a-83be-405b-be11-04acff3bb2e7?format=pdf""}, {""signal_type"": ""zuschlag_gewonnen"", ""event_date"": ""2026-09-03"", ""weight"": 6, ""recency"": 0.6, ""icp_fit_dampened"": 0.88, ""confidence"": 0.72, ""confidence_dampened"": 0.832, ""raw"": 2.636, ""source_url"": ""https://ted.europa.eu/en/notice/-/detail/608320-2026""}]}"
"lipinski telekom","24","{""formula"": ""min(best(weight x recency x fit_d x conf_d) + stacking, cap) / cap x 100"", ""tier"": ""B"", ""icp_fit"": 0.8, ""dampening"": ""fit und confidence wirken auf [0.4 .. 1.0]"", ""signal_count"": 2, ""distinct_signal_types"": [""zuschlag_gewonnen""], ""stacking_bonus"": 0.0, ""driver"": {""signal_type"": ""zuschlag_gewonnen"", ""event_date"": ""2026-09-03"", ""weight"": 6, ""recency"": 0.6, ""icp_fit_dampened"": 0.88, ""confidence"": 0.85, ""confidence_dampened"": 0.91, ""raw"": 2.883, ""source_url"": ""https://oeffentlichevergabe.de/api/notices/4aafa076-dceb-44af-9597-c7e5c78e0dc7?format=pdf""}, ""all_signals"": [{""signal_type"": ""zuschlag_gewonnen"", ""event_date"": ""2026-09-03"", ""weight"": 6, ""recency"": 0.6, ""icp_fit_dampened"": 0.88, ""confidence"": 0.85, ""confidence_dampened"": 0.91, ""raw"": 2.883, ""source_url"": ""https://oeffentlichevergabe.de/api/notices/4aafa076-dceb-44af-9597-c7e5c78e0dc7?format=pdf""}, {""signal_type"": ""zuschlag_gewonnen"", ""event_date"": ""2026-09-03"", ""weight"": 6, ""recency"": 0.6, ""icp_fit_dampened"": 0.88, ""confidence"": 0.72, ""confidence_dampened"": 0.832, ""raw"": 2.636, ""source_url"": ""https://ted.europa.eu/en/notice/-/detail/606941-2026""}]}"
"l-mobile infrastructure","24","{""formula"": ""min(best(weight x recency x fit_d x conf_d) + stacking, cap) / cap x 100"", ""tier"": ""B"", ""icp_fit"": 0.8, ""dampening"": ""fit und confidence wirken auf [0.4 .. 1.0]"", ""signal_count"": 2, ""distinct_signal_types"": [""zuschlag_gewonnen""], ""stacking_bonus"": 0.0, ""driver"": {""signal_type"": ""zuschlag_gewonnen"", ""event_date"": ""2026-09-03"", ""weight"": 6, ""recency"": 0.6, ""icp_fit_dampened"": 0.88, ""confidence"": 0.85, ""confidence_dampened"": 0.91, ""raw"": 2.883, ""source_url"": ""https://oeffentlichevergabe.de/api/notices/7fb2b542-0e2e-4cba-aaaa-6a05ee171253?format=pdf""}, ""all_signals"": [{""signal_type"": ""zuschlag_gewonnen"", ""event_date"": ""2026-09-03"", ""weight"": 6, ""recency"": 0.6, ""icp_fit_dampened"": 0.88, ""confidence"": 0.85, ""confidence_dampened"": 0.91, ""raw"": 2.883, ""source_url"": ""https://oeffentlichevergabe.de/api/notices/7fb2b542-0e2e-4cba-aaaa-6a05ee171253?format=pdf""}, {""signal_type"": ""zuschlag_gewonnen"", ""event_date"": ""2026-09-03"", ""weight"": 6, ""recency"": 0.6, ""icp_fit_dampened"": 0.88, ""confidence"": 0.72, ""confidence_dampened"": 0.832, ""raw"": 2.636, ""source_url"": ""https://ted.europa.eu/en/notice/-/detail/606716-2026""}]}"
"alasco","24","{""formula"": ""min(best(weight x recency x fit_d x conf_d) + stacking, cap) / cap x 100"", ""tier"": ""B"", ""icp_fit"": 0.8, ""dampening"": ""fit und confidence wirken auf [0.4 .. 1.0]"", ""signal_count"": 2, ""distinct_signal_types"": [""zuschlag_gewonnen""], ""stacking_bonus"": 0.0, ""driver"": {""signal_type"": ""zuschlag_gewonnen"", ""event_date"": ""2026-09-03"", ""weight"": 6, ""recency"": 0.6, ""icp_fit_dampened"": 0.88, ""confidence"": 0.85, ""confidence_dampened"": 0.91, ""raw"": 2.883, ""source_url"": ""https://oeffentlichevergabe.de/api/notices/0a4822ff-2e43-44c3-bf9b-ba2cf8f60915?format=pdf""}, ""all_signals"": [{""signal_type"": ""zuschlag_gewonnen"", ""event_date"": ""2026-09-03"", ""weight"": 6, ""recency"": 0.6, ""icp_fit_dampened"": 0.88, ""confidence"": 0.85, ""confidence_dampened"": 0.91, ""raw"": 2.883, ""source_url"": ""https://oeffentlichevergabe.de/api/notices/0a4822ff-2e43-44c3-bf9b-ba2cf8f60915?format=pdf""}, {""signal_type"": ""zuschlag_gewonnen"", ""event_date"": ""2026-09-03"", ""weight"": 6, ""recency"": 0.6, ""icp_fit_dampened"": 0.88, ""confidence"": 0.72, ""confidence_dampened"": 0.832, ""raw"": 2.636, ""source_url"": ""https://ted.europa.eu/en/notice/-/detail/606508-2026""}]}"
"kaprion technologies","24","{""formula"": ""min(best(weight x recency x fit_d x conf_d) + stacking, cap) / cap x 100"", ""tier"": ""B"", ""icp_fit"": 0.8, ""dampening"": ""fit und confidence wirken auf [0.4 .. 1.0]"", ""signal_count"": 2, ""distinct_signal_types"": [""zuschlag_gewonnen""], ""stacking_bonus"": 0.0, ""driver"": {""signal_type"": ""zuschlag_gewonnen"", ""event_date"": ""2026-09-02"", ""weight"": 6, ""recency"": 0.6, ""icp_fit_dampened"": 0.88, ""confidence"": 0.85, ""confidence_dampened"": 0.91, ""raw"": 2.883, ""source_url"": ""https://oeffentlichevergabe.de/api/notices/73d72df9-e325-4dbc-be17-298b0aec6920?format=pdf""}, ""all_signals"": [{""signal_type"": ""zuschlag_gewonnen"", ""event_date"": ""2026-09-02"", ""weight"": 6, ""recency"": 0.6, ""icp_fit_dampened"": 0.88, ""confidence"": 0.85, ""confidence_dampened"": 0.91, ""raw"": 2.883, ""source_url"": ""https://oeffentlichevergabe.de/api/notices/73d72df9-e325-4dbc-be17-298b0aec6920?format=pdf""}, {""signal_type"": ""zuschlag_gewonnen"", ""event_date"": ""2026-09-02"", ""weight"": 6, ""recency"": 0.6, ""icp_fit_dampened"": 0.88, ""confidence"": 0.72, ""confidence_dampened"": 0.832, ""raw"": 2.636, ""source_url"": ""https://ted.europa.eu/en/notice/-/detail/605855-2026""}]}"
"prisma europpean capacity platform","24","{""formula"": ""min(best(weight x recency x fit_d x conf_d) + stacking, cap) / cap x 100"", ""tier"": ""B"", ""icp_fit"": 0.8, ""dampening"": ""fit und confidence wirken auf [0.4 .. 1.0]"", ""signal_count"": 2, ""distinct_signal_types"": [""zuschlag_gewonnen""], ""stacking_bonus"": 0.0, ""driver"": {""signal_type"": ""zuschlag_gewonnen"", ""event_date"": ""2026-09-02"", ""weight"": 6, ""recency"": 0.6, ""icp_fit_dampened"": 0.88, ""confidence"": 0.85, ""confidence_dampened"": 0.91, ""raw"": 2.883, ""source_url"": ""https://oeffentlichevergabe.de/api/notices/a5d961eb-9349-4a36-b6cb-4df87763176d?format=pdf""}, ""all_signals"": [{""signal_type"": ""zuschlag_gewonnen"", ""event_date"": ""2026-09-02"", ""weight"": 6, ""recency"": 0.6, ""icp_fit_dampened"": 0.88, ""confidence"": 0.85, ""confidence_dampened"": 0.91, ""raw"": 2.883, ""source_url"": ""https://oeffentlichevergabe.de/api/notices/a5d961eb-9349-4a36-b6cb-4df87763176d?format=pdf""}, {""signal_type"": ""zuschlag_gewonnen"", ""event_date"": ""2026-09-02"", ""weight"": 6, ""recency"": 0.6, ""icp_fit_dampened"": 0.88, ""confidence"": 0.72, ""confidence_dampened"": 0.832, ""raw"": 2.636, ""source_url"": ""https://ted.europa.eu/en/notice/-/detail/605322-2026""}]}"
"ser egovernment europe gmbh geschaeftsstelle muenster","24","{""formula"": ""min(best(weight x recency x fit_d x conf_d) + stacking, cap) / cap x 100"", ""tier"": ""B"", ""icp_fit"": 0.8, ""dampening"": ""fit und confidence wirken auf [0.4 .. 1.0]"", ""signal_count"": 2, ""distinct_signal_types"": [""zuschlag_gewonnen""], ""stacking_bonus"": 0.0, ""driver"": {""signal_type"": ""zuschlag_gewonnen"", ""event_date"": ""2026-09-02"", ""weight"": 6, ""recency"": 0.6, ""icp_fit_dampened"": 0.88, ""confidence"": 0.85, ""confidence_dampened"": 0.91, ""raw"": 2.883, ""source_url"": ""https://oeffentlichevergabe.de/api/notices/cde2aab4-664a-4c12-b215-4734d69f32c6?format=pdf""}, ""all_signals"": [{""signal_type"": ""zuschlag_gewonnen"", ""event_date"": ""2026-09-02"", ""weight"": 6, ""recency"": 0.6, ""icp_fit_dampened"": 0.88, ""confidence"": 0.85, ""confidence_dampened"": 0.91, ""raw"": 2.883, ""source_url"": ""https://oeffentlichevergabe.de/api/notices/cde2aab4-664a-4c12-b215-4734d69f32c6?format=pdf""}, {""signal_type"": ""zuschlag_gewonnen"", ""event_date"": ""2026-09-02"", ""weight"": 6, ""recency"": 0.6, ""icp_fit_dampened"": 0.88, ""confidence"": 0.72, ""confidence_dampened"": 0.832, ""raw"": 2.636, ""source_url"": ""https://ted.europa.eu/en/notice/-/detail/605204-2026""}]}"
"aagon","24","{""formula"": ""min(best(weight x recency x fit_d x conf_d) + stacking, cap) / cap x 100"", ""tier"": ""B"", ""icp_fit"": 0.8, ""dampening"": ""fit und confidence wirken auf [0.4 .. 1.0]"", ""signal_count"": 2, ""distinct_signal_types"": [""zuschlag_gewonnen""], ""stacking_bonus"": 0.0, ""driver"": {""signal_type"": ""zuschlag_gewonnen"", ""event_date"": ""2026-09-02"", ""weight"": 6, ""recency"": 0.6, ""icp_fit_dampened"": 0.88, ""confidence"": 0.85, ""confidence_dampened"": 0.91, ""raw"": 2.883, ""source_url"": ""https://oeffentlichevergabe.de/api/notices/2f048390-5a0d-4d36-aa0d-5c6d38fb5f3a?format=pdf""}, ""all_signals"": [{""signal_type"": ""zuschlag_gewonnen"", ""event_date"": ""2026-09-02"", ""weight"": 6, ""recency"": 0.6, ""icp_fit_dampened"": 0.88, ""confidence"": 0.85, ""confidence_dampened"": 0.91, ""raw"": 2.883, ""source_url"": ""https://oeffentlichevergabe.de/api/notices/2f048390-5a0d-4d36-aa0d-5c6d38fb5f3a?format=pdf""}, {""signal_type"": ""zuschlag_gewonnen"", ""event_date"": ""2026-09-02"", ""weight"": 6, ""recency"": 0.6, ""icp_fit_dampened"": 0.88, ""confidence"": 0.72, ""confidence_dampened"": 0.832, ""raw"": 2.636, ""source_url"": ""https://ted.europa.eu/en/notice/-/detail/605073-2026""}]}"
"saegeling it","24","{""formula"": ""min(best(weight x recency x fit_d x conf_d) + stacking, cap) / cap x 100"", ""tier"": ""B"", ""icp_fit"": 0.8, ""dampening"": ""fit und confidence wirken auf [0.4 .. 1.0]"", ""signal_count"": 2, ""distinct_signal_types"": [""zuschlag_gewonnen""], ""stacking_bonus"": 0.0, ""driver"": {""signal_type"": ""zuschlag_gewonnen"", ""event_date"": ""2026-09-02"", ""weight"": 6, ""recency"": 0.6, ""icp_fit_dampened"": 0.88, ""confidence"": 0.85, ""confidence_dampened"": 0.91, ""raw"": 2.883, ""source_url"": ""https://oeffentlichevergabe.de/api/notices/3afed127-f423-4f45-ba51-5e2b4b1a1bc5?format=pdf""}, ""all_signals"": [{""signal_type"": ""zuschlag_gewonnen"", ""event_date"": ""2026-09-02"", ""weight"": 6, ""recency"": 0.6, ""icp_fit_dampened"": 0.88, ""confidence"": 0.85, ""confidence_dampened"": 0.91, ""raw"": 2.883, ""source_url"": ""https://oeffentlichevergabe.de/api/notices/3afed127-f423-4f45-ba51-5e2b4b1a1bc5?format=pdf""}, {""signal_type"": ""zuschlag_gewonnen"", ""event_date"": ""2026-09-02"", ""weight"": 6, ""recency"": 0.6, ""icp_fit_dampened"": 0.88, ""confidence"": 0.72, ""confidence_dampened"": 0.832, ""raw"": 2.636, ""source_url"": ""https://ted.europa.eu/en/notice/-/detail/604258-2026""}]}"
"preventicus","24","{""formula"": ""min(best(weight x recency x fit_d x conf_d) + stacking, cap) / cap x 100"", ""tier"": ""B"", ""icp_fit"": 0.8, ""dampening"": ""fit und confidence wirken auf [0.4 .. 1.0]"", ""signal_count"": 2, ""distinct_signal_types"": [""zuschlag_gewonnen""], ""stacking_bonus"": 0.0, ""driver"": {""signal_type"": ""zuschlag_gewonnen"", ""event_date"": ""2026-09-02"", ""weight"": 6, ""recency"": 0.6, ""icp_fit_dampened"": 0.88, ""confidence"": 0.85, ""confidence_dampened"": 0.91, ""raw"": 2.883, ""source_url"": ""https://oeffentlichevergabe.de/api/notices/1609e4d7-f401-4f70-b8f1-39ef0cc2e660?format=pdf""}, ""all_signals"": [{""signal_type"": ""zuschlag_gewonnen"", ""event_date"": ""2026-09-02"", ""weight"": 6, ""recency"": 0.6, ""icp_fit_dampened"": 0.88, ""confidence"": 0.85, ""confidence_dampened"": 0.91, ""raw"": 2.883, ""source_url"": ""https://oeffentlichevergabe.de/api/notices/1609e4d7-f401-4f70-b8f1-39ef0cc2e660?format=pdf""}, {""signal_type"": ""zuschlag_gewonnen"", ""event_date"": ""2026-09-02"", ""weight"": 6, ""recency"": 0.6, ""icp_fit_dampened"": 0.88, ""confidence"": 0.72, ""confidence_dampened"": 0.832, ""raw"": 2.636, ""source_url"": ""https://ted.europa.eu/en/notice/-/detail/604167-2026""}]}"
"interflex datensysteme","24","{""formula"": ""min(best(weight x recency x fit_d x conf_d) + stacking, cap) / cap x 100"", ""tier"": ""B"", ""icp_fit"": 0.8, ""dampening"": ""fit und confidence wirken auf [0.4 .. 1.0]"", ""signal_count"": 3, ""distinct_signal_types"": [""zuschlag_gewonnen""], ""stacking_bonus"": 0.0, ""driver"": {""signal_type"": ""zuschlag_gewonnen"", ""event_date"": ""2026-09-02"", ""weight"": 6, ""recency"": 0.6, ""icp_fit_dampened"": 0.88, ""confidence"": 0.85, ""confidence_dampened"": 0.91, ""raw"": 2.883, ""source_url"": ""https://oeffentlichevergabe.de/api/notices/6a82f7d1-d285-400a-875a-f1c97b399905?format=pdf""}, ""all_signals"": [{""signal_type"": ""zuschlag_gewonnen"", ""event_date"": ""2026-09-02"", ""weight"": 6, ""recency"": 0.6, ""icp_fit_dampened"": 0.88, ""confidence"": 0.85, ""confidence_dampened"": 0.91, ""raw"": 2.883, ""source_url"": ""https://oeffentlichevergabe.de/api/notices/6a82f7d1-d285-400a-875a-f1c97b399905?format=pdf""}, {""signal_type"": ""zuschlag_gewonnen"", ""event_date"": ""2026-08-25"", ""weight"": 6, ""recency"": 0.6, ""icp_fit_dampened"": 0.88, ""confidence"": 0.85, ""confidence_dampened"": 0.91, ""raw"": 2.883, ""source_url"": ""https://oeffentlichevergabe.de/api/notices/1ed27a45-f706-4d15-8199-86b362b066b2?format=pdf""}, {""signal_type"": ""zuschlag_gewonnen"", ""event_date"": ""2026-09-02"", ""weight"": 6, ""recency"": 0.6, ""icp_fit_dampened"": 0.88, ""confidence"": 0.72, ""confidence_dampened"": 0.832, ""raw"": 2.636, ""source_url"": ""https://ted.europa.eu/en/notice/-/detail/603985-2026""}]}"
"intension","24","{""formula"": ""min(best(weight x recency x fit_d x conf_d) + stacking, cap) / cap x 100"", ""tier"": ""B"", ""icp_fit"": 0.8, ""dampening"": ""fit und confidence wirken auf [0.4 .. 1.0]"", ""signal_count"": 2, ""distinct_signal_types"": [""zuschlag_gewonnen""], ""stacking_bonus"": 0.0, ""driver"": {""signal_type"": ""zuschlag_gewonnen"", ""event_date"": ""2026-09-02"", ""weight"": 6, ""recency"": 0.6, ""icp_fit_dampened"": 0.88, ""confidence"": 0.85, ""confidence_dampened"": 0.91, ""raw"": 2.883, ""source_url"": ""https://oeffentlichevergabe.de/api/notices/8fbfba2a-47be-4586-888f-57e48bc8e181?format=pdf""}, ""all_signals"": [{""signal_type"": ""zuschlag_gewonnen"", ""event_date"": ""2026-09-02"", ""weight"": 6, ""recency"": 0.6, ""icp_fit_dampened"": 0.88, ""confidence"": 0.85, ""confidence_dampened"": 0.91, ""raw"": 2.883, ""source_url"": ""https://oeffentlichevergabe.de/api/notices/8fbfba2a-47be-4586-888f-57e48bc8e181?format=pdf""}, {""signal_type"": ""zuschlag_gewonnen"", ""event_date"": ""2026-09-02"", ""weight"": 6, ""recency"": 0.6, ""icp_fit_dampened"": 0.88, ""confidence"": 0.72, ""confidence_dampened"": 0.832, ""raw"": 2.636, ""source_url"": ""https://ted.europa.eu/en/notice/-/detail/603958-2026""}]}"
"pentadoc","24","{""formula"": ""min(best(weight x recency x fit_d x conf_d) + stacking, cap) / cap x 100"", ""tier"": ""B"", ""icp_fit"": 0.8, ""dampening"": ""fit und confidence wirken auf [0.4 .. 1.0]"", ""signal_count"": 2, ""distinct_signal_types"": [""zuschlag_gewonnen""], ""stacking_bonus"": 0.0, ""driver"": {""signal_type"": ""zuschlag_gewonnen"", ""event_date"": ""2026-09-02"", ""weight"": 6, ""recency"": 0.6, ""icp_fit_dampened"": 0.88, ""confidence"": 0.85, ""confidence_dampened"": 0.91, ""raw"": 2.883, ""source_url"": ""https://oeffentlichevergabe.de/api/notices/d2618a71-eb4f-4a76-b87d-c7190c0af113?format=pdf""}, ""all_signals"": [{""signal_type"": ""zuschlag_gewonnen"", ""event_date"": ""2026-09-02"", ""weight"": 6, ""recency"": 0.6, ""icp_fit_dampened"": 0.88, ""confidence"": 0.85, ""confidence_dampened"": 0.91, ""raw"": 2.883, ""source_url"": ""https://oeffentlichevergabe.de/api/notices/d2618a71-eb4f-4a76-b87d-c7190c0af113?format=pdf""}, {""signal_type"": ""zuschlag_gewonnen"", ""event_date"": ""2026-09-02"", ""weight"": 6, ""recency"": 0.6, ""icp_fit_dampened"": 0.88, ""confidence"": 0.72, ""confidence_dampened"": 0.832, ""raw"": 2.636, ""source_url"": ""https://ted.europa.eu/en/notice/-/detail/603651-2026""}]}"
"dan-it","24","{""formula"": ""min(best(weight x recency x fit_d x conf_d) + stacking, cap) / cap x 100"", ""tier"": ""B"", ""icp_fit"": 0.8, ""dampening"": ""fit und confidence wirken auf [0.4 .. 1.0]"", ""signal_count"": 3, ""distinct_signal_types"": [""zuschlag_gewonnen""], ""stacking_bonus"": 0.0, ""driver"": {""signal_type"": ""zuschlag_gewonnen"", ""event_date"": ""2026-09-02"", ""weight"": 6, ""recency"": 0.6, ""icp_fit_dampened"": 0.88, ""confidence"": 0.85, ""confidence_dampened"": 0.91, ""raw"": 2.883, ""source_url"": ""https://oeffentlichevergabe.de/api/notices/ca80cccb-d1cb-486a-8807-e19d341b28fd?format=pdf""}, ""all_signals"": [{""signal_type"": ""zuschlag_gewonnen"", ""event_date"": ""2026-09-02"", ""weight"": 6, ""recency"": 0.6, ""icp_fit_dampened"": 0.88, ""confidence"": 0.85, ""confidence_dampened"": 0.91, ""raw"": 2.883, ""source_url"": ""https://oeffentlichevergabe.de/api/notices/ca80cccb-d1cb-486a-8807-e19d341b28fd?format=pdf""}, {""signal_type"": ""zuschlag_gewonnen"", ""event_date"": ""2026-09-02"", ""weight"": 6, ""recency"": 0.6, ""icp_fit_dampened"": 0.88, ""confidence"": 0.72, ""confidence_dampened"": 0.832, ""raw"": 2.636, ""source_url"": ""https://ted.europa.eu/en/notice/-/detail/603485-2026""}, {""signal_type"": ""zuschlag_gewonnen"", ""event_date"": ""2026-08-27"", ""weight"": 6, ""recency"": 0.6, ""icp_fit_dampened"": 0.88, ""confidence"": 0.72, ""confidence_dampened"": 0.832, ""raw"": 2.636, ""source_url"": ""https://ted.europa.eu/en/notice/-/detail/591175-2026""}]}"
"itmediaconsult","24","{""formula"": ""min(best(weight x recency x fit_d x conf_d) + stacking, cap) / cap x 100"", ""tier"": ""B"", ""icp_fit"": 0.8, ""dampening"": ""fit und confidence wirken auf [0.4 .. 1.0]"", ""signal_count"": 2, ""distinct_signal_types"": [""zuschlag_gewonnen""], ""stacking_bonus"": 0.0, ""driver"": {""signal_type"": ""zuschlag_gewonnen"", ""event_date"": ""2026-09-02"", ""weight"": 6, ""recency"": 0.6, ""icp_fit_dampened"": 0.88, ""confidence"": 0.85, ""confidence_dampened"": 0.91, ""raw"": 2.883, ""source_url"": ""https://oeffentlichevergabe.de/api/notices/4dbd6511-6a06-43ef-8df7-20dbd47e7311?format=pdf""}, ""all_signals"": [{""signal_type"": ""zuschlag_gewonnen"", ""event_date"": ""2026-09-02"", ""weight"": 6, ""recency"": 0.6, ""icp_fit_dampened"": 0.88, ""confidence"": 0.85, ""confidence_dampened"": 0.91, ""raw"": 2.883, ""source_url"": ""https://oeffentlichevergabe.de/api/notices/4dbd6511-6a06-43ef-8df7-20dbd47e7311?format=pdf""}, {""signal_type"": ""zuschlag_gewonnen"", ""event_date"": ""2026-09-02"", ""weight"": 6, ""recency"": 0.6, ""icp_fit_dampened"": 0.88, ""confidence"": 0.72, ""confidence_dampened"": 0.832, ""raw"": 2.636, ""source_url"": ""https://ted.europa.eu/en/notice/-/detail/602796-2026""}]}"
"dacoso","24","{""formula"": ""min(best(weight x recency x fit_d x conf_d) + stacking, cap) / cap x 100"", ""tier"": ""B"", ""icp_fit"": 0.8, ""dampening"": ""fit und confidence wirken auf [0.4 .. 1.0]"", ""signal_count"": 2, ""distinct_signal_types"": [""zuschlag_gewonnen""], ""stacking_bonus"": 0.0, ""driver"": {""signal_type"": ""zuschlag_gewonnen"", ""event_date"": ""2026-08-30"", ""weight"": 6, ""recency"": 0.6, ""icp_fit_dampened"": 0.88, ""confidence"": 0.85, ""confidence_dampened"": 0.91, ""raw"": 2.883, ""source_url"": ""https://oeffentlichevergabe.de/api/notices/8ec744d2-4872-4547-806c-f59b9e45a6c6?format=pdf""}, ""all_signals"": [{""signal_type"": ""zuschlag_gewonnen"", ""event_date"": ""2026-08-30"", ""weight"": 6, ""recency"": 0.6, ""icp_fit_dampened"": 0.88, ""confidence"": 0.85, ""confidence_dampened"": 0.91, ""raw"": 2.883, ""source_url"": ""https://oeffentlichevergabe.de/api/notices/8ec744d2-4872-4547-806c-f59b9e45a6c6?format=pdf""}, {""signal_type"": ""zuschlag_gewonnen"", ""event_date"": ""2026-09-01"", ""weight"": 6, ""recency"": 0.6, ""icp_fit_dampened"": 0.88, ""confidence"": 0.72, ""confidence_dampened"": 0.832, ""raw"": 2.636, ""source_url"": ""https://ted.europa.eu/en/notice/-/detail/602633-2026""}]}"
"actemium h und f","24","{""formula"": ""min(best(weight x recency x fit_d x conf_d) + stacking, cap) / cap x 100"", ""tier"": ""B"", ""icp_fit"": 0.8, ""dampening"": ""fit und confidence wirken auf [0.4 .. 1.0]"", ""signal_count"": 2, ""distinct_signal_types"": [""zuschlag_gewonnen""], ""stacking_bonus"": 0.0, ""driver"": {""signal_type"": ""zuschlag_gewonnen"", ""event_date"": ""2026-09-01"", ""weight"": 6, ""recency"": 0.6, ""icp_fit_dampened"": 0.88, ""confidence"": 0.85, ""confidence_dampened"": 0.91, ""raw"": 2.883, ""source_url"": ""https://oeffentlichevergabe.de/api/notices/3596672c-a9df-42ab-9ab3-7f4bfa1b5c93?format=pdf""}, ""all_signals"": [{""signal_type"": ""zuschlag_gewonnen"", ""event_date"": ""2026-09-01"", ""weight"": 6, ""recency"": 0.6, ""icp_fit_dampened"": 0.88, ""confidence"": 0.85, ""confidence_dampened"": 0.91, ""raw"": 2.883, ""source_url"": ""https://oeffentlichevergabe.de/api/notices/3596672c-a9df-42ab-9ab3-7f4bfa1b5c93?format=pdf""}, {""signal_type"": ""zuschlag_gewonnen"", ""event_date"": ""2026-09-01"", ""weight"": 6, ""recency"": 0.6, ""icp_fit_dampened"": 0.88, ""confidence"": 0.72, ""confidence_dampened"": 0.832, ""raw"": 2.636, ""source_url"": ""https://ted.europa.eu/en/notice/-/detail/602571-2026""}]}"
"baral geohaus-consulting","24","{""formula"": ""min(best(weight x recency x fit_d x conf_d) + stacking, cap) / cap x 100"", ""tier"": ""B"", ""icp_fit"": 0.8, ""dampening"": ""fit und confidence wirken auf [0.4 .. 1.0]"", ""signal_count"": 2, ""distinct_signal_types"": [""zuschlag_gewonnen""], ""stacking_bonus"": 0.0, ""driver"": {""signal_type"": ""zuschlag_gewonnen"", ""event_date"": ""2026-09-01"", ""weight"": 6, ""recency"": 0.6, ""icp_fit_dampened"": 0.88, ""confidence"": 0.85, ""confidence_dampened"": 0.91, ""raw"": 2.883, ""source_url"": ""https://oeffentlichevergabe.de/api/notices/be07d7b0-87c0-4144-8fb5-c93a5fd792e5?format=pdf""}, ""all_signals"": [{""signal_type"": ""zuschlag_gewonnen"", ""event_date"": ""2026-09-01"", ""weight"": 6, ""recency"": 0.6, ""icp_fit_dampened"": 0.88, ""confidence"": 0.85, ""confidence_dampened"": 0.91, ""raw"": 2.883, ""source_url"": ""https://oeffentlichevergabe.de/api/notices/be07d7b0-87c0-4144-8fb5-c93a5fd792e5?format=pdf""}, {""signal_type"": ""zuschlag_gewonnen"", ""event_date"": ""2026-09-01"", ""weight"": 6, ""recency"": 0.6, ""icp_fit_dampened"": 0.88, ""confidence"": 0.72, ""confidence_dampened"": 0.832, ""raw"": 2.636, ""source_url"": ""https://ted.europa.eu/en/notice/-/detail/601898-2026""}]}"
"metin yazar","24","{""formula"": ""min(best(weight x recency x fit_d x conf_d) + stacking, cap) / cap x 100"", ""tier"": ""B"", ""icp_fit"": 0.8, ""dampening"": ""fit und confidence wirken auf [0.4 .. 1.0]"", ""signal_count"": 2, ""distinct_signal_types"": [""zuschlag_gewonnen""], ""stacking_bonus"": 0.0, ""driver"": {""signal_type"": ""zuschlag_gewonnen"", ""event_date"": ""2026-09-01"", ""weight"": 6, ""recency"": 0.6, ""icp_fit_dampened"": 0.88, ""confidence"": 0.85, ""confidence_dampened"": 0.91, ""raw"": 2.883, ""source_url"": ""https://oeffentlichevergabe.de/api/notices/b82b356b-658d-49ea-9b0c-1dda421aa45a?format=pdf""}, ""all_signals"": [{""signal_type"": ""zuschlag_gewonnen"", ""event_date"": ""2026-09-01"", ""weight"": 6, ""recency"": 0.6, ""icp_fit_dampened"": 0.88, ""confidence"": 0.85, ""confidence_dampened"": 0.91, ""raw"": 2.883, ""source_url"": ""https://oeffentlichevergabe.de/api/notices/b82b356b-658d-49ea-9b0c-1dda421aa45a?format=pdf""}, {""signal_type"": ""zuschlag_gewonnen"", ""event_date"": ""2026-09-01"", ""weight"": 6, ""recency"": 0.6, ""icp_fit_dampened"": 0.88, ""confidence"": 0.72, ""confidence_dampened"": 0.832, ""raw"": 2.636, ""source_url"": ""https://ted.europa.eu/en/notice/-/detail/601897-2026""}]}"
"paypr work","24","{""formula"": ""min(best(weight x recency x fit_d x conf_d) + stacking, cap) / cap x 100"", ""tier"": ""B"", ""icp_fit"": 0.8, ""dampening"": ""fit und confidence wirken auf [0.4 .. 1.0]"", ""signal_count"": 2, ""distinct_signal_types"": [""zuschlag_gewonnen""], ""stacking_bonus"": 0.0, ""driver"": {""signal_type"": ""zuschlag_gewonnen"", ""event_date"": ""2026-09-01"", ""weight"": 6, ""recency"": 0.6, ""icp_fit_dampened"": 0.88, ""confidence"": 0.85, ""confidence_dampened"": 0.91, ""raw"": 2.883, ""source_url"": ""https://oeffentlichevergabe.de/api/notices/381fb84b-fd7b-4ba8-b8f9-05fa586da1ff?format=pdf""}, ""all_signals"": [{""signal_type"": ""zuschlag_gewonnen"", ""event_date"": ""2026-09-01"", ""weight"": 6, ""recency"": 0.6, ""icp_fit_dampened"": 0.88, ""confidence"": 0.85, ""confidence_dampened"": 0.91, ""raw"": 2.883, ""source_url"": ""https://oeffentlichevergabe.de/api/notices/381fb84b-fd7b-4ba8-b8f9-05fa586da1ff?format=pdf""}, {""signal_type"": ""zuschlag_gewonnen"", ""event_date"": ""2026-09-01"", ""weight"": 6, ""recency"": 0.6, ""icp_fit_dampened"": 0.88, ""confidence"": 0.72, ""confidence_dampened"": 0.832, ""raw"": 2.636, ""source_url"": ""https://ted.europa.eu/en/notice/-/detail/601301-2026""}]}"
"hackerone inc","24","{""formula"": ""min(best(weight x recency x fit_d x conf_d) + stacking, cap) / cap x 100"", ""tier"": ""B"", ""icp_fit"": 0.8, ""dampening"": ""fit und confidence wirken auf [0.4 .. 1.0]"", ""signal_count"": 2, ""distinct_signal_types"": [""zuschlag_gewonnen""], ""stacking_bonus"": 0.0, ""driver"": {""signal_type"": ""zuschlag_gewonnen"", ""event_date"": ""2026-09-01"", ""weight"": 6, ""recency"": 0.6, ""icp_fit_dampened"": 0.88, ""confidence"": 0.85, ""confidence_dampened"": 0.91, ""raw"": 2.883, ""source_url"": ""https://oeffentlichevergabe.de/api/notices/061aa5db-a85c-4e50-b312-eeb36424ac1e?format=pdf""}, ""all_signals"": [{""signal_type"": ""zuschlag_gewonnen"", ""event_date"": ""2026-09-01"", ""weight"": 6, ""recency"": 0.6, ""icp_fit_dampened"": 0.88, ""confidence"": 0.85, ""confidence_dampened"": 0.91, ""raw"": 2.883, ""source_url"": ""https://oeffentlichevergabe.de/api/notices/061aa5db-a85c-4e50-b312-eeb36424ac1e?format=pdf""}, {""signal_type"": ""zuschlag_gewonnen"", ""event_date"": ""2026-09-01"", ""weight"": 6, ""recency"": 0.6, ""icp_fit_dampened"": 0.88, ""confidence"": 0.72, ""confidence_dampened"": 0.832, ""raw"": 2.636, ""source_url"": ""https://ted.europa.eu/en/notice/-/detail/600540-2026""}]}"
"johnson und johnson medical gmbh geschaeftsbereich electrophysiology","24","{""formula"": ""min(best(weight x recency x fit_d x conf_d) + stacking, cap) / cap x 100"", ""tier"": ""B"", ""icp_fit"": 0.8, ""dampening"": ""fit und confidence wirken auf [0.4 .. 1.0]"", ""signal_count"": 2, ""distinct_signal_types"": [""zuschlag_gewonnen""], ""stacking_bonus"": 0.0, ""driver"": {""signal_type"": ""zuschlag_gewonnen"", ""event_date"": ""2026-09-01"", ""weight"": 6, ""recency"": 0.6, ""icp_fit_dampened"": 0.88, ""confidence"": 0.85, ""confidence_dampened"": 0.91, ""raw"": 2.883, ""source_url"": ""https://oeffentlichevergabe.de/api/notices/fbee3b8e-6476-4034-ba8d-6fb718d48249?format=pdf""}, ""all_signals"": [{""signal_type"": ""zuschlag_gewonnen"", ""event_date"": ""2026-09-01"", ""weight"": 6, ""recency"": 0.6, ""icp_fit_dampened"": 0.88, ""confidence"": 0.85, ""confidence_dampened"": 0.91, ""raw"": 2.883, ""source_url"": ""https://oeffentlichevergabe.de/api/notices/fbee3b8e-6476-4034-ba8d-6fb718d48249?format=pdf""}, {""signal_type"": ""zuschlag_gewonnen"", ""event_date"": ""2026-09-01"", ""weight"": 6, ""recency"": 0.6, ""icp_fit_dampened"": 0.88, ""confidence"": 0.72, ""confidence_dampened"": 0.832, ""raw"": 2.636, ""source_url"": ""https://ted.europa.eu/en/notice/-/detail/600296-2026""}]}"
"bvg00080668","24","{""formula"": ""min(best(weight x recency x fit_d x conf_d) + stacking, cap) / cap x 100"", ""tier"": ""B"", ""icp_fit"": 0.8, ""dampening"": ""fit und confidence wirken auf [0.4 .. 1.0]"", ""signal_count"": 2, ""distinct_signal_types"": [""zuschlag_gewonnen""], ""stacking_bonus"": 0.0, ""driver"": {""signal_type"": ""zuschlag_gewonnen"", ""event_date"": ""2026-09-01"", ""weight"": 6, ""recency"": 0.6, ""icp_fit_dampened"": 0.88, ""confidence"": 0.85, ""confidence_dampened"": 0.91, ""raw"": 2.883, ""source_url"": ""https://oeffentlichevergabe.de/api/notices/6c011efe-fd44-4e0e-b43a-76c92f142a22?format=pdf""}, ""all_signals"": [{""signal_type"": ""zuschlag_gewonnen"", ""event_date"": ""2026-09-01"", ""weight"": 6, ""recency"": 0.6, ""icp_fit_dampened"": 0.88, ""confidence"": 0.85, ""confidence_dampened"": 0.91, ""raw"": 2.883, ""source_url"": ""https://oeffentlichevergabe.de/api/notices/6c011efe-fd44-4e0e-b43a-76c92f142a22?format=pdf""}, {""signal_type"": ""zuschlag_gewonnen"", ""event_date"": ""2026-09-01"", ""weight"": 6, ""recency"": 0.6, ""icp_fit_dampened"": 0.88, ""confidence"": 0.72, ""confidence_dampened"": 0.832, ""raw"": 2.636, ""source_url"": ""https://ted.europa.eu/en/notice/-/detail/600260-2026""}]}"
"reply deutschland","24","{""formula"": ""min(best(weight x recency x fit_d x conf_d) + stacking, cap) / cap x 100"", ""tier"": ""B"", ""icp_fit"": 0.8, ""dampening"": ""fit und confidence wirken auf [0.4 .. 1.0]"", ""signal_count"": 2, ""distinct_signal_types"": [""zuschlag_gewonnen""], ""stacking_bonus"": 0.0, ""driver"": {""signal_type"": ""zuschlag_gewonnen"", ""event_date"": ""2026-09-01"", ""weight"": 6, ""recency"": 0.6, ""icp_fit_dampened"": 0.88, ""confidence"": 0.85, ""confidence_dampened"": 0.91, ""raw"": 2.883, ""source_url"": ""https://oeffentlichevergabe.de/api/notices/469e7bf9-f158-4cfe-b898-7c02051dfdb9?format=pdf""}, ""all_signals"": [{""signal_type"": ""zuschlag_gewonnen"", ""event_date"": ""2026-09-01"", ""weight"": 6, ""recency"": 0.6, ""icp_fit_dampened"": 0.88, ""confidence"": 0.85, ""confidence_dampened"": 0.91, ""raw"": 2.883, ""source_url"": ""https://oeffentlichevergabe.de/api/notices/469e7bf9-f158-4cfe-b898-7c02051dfdb9?format=pdf""}, {""signal_type"": ""zuschlag_gewonnen"", ""event_date"": ""2026-09-01"", ""weight"": 6, ""recency"": 0.6, ""icp_fit_dampened"": 0.88, ""confidence"": 0.72, ""confidence_dampened"": 0.832, ""raw"": 2.636, ""source_url"": ""https://ted.europa.eu/en/notice/-/detail/600254-2026""}]}"
"fnt","24","{""formula"": ""min(best(weight x recency x fit_d x conf_d) + stacking, cap) / cap x 100"", ""tier"": ""B"", ""icp_fit"": 0.8, ""dampening"": ""fit und confidence wirken auf [0.4 .. 1.0]"", ""signal_count"": 2, ""distinct_signal_types"": [""zuschlag_gewonnen""], ""stacking_bonus"": 0.0, ""driver"": {""signal_type"": ""zuschlag_gewonnen"", ""event_date"": ""2026-09-01"", ""weight"": 6, ""recency"": 0.6, ""icp_fit_dampened"": 0.88, ""confidence"": 0.85, ""confidence_dampened"": 0.91, ""raw"": 2.883, ""source_url"": ""https://oeffentlichevergabe.de/api/notices/0ae6051d-0c22-4456-a07a-ce79c6a842ce?format=pdf""}, ""all_signals"": [{""signal_type"": ""zuschlag_gewonnen"", ""event_date"": ""2026-09-01"", ""weight"": 6, ""recency"": 0.6, ""icp_fit_dampened"": 0.88, ""confidence"": 0.85, ""confidence_dampened"": 0.91, ""raw"": 2.883, ""source_url"": ""https://oeffentlichevergabe.de/api/notices/0ae6051d-0c22-4456-a07a-ce79c6a842ce?format=pdf""}, {""signal_type"": ""zuschlag_gewonnen"", ""event_date"": ""2026-09-01"", ""weight"": 6, ""recency"": 0.6, ""icp_fit_dampened"": 0.88, ""confidence"": 0.72, ""confidence_dampened"": 0.832, ""raw"": 2.636, ""source_url"": ""https://ted.europa.eu/en/notice/-/detail/600158-2026""}]}"
"hlkomm-telekommunikations","24","{""formula"": ""min(best(weight x recency x fit_d x conf_d) + stacking, cap) / cap x 100"", ""tier"": ""B"", ""icp_fit"": 0.8, ""dampening"": ""fit und confidence wirken auf [0.4 .. 1.0]"", ""signal_count"": 2, ""distinct_signal_types"": [""zuschlag_gewonnen""], ""stacking_bonus"": 0.0, ""driver"": {""signal_type"": ""zuschlag_gewonnen"", ""event_date"": ""2026-09-01"", ""weight"": 6, ""recency"": 0.6, ""icp_fit_dampened"": 0.88, ""confidence"": 0.85, ""confidence_dampened"": 0.91, ""raw"": 2.883, ""source_url"": ""https://oeffentlichevergabe.de/api/notices/86ed6306-e3a2-4f7b-ae42-8c8817c7a545?format=pdf""}, ""all_signals"": [{""signal_type"": ""zuschlag_gewonnen"", ""event_date"": ""2026-09-01"", ""weight"": 6, ""recency"": 0.6, ""icp_fit_dampened"": 0.88, ""confidence"": 0.85, ""confidence_dampened"": 0.91, ""raw"": 2.883, ""source_url"": ""https://oeffentlichevergabe.de/api/notices/86ed6306-e3a2-4f7b-ae42-8c8817c7a545?format=pdf""}, {""signal_type"": ""zuschlag_gewonnen"", ""event_date"": ""2026-09-01"", ""weight"": 6, ""recency"": 0.6, ""icp_fit_dampened"": 0.88, ""confidence"": 0.72, ""confidence_dampened"": 0.832, ""raw"": 2.636, ""source_url"": ""https://ted.europa.eu/en/notice/-/detail/600084-2026""}]}"
"tuev informationstechnik gmbh unternehmensgruppe tuev nord","24","{""formula"": ""min(best(weight x recency x fit_d x conf_d) + stacking, cap) / cap x 100"", ""tier"": ""B"", ""icp_fit"": 0.8, ""dampening"": ""fit und confidence wirken auf [0.4 .. 1.0]"", ""signal_count"": 2, ""distinct_signal_types"": [""zuschlag_gewonnen""], ""stacking_bonus"": 0.0, ""driver"": {""signal_type"": ""zuschlag_gewonnen"", ""event_date"": ""2026-08-30"", ""weight"": 6, ""recency"": 0.6, ""icp_fit_dampened"": 0.88, ""confidence"": 0.85, ""confidence_dampened"": 0.91, ""raw"": 2.883, ""source_url"": ""https://oeffentlichevergabe.de/api/notices/ca7850c5-ea16-4703-912d-9e56f6af8e03?format=pdf""}, ""all_signals"": [{""signal_type"": ""zuschlag_gewonnen"", ""event_date"": ""2026-08-30"", ""weight"": 6, ""recency"": 0.6, ""icp_fit_dampened"": 0.88, ""confidence"": 0.85, ""confidence_dampened"": 0.91, ""raw"": 2.883, ""source_url"": ""https://oeffentlichevergabe.de/api/notices/ca7850c5-ea16-4703-912d-9e56f6af8e03?format=pdf""}, {""signal_type"": ""zuschlag_gewonnen"", ""event_date"": ""2026-08-31"", ""weight"": 6, ""recency"": 0.6, ""icp_fit_dampened"": 0.88, ""confidence"": 0.72, ""confidence_dampened"": 0.832, ""raw"": 2.636, ""source_url"": ""https://ted.europa.eu/en/notice/-/detail/598756-2026""}]}"
"customquake","24","{""formula"": ""min(best(weight x recency x fit_d x conf_d) + stacking, cap) / cap x 100"", ""tier"": ""B"", ""icp_fit"": 0.8, ""dampening"": ""fit und confidence wirken auf [0.4 .. 1.0]"", ""signal_count"": 2, ""distinct_signal_types"": [""zuschlag_gewonnen""], ""stacking_bonus"": 0.0, ""driver"": {""signal_type"": ""zuschlag_gewonnen"", ""event_date"": ""2026-08-29"", ""weight"": 6, ""recency"": 0.6, ""icp_fit_dampened"": 0.88, ""confidence"": 0.85, ""confidence_dampened"": 0.91, ""raw"": 2.883, ""source_url"": ""https://oeffentlichevergabe.de/api/notices/314a4dfe-450f-456b-b540-67f956894fa4?format=pdf""}, ""all_signals"": [{""signal_type"": ""zuschlag_gewonnen"", ""event_date"": ""2026-08-29"", ""weight"": 6, ""recency"": 0.6, ""icp_fit_dampened"": 0.88, ""confidence"": 0.85, ""confidence_dampened"": 0.91, ""raw"": 2.883, ""source_url"": ""https://oeffentlichevergabe.de/api/notices/314a4dfe-450f-456b-b540-67f956894fa4?format=pdf""}, {""signal_type"": ""zuschlag_gewonnen"", ""event_date"": ""2026-08-31"", ""weight"": 6, ""recency"": 0.6, ""icp_fit_dampened"": 0.88, ""confidence"": 0.72, ""confidence_dampened"": 0.832, ""raw"": 2.636, ""source_url"": ""https://ted.europa.eu/en/notice/-/detail/598115-2026""}]}"
"better decisions","24","{""formula"": ""min(best(weight x recency x fit_d x conf_d) + stacking, cap) / cap x 100"", ""tier"": ""B"", ""icp_fit"": 0.8, ""dampening"": ""fit und confidence wirken auf [0.4 .. 1.0]"", ""signal_count"": 2, ""distinct_signal_types"": [""zuschlag_gewonnen""], ""stacking_bonus"": 0.0, ""driver"": {""signal_type"": ""zuschlag_gewonnen"", ""event_date"": ""2026-08-30"", ""weight"": 6, ""recency"": 0.6, ""icp_fit_dampened"": 0.88, ""confidence"": 0.85, ""confidence_dampened"": 0.91, ""raw"": 2.883, ""source_url"": ""https://oeffentlichevergabe.de/api/notices/5d8d34c3-1811-4dc3-a935-05820f78c3dc?format=pdf""}, ""all_signals"": [{""signal_type"": ""zuschlag_gewonnen"", ""event_date"": ""2026-08-30"", ""weight"": 6, ""recency"": 0.6, ""icp_fit_dampened"": 0.88, ""confidence"": 0.85, ""confidence_dampened"": 0.91, ""raw"": 2.883, ""source_url"": ""https://oeffentlichevergabe.de/api/notices/5d8d34c3-1811-4dc3-a935-05820f78c3dc?format=pdf""}, {""signal_type"": ""zuschlag_gewonnen"", ""event_date"": ""2026-08-31"", ""weight"": 6, ""recency"": 0.6, ""icp_fit_dampened"": 0.88, ""confidence"": 0.72, ""confidence_dampened"": 0.832, ""raw"": 2.636, ""source_url"": ""https://ted.europa.eu/en/notice/-/detail/597886-2026""}]}"
"grant thornton","24","{""formula"": ""min(best(weight x recency x fit_d x conf_d) + stacking, cap) / cap x 100"", ""tier"": ""B"", ""icp_fit"": 0.8, ""dampening"": ""fit und confidence wirken auf [0.4 .. 1.0]"", ""signal_count"": 2, ""distinct_signal_types"": [""zuschlag_gewonnen""], ""stacking_bonus"": 0.0, ""driver"": {""signal_type"": ""zuschlag_gewonnen"", ""event_date"": ""2026-08-30"", ""weight"": 6, ""recency"": 0.6, ""icp_fit_dampened"": 0.88, ""confidence"": 0.85, ""confidence_dampened"": 0.91, ""raw"": 2.883, ""source_url"": ""https://oeffentlichevergabe.de/api/notices/3c7816f4-77f0-4a9a-93f8-d05ad3bf54a1?format=pdf""}, ""all_signals"": [{""signal_type"": ""zuschlag_gewonnen"", ""event_date"": ""2026-08-30"", ""weight"": 6, ""recency"": 0.6, ""icp_fit_dampened"": 0.88, ""confidence"": 0.85, ""confidence_dampened"": 0.91, ""raw"": 2.883, ""source_url"": ""https://oeffentlichevergabe.de/api/notices/3c7816f4-77f0-4a9a-93f8-d05ad3bf54a1?format=pdf""}, {""signal_type"": ""zuschlag_gewonnen"", ""event_date"": ""2026-08-31"", ""weight"": 6, ""recency"": 0.6, ""icp_fit_dampened"": 0.88, ""confidence"": 0.72, ""confidence_dampened"": 0.832, ""raw"": 2.636, ""source_url"": ""https://ted.europa.eu/en/notice/-/detail/597264-2026""}]}"
"it-service mario schatz","24","{""formula"": ""min(best(weight x recency x fit_d x conf_d) + stacking, cap) / cap x 100"", ""tier"": ""B"", ""icp_fit"": 0.8, ""dampening"": ""fit und confidence wirken auf [0.4 .. 1.0]"", ""signal_count"": 2, ""distinct_signal_types"": [""zuschlag_gewonnen""], ""stacking_bonus"": 0.0, ""driver"": {""signal_type"": ""zuschlag_gewonnen"", ""event_date"": ""2026-08-30"", ""weight"": 6, ""recency"": 0.6, ""icp_fit_dampened"": 0.88, ""confidence"": 0.85, ""confidence_dampened"": 0.91, ""raw"": 2.883, ""source_url"": ""https://oeffentlichevergabe.de/api/notices/29252dc6-b901-412f-8d99-8b131554f05d?format=pdf""}, ""all_signals"": [{""signal_type"": ""zuschlag_gewonnen"", ""event_date"": ""2026-08-30"", ""weight"": 6, ""recency"": 0.6, ""icp_fit_dampened"": 0.88, ""confidence"": 0.85, ""confidence_dampened"": 0.91, ""raw"": 2.883, ""source_url"": ""https://oeffentlichevergabe.de/api/notices/29252dc6-b901-412f-8d99-8b131554f05d?format=pdf""}, {""signal_type"": ""zuschlag_gewonnen"", ""event_date"": ""2026-08-31"", ""weight"": 6, ""recency"": 0.6, ""icp_fit_dampened"": 0.88, ""confidence"": 0.72, ""confidence_dampened"": 0.832, ""raw"": 2.636, ""source_url"": ""https://ted.europa.eu/en/notice/-/detail/596786-2026""}]}"
"saga tenix as","24","{""formula"": ""min(best(weight x recency x fit_d x conf_d) + stacking, cap) / cap x 100"", ""tier"": ""B"", ""icp_fit"": 0.8, ""dampening"": ""fit und confidence wirken auf [0.4 .. 1.0]"", ""signal_count"": 2, ""distinct_signal_types"": [""zuschlag_gewonnen""], ""stacking_bonus"": 0.0, ""driver"": {""signal_type"": ""zuschlag_gewonnen"", ""event_date"": ""2026-08-28"", ""weight"": 6, ""recency"": 0.6, ""icp_fit_dampened"": 0.88, ""confidence"": 0.85, ""confidence_dampened"": 0.91, ""raw"": 2.883, ""source_url"": ""https://oeffentlichevergabe.de/api/notices/982ed30f-d0dc-48da-a375-d6115e65bdc6?format=pdf""}, ""all_signals"": [{""signal_type"": ""zuschlag_gewonnen"", ""event_date"": ""2026-08-28"", ""weight"": 6, ""recency"": 0.6, ""icp_fit_dampened"": 0.88, ""confidence"": 0.85, ""confidence_dampened"": 0.91, ""raw"": 2.883, ""source_url"": ""https://oeffentlichevergabe.de/api/notices/982ed30f-d0dc-48da-a375-d6115e65bdc6?format=pdf""}, {""signal_type"": ""zuschlag_gewonnen"", ""event_date"": ""2026-08-28"", ""weight"": 6, ""recency"": 0.6, ""icp_fit_dampened"": 0.88, ""confidence"": 0.72, ""confidence_dampened"": 0.832, ""raw"": 2.636, ""source_url"": ""https://ted.europa.eu/en/notice/-/detail/596240-2026""}]}"
"fsas","24","{""formula"": ""min(best(weight x recency x fit_d x conf_d) + stacking, cap) / cap x 100"", ""tier"": ""B"", ""icp_fit"": 0.8, ""dampening"": ""fit und confidence wirken auf [0.4 .. 1.0]"", ""signal_count"": 3, ""distinct_signal_types"": [""zuschlag_gewonnen""], ""stacking_bonus"": 0.0, ""driver"": {""signal_type"": ""zuschlag_gewonnen"", ""event_date"": ""2026-08-28"", ""weight"": 6, ""recency"": 0.6, ""icp_fit_dampened"": 0.88, ""confidence"": 0.85, ""confidence_dampened"": 0.91, ""raw"": 2.883, ""source_url"": ""https://oeffentlichevergabe.de/api/notices/ce54a521-3f68-47d8-9c53-d2885f02773e?format=pdf""}, ""all_signals"": [{""signal_type"": ""zuschlag_gewonnen"", ""event_date"": ""2026-08-28"", ""weight"": 6, ""recency"": 0.6, ""icp_fit_dampened"": 0.88, ""confidence"": 0.85, ""confidence_dampened"": 0.91, ""raw"": 2.883, ""source_url"": ""https://oeffentlichevergabe.de/api/notices/ce54a521-3f68-47d8-9c53-d2885f02773e?format=pdf""}, {""signal_type"": ""zuschlag_gewonnen"", ""event_date"": ""2026-08-28"", ""weight"": 6, ""recency"": 0.6, ""icp_fit_dampened"": 0.88, ""confidence"": 0.72, ""confidence_dampened"": 0.832, ""raw"": 2.636, ""source_url"": ""https://ted.europa.eu/en/notice/-/detail/596156-2026""}, {""signal_type"": ""zuschlag_gewonnen"", ""event_date"": ""2026-08-28"", ""weight"": 6, ""recency"": 0.6, ""icp_fit_dampened"": 0.88, ""confidence"": 0.72, ""confidence_dampened"": 0.832, ""raw"": 2.636, ""source_url"": ""https://ted.europa.eu/en/notice/-/detail/593817-2026""}]}"
"rheinmetall electronics","24","{""formula"": ""min(best(weight x recency x fit_d x conf_d) + stacking, cap) / cap x 100"", ""tier"": ""B"", ""icp_fit"": 0.8, ""dampening"": ""fit und confidence wirken auf [0.4 .. 1.0]"", ""signal_count"": 2, ""distinct_signal_types"": [""zuschlag_gewonnen""], ""stacking_bonus"": 0.0, ""driver"": {""signal_type"": ""zuschlag_gewonnen"", ""event_date"": ""2026-08-28"", ""weight"": 6, ""recency"": 0.6, ""icp_fit_dampened"": 0.88, ""confidence"": 0.85, ""confidence_dampened"": 0.91, ""raw"": 2.883, ""source_url"": ""https://oeffentlichevergabe.de/api/notices/f36a3044-7730-4453-8646-4d0ce7f3840b?format=pdf""}, ""all_signals"": [{""signal_type"": ""zuschlag_gewonnen"", ""event_date"": ""2026-08-28"", ""weight"": 6, ""recency"": 0.6, ""icp_fit_dampened"": 0.88, ""confidence"": 0.85, ""confidence_dampened"": 0.91, ""raw"": 2.883, ""source_url"": ""https://oeffentlichevergabe.de/api/notices/f36a3044-7730-4453-8646-4d0ce7f3840b?format=pdf""}, {""signal_type"": ""zuschlag_gewonnen"", ""event_date"": ""2026-08-28"", ""weight"": 6, ""recency"": 0.6, ""icp_fit_dampened"": 0.88, ""confidence"": 0.72, ""confidence_dampened"": 0.832, ""raw"": 2.636, ""source_url"": ""https://ted.europa.eu/en/notice/-/detail/595036-2026""}]}"
"dalux germany","24","{""formula"": ""min(best(weight x recency x fit_d x conf_d) + stacking, cap) / cap x 100"", ""tier"": ""B"", ""icp_fit"": 0.8, ""dampening"": ""fit und confidence wirken auf [0.4 .. 1.0]"", ""signal_count"": 2, ""distinct_signal_types"": [""zuschlag_gewonnen""], ""stacking_bonus"": 0.0, ""driver"": {""signal_type"": ""zuschlag_gewonnen"", ""event_date"": ""2026-08-28"", ""weight"": 6, ""recency"": 0.6, ""icp_fit_dampened"": 0.88, ""confidence"": 0.85, ""confidence_dampened"": 0.91, ""raw"": 2.883, ""source_url"": ""https://oeffentlichevergabe.de/api/notices/57454f94-c691-4a05-abb0-38ddb4a8c5c1?format=pdf""}, ""all_signals"": [{""signal_type"": ""zuschlag_gewonnen"", ""event_date"": ""2026-08-28"", ""weight"": 6, ""recency"": 0.6, ""icp_fit_dampened"": 0.88, ""confidence"": 0.85, ""confidence_dampened"": 0.91, ""raw"": 2.883, ""source_url"": ""https://oeffentlichevergabe.de/api/notices/57454f94-c691-4a05-abb0-38ddb4a8c5c1?format=pdf""}, {""signal_type"": ""zuschlag_gewonnen"", ""event_date"": ""2026-08-28"", ""weight"": 6, ""recency"": 0.6, ""icp_fit_dampened"": 0.88, ""confidence"": 0.72, ""confidence_dampened"": 0.832, ""raw"": 2.636, ""source_url"": ""https://ted.europa.eu/en/notice/-/detail/594313-2026""}]}"
"deutsche post e-post solutions","24","{""formula"": ""min(best(weight x recency x fit_d x conf_d) + stacking, cap) / cap x 100"", ""tier"": ""B"", ""icp_fit"": 0.8, ""dampening"": ""fit und confidence wirken auf [0.4 .. 1.0]"", ""signal_count"": 2, ""distinct_signal_types"": [""zuschlag_gewonnen""], ""stacking_bonus"": 0.0, ""driver"": {""signal_type"": ""zuschlag_gewonnen"", ""event_date"": ""2026-08-28"", ""weight"": 6, ""recency"": 0.6, ""icp_fit_dampened"": 0.88, ""confidence"": 0.85, ""confidence_dampened"": 0.91, ""raw"": 2.883, ""source_url"": ""https://oeffentlichevergabe.de/api/notices/86787c98-b679-411c-9333-7fd4aba3d4ac?format=pdf""}, ""all_signals"": [{""signal_type"": ""zuschlag_gewonnen"", ""event_date"": ""2026-08-28"", ""weight"": 6, ""recency"": 0.6, ""icp_fit_dampened"": 0.88, ""confidence"": 0.85, ""confidence_dampened"": 0.91, ""raw"": 2.883, ""source_url"": ""https://oeffentlichevergabe.de/api/notices/86787c98-b679-411c-9333-7fd4aba3d4ac?format=pdf""}, {""signal_type"": ""zuschlag_gewonnen"", ""event_date"": ""2026-08-28"", ""weight"": 6, ""recency"": 0.6, ""icp_fit_dampened"": 0.88, ""confidence"": 0.72, ""confidence_dampened"": 0.832, ""raw"": 2.636, ""source_url"": ""https://ted.europa.eu/en/notice/-/detail/594185-2026""}]}"
"nttcable deutschland","24","{""formula"": ""min(best(weight x recency x fit_d x conf_d) + stacking, cap) / cap x 100"", ""tier"": ""B"", ""icp_fit"": 0.8, ""dampening"": ""fit und confidence wirken auf [0.4 .. 1.0]"", ""signal_count"": 2, ""distinct_signal_types"": [""zuschlag_gewonnen""], ""stacking_bonus"": 0.0, ""driver"": {""signal_type"": ""zuschlag_gewonnen"", ""event_date"": ""2026-08-28"", ""weight"": 6, ""recency"": 0.6, ""icp_fit_dampened"": 0.88, ""confidence"": 0.85, ""confidence_dampened"": 0.91, ""raw"": 2.883, ""source_url"": ""https://oeffentlichevergabe.de/api/notices/0ca3513d-0d28-42d5-898e-b6f2bc9f0a7a?format=pdf""}, ""all_signals"": [{""signal_type"": ""zuschlag_gewonnen"", ""event_date"": ""2026-08-28"", ""weight"": 6, ""recency"": 0.6, ""icp_fit_dampened"": 0.88, ""confidence"": 0.85, ""confidence_dampened"": 0.91, ""raw"": 2.883, ""source_url"": ""https://oeffentlichevergabe.de/api/notices/0ca3513d-0d28-42d5-898e-b6f2bc9f0a7a?format=pdf""}, {""signal_type"": ""zuschlag_gewonnen"", ""event_date"": ""2026-08-28"", ""weight"": 6, ""recency"": 0.6, ""icp_fit_dampened"": 0.88, ""confidence"": 0.72, ""confidence_dampened"": 0.832, ""raw"": 2.636, ""source_url"": ""https://ted.europa.eu/en/notice/-/detail/593684-2026""}]}"
"datagroup rhein-main","24","{""formula"": ""min(best(weight x recency x fit_d x conf_d) + stacking, cap) / cap x 100"", ""tier"": ""B"", ""icp_fit"": 0.8, ""dampening"": ""fit und confidence wirken auf [0.4 .. 1.0]"", ""signal_count"": 2, ""distinct_signal_types"": [""zuschlag_gewonnen""], ""stacking_bonus"": 0.0, ""driver"": {""signal_type"": ""zuschlag_gewonnen"", ""event_date"": ""2026-08-27"", ""weight"": 6, ""recency"": 0.6, ""icp_fit_dampened"": 0.88, ""confidence"": 0.85, ""confidence_dampened"": 0.91, ""raw"": 2.883, ""source_url"": ""https://oeffentlichevergabe.de/api/notices/82f9cbbf-4928-4e73-9cc7-4d5a58075116?format=pdf""}, ""all_signals"": [{""signal_type"": ""zuschlag_gewonnen"", ""event_date"": ""2026-08-27"", ""weight"": 6, ""recency"": 0.6, ""icp_fit_dampened"": 0.88, ""confidence"": 0.85, ""confidence_dampened"": 0.91, ""raw"": 2.883, ""source_url"": ""https://oeffentlichevergabe.de/api/notices/82f9cbbf-4928-4e73-9cc7-4d5a58075116?format=pdf""}, {""signal_type"": ""zuschlag_gewonnen"", ""event_date"": ""2026-08-27"", ""weight"": 6, ""recency"": 0.6, ""icp_fit_dampened"": 0.88, ""confidence"": 0.72, ""confidence_dampened"": 0.832, ""raw"": 2.636, ""source_url"": ""https://ted.europa.eu/en/notice/-/detail/593120-2026""}]}"
"weinrich","24","{""formula"": ""min(best(weight x recency x fit_d x conf_d) + stacking, cap) / cap x 100"", ""tier"": ""B"", ""icp_fit"": 0.8, ""dampening"": ""fit und confidence wirken auf [0.4 .. 1.0]"", ""signal_count"": 2, ""distinct_signal_types"": [""zuschlag_gewonnen""], ""stacking_bonus"": 0.0, ""driver"": {""signal_type"": ""zuschlag_gewonnen"", ""event_date"": ""2026-08-27"", ""weight"": 6, ""recency"": 0.6, ""icp_fit_dampened"": 0.88, ""confidence"": 0.85, ""confidence_dampened"": 0.91, ""raw"": 2.883, ""source_url"": ""https://oeffentlichevergabe.de/api/notices/3373106b-5d79-4542-a341-2f379e6be5e3?format=pdf""}, ""all_signals"": [{""signal_type"": ""zuschlag_gewonnen"", ""event_date"": ""2026-08-27"", ""weight"": 6, ""recency"": 0.6, ""icp_fit_dampened"": 0.88, ""confidence"": 0.85, ""confidence_dampened"": 0.91, ""raw"": 2.883, ""source_url"": ""https://oeffentlichevergabe.de/api/notices/3373106b-5d79-4542-a341-2f379e6be5e3?format=pdf""}, {""signal_type"": ""zuschlag_gewonnen"", ""event_date"": ""2026-08-27"", ""weight"": 6, ""recency"": 0.6, ""icp_fit_dampened"": 0.88, ""confidence"": 0.72, ""confidence_dampened"": 0.832, ""raw"": 2.636, ""source_url"": ""https://ted.europa.eu/en/notice/-/detail/592672-2026""}]}"
"opentext","24","{""formula"": ""min(best(weight x recency x fit_d x conf_d) + stacking, cap) / cap x 100"", ""tier"": ""B"", ""icp_fit"": 0.8, ""dampening"": ""fit und confidence wirken auf [0.4 .. 1.0]"", ""signal_count"": 2, ""distinct_signal_types"": [""zuschlag_gewonnen""], ""stacking_bonus"": 0.0, ""driver"": {""signal_type"": ""zuschlag_gewonnen"", ""event_date"": ""2026-08-27"", ""weight"": 6, ""recency"": 0.6, ""icp_fit_dampened"": 0.88, ""confidence"": 0.85, ""confidence_dampened"": 0.91, ""raw"": 2.883, ""source_url"": ""https://oeffentlichevergabe.de/api/notices/34ad1afa-2fc3-431f-b9ba-28e34f404901?format=pdf""}, ""all_signals"": [{""signal_type"": ""zuschlag_gewonnen"", ""event_date"": ""2026-08-27"", ""weight"": 6, ""recency"": 0.6, ""icp_fit_dampened"": 0.88, ""confidence"": 0.85, ""confidence_dampened"": 0.91, ""raw"": 2.883, ""source_url"": ""https://oeffentlichevergabe.de/api/notices/34ad1afa-2fc3-431f-b9ba-28e34f404901?format=pdf""}, {""signal_type"": ""zuschlag_gewonnen"", ""event_date"": ""2026-08-27"", ""weight"": 6, ""recency"": 0.6, ""icp_fit_dampened"": 0.88, ""confidence"": 0.72, ""confidence_dampened"": 0.832, ""raw"": 2.636, ""source_url"": ""https://ted.europa.eu/en/notice/-/detail/590503-2026""}]}"
"okadis consulting","24","{""formula"": ""min(best(weight x recency x fit_d x conf_d) + stacking, cap) / cap x 100"", ""tier"": ""B"", ""icp_fit"": 0.8, ""dampening"": ""fit und confidence wirken auf [0.4 .. 1.0]"", ""signal_count"": 1, ""distinct_signal_types"": [""zuschlag_gewonnen""], ""stacking_bonus"": 0.0, ""driver"": {""signal_type"": ""zuschlag_gewonnen"", ""event_date"": ""2026-08-27"", ""weight"": 6, ""recency"": 0.6, ""icp_fit_dampened"": 0.88, ""confidence"": 0.85, ""confidence_dampened"": 0.91, ""raw"": 2.883, ""source_url"": ""https://oeffentlichevergabe.de/api/notices/62ec7930-edd2-40e3-a71f-8b703518e1e6?format=pdf""}, ""all_signals"": [{""signal_type"": ""zuschlag_gewonnen"", ""event_date"": ""2026-08-27"", ""weight"": 6, ""recency"": 0.6, ""icp_fit_dampened"": 0.88, ""confidence"": 0.85, ""confidence_dampened"": 0.91, ""raw"": 2.883, ""source_url"": ""https://oeffentlichevergabe.de/api/notices/62ec7930-edd2-40e3-a71f-8b703518e1e6?format=pdf""}]}"
"nomad digital","24","{""formula"": ""min(best(weight x recency x fit_d x conf_d) + stacking, cap) / cap x 100"", ""tier"": ""B"", ""icp_fit"": 0.8, ""dampening"": ""fit und confidence wirken auf [0.4 .. 1.0]"", ""signal_count"": 2, ""distinct_signal_types"": [""zuschlag_gewonnen""], ""stacking_bonus"": 0.0, ""driver"": {""signal_type"": ""zuschlag_gewonnen"", ""event_date"": ""2026-08-26"", ""weight"": 6, ""recency"": 0.6, ""icp_fit_dampened"": 0.88, ""confidence"": 0.85, ""confidence_dampened"": 0.91, ""raw"": 2.883, ""source_url"": ""https://oeffentlichevergabe.de/api/notices/bad1c293-ff4a-4310-87d1-cdd6860848e7?format=pdf""}, ""all_signals"": [{""signal_type"": ""zuschlag_gewonnen"", ""event_date"": ""2026-08-26"", ""weight"": 6, ""recency"": 0.6, ""icp_fit_dampened"": 0.88, ""confidence"": 0.85, ""confidence_dampened"": 0.91, ""raw"": 2.883, ""source_url"": ""https://oeffentlichevergabe.de/api/notices/bad1c293-ff4a-4310-87d1-cdd6860848e7?format=pdf""}, {""signal_type"": ""zuschlag_gewonnen"", ""event_date"": ""2026-08-26"", ""weight"": 6, ""recency"": 0.6, ""icp_fit_dampened"": 0.88, ""confidence"": 0.72, ""confidence_dampened"": 0.832, ""raw"": 2.636, ""source_url"": ""https://ted.europa.eu/en/notice/-/detail/590010-2026""}]}"
"civillent","24","{""formula"": ""min(best(weight x recency x fit_d x conf_d) + stacking, cap) / cap x 100"", ""tier"": ""B"", ""icp_fit"": 0.8, ""dampening"": ""fit und confidence wirken auf [0.4 .. 1.0]"", ""signal_count"": 2, ""distinct_signal_types"": [""zuschlag_gewonnen""], ""stacking_bonus"": 0.0, ""driver"": {""signal_type"": ""zuschlag_gewonnen"", ""event_date"": ""2026-08-26"", ""weight"": 6, ""recency"": 0.6, ""icp_fit_dampened"": 0.88, ""confidence"": 0.85, ""confidence_dampened"": 0.91, ""raw"": 2.883, ""source_url"": ""https://oeffentlichevergabe.de/api/notices/72099245-cb0a-4ab9-9d08-8d32caffed8d?format=pdf""}, ""all_signals"": [{""signal_type"": ""zuschlag_gewonnen"", ""event_date"": ""2026-08-26"", ""weight"": 6, ""recency"": 0.6, ""icp_fit_dampened"": 0.88, ""confidence"": 0.85, ""confidence_dampened"": 0.91, ""raw"": 2.883, ""source_url"": ""https://oeffentlichevergabe.de/api/notices/72099245-cb0a-4ab9-9d08-8d32caffed8d?format=pdf""}, {""signal_type"": ""zuschlag_gewonnen"", ""event_date"": ""2026-08-26"", ""weight"": 6, ""recency"": 0.6, ""icp_fit_dampened"": 0.88, ""confidence"": 0.72, ""confidence_dampened"": 0.832, ""raw"": 2.636, ""source_url"": ""https://ted.europa.eu/en/notice/-/detail/589873-2026""}]}"
"imory one","24","{""formula"": ""min(best(weight x recency x fit_d x conf_d) + stacking, cap) / cap x 100"", ""tier"": ""B"", ""icp_fit"": 0.8, ""dampening"": ""fit und confidence wirken auf [0.4 .. 1.0]"", ""signal_count"": 2, ""distinct_signal_types"": [""zuschlag_gewonnen""], ""stacking_bonus"": 0.0, ""driver"": {""signal_type"": ""zuschlag_gewonnen"", ""event_date"": ""2026-08-26"", ""weight"": 6, ""recency"": 0.6, ""icp_fit_dampened"": 0.88, ""confidence"": 0.85, ""confidence_dampened"": 0.91, ""raw"": 2.883, ""source_url"": ""https://oeffentlichevergabe.de/api/notices/2373e5a0-8540-40ad-a50f-0780d6d7e868?format=pdf""}, ""all_signals"": [{""signal_type"": ""zuschlag_gewonnen"", ""event_date"": ""2026-08-26"", ""weight"": 6, ""recency"": 0.6, ""icp_fit_dampened"": 0.88, ""confidence"": 0.85, ""confidence_dampened"": 0.91, ""raw"": 2.883, ""source_url"": ""https://oeffentlichevergabe.de/api/notices/2373e5a0-8540-40ad-a50f-0780d6d7e868?format=pdf""}, {""signal_type"": ""zuschlag_gewonnen"", ""event_date"": ""2026-08-26"", ""weight"": 6, ""recency"": 0.6, ""icp_fit_dampened"": 0.88, ""confidence"": 0.72, ""confidence_dampened"": 0.832, ""raw"": 2.636, ""source_url"": ""https://ted.europa.eu/en/notice/-/detail/589752-2026""}]}"
"daehn dienstleistungs-","24","{""formula"": ""min(best(weight x recency x fit_d x conf_d) + stacking, cap) / cap x 100"", ""tier"": ""B"", ""icp_fit"": 0.8, ""dampening"": ""fit und confidence wirken auf [0.4 .. 1.0]"", ""signal_count"": 4, ""distinct_signal_types"": [""zuschlag_gewonnen""], ""stacking_bonus"": 0.0, ""driver"": {""signal_type"": ""zuschlag_gewonnen"", ""event_date"": ""2026-08-26"", ""weight"": 6, ""recency"": 0.6, ""icp_fit_dampened"": 0.88, ""confidence"": 0.85, ""confidence_dampened"": 0.91, ""raw"": 2.883, ""source_url"": ""https://oeffentlichevergabe.de/api/notices/5e3ece85-c112-4c1d-8fc3-edc7be1f27d6?format=pdf""}, ""all_signals"": [{""signal_type"": ""zuschlag_gewonnen"", ""event_date"": ""2026-08-26"", ""weight"": 6, ""recency"": 0.6, ""icp_fit_dampened"": 0.88, ""confidence"": 0.85, ""confidence_dampened"": 0.91, ""raw"": 2.883, ""source_url"": ""https://oeffentlichevergabe.de/api/notices/5e3ece85-c112-4c1d-8fc3-edc7be1f27d6?format=pdf""}, {""signal_type"": ""zuschlag_gewonnen"", ""event_date"": ""2026-08-26"", ""weight"": 6, ""recency"": 0.6, ""icp_fit_dampened"": 0.88, ""confidence"": 0.85, ""confidence_dampened"": 0.91, ""raw"": 2.883, ""source_url"": ""https://oeffentlichevergabe.de/api/notices/2da5d24d-1c77-40d4-8c84-80ab30e66b71?format=pdf""}, {""signal_type"": ""zuschlag_gewonnen"", ""event_date"": ""2026-08-26"", ""weight"": 6, ""recency"": 0.6, ""icp_fit_dampened"": 0.88, ""confidence"": 0.72, ""confidence_dampened"": 0.832, ""raw"": 2.636, ""source_url"": ""https://ted.europa.eu/en/notice/-/detail/589712-2026""}, {""signal_type"": ""zuschlag_gewonnen"", ""event_date"": ""2026-08-26"", ""weight"": 6, ""recency"": 0.6, ""icp_fit_dampened"": 0.88, ""confidence"": 0.72, ""confidence_dampened"": 0.832, ""raw"": 2.636, ""source_url"": ""https://ted.europa.eu/en/notice/-/detail/588192-2026""}]}"
"kpmg ag wirtschaftspruefungsgesellschaft","24","{""formula"": ""min(best(weight x recency x fit_d x conf_d) + stacking, cap) / cap x 100"", ""tier"": ""B"", ""icp_fit"": 0.8, ""dampening"": ""fit und confidence wirken auf [0.4 .. 1.0]"", ""signal_count"": 2, ""distinct_signal_types"": [""zuschlag_gewonnen""], ""stacking_bonus"": 0.0, ""driver"": {""signal_type"": ""zuschlag_gewonnen"", ""event_date"": ""2026-08-26"", ""weight"": 6, ""recency"": 0.6, ""icp_fit_dampened"": 0.88, ""confidence"": 0.85, ""confidence_dampened"": 0.91, ""raw"": 2.883, ""source_url"": ""https://oeffentlichevergabe.de/api/notices/8d5aa86a-4f96-4d0a-b131-50316b209ed2?format=pdf""}, ""all_signals"": [{""signal_type"": ""zuschlag_gewonnen"", ""event_date"": ""2026-08-26"", ""weight"": 6, ""recency"": 0.6, ""icp_fit_dampened"": 0.88, ""confidence"": 0.85, ""confidence_dampened"": 0.91, ""raw"": 2.883, ""source_url"": ""https://oeffentlichevergabe.de/api/notices/8d5aa86a-4f96-4d0a-b131-50316b209ed2?format=pdf""}, {""signal_type"": ""zuschlag_gewonnen"", ""event_date"": ""2026-08-26"", ""weight"": 6, ""recency"": 0.6, ""icp_fit_dampened"": 0.88, ""confidence"": 0.72, ""confidence_dampened"": 0.832, ""raw"": 2.636, ""source_url"": ""https://ted.europa.eu/en/notice/-/detail/588145-2026""}]}"
"dr klein wowi digital ag heidestr 8 10557 berlin","24","{""formula"": ""min(best(weight x recency x fit_d x conf_d) + stacking, cap) / cap x 100"", ""tier"": ""B"", ""icp_fit"": 0.8, ""dampening"": ""fit und confidence wirken auf [0.4 .. 1.0]"", ""signal_count"": 1, ""distinct_signal_types"": [""zuschlag_gewonnen""], ""stacking_bonus"": 0.0, ""driver"": {""signal_type"": ""zuschlag_gewonnen"", ""event_date"": ""2026-08-26"", ""weight"": 6, ""recency"": 0.6, ""icp_fit_dampened"": 0.88, ""confidence"": 0.85, ""confidence_dampened"": 0.91, ""raw"": 2.883, ""source_url"": ""https://oeffentlichevergabe.de/api/notices/53375c07-a618-4a6a-939f-d82a2aadfa98?format=pdf""}, ""all_signals"": [{""signal_type"": ""zuschlag_gewonnen"", ""event_date"": ""2026-08-26"", ""weight"": 6, ""recency"": 0.6, ""icp_fit_dampened"": 0.88, ""confidence"": 0.85, ""confidence_dampened"": 0.91, ""raw"": 2.883, ""source_url"": ""https://oeffentlichevergabe.de/api/notices/53375c07-a618-4a6a-939f-d82a2aadfa98?format=pdf""}]}"
"ovh","24","{""formula"": ""min(best(weight x recency x fit_d x conf_d) + stacking, cap) / cap x 100"", ""tier"": ""B"", ""icp_fit"": 0.8, ""dampening"": ""fit und confidence wirken auf [0.4 .. 1.0]"", ""signal_count"": 2, ""distinct_signal_types"": [""zuschlag_gewonnen""], ""stacking_bonus"": 0.0, ""driver"": {""signal_type"": ""zuschlag_gewonnen"", ""event_date"": ""2026-08-25"", ""weight"": 6, ""recency"": 0.6, ""icp_fit_dampened"": 0.88, ""confidence"": 0.85, ""confidence_dampened"": 0.91, ""raw"": 2.883, ""source_url"": ""https://oeffentlichevergabe.de/api/notices/a25093a9-742a-4eb4-aa0b-07474054157a?format=pdf""}, ""all_signals"": [{""signal_type"": ""zuschlag_gewonnen"", ""event_date"": ""2026-08-25"", ""weight"": 6, ""recency"": 0.6, ""icp_fit_dampened"": 0.88, ""confidence"": 0.85, ""confidence_dampened"": 0.91, ""raw"": 2.883, ""source_url"": ""https://oeffentlichevergabe.de/api/notices/a25093a9-742a-4eb4-aa0b-07474054157a?format=pdf""}, {""signal_type"": ""zuschlag_gewonnen"", ""event_date"": ""2026-08-25"", ""weight"": 6, ""recency"": 0.6, ""icp_fit_dampened"": 0.88, ""confidence"": 0.72, ""confidence_dampened"": 0.832, ""raw"": 2.636, ""source_url"": ""https://ted.europa.eu/en/notice/-/detail/585855-2026""}]}"
"lorop","24","{""formula"": ""min(best(weight x recency x fit_d x conf_d) + stacking, cap) / cap x 100"", ""tier"": ""B"", ""icp_fit"": 0.8, ""dampening"": ""fit und confidence wirken auf [0.4 .. 1.0]"", ""signal_count"": 2, ""distinct_signal_types"": [""zuschlag_gewonnen""], ""stacking_bonus"": 0.0, ""driver"": {""signal_type"": ""zuschlag_gewonnen"", ""event_date"": ""2026-08-25"", ""weight"": 6, ""recency"": 0.6, ""icp_fit_dampened"": 0.88, ""confidence"": 0.85, ""confidence_dampened"": 0.91, ""raw"": 2.883, ""source_url"": ""https://oeffentlichevergabe.de/api/notices/140bbff6-ac3d-43b5-8253-d01e72c1a081?format=pdf""}, ""all_signals"": [{""signal_type"": ""zuschlag_gewonnen"", ""event_date"": ""2026-08-25"", ""weight"": 6, ""recency"": 0.6, ""icp_fit_dampened"": 0.88, ""confidence"": 0.85, ""confidence_dampened"": 0.91, ""raw"": 2.883, ""source_url"": ""https://oeffentlichevergabe.de/api/notices/140bbff6-ac3d-43b5-8253-d01e72c1a081?format=pdf""}, {""signal_type"": ""zuschlag_gewonnen"", ""event_date"": ""2026-08-25"", ""weight"": 6, ""recency"": 0.6, ""icp_fit_dampened"": 0.88, ""confidence"": 0.72, ""confidence_dampened"": 0.832, ""raw"": 2.636, ""source_url"": ""https://ted.europa.eu/en/notice/-/detail/585568-2026""}]}"
"membrain","24","{""formula"": ""min(best(weight x recency x fit_d x conf_d) + stacking, cap) / cap x 100"", ""tier"": ""B"", ""icp_fit"": 0.8, ""dampening"": ""fit und confidence wirken auf [0.4 .. 1.0]"", ""signal_count"": 2, ""distinct_signal_types"": [""zuschlag_gewonnen""], ""stacking_bonus"": 0.0, ""driver"": {""signal_type"": ""zuschlag_gewonnen"", ""event_date"": ""2026-08-25"", ""weight"": 6, ""recency"": 0.6, ""icp_fit_dampened"": 0.88, ""confidence"": 0.85, ""confidence_dampened"": 0.91, ""raw"": 2.883, ""source_url"": ""https://oeffentlichevergabe.de/api/notices/37bfb1f4-4848-48f5-877e-dfaa19189ec6?format=pdf""}, ""all_signals"": [{""signal_type"": ""zuschlag_gewonnen"", ""event_date"": ""2026-08-25"", ""weight"": 6, ""recency"": 0.6, ""icp_fit_dampened"": 0.88, ""confidence"": 0.85, ""confidence_dampened"": 0.91, ""raw"": 2.883, ""source_url"": ""https://oeffentlichevergabe.de/api/notices/37bfb1f4-4848-48f5-877e-dfaa19189ec6?format=pdf""}, {""signal_type"": ""zuschlag_gewonnen"", ""event_date"": ""2026-08-25"", ""weight"": 6, ""recency"": 0.6, ""icp_fit_dampened"": 0.88, ""confidence"": 0.72, ""confidence_dampened"": 0.832, ""raw"": 2.636, ""source_url"": ""https://ted.europa.eu/en/notice/-/detail/585363-2026""}]}"
"datagroup business solutions","24","{""formula"": ""min(best(weight x recency x fit_d x conf_d) + stacking, cap) / cap x 100"", ""tier"": ""B"", ""icp_fit"": 0.8, ""dampening"": ""fit und confidence wirken auf [0.4 .. 1.0]"", ""signal_count"": 2, ""distinct_signal_types"": [""zuschlag_gewonnen""], ""stacking_bonus"": 0.0, ""driver"": {""signal_type"": ""zuschlag_gewonnen"", ""event_date"": ""2026-08-25"", ""weight"": 6, ""recency"": 0.6, ""icp_fit_dampened"": 0.88, ""confidence"": 0.85, ""confidence_dampened"": 0.91, ""raw"": 2.883, ""source_url"": ""https://oeffentlichevergabe.de/api/notices/a593a276-aea0-4866-b68b-4f5ae1a31292?format=pdf""}, ""all_signals"": [{""signal_type"": ""zuschlag_gewonnen"", ""event_date"": ""2026-08-25"", ""weight"": 6, ""recency"": 0.6, ""icp_fit_dampened"": 0.88, ""confidence"": 0.85, ""confidence_dampened"": 0.91, ""raw"": 2.883, ""source_url"": ""https://oeffentlichevergabe.de/api/notices/a593a276-aea0-4866-b68b-4f5ae1a31292?format=pdf""}, {""signal_type"": ""zuschlag_gewonnen"", ""event_date"": ""2026-08-25"", ""weight"": 6, ""recency"": 0.6, ""icp_fit_dampened"": 0.88, ""confidence"": 0.72, ""confidence_dampened"": 0.832, ""raw"": 2.636, ""source_url"": ""https://ted.europa.eu/en/notice/-/detail/584660-2026""}]}"
"alight consulting","24","{""formula"": ""min(best(weight x recency x fit_d x conf_d) + stacking, cap) / cap x 100"", ""tier"": ""B"", ""icp_fit"": 0.8, ""dampening"": ""fit und confidence wirken auf [0.4 .. 1.0]"", ""signal_count"": 2, ""distinct_signal_types"": [""zuschlag_gewonnen""], ""stacking_bonus"": 0.0, ""driver"": {""signal_type"": ""zuschlag_gewonnen"", ""event_date"": ""2026-08-23"", ""weight"": 6, ""recency"": 0.6, ""icp_fit_dampened"": 0.88, ""confidence"": 0.85, ""confidence_dampened"": 0.91, ""raw"": 2.883, ""source_url"": ""https://oeffentlichevergabe.de/api/notices/43d98d83-bdb6-45c6-8a51-93408f6081f4?format=pdf""}, ""all_signals"": [{""signal_type"": ""zuschlag_gewonnen"", ""event_date"": ""2026-08-23"", ""weight"": 6, ""recency"": 0.6, ""icp_fit_dampened"": 0.88, ""confidence"": 0.85, ""confidence_dampened"": 0.91, ""raw"": 2.883, ""source_url"": ""https://oeffentlichevergabe.de/api/notices/43d98d83-bdb6-45c6-8a51-93408f6081f4?format=pdf""}, {""signal_type"": ""zuschlag_gewonnen"", ""event_date"": ""2026-08-24"", ""weight"": 6, ""recency"": 0.6, ""icp_fit_dampened"": 0.88, ""confidence"": 0.72, ""confidence_dampened"": 0.832, ""raw"": 2.636, ""source_url"": ""https://ted.europa.eu/en/notice/-/detail/584058-2026""}]}"
"teleste systems","24","{""formula"": ""min(best(weight x recency x fit_d x conf_d) + stacking, cap) / cap x 100"", ""tier"": ""B"", ""icp_fit"": 0.8, ""dampening"": ""fit und confidence wirken auf [0.4 .. 1.0]"", ""signal_count"": 2, ""distinct_signal_types"": [""zuschlag_gewonnen""], ""stacking_bonus"": 0.0, ""driver"": {""signal_type"": ""zuschlag_gewonnen"", ""event_date"": ""2026-08-23"", ""weight"": 6, ""recency"": 0.6, ""icp_fit_dampened"": 0.88, ""confidence"": 0.85, ""confidence_dampened"": 0.91, ""raw"": 2.883, ""source_url"": ""https://oeffentlichevergabe.de/api/notices/bd068f4b-8854-4b26-b89e-33d3eba23445?format=pdf""}, ""all_signals"": [{""signal_type"": ""zuschlag_gewonnen"", ""event_date"": ""2026-08-23"", ""weight"": 6, ""recency"": 0.6, ""icp_fit_dampened"": 0.88, ""confidence"": 0.85, ""confidence_dampened"": 0.91, ""raw"": 2.883, ""source_url"": ""https://oeffentlichevergabe.de/api/notices/bd068f4b-8854-4b26-b89e-33d3eba23445?format=pdf""}, {""signal_type"": ""zuschlag_gewonnen"", ""event_date"": ""2026-08-24"", ""weight"": 6, ""recency"": 0.6, ""icp_fit_dampened"": 0.88, ""confidence"": 0.72, ""confidence_dampened"": 0.832, ""raw"": 2.636, ""source_url"": ""https://ted.europa.eu/en/notice/-/detail/582746-2026""}]}"
"netdescribe","24","{""formula"": ""min(best(weight x recency x fit_d x conf_d) + stacking, cap) / cap x 100"", ""tier"": ""B"", ""icp_fit"": 0.8, ""dampening"": ""fit und confidence wirken auf [0.4 .. 1.0]"", ""signal_count"": 2, ""distinct_signal_types"": [""zuschlag_gewonnen""], ""stacking_bonus"": 0.0, ""driver"": {""signal_type"": ""zuschlag_gewonnen"", ""event_date"": ""2026-08-23"", ""weight"": 6, ""recency"": 0.6, ""icp_fit_dampened"": 0.88, ""confidence"": 0.85, ""confidence_dampened"": 0.91, ""raw"": 2.883, ""source_url"": ""https://oeffentlichevergabe.de/api/notices/6ed32018-2e97-4511-89e1-e77d011ff0fd?format=pdf""}, ""all_signals"": [{""signal_type"": ""zuschlag_gewonnen"", ""event_date"": ""2026-08-23"", ""weight"": 6, ""recency"": 0.6, ""icp_fit_dampened"": 0.88, ""confidence"": 0.85, ""confidence_dampened"": 0.91, ""raw"": 2.883, ""source_url"": ""https://oeffentlichevergabe.de/api/notices/6ed32018-2e97-4511-89e1-e77d011ff0fd?format=pdf""}, {""signal_type"": ""zuschlag_gewonnen"", ""event_date"": ""2026-08-24"", ""weight"": 6, ""recency"": 0.6, ""icp_fit_dampened"": 0.88, ""confidence"": 0.72, ""confidence_dampened"": 0.832, ""raw"": 2.636, ""source_url"": ""https://ted.europa.eu/en/notice/-/detail/582585-2026""}]}"
"com-sys","24","{""formula"": ""min(best(weight x recency x fit_d x conf_d) + stacking, cap) / cap x 100"", ""tier"": ""B"", ""icp_fit"": 0.8, ""dampening"": ""fit und confidence wirken auf [0.4 .. 1.0]"", ""signal_count"": 2, ""distinct_signal_types"": [""zuschlag_gewonnen""], ""stacking_bonus"": 0.0, ""driver"": {""signal_type"": ""zuschlag_gewonnen"", ""event_date"": ""2026-08-23"", ""weight"": 6, ""recency"": 0.6, ""icp_fit_dampened"": 0.88, ""confidence"": 0.85, ""confidence_dampened"": 0.91, ""raw"": 2.883, ""source_url"": ""https://oeffentlichevergabe.de/api/notices/a156b440-b020-4f95-b858-3348bf81a709?format=pdf""}, ""all_signals"": [{""signal_type"": ""zuschlag_gewonnen"", ""event_date"": ""2026-08-23"", ""weight"": 6, ""recency"": 0.6, ""icp_fit_dampened"": 0.88, ""confidence"": 0.85, ""confidence_dampened"": 0.91, ""raw"": 2.883, ""source_url"": ""https://oeffentlichevergabe.de/api/notices/a156b440-b020-4f95-b858-3348bf81a709?format=pdf""}, {""signal_type"": ""zuschlag_gewonnen"", ""event_date"": ""2026-08-24"", ""weight"": 6, ""recency"": 0.6, ""icp_fit_dampened"": 0.88, ""confidence"": 0.72, ""confidence_dampened"": 0.832, ""raw"": 2.636, ""source_url"": ""https://ted.europa.eu/en/notice/-/detail/582130-2026""}]}"
"entado","24","{""formula"": ""min(best(weight x recency x fit_d x conf_d) + stacking, cap) / cap x 100"", ""tier"": ""B"", ""icp_fit"": 0.8, ""dampening"": ""fit und confidence wirken auf [0.4 .. 1.0]"", ""signal_count"": 2, ""distinct_signal_types"": [""zuschlag_gewonnen""], ""stacking_bonus"": 0.0, ""driver"": {""signal_type"": ""zuschlag_gewonnen"", ""event_date"": ""2026-08-22"", ""weight"": 6, ""recency"": 0.6, ""icp_fit_dampened"": 0.88, ""confidence"": 0.85, ""confidence_dampened"": 0.91, ""raw"": 2.883, ""source_url"": ""https://oeffentlichevergabe.de/api/notices/39251fa0-8d99-42d1-9750-3351f060cfd2?format=pdf""}, ""all_signals"": [{""signal_type"": ""zuschlag_gewonnen"", ""event_date"": ""2026-08-22"", ""weight"": 6, ""recency"": 0.6, ""icp_fit_dampened"": 0.88, ""confidence"": 0.85, ""confidence_dampened"": 0.91, ""raw"": 2.883, ""source_url"": ""https://oeffentlichevergabe.de/api/notices/39251fa0-8d99-42d1-9750-3351f060cfd2?format=pdf""}, {""signal_type"": ""zuschlag_gewonnen"", ""event_date"": ""2026-08-24"", ""weight"": 6, ""recency"": 0.6, ""icp_fit_dampened"": 0.88, ""confidence"": 0.72, ""confidence_dampened"": 0.832, ""raw"": 2.636, ""source_url"": ""https://ted.europa.eu/en/notice/-/detail/581553-2026""}]}"
"geomagic","24","{""formula"": ""min(best(weight x recency x fit_d x conf_d) + stacking, cap) / cap x 100"", ""tier"": ""B"", ""icp_fit"": 0.8, ""dampening"": ""fit und confidence wirken auf [0.4 .. 1.0]"", ""signal_count"": 2, ""distinct_signal_types"": [""zuschlag_gewonnen""], ""stacking_bonus"": 0.0, ""driver"": {""signal_type"": ""zuschlag_gewonnen"", ""event_date"": ""2026-08-22"", ""weight"": 6, ""recency"": 0.6, ""icp_fit_dampened"": 0.88, ""confidence"": 0.85, ""confidence_dampened"": 0.91, ""raw"": 2.883, ""source_url"": ""https://oeffentlichevergabe.de/api/notices/7e884b64-56ab-49b5-9036-9a64f5ac99b6?format=pdf""}, ""all_signals"": [{""signal_type"": ""zuschlag_gewonnen"", ""event_date"": ""2026-08-22"", ""weight"": 6, ""recency"": 0.6, ""icp_fit_dampened"": 0.88, ""confidence"": 0.85, ""confidence_dampened"": 0.91, ""raw"": 2.883, ""source_url"": ""https://oeffentlichevergabe.de/api/notices/7e884b64-56ab-49b5-9036-9a64f5ac99b6?format=pdf""}, {""signal_type"": ""zuschlag_gewonnen"", ""event_date"": ""2026-08-24"", ""weight"": 6, ""recency"": 0.6, ""icp_fit_dampened"": 0.88, ""confidence"": 0.72, ""confidence_dampened"": 0.832, ""raw"": 2.636, ""source_url"": ""https://ted.europa.eu/en/notice/-/detail/581552-2026""}]}"
"hydrotec ingenieursgesellschaft fuer wasser und umwelt","24","{""formula"": ""min(best(weight x recency x fit_d x conf_d) + stacking, cap) / cap x 100"", ""tier"": ""B"", ""icp_fit"": 0.8, ""dampening"": ""fit und confidence wirken auf [0.4 .. 1.0]"", ""signal_count"": 2, ""distinct_signal_types"": [""zuschlag_gewonnen""], ""stacking_bonus"": 0.0, ""driver"": {""signal_type"": ""zuschlag_gewonnen"", ""event_date"": ""2026-08-23"", ""weight"": 6, ""recency"": 0.6, ""icp_fit_dampened"": 0.88, ""confidence"": 0.85, ""confidence_dampened"": 0.91, ""raw"": 2.883, ""source_url"": ""https://oeffentlichevergabe.de/api/notices/9c5b2676-223d-49f1-b20b-1c7eb9ab8cd1?format=pdf""}, ""all_signals"": [{""signal_type"": ""zuschlag_gewonnen"", ""event_date"": ""2026-08-23"", ""weight"": 6, ""recency"": 0.6, ""icp_fit_dampened"": 0.88, ""confidence"": 0.85, ""confidence_dampened"": 0.91, ""raw"": 2.883, ""source_url"": ""https://oeffentlichevergabe.de/api/notices/9c5b2676-223d-49f1-b20b-1c7eb9ab8cd1?format=pdf""}, {""signal_type"": ""zuschlag_gewonnen"", ""event_date"": ""2026-08-24"", ""weight"": 6, ""recency"": 0.6, ""icp_fit_dampened"": 0.88, ""confidence"": 0.72, ""confidence_dampened"": 0.832, ""raw"": 2.636, ""source_url"": ""https://ted.europa.eu/en/notice/-/detail/581462-2026""}]}"
"acp","23","{""formula"": ""min(best(weight x recency x fit_d x conf_d) + stacking, cap) / cap x 100"", ""tier"": ""A"", ""icp_fit"": 1.0, ""dampening"": ""fit und confidence wirken auf [0.4 .. 1.0]"", ""signal_count"": 1, ""distinct_signal_types"": [""teilnahme_belegt""], ""stacking_bonus"": 0.0, ""driver"": {""signal_type"": ""teilnahme_belegt"", ""event_date"": ""2026-09-04"", ""weight"": 5, ""recency"": 0.6, ""icp_fit_dampened"": 1.0, ""confidence"": 0.85, ""confidence_dampened"": 0.91, ""raw"": 2.73, ""source_url"": ""https://oeffentlichevergabe.de/api/notices/1907d031-1c51-4f5d-9014-29eca431495a?format=pdf""}, ""all_signals"": [{""signal_type"": ""teilnahme_belegt"", ""event_date"": ""2026-09-04"", ""weight"": 5, ""recency"": 0.6, ""icp_fit_dampened"": 1.0, ""confidence"": 0.85, ""confidence_dampened"": 0.91, ""raw"": 2.73, ""source_url"": ""https://oeffentlichevergabe.de/api/notices/1907d031-1c51-4f5d-9014-29eca431495a?format=pdf""}]}"
"v-bc de","22","{""formula"": ""min(best(weight x recency x fit_d x conf_d) + stacking, cap) / cap x 100"", ""tier"": ""B"", ""icp_fit"": 0.8, ""dampening"": ""fit und confidence wirken auf [0.4 .. 1.0]"", ""signal_count"": 1, ""distinct_signal_types"": [""zuschlag_gewonnen""], ""stacking_bonus"": 0.0, ""driver"": {""signal_type"": ""zuschlag_gewonnen"", ""event_date"": ""2026-09-02"", ""weight"": 6, ""recency"": 0.6, ""icp_fit_dampened"": 0.88, ""confidence"": 0.72, ""confidence_dampened"": 0.832, ""raw"": 2.636, ""source_url"": ""https://ted.europa.eu/en/notice/-/detail/605929-2026""}, ""all_signals"": [{""signal_type"": ""zuschlag_gewonnen"", ""event_date"": ""2026-09-02"", ""weight"": 6, ""recency"": 0.6, ""icp_fit_dampened"": 0.88, ""confidence"": 0.72, ""confidence_dampened"": 0.832, ""raw"": 2.636, ""source_url"": ""https://ted.europa.eu/en/notice/-/detail/605929-2026""}]}"
"hermann kessler","22","{""formula"": ""min(best(weight x recency x fit_d x conf_d) + stacking, cap) / cap x 100"", ""tier"": ""B"", ""icp_fit"": 0.8, ""dampening"": ""fit und confidence wirken auf [0.4 .. 1.0]"", ""signal_count"": 1, ""distinct_signal_types"": [""zuschlag_gewonnen""], ""stacking_bonus"": 0.0, ""driver"": {""signal_type"": ""zuschlag_gewonnen"", ""event_date"": ""2026-09-02"", ""weight"": 6, ""recency"": 0.6, ""icp_fit_dampened"": 0.88, ""confidence"": 0.72, ""confidence_dampened"": 0.832, ""raw"": 2.636, ""source_url"": ""https://ted.europa.eu/en/notice/-/detail/603001-2026""}, ""all_signals"": [{""signal_type"": ""zuschlag_gewonnen"", ""event_date"": ""2026-09-02"", ""weight"": 6, ""recency"": 0.6, ""icp_fit_dampened"": 0.88, ""confidence"": 0.72, ""confidence_dampened"": 0.832, ""raw"": 2.636, ""source_url"": ""https://ted.europa.eu/en/notice/-/detail/603001-2026""}]}"
"hosch gebaeudeautomation neue systeme","22","{""formula"": ""min(best(weight x recency x fit_d x conf_d) + stacking, cap) / cap x 100"", ""tier"": ""B"", ""icp_fit"": 0.8, ""dampening"": ""fit und confidence wirken auf [0.4 .. 1.0]"", ""signal_count"": 1, ""distinct_signal_types"": [""zuschlag_gewonnen""], ""stacking_bonus"": 0.0, ""driver"": {""signal_type"": ""zuschlag_gewonnen"", ""event_date"": ""2026-08-28"", ""weight"": 6, ""recency"": 0.6, ""icp_fit_dampened"": 0.88, ""confidence"": 0.72, ""confidence_dampened"": 0.832, ""raw"": 2.636, ""source_url"": ""https://ted.europa.eu/en/notice/-/detail/594632-2026""}, ""all_signals"": [{""signal_type"": ""zuschlag_gewonnen"", ""event_date"": ""2026-08-28"", ""weight"": 6, ""recency"": 0.6, ""icp_fit_dampened"": 0.88, ""confidence"": 0.72, ""confidence_dampened"": 0.832, ""raw"": 2.636, ""source_url"": ""https://ted.europa.eu/en/notice/-/detail/594632-2026""}]}"
"arvato systems","22","{""formula"": ""min(best(weight x recency x fit_d x conf_d) + stacking, cap) / cap x 100"", ""tier"": ""B"", ""icp_fit"": 0.8, ""dampening"": ""fit und confidence wirken auf [0.4 .. 1.0]"", ""signal_count"": 2, ""distinct_signal_types"": [""zuschlag_gewonnen""], ""stacking_bonus"": 0.0, ""driver"": {""signal_type"": ""zuschlag_gewonnen"", ""event_date"": ""2026-08-27"", ""weight"": 6, ""recency"": 0.6, ""icp_fit_dampened"": 0.88, ""confidence"": 0.72, ""confidence_dampened"": 0.832, ""raw"": 2.636, ""source_url"": ""https://ted.europa.eu/en/notice/-/detail/592662-2026""}, ""all_signals"": [{""signal_type"": ""zuschlag_gewonnen"", ""event_date"": ""2026-08-27"", ""weight"": 6, ""recency"": 0.6, ""icp_fit_dampened"": 0.88, ""confidence"": 0.72, ""confidence_dampened"": 0.832, ""raw"": 2.636, ""source_url"": ""https://ted.europa.eu/en/notice/-/detail/592662-2026""}, {""signal_type"": ""zuschlag_gewonnen"", ""event_date"": ""2026-08-18"", ""weight"": 6, ""recency"": 0.4, ""icp_fit_dampened"": 0.88, ""confidence"": 1.0, ""confidence_dampened"": 1.0, ""raw"": 2.112, ""source_url"": ""https://oeffentlichevergabe.de/api/notices/49809773-eba5-4e2b-a32f-cbc1747070e9?format=pdf""}]}"
"virtimo","22","{""formula"": ""min(best(weight x recency x fit_d x conf_d) + stacking, cap) / cap x 100"", ""tier"": ""B"", ""icp_fit"": 0.8, ""dampening"": ""fit und confidence wirken auf [0.4 .. 1.0]"", ""signal_count"": 1, ""distinct_signal_types"": [""zuschlag_gewonnen""], ""stacking_bonus"": 0.0, ""driver"": {""signal_type"": ""zuschlag_gewonnen"", ""event_date"": ""2026-08-27"", ""weight"": 6, ""recency"": 0.6, ""icp_fit_dampened"": 0.88, ""confidence"": 0.72, ""confidence_dampened"": 0.832, ""raw"": 2.636, ""source_url"": ""https://ted.europa.eu/en/notice/-/detail/592435-2026""}, ""all_signals"": [{""signal_type"": ""zuschlag_gewonnen"", ""event_date"": ""2026-08-27"", ""weight"": 6, ""recency"": 0.6, ""icp_fit_dampened"": 0.88, ""confidence"": 0.72, ""confidence_dampened"": 0.832, ""raw"": 2.636, ""source_url"": ""https://ted.europa.eu/en/notice/-/detail/592435-2026""}]}"
"studio 38 pure communication","22","{""formula"": ""min(best(weight x recency x fit_d x conf_d) + stacking, cap) / cap x 100"", ""tier"": ""B"", ""icp_fit"": 0.8, ""dampening"": ""fit und confidence wirken auf [0.4 .. 1.0]"", ""signal_count"": 2, ""distinct_signal_types"": [""zuschlag_gewonnen""], ""stacking_bonus"": 0.0, ""driver"": {""signal_type"": ""zuschlag_gewonnen"", ""event_date"": ""2026-08-26"", ""weight"": 6, ""recency"": 0.6, ""icp_fit_dampened"": 0.88, ""confidence"": 0.72, ""confidence_dampened"": 0.832, ""raw"": 2.636, ""source_url"": ""https://ted.europa.eu/en/notice/-/detail/590014-2026""}, ""all_signals"": [{""signal_type"": ""zuschlag_gewonnen"", ""event_date"": ""2026-08-26"", ""weight"": 6, ""recency"": 0.6, ""icp_fit_dampened"": 0.88, ""confidence"": 0.72, ""confidence_dampened"": 0.832, ""raw"": 2.636, ""source_url"": ""https://ted.europa.eu/en/notice/-/detail/590014-2026""}, {""signal_type"": ""zuschlag_gewonnen"", ""event_date"": ""2026-08-10"", ""weight"": 6, ""recency"": 0.4, ""icp_fit_dampened"": 0.88, ""confidence"": 1.0, ""confidence_dampened"": 1.0, ""raw"": 2.112, ""source_url"": ""https://oeffentlichevergabe.de/api/notices/a54ff341-4afb-48f5-901f-c32486384ef4?format=pdf""}]}"
"kps pruefservice","22","{""formula"": ""min(best(weight x recency x fit_d x conf_d) + stacking, cap) / cap x 100"", ""tier"": ""B"", ""icp_fit"": 0.8, ""dampening"": ""fit und confidence wirken auf [0.4 .. 1.0]"", ""signal_count"": 1, ""distinct_signal_types"": [""zuschlag_gewonnen""], ""stacking_bonus"": 0.0, ""driver"": {""signal_type"": ""zuschlag_gewonnen"", ""event_date"": ""2026-08-25"", ""weight"": 6, ""recency"": 0.6, ""icp_fit_dampened"": 0.88, ""confidence"": 0.72, ""confidence_dampened"": 0.832, ""raw"": 2.636, ""source_url"": ""https://ted.europa.eu/en/notice/-/detail/586855-2026""}, ""all_signals"": [{""signal_type"": ""zuschlag_gewonnen"", ""event_date"": ""2026-08-25"", ""weight"": 6, ""recency"": 0.6, ""icp_fit_dampened"": 0.88, ""confidence"": 0.72, ""confidence_dampened"": 0.832, ""raw"": 2.636, ""source_url"": ""https://ted.europa.eu/en/notice/-/detail/586855-2026""}]}"
"lang und lang","22","{""formula"": ""min(best(weight x recency x fit_d x conf_d) + stacking, cap) / cap x 100"", ""tier"": ""B"", ""icp_fit"": 0.8, ""dampening"": ""fit und confidence wirken auf [0.4 .. 1.0]"", ""signal_count"": 2, ""distinct_signal_types"": [""zuschlag_gewonnen""], ""stacking_bonus"": 0.0, ""driver"": {""signal_type"": ""zuschlag_gewonnen"", ""event_date"": ""2026-08-25"", ""weight"": 6, ""recency"": 0.6, ""icp_fit_dampened"": 0.88, ""confidence"": 0.72, ""confidence_dampened"": 0.832, ""raw"": 2.636, ""source_url"": ""https://ted.europa.eu/en/notice/-/detail/586477-2026""}, ""all_signals"": [{""signal_type"": ""zuschlag_gewonnen"", ""event_date"": ""2026-08-25"", ""weight"": 6, ""recency"": 0.6, ""icp_fit_dampened"": 0.88, ""confidence"": 0.72, ""confidence_dampened"": 0.832, ""raw"": 2.636, ""source_url"": ""https://ted.europa.eu/en/notice/-/detail/586477-2026""}, {""signal_type"": ""zuschlag_gewonnen"", ""event_date"": ""2026-08-19"", ""weight"": 6, ""recency"": 0.4, ""icp_fit_dampened"": 0.88, ""confidence"": 1.0, ""confidence_dampened"": 1.0, ""raw"": 2.112, ""source_url"": ""https://oeffentlichevergabe.de/api/notices/f99ed33a-a104-4cfc-906a-1168732f138e?format=pdf""}]}"
"effekta regeltechnik","20","{""formula"": ""min(best(weight x recency x fit_d x conf_d) + stacking, cap) / cap x 100"", ""tier"": ""B"", ""icp_fit"": 0.8, ""dampening"": ""fit und confidence wirken auf [0.4 .. 1.0]"", ""signal_count"": 1, ""distinct_signal_types"": [""teilnahme_belegt""], ""stacking_bonus"": 0.0, ""driver"": {""signal_type"": ""teilnahme_belegt"", ""event_date"": ""2026-09-04"", ""weight"": 5, ""recency"": 0.6, ""icp_fit_dampened"": 0.88, ""confidence"": 0.85, ""confidence_dampened"": 0.91, ""raw"": 2.402, ""source_url"": ""https://oeffentlichevergabe.de/api/notices/1907d031-1c51-4f5d-9014-29eca431495a?format=pdf""}, ""all_signals"": [{""signal_type"": ""teilnahme_belegt"", ""event_date"": ""2026-09-04"", ""weight"": 5, ""recency"": 0.6, ""icp_fit_dampened"": 0.88, ""confidence"": 0.85, ""confidence_dampened"": 0.91, ""raw"": 2.402, ""source_url"": ""https://oeffentlichevergabe.de/api/notices/1907d031-1c51-4f5d-9014-29eca431495a?format=pdf""}]}"
"l und w datentechnik","20","{""formula"": ""min(best(weight x recency x fit_d x conf_d) + stacking, cap) / cap x 100"", ""tier"": ""B"", ""icp_fit"": 0.8, ""dampening"": ""fit und confidence wirken auf [0.4 .. 1.0]"", ""signal_count"": 1, ""distinct_signal_types"": [""teilnahme_belegt""], ""stacking_bonus"": 0.0, ""driver"": {""signal_type"": ""teilnahme_belegt"", ""event_date"": ""2026-09-04"", ""weight"": 5, ""recency"": 0.6, ""icp_fit_dampened"": 0.88, ""confidence"": 0.85, ""confidence_dampened"": 0.91, ""raw"": 2.402, ""source_url"": ""https://oeffentlichevergabe.de/api/notices/1907d031-1c51-4f5d-9014-29eca431495a?format=pdf""}, ""all_signals"": [{""signal_type"": ""teilnahme_belegt"", ""event_date"": ""2026-09-04"", ""weight"": 5, ""recency"": 0.6, ""icp_fit_dampened"": 0.88, ""confidence"": 0.85, ""confidence_dampened"": 0.91, ""raw"": 2.402, ""source_url"": ""https://oeffentlichevergabe.de/api/notices/1907d031-1c51-4f5d-9014-29eca431495a?format=pdf""}]}"
"evoila ingolstadt","20","{""formula"": ""min(best(weight x recency x fit_d x conf_d) + stacking, cap) / cap x 100"", ""tier"": ""B"", ""icp_fit"": 0.8, ""dampening"": ""fit und confidence wirken auf [0.4 .. 1.0]"", ""signal_count"": 1, ""distinct_signal_types"": [""teilnahme_belegt""], ""stacking_bonus"": 0.0, ""driver"": {""signal_type"": ""teilnahme_belegt"", ""event_date"": ""2026-08-27"", ""weight"": 5, ""recency"": 0.6, ""icp_fit_dampened"": 0.88, ""confidence"": 0.85, ""confidence_dampened"": 0.91, ""raw"": 2.402, ""source_url"": ""https://oeffentlichevergabe.de/api/notices/d5439eb8-01b0-43ca-a27e-c0cdc0aa4790?format=pdf""}, ""all_signals"": [{""signal_type"": ""teilnahme_belegt"", ""event_date"": ""2026-08-27"", ""weight"": 5, ""recency"": 0.6, ""icp_fit_dampened"": 0.88, ""confidence"": 0.85, ""confidence_dampened"": 0.91, ""raw"": 2.402, ""source_url"": ""https://oeffentlichevergabe.de/api/notices/d5439eb8-01b0-43ca-a27e-c0cdc0aa4790?format=pdf""}]}"
"alive-service","20","{""formula"": ""min(best(weight x recency x fit_d x conf_d) + stacking, cap) / cap x 100"", ""tier"": ""B"", ""icp_fit"": 0.8, ""dampening"": ""fit und confidence wirken auf [0.4 .. 1.0]"", ""signal_count"": 1, ""distinct_signal_types"": [""teilnahme_belegt""], ""stacking_bonus"": 0.0, ""driver"": {""signal_type"": ""teilnahme_belegt"", ""event_date"": ""2026-08-27"", ""weight"": 5, ""recency"": 0.6, ""icp_fit_dampened"": 0.88, ""confidence"": 0.85, ""confidence_dampened"": 0.91, ""raw"": 2.402, ""source_url"": ""https://oeffentlichevergabe.de/api/notices/d5439eb8-01b0-43ca-a27e-c0cdc0aa4790?format=pdf""}, ""all_signals"": [{""signal_type"": ""teilnahme_belegt"", ""event_date"": ""2026-08-27"", ""weight"": 5, ""recency"": 0.6, ""icp_fit_dampened"": 0.88, ""confidence"": 0.85, ""confidence_dampened"": 0.91, ""raw"": 2.402, ""source_url"": ""https://oeffentlichevergabe.de/api/notices/d5439eb8-01b0-43ca-a27e-c0cdc0aa4790?format=pdf""}]}"
"akkodis germany it services","20","{""formula"": ""min(best(weight x recency x fit_d x conf_d) + stacking, cap) / cap x 100"", ""tier"": ""B"", ""icp_fit"": 0.8, ""dampening"": ""fit und confidence wirken auf [0.4 .. 1.0]"", ""signal_count"": 1, ""distinct_signal_types"": [""teilnahme_belegt""], ""stacking_bonus"": 0.0, ""driver"": {""signal_type"": ""teilnahme_belegt"", ""event_date"": ""2026-08-27"", ""weight"": 5, ""recency"": 0.6, ""icp_fit_dampened"": 0.88, ""confidence"": 0.85, ""confidence_dampened"": 0.91, ""raw"": 2.402, ""source_url"": ""https://oeffentlichevergabe.de/api/notices/d5439eb8-01b0-43ca-a27e-c0cdc0aa4790?format=pdf""}, ""all_signals"": [{""signal_type"": ""teilnahme_belegt"", ""event_date"": ""2026-08-27"", ""weight"": 5, ""recency"": 0.6, ""icp_fit_dampened"": 0.88, ""confidence"": 0.85, ""confidence_dampened"": 0.91, ""raw"": 2.402, ""source_url"": ""https://oeffentlichevergabe.de/api/notices/d5439eb8-01b0-43ca-a27e-c0cdc0aa4790?format=pdf""}]}"
"eduxpert","20","{""formula"": ""min(best(weight x recency x fit_d x conf_d) + stacking, cap) / cap x 100"", ""tier"": ""A"", ""icp_fit"": 1.0, ""dampening"": ""fit und confidence wirken auf [0.4 .. 1.0]"", ""signal_count"": 5, ""distinct_signal_types"": [""zuschlag_gewonnen""], ""stacking_bonus"": 0.0, ""driver"": {""signal_type"": ""zuschlag_gewonnen"", ""event_date"": ""2026-08-10"", ""weight"": 6, ""recency"": 0.4, ""icp_fit_dampened"": 1.0, ""confidence"": 1.0, ""confidence_dampened"": 1.0, ""raw"": 2.4, ""source_url"": ""https://oeffentlichevergabe.de/api/notices/46d23f47-13a6-4d54-a5a1-edf0e411adf9?format=pdf""}, ""all_signals"": [{""signal_type"": ""zuschlag_gewonnen"", ""event_date"": ""2026-08-10"", ""weight"": 6, ""recency"": 0.4, ""icp_fit_dampened"": 1.0, ""confidence"": 1.0, ""confidence_dampened"": 1.0, ""raw"": 2.4, ""source_url"": ""https://oeffentlichevergabe.de/api/notices/46d23f47-13a6-4d54-a5a1-edf0e411adf9?format=pdf""}, {""signal_type"": ""zuschlag_gewonnen"", ""event_date"": ""2026-08-10"", ""weight"": 6, ""recency"": 0.4, ""icp_fit_dampened"": 1.0, ""confidence"": 1.0, ""confidence_dampened"": 1.0, ""raw"": 2.4, ""source_url"": ""https://oeffentlichevergabe.de/api/notices/46d23f47-13a6-4d54-a5a1-edf0e411adf9?format=pdf""}, {""signal_type"": ""zuschlag_gewonnen"", ""event_date"": ""2026-08-12"", ""weight"": 6, ""recency"": 0.4, ""icp_fit_dampened"": 1.0, ""confidence"": 0.85, ""confidence_dampened"": 0.91, ""raw"": 2.184, ""source_url"": ""https://oeffentlichevergabe.de/api/notices/5f33ce02-efc1-466a-aadc-c8d985b88084?format=pdf""}, {""signal_type"": ""zuschlag_gewonnen"", ""event_date"": ""2026-08-12"", ""weight"": 6, ""recency"": 0.4, ""icp_fit_dampened"": 1.0, ""confidence"": 0.72, ""confidence_dampened"": 0.832, ""raw"": 1.997, ""source_url"": ""https://ted.europa.eu/en/notice/-/detail/557555-2026""}, {""signal_type"": ""zuschlag_gewonnen"", ""event_date"": ""2026-08-11"", ""weight"": 6, ""recency"": 0.4, ""icp_fit_dampened"": 1.0, ""confidence"": 0.72, ""confidence_dampened"": 0.832, ""raw"": 1.997, ""source_url"": ""https://ted.europa.eu/en/notice/-/detail/553998-2026""}]}"
"bosch building automation","19","{""formula"": ""min(best(weight x recency x fit_d x conf_d) + stacking, cap) / cap x 100"", ""tier"": ""C"", ""icp_fit"": 0.6, ""dampening"": ""fit und confidence wirken auf [0.4 .. 1.0]"", ""signal_count"": 1, ""distinct_signal_types"": [""zuschlag_gewonnen""], ""stacking_bonus"": 0.0, ""driver"": {""signal_type"": ""zuschlag_gewonnen"", ""event_date"": ""2026-09-03"", ""weight"": 6, ""recency"": 0.6, ""icp_fit_dampened"": 0.76, ""confidence"": 0.72, ""confidence_dampened"": 0.832, ""raw"": 2.276, ""source_url"": ""https://ted.europa.eu/en/notice/-/detail/608818-2026""}, ""all_signals"": [{""signal_type"": ""zuschlag_gewonnen"", ""event_date"": ""2026-09-03"", ""weight"": 6, ""recency"": 0.6, ""icp_fit_dampened"": 0.76, ""confidence"": 0.72, ""confidence_dampened"": 0.832, ""raw"": 2.276, ""source_url"": ""https://ted.europa.eu/en/notice/-/detail/608818-2026""}]}"
"infratest dimap gesellschaft fuer trend-und wahlforschung","19","{""formula"": ""min(best(weight x recency x fit_d x conf_d) + stacking, cap) / cap x 100"", ""tier"": ""C"", ""icp_fit"": 0.6, ""dampening"": ""fit und confidence wirken auf [0.4 .. 1.0]"", ""signal_count"": 1, ""distinct_signal_types"": [""zuschlag_gewonnen""], ""stacking_bonus"": 0.0, ""driver"": {""signal_type"": ""zuschlag_gewonnen"", ""event_date"": ""2026-09-03"", ""weight"": 6, ""recency"": 0.6, ""icp_fit_dampened"": 0.76, ""confidence"": 0.72, ""confidence_dampened"": 0.832, ""raw"": 2.276, ""source_url"": ""https://ted.europa.eu/en/notice/-/detail/607624-2026""}, ""all_signals"": [{""signal_type"": ""zuschlag_gewonnen"", ""event_date"": ""2026-09-03"", ""weight"": 6, ""recency"": 0.6, ""icp_fit_dampened"": 0.76, ""confidence"": 0.72, ""confidence_dampened"": 0.832, ""raw"": 2.276, ""source_url"": ""https://ted.europa.eu/en/notice/-/detail/607624-2026""}]}"
"stroessner bueroservice","19","{""formula"": ""min(best(weight x recency x fit_d x conf_d) + stacking, cap) / cap x 100"", ""tier"": ""C"", ""icp_fit"": 0.6, ""dampening"": ""fit und confidence wirken auf [0.4 .. 1.0]"", ""signal_count"": 1, ""distinct_signal_types"": [""zuschlag_gewonnen""], ""stacking_bonus"": 0.0, ""driver"": {""signal_type"": ""zuschlag_gewonnen"", ""event_date"": ""2026-09-02"", ""weight"": 6, ""recency"": 0.6, ""icp_fit_dampened"": 0.76, ""confidence"": 0.72, ""confidence_dampened"": 0.832, ""raw"": 2.276, ""source_url"": ""https://ted.europa.eu/en/notice/-/detail/605929-2026""}, ""all_signals"": [{""signal_type"": ""zuschlag_gewonnen"", ""event_date"": ""2026-09-02"", ""weight"": 6, ""recency"": 0.6, ""icp_fit_dampened"": 0.76, ""confidence"": 0.72, ""confidence_dampened"": 0.832, ""raw"": 2.276, ""source_url"": ""https://ted.europa.eu/en/notice/-/detail/605929-2026""}]}"
"rud otto meyer technik ltd und co","19","{""formula"": ""min(best(weight x recency x fit_d x conf_d) + stacking, cap) / cap x 100"", ""tier"": ""C"", ""icp_fit"": 0.6, ""dampening"": ""fit und confidence wirken auf [0.4 .. 1.0]"", ""signal_count"": 1, ""distinct_signal_types"": [""zuschlag_gewonnen""], ""stacking_bonus"": 0.0, ""driver"": {""signal_type"": ""zuschlag_gewonnen"", ""event_date"": ""2026-09-02"", ""weight"": 6, ""recency"": 0.6, ""icp_fit_dampened"": 0.76, ""confidence"": 0.72, ""confidence_dampened"": 0.832, ""raw"": 2.276, ""source_url"": ""https://ted.europa.eu/en/notice/-/detail/605837-2026""}, ""all_signals"": [{""signal_type"": ""zuschlag_gewonnen"", ""event_date"": ""2026-09-02"", ""weight"": 6, ""recency"": 0.6, ""icp_fit_dampened"": 0.76, ""confidence"": 0.72, ""confidence_dampened"": 0.832, ""raw"": 2.276, ""source_url"": ""https://ted.europa.eu/en/notice/-/detail/605837-2026""}]}"
"desk7","19","{""formula"": ""min(best(weight x recency x fit_d x conf_d) + stacking, cap) / cap x 100"", ""tier"": ""C"", ""icp_fit"": 0.6, ""dampening"": ""fit und confidence wirken auf [0.4 .. 1.0]"", ""signal_count"": 1, ""distinct_signal_types"": [""zuschlag_gewonnen""], ""stacking_bonus"": 0.0, ""driver"": {""signal_type"": ""zuschlag_gewonnen"", ""event_date"": ""2026-09-02"", ""weight"": 6, ""recency"": 0.6, ""icp_fit_dampened"": 0.76, ""confidence"": 0.72, ""confidence_dampened"": 0.832, ""raw"": 2.276, ""source_url"": ""https://ted.europa.eu/en/notice/-/detail/604586-2026""}, ""all_signals"": [{""signal_type"": ""zuschlag_gewonnen"", ""event_date"": ""2026-09-02"", ""weight"": 6, ""recency"": 0.6, ""icp_fit_dampened"": 0.76, ""confidence"": 0.72, ""confidence_dampened"": 0.832, ""raw"": 2.276, ""source_url"": ""https://ted.europa.eu/en/notice/-/detail/604586-2026""}]}"
"g und n gefahrenmelde-und nachrichtentechnik","19","{""formula"": ""min(best(weight x recency x fit_d x conf_d) + stacking, cap) / cap x 100"", ""tier"": ""C"", ""icp_fit"": 0.6, ""dampening"": ""fit und confidence wirken auf [0.4 .. 1.0]"", ""signal_count"": 1, ""distinct_signal_types"": [""zuschlag_gewonnen""], ""stacking_bonus"": 0.0, ""driver"": {""signal_type"": ""zuschlag_gewonnen"", ""event_date"": ""2026-09-02"", ""weight"": 6, ""recency"": 0.6, ""icp_fit_dampened"": 0.76, ""confidence"": 0.72, ""confidence_dampened"": 0.832, ""raw"": 2.276, ""source_url"": ""https://ted.europa.eu/en/notice/-/detail/604474-2026""}, ""all_signals"": [{""signal_type"": ""zuschlag_gewonnen"", ""event_date"": ""2026-09-02"", ""weight"": 6, ""recency"": 0.6, ""icp_fit_dampened"": 0.76, ""confidence"": 0.72, ""confidence_dampened"": 0.832, ""raw"": 2.276, ""source_url"": ""https://ted.europa.eu/en/notice/-/detail/604474-2026""}]}"
"aramark","19","{""formula"": ""min(best(weight x recency x fit_d x conf_d) + stacking, cap) / cap x 100"", ""tier"": ""C"", ""icp_fit"": 0.6, ""dampening"": ""fit und confidence wirken auf [0.4 .. 1.0]"", ""signal_count"": 1, ""distinct_signal_types"": [""zuschlag_gewonnen""], ""stacking_bonus"": 0.0, ""driver"": {""signal_type"": ""zuschlag_gewonnen"", ""event_date"": ""2026-08-31"", ""weight"": 6, ""recency"": 0.6, ""icp_fit_dampened"": 0.76, ""confidence"": 0.72, ""confidence_dampened"": 0.832, ""raw"": 2.276, ""source_url"": ""https://ted.europa.eu/en/notice/-/detail/596774-2026""}, ""all_signals"": [{""signal_type"": ""zuschlag_gewonnen"", ""event_date"": ""2026-08-31"", ""weight"": 6, ""recency"": 0.6, ""icp_fit_dampened"": 0.76, ""confidence"": 0.72, ""confidence_dampened"": 0.832, ""raw"": 2.276, ""source_url"": ""https://ted.europa.eu/en/notice/-/detail/596774-2026""}]}"
"bwk systemhaus","19","{""formula"": ""min(best(weight x recency x fit_d x conf_d) + stacking, cap) / cap x 100"", ""tier"": ""C"", ""icp_fit"": 0.6, ""dampening"": ""fit und confidence wirken auf [0.4 .. 1.0]"", ""signal_count"": 1, ""distinct_signal_types"": [""zuschlag_gewonnen""], ""stacking_bonus"": 0.0, ""driver"": {""signal_type"": ""zuschlag_gewonnen"", ""event_date"": ""2026-08-27"", ""weight"": 6, ""recency"": 0.6, ""icp_fit_dampened"": 0.76, ""confidence"": 0.72, ""confidence_dampened"": 0.832, ""raw"": 2.276, ""source_url"": ""https://ted.europa.eu/en/notice/-/detail/593163-2026""}, ""all_signals"": [{""signal_type"": ""zuschlag_gewonnen"", ""event_date"": ""2026-08-27"", ""weight"": 6, ""recency"": 0.6, ""icp_fit_dampened"": 0.76, ""confidence"": 0.72, ""confidence_dampened"": 0.832, ""raw"": 2.276, ""source_url"": ""https://ted.europa.eu/en/notice/-/detail/593163-2026""}]}"
"eurobox","19","{""formula"": ""min(best(weight x recency x fit_d x conf_d) + stacking, cap) / cap x 100"", ""tier"": ""C"", ""icp_fit"": 0.6, ""dampening"": ""fit und confidence wirken auf [0.4 .. 1.0]"", ""signal_count"": 1, ""distinct_signal_types"": [""zuschlag_gewonnen""], ""stacking_bonus"": 0.0, ""driver"": {""signal_type"": ""zuschlag_gewonnen"", ""event_date"": ""2026-08-27"", ""weight"": 6, ""recency"": 0.6, ""icp_fit_dampened"": 0.76, ""confidence"": 0.72, ""confidence_dampened"": 0.832, ""raw"": 2.276, ""source_url"": ""https://ted.europa.eu/en/notice/-/detail/593163-2026""}, ""all_signals"": [{""signal_type"": ""zuschlag_gewonnen"", ""event_date"": ""2026-08-27"", ""weight"": 6, ""recency"": 0.6, ""icp_fit_dampened"": 0.76, ""confidence"": 0.72, ""confidence_dampened"": 0.832, ""raw"": 2.276, ""source_url"": ""https://ted.europa.eu/en/notice/-/detail/593163-2026""}]}"
"lebenshilfe muenchen","19","{""formula"": ""min(best(weight x recency x fit_d x conf_d) + stacking, cap) / cap x 100"", ""tier"": ""C"", ""icp_fit"": 0.6, ""dampening"": ""fit und confidence wirken auf [0.4 .. 1.0]"", ""signal_count"": 1, ""distinct_signal_types"": [""zuschlag_gewonnen""], ""stacking_bonus"": 0.0, ""driver"": {""signal_type"": ""zuschlag_gewonnen"", ""event_date"": ""2026-08-24"", ""weight"": 6, ""recency"": 0.6, ""icp_fit_dampened"": 0.76, ""confidence"": 0.72, ""confidence_dampened"": 0.832, ""raw"": 2.276, ""source_url"": ""https://ted.europa.eu/en/notice/-/detail/582434-2026""}, ""all_signals"": [{""signal_type"": ""zuschlag_gewonnen"", ""event_date"": ""2026-08-24"", ""weight"": 6, ""recency"": 0.6, ""icp_fit_dampened"": 0.76, ""confidence"": 0.72, ""confidence_dampened"": 0.832, ""raw"": 2.276, ""source_url"": ""https://ted.europa.eu/en/notice/-/detail/582434-2026""}]}"
"planon","18","{""formula"": ""min(best(weight x recency x fit_d x conf_d) + stacking, cap) / cap x 100"", ""tier"": ""A"", ""icp_fit"": 1.0, ""dampening"": ""fit und confidence wirken auf [0.4 .. 1.0]"", ""signal_count"": 2, ""distinct_signal_types"": [""zuschlag_gewonnen""], ""stacking_bonus"": 0.0, ""driver"": {""signal_type"": ""zuschlag_gewonnen"", ""event_date"": ""2026-08-21"", ""weight"": 6, ""recency"": 0.4, ""icp_fit_dampened"": 1.0, ""confidence"": 0.85, ""confidence_dampened"": 0.91, ""raw"": 2.184, ""source_url"": ""https://oeffentlichevergabe.de/api/notices/9e44dc53-628e-41f3-a1e2-dfde2ea4674b?format=pdf""}, ""all_signals"": [{""signal_type"": ""zuschlag_gewonnen"", ""event_date"": ""2026-08-21"", ""weight"": 6, ""recency"": 0.4, ""icp_fit_dampened"": 1.0, ""confidence"": 0.85, ""confidence_dampened"": 0.91, ""raw"": 2.184, ""source_url"": ""https://oeffentlichevergabe.de/api/notices/9e44dc53-628e-41f3-a1e2-dfde2ea4674b?format=pdf""}, {""signal_type"": ""zuschlag_gewonnen"", ""event_date"": ""2026-08-21"", ""weight"": 6, ""recency"": 0.4, ""icp_fit_dampened"": 1.0, ""confidence"": 0.72, ""confidence_dampened"": 0.832, ""raw"": 1.997, ""source_url"": ""https://ted.europa.eu/en/notice/-/detail/581061-2026""}]}"
"venturo ingenieurgesellschaft","18","{""formula"": ""min(best(weight x recency x fit_d x conf_d) + stacking, cap) / cap x 100"", ""tier"": ""B"", ""icp_fit"": 0.8, ""dampening"": ""fit und confidence wirken auf [0.4 .. 1.0]"", ""signal_count"": 2, ""distinct_signal_types"": [""zuschlag_gewonnen""], ""stacking_bonus"": 0.0, ""driver"": {""signal_type"": ""zuschlag_gewonnen"", ""event_date"": ""2026-08-20"", ""weight"": 6, ""recency"": 0.4, ""icp_fit_dampened"": 0.88, ""confidence"": 1.0, ""confidence_dampened"": 1.0, ""raw"": 2.112, ""source_url"": ""https://oeffentlichevergabe.de/api/notices/3a3ca045-ddb0-4234-b859-ba7ffc0cb1f7?format=pdf""}, ""all_signals"": [{""signal_type"": ""zuschlag_gewonnen"", ""event_date"": ""2026-08-20"", ""weight"": 6, ""recency"": 0.4, ""icp_fit_dampened"": 0.88, ""confidence"": 1.0, ""confidence_dampened"": 1.0, ""raw"": 2.112, ""source_url"": ""https://oeffentlichevergabe.de/api/notices/3a3ca045-ddb0-4234-b859-ba7ffc0cb1f7?format=pdf""}, {""signal_type"": ""zuschlag_gewonnen"", ""event_date"": ""2026-08-21"", ""weight"": 6, ""recency"": 0.4, ""icp_fit_dampened"": 0.88, ""confidence"": 0.72, ""confidence_dampened"": 0.832, ""raw"": 1.757, ""source_url"": ""https://ted.europa.eu/en/notice/-/detail/580931-2026""}]}"
"deutsche telekom mms","18","{""formula"": ""min(best(weight x recency x fit_d x conf_d) + stacking, cap) / cap x 100"", ""tier"": ""A"", ""icp_fit"": 1.0, ""dampening"": ""fit und confidence wirken auf [0.4 .. 1.0]"", ""signal_count"": 2, ""distinct_signal_types"": [""zuschlag_gewonnen""], ""stacking_bonus"": 0.0, ""driver"": {""signal_type"": ""zuschlag_gewonnen"", ""event_date"": ""2026-08-21"", ""weight"": 6, ""recency"": 0.4, ""icp_fit_dampened"": 1.0, ""confidence"": 0.85, ""confidence_dampened"": 0.91, ""raw"": 2.184, ""source_url"": ""https://oeffentlichevergabe.de/api/notices/0e269da9-3ae9-4fb8-84f4-9e07e762a0e5?format=pdf""}, ""all_signals"": [{""signal_type"": ""zuschlag_gewonnen"", ""event_date"": ""2026-08-21"", ""weight"": 6, ""recency"": 0.4, ""icp_fit_dampened"": 1.0, ""confidence"": 0.85, ""confidence_dampened"": 0.91, ""raw"": 2.184, ""source_url"": ""https://oeffentlichevergabe.de/api/notices/0e269da9-3ae9-4fb8-84f4-9e07e762a0e5?format=pdf""}, {""signal_type"": ""zuschlag_gewonnen"", ""event_date"": ""2026-08-21"", ""weight"": 6, ""recency"": 0.4, ""icp_fit_dampened"": 1.0, ""confidence"": 0.72, ""confidence_dampened"": 0.832, ""raw"": 1.997, ""source_url"": ""https://ted.europa.eu/en/notice/-/detail/579351-2026""}]}"
"wolters kluwer deutschland","18","{""formula"": ""min(best(weight x recency x fit_d x conf_d) + stacking, cap) / cap x 100"", ""tier"": ""A"", ""icp_fit"": 1.0, ""dampening"": ""fit und confidence wirken auf [0.4 .. 1.0]"", ""signal_count"": 2, ""distinct_signal_types"": [""zuschlag_gewonnen""], ""stacking_bonus"": 0.0, ""driver"": {""signal_type"": ""zuschlag_gewonnen"", ""event_date"": ""2026-08-21"", ""weight"": 6, ""recency"": 0.4, ""icp_fit_dampened"": 1.0, ""confidence"": 0.85, ""confidence_dampened"": 0.91, ""raw"": 2.184, ""source_url"": ""https://oeffentlichevergabe.de/api/notices/c040961b-5586-45fa-9531-c76a96f3d2f1?format=pdf""}, ""all_signals"": [{""signal_type"": ""zuschlag_gewonnen"", ""event_date"": ""2026-08-21"", ""weight"": 6, ""recency"": 0.4, ""icp_fit_dampened"": 1.0, ""confidence"": 0.85, ""confidence_dampened"": 0.91, ""raw"": 2.184, ""source_url"": ""https://oeffentlichevergabe.de/api/notices/c040961b-5586-45fa-9531-c76a96f3d2f1?format=pdf""}, {""signal_type"": ""zuschlag_gewonnen"", ""event_date"": ""2026-08-21"", ""weight"": 6, ""recency"": 0.4, ""icp_fit_dampened"": 1.0, ""confidence"": 0.72, ""confidence_dampened"": 0.832, ""raw"": 1.997, ""source_url"": ""https://ted.europa.eu/en/notice/-/detail/579083-2026""}]}"
"hisolutions","18","{""formula"": ""min(best(weight x recency x fit_d x conf_d) + stacking, cap) / cap x 100"", ""tier"": ""A"", ""icp_fit"": 1.0, ""dampening"": ""fit und confidence wirken auf [0.4 .. 1.0]"", ""signal_count"": 4, ""distinct_signal_types"": [""zuschlag_gewonnen""], ""stacking_bonus"": 0.0, ""driver"": {""signal_type"": ""zuschlag_gewonnen"", ""event_date"": ""2026-08-21"", ""weight"": 6, ""recency"": 0.4, ""icp_fit_dampened"": 1.0, ""confidence"": 0.85, ""confidence_dampened"": 0.91, ""raw"": 2.184, ""source_url"": ""https://oeffentlichevergabe.de/api/notices/3bdbeb97-6cca-4d79-a3be-4f7b9b9ef41e?format=pdf""}, ""all_signals"": [{""signal_type"": ""zuschlag_gewonnen"", ""event_date"": ""2026-08-21"", ""weight"": 6, ""recency"": 0.4, ""icp_fit_dampened"": 1.0, ""confidence"": 0.85, ""confidence_dampened"": 0.91, ""raw"": 2.184, ""source_url"": ""https://oeffentlichevergabe.de/api/notices/3bdbeb97-6cca-4d79-a3be-4f7b9b9ef41e?format=pdf""}, {""signal_type"": ""zuschlag_gewonnen"", ""event_date"": ""2026-08-19"", ""weight"": 6, ""recency"": 0.4, ""icp_fit_dampened"": 1.0, ""confidence"": 0.85, ""confidence_dampened"": 0.91, ""raw"": 2.184, ""source_url"": ""https://oeffentlichevergabe.de/api/notices/d92fe094-e641-4ae1-b4c0-26106e9de193?format=pdf""}, {""signal_type"": ""zuschlag_gewonnen"", ""event_date"": ""2026-08-21"", ""weight"": 6, ""recency"": 0.4, ""icp_fit_dampened"": 1.0, ""confidence"": 0.72, ""confidence_dampened"": 0.832, ""raw"": 1.997, ""source_url"": ""https://ted.europa.eu/en/notice/-/detail/578594-2026""}, {""signal_type"": ""zuschlag_gewonnen"", ""event_date"": ""2026-08-19"", ""weight"": 6, ""recency"": 0.4, ""icp_fit_dampened"": 1.0, ""confidence"": 0.72, ""confidence_dampened"": 0.832, ""raw"": 1.997, ""source_url"": ""https://ted.europa.eu/en/notice/-/detail/573399-2026""}]}"
"accenture","18","{""formula"": ""min(best(weight x recency x fit_d x conf_d) + stacking, cap) / cap x 100"", ""tier"": ""A"", ""icp_fit"": 1.0, ""dampening"": ""fit und confidence wirken auf [0.4 .. 1.0]"", ""signal_count"": 4, ""distinct_signal_types"": [""zuschlag_gewonnen""], ""stacking_bonus"": 0.0, ""driver"": {""signal_type"": ""zuschlag_gewonnen"", ""event_date"": ""2026-08-19"", ""weight"": 6, ""recency"": 0.4, ""icp_fit_dampened"": 1.0, ""confidence"": 0.85, ""confidence_dampened"": 0.91, ""raw"": 2.184, ""source_url"": ""https://oeffentlichevergabe.de/api/notices/09fee315-672f-4f5e-bd1c-e8d2e337b5ef?format=pdf""}, ""all_signals"": [{""signal_type"": ""zuschlag_gewonnen"", ""event_date"": ""2026-08-19"", ""weight"": 6, ""recency"": 0.4, ""icp_fit_dampened"": 1.0, ""confidence"": 0.85, ""confidence_dampened"": 0.91, ""raw"": 2.184, ""source_url"": ""https://oeffentlichevergabe.de/api/notices/09fee315-672f-4f5e-bd1c-e8d2e337b5ef?format=pdf""}, {""signal_type"": ""zuschlag_gewonnen"", ""event_date"": ""2026-08-16"", ""weight"": 6, ""recency"": 0.4, ""icp_fit_dampened"": 1.0, ""confidence"": 0.85, ""confidence_dampened"": 0.91, ""raw"": 2.184, ""source_url"": ""https://oeffentlichevergabe.de/api/notices/a158227e-b809-4f93-b20f-a30c5c0dcfab?format=pdf""}, {""signal_type"": ""zuschlag_gewonnen"", ""event_date"": ""2026-08-19"", ""weight"": 6, ""recency"": 0.4, ""icp_fit_dampened"": 1.0, ""confidence"": 0.72, ""confidence_dampened"": 0.832, ""raw"": 1.997, ""source_url"": ""https://ted.europa.eu/en/notice/-/detail/574474-2026""}, {""signal_type"": ""zuschlag_gewonnen"", ""event_date"": ""2026-08-17"", ""weight"": 6, ""recency"": 0.4, ""icp_fit_dampened"": 1.0, ""confidence"": 0.72, ""confidence_dampened"": 0.832, ""raw"": 1.997, ""source_url"": ""https://ted.europa.eu/en/notice/-/detail/566265-2026""}]}"
"scheer","18","{""formula"": ""min(best(weight x recency x fit_d x conf_d) + stacking, cap) / cap x 100"", ""tier"": ""A"", ""icp_fit"": 1.0, ""dampening"": ""fit und confidence wirken auf [0.4 .. 1.0]"", ""signal_count"": 2, ""distinct_signal_types"": [""zuschlag_gewonnen""], ""stacking_bonus"": 0.0, ""driver"": {""signal_type"": ""zuschlag_gewonnen"", ""event_date"": ""2026-08-19"", ""weight"": 6, ""recency"": 0.4, ""icp_fit_dampened"": 1.0, ""confidence"": 0.85, ""confidence_dampened"": 0.91, ""raw"": 2.184, ""source_url"": ""https://oeffentlichevergabe.de/api/notices/b31abced-e33f-4e2f-a8a8-15148175953e?format=pdf""}, ""all_signals"": [{""signal_type"": ""zuschlag_gewonnen"", ""event_date"": ""2026-08-19"", ""weight"": 6, ""recency"": 0.4, ""icp_fit_dampened"": 1.0, ""confidence"": 0.85, ""confidence_dampened"": 0.91, ""raw"": 2.184, ""source_url"": ""https://oeffentlichevergabe.de/api/notices/b31abced-e33f-4e2f-a8a8-15148175953e?format=pdf""}, {""signal_type"": ""zuschlag_gewonnen"", ""event_date"": ""2026-08-19"", ""weight"": 6, ""recency"": 0.4, ""icp_fit_dampened"": 1.0, ""confidence"": 0.72, ""confidence_dampened"": 0.832, ""raw"": 1.997, ""source_url"": ""https://ted.europa.eu/en/notice/-/detail/573134-2026""}]}"
"mindsquare","18","{""formula"": ""min(best(weight x recency x fit_d x conf_d) + stacking, cap) / cap x 100"", ""tier"": ""A"", ""icp_fit"": 1.0, ""dampening"": ""fit und confidence wirken auf [0.4 .. 1.0]"", ""signal_count"": 2, ""distinct_signal_types"": [""zuschlag_gewonnen""], ""stacking_bonus"": 0.0, ""driver"": {""signal_type"": ""zuschlag_gewonnen"", ""event_date"": ""2026-08-19"", ""weight"": 6, ""recency"": 0.4, ""icp_fit_dampened"": 1.0, ""confidence"": 0.85, ""confidence_dampened"": 0.91, ""raw"": 2.184, ""source_url"": ""https://oeffentlichevergabe.de/api/notices/159e127c-9363-4849-8928-d882061d32a7?format=pdf""}, ""all_signals"": [{""signal_type"": ""zuschlag_gewonnen"", ""event_date"": ""2026-08-19"", ""weight"": 6, ""recency"": 0.4, ""icp_fit_dampened"": 1.0, ""confidence"": 0.85, ""confidence_dampened"": 0.91, ""raw"": 2.184, ""source_url"": ""https://oeffentlichevergabe.de/api/notices/159e127c-9363-4849-8928-d882061d32a7?format=pdf""}, {""signal_type"": ""zuschlag_gewonnen"", ""event_date"": ""2026-08-19"", ""weight"": 6, ""recency"": 0.4, ""icp_fit_dampened"": 1.0, ""confidence"": 0.72, ""confidence_dampened"": 0.832, ""raw"": 1.997, ""source_url"": ""https://ted.europa.eu/en/notice/-/detail/572476-2026""}]}"
"codesphere","18","{""formula"": ""min(best(weight x recency x fit_d x conf_d) + stacking, cap) / cap x 100"", ""tier"": ""A"", ""icp_fit"": 1.0, ""dampening"": ""fit und confidence wirken auf [0.4 .. 1.0]"", ""signal_count"": 2, ""distinct_signal_types"": [""zuschlag_gewonnen""], ""stacking_bonus"": 0.0, ""driver"": {""signal_type"": ""zuschlag_gewonnen"", ""event_date"": ""2026-08-18"", ""weight"": 6, ""recency"": 0.4, ""icp_fit_dampened"": 1.0, ""confidence"": 0.85, ""confidence_dampened"": 0.91, ""raw"": 2.184, ""source_url"": ""https://oeffentlichevergabe.de/api/notices/e1d105e7-31df-4806-b2d0-afca83a5a7f7?format=pdf""}, ""all_signals"": [{""signal_type"": ""zuschlag_gewonnen"", ""event_date"": ""2026-08-18"", ""weight"": 6, ""recency"": 0.4, ""icp_fit_dampened"": 1.0, ""confidence"": 0.85, ""confidence_dampened"": 0.91, ""raw"": 2.184, ""source_url"": ""https://oeffentlichevergabe.de/api/notices/e1d105e7-31df-4806-b2d0-afca83a5a7f7?format=pdf""}, {""signal_type"": ""zuschlag_gewonnen"", ""event_date"": ""2026-08-18"", ""weight"": 6, ""recency"": 0.4, ""icp_fit_dampened"": 1.0, ""confidence"": 0.72, ""confidence_dampened"": 0.832, ""raw"": 1.997, ""source_url"": ""https://ted.europa.eu/en/notice/-/detail/571820-2026""}]}"
"bechtle gmbh-it systemhaus dortmund/meschede","18","{""formula"": ""min(best(weight x recency x fit_d x conf_d) + stacking, cap) / cap x 100"", ""tier"": ""A"", ""icp_fit"": 1.0, ""dampening"": ""fit und confidence wirken auf [0.4 .. 1.0]"", ""signal_count"": 2, ""distinct_signal_types"": [""zuschlag_gewonnen""], ""stacking_bonus"": 0.0, ""driver"": {""signal_type"": ""zuschlag_gewonnen"", ""event_date"": ""2026-08-16"", ""weight"": 6, ""recency"": 0.4, ""icp_fit_dampened"": 1.0, ""confidence"": 0.85, ""confidence_dampened"": 0.91, ""raw"": 2.184, ""source_url"": ""https://oeffentlichevergabe.de/api/notices/c2e85d24-bbd5-4673-9319-3dc1c44a52bf?format=pdf""}, ""all_signals"": [{""signal_type"": ""zuschlag_gewonnen"", ""event_date"": ""2026-08-16"", ""weight"": 6, ""recency"": 0.4, ""icp_fit_dampened"": 1.0, ""confidence"": 0.85, ""confidence_dampened"": 0.91, ""raw"": 2.184, ""source_url"": ""https://oeffentlichevergabe.de/api/notices/c2e85d24-bbd5-4673-9319-3dc1c44a52bf?format=pdf""}, {""signal_type"": ""zuschlag_gewonnen"", ""event_date"": ""2026-08-17"", ""weight"": 6, ""recency"": 0.4, ""icp_fit_dampened"": 1.0, ""confidence"": 0.72, ""confidence_dampened"": 0.832, ""raw"": 1.997, ""source_url"": ""https://ted.europa.eu/en/notice/-/detail/567940-2026""}]}"
"consulting4it","18","{""formula"": ""min(best(weight x recency x fit_d x conf_d) + stacking, cap) / cap x 100"", ""tier"": ""B"", ""icp_fit"": 0.8, ""dampening"": ""fit und confidence wirken auf [0.4 .. 1.0]"", ""signal_count"": 2, ""distinct_signal_types"": [""zuschlag_gewonnen""], ""stacking_bonus"": 0.0, ""driver"": {""signal_type"": ""zuschlag_gewonnen"", ""event_date"": ""2026-08-13"", ""weight"": 6, ""recency"": 0.4, ""icp_fit_dampened"": 0.88, ""confidence"": 1.0, ""confidence_dampened"": 1.0, ""raw"": 2.112, ""source_url"": ""https://oeffentlichevergabe.de/api/notices/54913367-e995-4375-a502-cb8736adfbf2?format=pdf""}, ""all_signals"": [{""signal_type"": ""zuschlag_gewonnen"", ""event_date"": ""2026-08-13"", ""weight"": 6, ""recency"": 0.4, ""icp_fit_dampened"": 0.88, ""confidence"": 1.0, ""confidence_dampened"": 1.0, ""raw"": 2.112, ""source_url"": ""https://oeffentlichevergabe.de/api/notices/54913367-e995-4375-a502-cb8736adfbf2?format=pdf""}, {""signal_type"": ""zuschlag_gewonnen"", ""event_date"": ""2026-08-17"", ""weight"": 6, ""recency"": 0.4, ""icp_fit_dampened"": 0.88, ""confidence"": 0.72, ""confidence_dampened"": 0.832, ""raw"": 1.757, ""source_url"": ""https://ted.europa.eu/en/notice/-/detail/567865-2026""}]}"
"iges institut","18","{""formula"": ""min(best(weight x recency x fit_d x conf_d) + stacking, cap) / cap x 100"", ""tier"": ""B"", ""icp_fit"": 0.8, ""dampening"": ""fit und confidence wirken auf [0.4 .. 1.0]"", ""signal_count"": 2, ""distinct_signal_types"": [""zuschlag_gewonnen""], ""stacking_bonus"": 0.0, ""driver"": {""signal_type"": ""zuschlag_gewonnen"", ""event_date"": ""2026-08-10"", ""weight"": 6, ""recency"": 0.4, ""icp_fit_dampened"": 0.88, ""confidence"": 1.0, ""confidence_dampened"": 1.0, ""raw"": 2.112, ""source_url"": ""https://oeffentlichevergabe.de/api/notices/5becc80c-e0ef-41c0-bf41-a9dc6c7a718b?format=pdf""}, ""all_signals"": [{""signal_type"": ""zuschlag_gewonnen"", ""event_date"": ""2026-08-10"", ""weight"": 6, ""recency"": 0.4, ""icp_fit_dampened"": 0.88, ""confidence"": 1.0, ""confidence_dampened"": 1.0, ""raw"": 2.112, ""source_url"": ""https://oeffentlichevergabe.de/api/notices/5becc80c-e0ef-41c0-bf41-a9dc6c7a718b?format=pdf""}, {""signal_type"": ""zuschlag_gewonnen"", ""event_date"": ""2026-08-17"", ""weight"": 6, ""recency"": 0.4, ""icp_fit_dampened"": 0.88, ""confidence"": 0.72, ""confidence_dampened"": 0.832, ""raw"": 1.757, ""source_url"": ""https://ted.europa.eu/en/notice/-/detail/567208-2026""}]}"
"groundkeeper ug haftungsbeschraenkt","18","{""formula"": ""min(best(weight x recency x fit_d x conf_d) + stacking, cap) / cap x 100"", ""tier"": ""B"", ""icp_fit"": 0.8, ""dampening"": ""fit und confidence wirken auf [0.4 .. 1.0]"", ""signal_count"": 2, ""distinct_signal_types"": [""zuschlag_gewonnen""], ""stacking_bonus"": 0.0, ""driver"": {""signal_type"": ""zuschlag_gewonnen"", ""event_date"": ""2026-08-11"", ""weight"": 6, ""recency"": 0.4, ""icp_fit_dampened"": 0.88, ""confidence"": 1.0, ""confidence_dampened"": 1.0, ""raw"": 2.112, ""source_url"": ""https://oeffentlichevergabe.de/api/notices/2181fffd-19e8-496c-b2a2-24ee732955cc?format=pdf""}, ""all_signals"": [{""signal_type"": ""zuschlag_gewonnen"", ""event_date"": ""2026-08-11"", ""weight"": 6, ""recency"": 0.4, ""icp_fit_dampened"": 0.88, ""confidence"": 1.0, ""confidence_dampened"": 1.0, ""raw"": 2.112, ""source_url"": ""https://oeffentlichevergabe.de/api/notices/2181fffd-19e8-496c-b2a2-24ee732955cc?format=pdf""}, {""signal_type"": ""zuschlag_gewonnen"", ""event_date"": ""2026-08-17"", ""weight"": 6, ""recency"": 0.4, ""icp_fit_dampened"": 0.88, ""confidence"": 0.72, ""confidence_dampened"": 0.832, ""raw"": 1.757, ""source_url"": ""https://ted.europa.eu/en/notice/-/detail/566448-2026""}]}"
"netcom bw","18","{""formula"": ""min(best(weight x recency x fit_d x conf_d) + stacking, cap) / cap x 100"", ""tier"": ""A"", ""icp_fit"": 1.0, ""dampening"": ""fit und confidence wirken auf [0.4 .. 1.0]"", ""signal_count"": 2, ""distinct_signal_types"": [""zuschlag_gewonnen""], ""stacking_bonus"": 0.0, ""driver"": {""signal_type"": ""zuschlag_gewonnen"", ""event_date"": ""2026-08-14"", ""weight"": 6, ""recency"": 0.4, ""icp_fit_dampened"": 1.0, ""confidence"": 0.85, ""confidence_dampened"": 0.91, ""raw"": 2.184, ""source_url"": ""https://oeffentlichevergabe.de/api/notices/30b47990-f902-4c65-8670-2bf6d81cc964?format=pdf""}, ""all_signals"": [{""signal_type"": ""zuschlag_gewonnen"", ""event_date"": ""2026-08-14"", ""weight"": 6, ""recency"": 0.4, ""icp_fit_dampened"": 1.0, ""confidence"": 0.85, ""confidence_dampened"": 0.91, ""raw"": 2.184, ""source_url"": ""https://oeffentlichevergabe.de/api/notices/30b47990-f902-4c65-8670-2bf6d81cc964?format=pdf""}, {""signal_type"": ""zuschlag_gewonnen"", ""event_date"": ""2026-08-14"", ""weight"": 6, ""recency"": 0.4, ""icp_fit_dampened"": 1.0, ""confidence"": 0.72, ""confidence_dampened"": 0.832, ""raw"": 1.997, ""source_url"": ""https://ted.europa.eu/en/notice/-/detail/565366-2026""}]}"
"sva systemvertrieb alexander","18","{""formula"": ""min(best(weight x recency x fit_d x conf_d) + stacking, cap) / cap x 100"", ""tier"": ""A"", ""icp_fit"": 1.0, ""dampening"": ""fit und confidence wirken auf [0.4 .. 1.0]"", ""signal_count"": 2, ""distinct_signal_types"": [""zuschlag_gewonnen""], ""stacking_bonus"": 0.0, ""driver"": {""signal_type"": ""zuschlag_gewonnen"", ""event_date"": ""2026-08-14"", ""weight"": 6, ""recency"": 0.4, ""icp_fit_dampened"": 1.0, ""confidence"": 0.85, ""confidence_dampened"": 0.91, ""raw"": 2.184, ""source_url"": ""https://oeffentlichevergabe.de/api/notices/227f8db5-9d58-4a32-88a3-75781e37252b?format=pdf""}, ""all_signals"": [{""signal_type"": ""zuschlag_gewonnen"", ""event_date"": ""2026-08-14"", ""weight"": 6, ""recency"": 0.4, ""icp_fit_dampened"": 1.0, ""confidence"": 0.85, ""confidence_dampened"": 0.91, ""raw"": 2.184, ""source_url"": ""https://oeffentlichevergabe.de/api/notices/227f8db5-9d58-4a32-88a3-75781e37252b?format=pdf""}, {""signal_type"": ""zuschlag_gewonnen"", ""event_date"": ""2026-08-14"", ""weight"": 6, ""recency"": 0.4, ""icp_fit_dampened"": 1.0, ""confidence"": 0.72, ""confidence_dampened"": 0.832, ""raw"": 1.997, ""source_url"": ""https://ted.europa.eu/en/notice/-/detail/563628-2026""}]}"
"convit","18","{""formula"": ""min(best(weight x recency x fit_d x conf_d) + stacking, cap) / cap x 100"", ""tier"": ""A"", ""icp_fit"": 1.0, ""dampening"": ""fit und confidence wirken auf [0.4 .. 1.0]"", ""signal_count"": 2, ""distinct_signal_types"": [""zuschlag_gewonnen""], ""stacking_bonus"": 0.0, ""driver"": {""signal_type"": ""zuschlag_gewonnen"", ""event_date"": ""2026-08-13"", ""weight"": 6, ""recency"": 0.4, ""icp_fit_dampened"": 1.0, ""confidence"": 0.85, ""confidence_dampened"": 0.91, ""raw"": 2.184, ""source_url"": ""https://oeffentlichevergabe.de/api/notices/3a9bb4f4-55dd-489c-a1c1-4a9123185abe?format=pdf""}, ""all_signals"": [{""signal_type"": ""zuschlag_gewonnen"", ""event_date"": ""2026-08-13"", ""weight"": 6, ""recency"": 0.4, ""icp_fit_dampened"": 1.0, ""confidence"": 0.85, ""confidence_dampened"": 0.91, ""raw"": 2.184, ""source_url"": ""https://oeffentlichevergabe.de/api/notices/3a9bb4f4-55dd-489c-a1c1-4a9123185abe?format=pdf""}, {""signal_type"": ""zuschlag_gewonnen"", ""event_date"": ""2026-08-13"", ""weight"": 6, ""recency"": 0.4, ""icp_fit_dampened"": 1.0, ""confidence"": 0.72, ""confidence_dampened"": 0.832, ""raw"": 1.997, ""source_url"": ""https://ted.europa.eu/en/notice/-/detail/562864-2026""}]}"
"micro focus deutschland","18","{""formula"": ""min(best(weight x recency x fit_d x conf_d) + stacking, cap) / cap x 100"", ""tier"": ""A"", ""icp_fit"": 1.0, ""dampening"": ""fit und confidence wirken auf [0.4 .. 1.0]"", ""signal_count"": 2, ""distinct_signal_types"": [""zuschlag_gewonnen""], ""stacking_bonus"": 0.0, ""driver"": {""signal_type"": ""zuschlag_gewonnen"", ""event_date"": ""2026-08-13"", ""weight"": 6, ""recency"": 0.4, ""icp_fit_dampened"": 1.0, ""confidence"": 0.85, ""confidence_dampened"": 0.91, ""raw"": 2.184, ""source_url"": ""https://oeffentlichevergabe.de/api/notices/97df7fae-4a29-4124-a99e-2a9ea6c9c99b?format=pdf""}, ""all_signals"": [{""signal_type"": ""zuschlag_gewonnen"", ""event_date"": ""2026-08-13"", ""weight"": 6, ""recency"": 0.4, ""icp_fit_dampened"": 1.0, ""confidence"": 0.85, ""confidence_dampened"": 0.91, ""raw"": 2.184, ""source_url"": ""https://oeffentlichevergabe.de/api/notices/97df7fae-4a29-4124-a99e-2a9ea6c9c99b?format=pdf""}, {""signal_type"": ""zuschlag_gewonnen"", ""event_date"": ""2026-08-13"", ""weight"": 6, ""recency"": 0.4, ""icp_fit_dampened"": 1.0, ""confidence"": 0.72, ""confidence_dampened"": 0.832, ""raw"": 1.997, ""source_url"": ""https://ted.europa.eu/en/notice/-/detail/561825-2026""}]}"
"dts systeme","18","{""formula"": ""min(best(weight x recency x fit_d x conf_d) + stacking, cap) / cap x 100"", ""tier"": ""B"", ""icp_fit"": 0.8, ""dampening"": ""fit und confidence wirken auf [0.4 .. 1.0]"", ""signal_count"": 2, ""distinct_signal_types"": [""zuschlag_gewonnen""], ""stacking_bonus"": 0.0, ""driver"": {""signal_type"": ""zuschlag_gewonnen"", ""event_date"": ""2026-08-12"", ""weight"": 6, ""recency"": 0.4, ""icp_fit_dampened"": 0.88, ""confidence"": 1.0, ""confidence_dampened"": 1.0, ""raw"": 2.112, ""source_url"": ""https://oeffentlichevergabe.de/api/notices/c73f5378-9314-4c27-bf6c-a7dd00fd5008?format=pdf""}, ""all_signals"": [{""signal_type"": ""zuschlag_gewonnen"", ""event_date"": ""2026-08-12"", ""weight"": 6, ""recency"": 0.4, ""icp_fit_dampened"": 0.88, ""confidence"": 1.0, ""confidence_dampened"": 1.0, ""raw"": 2.112, ""source_url"": ""https://oeffentlichevergabe.de/api/notices/c73f5378-9314-4c27-bf6c-a7dd00fd5008?format=pdf""}, {""signal_type"": ""zuschlag_gewonnen"", ""event_date"": ""2026-08-13"", ""weight"": 6, ""recency"": 0.4, ""icp_fit_dampened"": 0.88, ""confidence"": 0.72, ""confidence_dampened"": 0.832, ""raw"": 1.757, ""source_url"": ""https://ted.europa.eu/en/notice/-/detail/561056-2026""}]}"
"ws it-systeme","18","{""formula"": ""min(best(weight x recency x fit_d x conf_d) + stacking, cap) / cap x 100"", ""tier"": ""B"", ""icp_fit"": 0.8, ""dampening"": ""fit und confidence wirken auf [0.4 .. 1.0]"", ""signal_count"": 2, ""distinct_signal_types"": [""zuschlag_gewonnen""], ""stacking_bonus"": 0.0, ""driver"": {""signal_type"": ""zuschlag_gewonnen"", ""event_date"": ""2026-08-10"", ""weight"": 6, ""recency"": 0.4, ""icp_fit_dampened"": 0.88, ""confidence"": 1.0, ""confidence_dampened"": 1.0, ""raw"": 2.112, ""source_url"": ""https://oeffentlichevergabe.de/api/notices/3a3b3515-b6f7-4ac7-929f-86920a2945d0?format=pdf""}, ""all_signals"": [{""signal_type"": ""zuschlag_gewonnen"", ""event_date"": ""2026-08-10"", ""weight"": 6, ""recency"": 0.4, ""icp_fit_dampened"": 0.88, ""confidence"": 1.0, ""confidence_dampened"": 1.0, ""raw"": 2.112, ""source_url"": ""https://oeffentlichevergabe.de/api/notices/3a3b3515-b6f7-4ac7-929f-86920a2945d0?format=pdf""}, {""signal_type"": ""zuschlag_gewonnen"", ""event_date"": ""2026-08-12"", ""weight"": 6, ""recency"": 0.4, ""icp_fit_dampened"": 0.88, ""confidence"": 0.72, ""confidence_dampened"": 0.832, ""raw"": 1.757, ""source_url"": ""https://ted.europa.eu/en/notice/-/detail/559188-2026""}]}"
"avency","18","{""formula"": ""min(best(weight x recency x fit_d x conf_d) + stacking, cap) / cap x 100"", ""tier"": ""A"", ""icp_fit"": 1.0, ""dampening"": ""fit und confidence wirken auf [0.4 .. 1.0]"", ""signal_count"": 2, ""distinct_signal_types"": [""zuschlag_gewonnen""], ""stacking_bonus"": 0.0, ""driver"": {""signal_type"": ""zuschlag_gewonnen"", ""event_date"": ""2026-08-12"", ""weight"": 6, ""recency"": 0.4, ""icp_fit_dampened"": 1.0, ""confidence"": 0.85, ""confidence_dampened"": 0.91, ""raw"": 2.184, ""source_url"": ""https://oeffentlichevergabe.de/api/notices/05b73abc-db1e-4d2b-afd0-76d2895e0351?format=pdf""}, ""all_signals"": [{""signal_type"": ""zuschlag_gewonnen"", ""event_date"": ""2026-08-12"", ""weight"": 6, ""recency"": 0.4, ""icp_fit_dampened"": 1.0, ""confidence"": 0.85, ""confidence_dampened"": 0.91, ""raw"": 2.184, ""source_url"": ""https://oeffentlichevergabe.de/api/notices/05b73abc-db1e-4d2b-afd0-76d2895e0351?format=pdf""}, {""signal_type"": ""zuschlag_gewonnen"", ""event_date"": ""2026-08-12"", ""weight"": 6, ""recency"": 0.4, ""icp_fit_dampened"": 1.0, ""confidence"": 0.72, ""confidence_dampened"": 0.832, ""raw"": 1.997, ""source_url"": ""https://ted.europa.eu/en/notice/-/detail/557715-2026""}]}"
"airitsystems","18","{""formula"": ""min(best(weight x recency x fit_d x conf_d) + stacking, cap) / cap x 100"", ""tier"": ""B"", ""icp_fit"": 0.8, ""dampening"": ""fit und confidence wirken auf [0.4 .. 1.0]"", ""signal_count"": 2, ""distinct_signal_types"": [""zuschlag_gewonnen""], ""stacking_bonus"": 0.0, ""driver"": {""signal_type"": ""zuschlag_gewonnen"", ""event_date"": ""2026-08-10"", ""weight"": 6, ""recency"": 0.4, ""icp_fit_dampened"": 0.88, ""confidence"": 1.0, ""confidence_dampened"": 1.0, ""raw"": 2.112, ""source_url"": ""https://oeffentlichevergabe.de/api/notices/7b9c23e4-2824-4ed0-937c-392e5ffe773d?format=pdf""}, ""all_signals"": [{""signal_type"": ""zuschlag_gewonnen"", ""event_date"": ""2026-08-10"", ""weight"": 6, ""recency"": 0.4, ""icp_fit_dampened"": 0.88, ""confidence"": 1.0, ""confidence_dampened"": 1.0, ""raw"": 2.112, ""source_url"": ""https://oeffentlichevergabe.de/api/notices/7b9c23e4-2824-4ed0-937c-392e5ffe773d?format=pdf""}, {""signal_type"": ""zuschlag_gewonnen"", ""event_date"": ""2026-08-12"", ""weight"": 6, ""recency"": 0.4, ""icp_fit_dampened"": 0.88, ""confidence"": 0.72, ""confidence_dampened"": 0.832, ""raw"": 1.757, ""source_url"": ""https://ted.europa.eu/en/notice/-/detail/557424-2026""}]}"
"scaltel","18","{""formula"": ""min(best(weight x recency x fit_d x conf_d) + stacking, cap) / cap x 100"", ""tier"": ""A"", ""icp_fit"": 1.0, ""dampening"": ""fit und confidence wirken auf [0.4 .. 1.0]"", ""signal_count"": 2, ""distinct_signal_types"": [""zuschlag_gewonnen""], ""stacking_bonus"": 0.0, ""driver"": {""signal_type"": ""zuschlag_gewonnen"", ""event_date"": ""2026-08-09"", ""weight"": 6, ""recency"": 0.4, ""icp_fit_dampened"": 1.0, ""confidence"": 0.85, ""confidence_dampened"": 0.91, ""raw"": 2.184, ""source_url"": ""https://oeffentlichevergabe.de/api/notices/f88474e1-631e-45fa-834a-25f6eb583e85?format=pdf""}, ""all_signals"": [{""signal_type"": ""zuschlag_gewonnen"", ""event_date"": ""2026-08-09"", ""weight"": 6, ""recency"": 0.4, ""icp_fit_dampened"": 1.0, ""confidence"": 0.85, ""confidence_dampened"": 0.91, ""raw"": 2.184, ""source_url"": ""https://oeffentlichevergabe.de/api/notices/f88474e1-631e-45fa-834a-25f6eb583e85?format=pdf""}, {""signal_type"": ""zuschlag_gewonnen"", ""event_date"": ""2026-08-10"", ""weight"": 6, ""recency"": 0.4, ""icp_fit_dampened"": 1.0, ""confidence"": 0.72, ""confidence_dampened"": 0.832, ""raw"": 1.997, ""source_url"": ""https://ted.europa.eu/en/notice/-/detail/552996-2026""}]}"
"msg systems","17","{""formula"": ""min(best(weight x recency x fit_d x conf_d) + stacking, cap) / cap x 100"", ""tier"": ""A"", ""icp_fit"": 1.0, ""dampening"": ""fit und confidence wirken auf [0.4 .. 1.0]"", ""signal_count"": 1, ""distinct_signal_types"": [""zuschlag_gewonnen""], ""stacking_bonus"": 0.0, ""driver"": {""signal_type"": ""zuschlag_gewonnen"", ""event_date"": ""2026-08-18"", ""weight"": 6, ""recency"": 0.4, ""icp_fit_dampened"": 1.0, ""confidence"": 0.72, ""confidence_dampened"": 0.832, ""raw"": 1.997, ""source_url"": ""https://ted.europa.eu/en/notice/-/detail/570836-2026""}, ""all_signals"": [{""signal_type"": ""zuschlag_gewonnen"", ""event_date"": ""2026-08-18"", ""weight"": 6, ""recency"": 0.4, ""icp_fit_dampened"": 1.0, ""confidence"": 0.72, ""confidence_dampened"": 0.832, ""raw"": 1.997, ""source_url"": ""https://ted.europa.eu/en/notice/-/detail/570836-2026""}]}"
"kieback und peter","17","{""formula"": ""min(best(weight x recency x fit_d x conf_d) + stacking, cap) / cap x 100"", ""tier"": ""A"", ""icp_fit"": 1.0, ""dampening"": ""fit und confidence wirken auf [0.4 .. 1.0]"", ""signal_count"": 1, ""distinct_signal_types"": [""zuschlag_gewonnen""], ""stacking_bonus"": 0.0, ""driver"": {""signal_type"": ""zuschlag_gewonnen"", ""event_date"": ""2026-08-18"", ""weight"": 6, ""recency"": 0.4, ""icp_fit_dampened"": 1.0, ""confidence"": 0.72, ""confidence_dampened"": 0.832, ""raw"": 1.997, ""source_url"": ""https://ted.europa.eu/en/notice/-/detail/570615-2026""}, ""all_signals"": [{""signal_type"": ""zuschlag_gewonnen"", ""event_date"": ""2026-08-18"", ""weight"": 6, ""recency"": 0.4, ""icp_fit_dampened"": 1.0, ""confidence"": 0.72, ""confidence_dampened"": 0.832, ""raw"": 1.997, ""source_url"": ""https://ted.europa.eu/en/notice/-/detail/570615-2026""}]}"
"visunext","17","{""formula"": ""min(best(weight x recency x fit_d x conf_d) + stacking, cap) / cap x 100"", ""tier"": ""A"", ""icp_fit"": 1.0, ""dampening"": ""fit und confidence wirken auf [0.4 .. 1.0]"", ""signal_count"": 1, ""distinct_signal_types"": [""zuschlag_gewonnen""], ""stacking_bonus"": 0.0, ""driver"": {""signal_type"": ""zuschlag_gewonnen"", ""event_date"": ""2026-08-14"", ""weight"": 6, ""recency"": 0.4, ""icp_fit_dampened"": 1.0, ""confidence"": 0.72, ""confidence_dampened"": 0.832, ""raw"": 1.997, ""source_url"": ""https://ted.europa.eu/en/notice/-/detail/564411-2026""}, ""all_signals"": [{""signal_type"": ""zuschlag_gewonnen"", ""event_date"": ""2026-08-14"", ""weight"": 6, ""recency"": 0.4, ""icp_fit_dampened"": 1.0, ""confidence"": 0.72, ""confidence_dampened"": 0.832, ""raw"": 1.997, ""source_url"": ""https://ted.europa.eu/en/notice/-/detail/564411-2026""}]}"
"pepperhost it-solutions","16","{""formula"": ""min(best(weight x recency x fit_d x conf_d) + stacking, cap) / cap x 100"", ""tier"": ""B"", ""icp_fit"": 0.8, ""dampening"": ""fit und confidence wirken auf [0.4 .. 1.0]"", ""signal_count"": 2, ""distinct_signal_types"": [""zuschlag_gewonnen""], ""stacking_bonus"": 0.0, ""driver"": {""signal_type"": ""zuschlag_gewonnen"", ""event_date"": ""2026-08-21"", ""weight"": 6, ""recency"": 0.4, ""icp_fit_dampened"": 0.88, ""confidence"": 0.85, ""confidence_dampened"": 0.91, ""raw"": 1.922, ""source_url"": ""https://oeffentlichevergabe.de/api/notices/c0cae5cd-85ba-46da-a1c3-324e66bc5e03?format=pdf""}, ""all_signals"": [{""signal_type"": ""zuschlag_gewonnen"", ""event_date"": ""2026-08-21"", ""weight"": 6, ""recency"": 0.4, ""icp_fit_dampened"": 0.88, ""confidence"": 0.85, ""confidence_dampened"": 0.91, ""raw"": 1.922, ""source_url"": ""https://oeffentlichevergabe.de/api/notices/c0cae5cd-85ba-46da-a1c3-324e66bc5e03?format=pdf""}, {""signal_type"": ""zuschlag_gewonnen"", ""event_date"": ""2026-08-21"", ""weight"": 6, ""recency"": 0.4, ""icp_fit_dampened"": 0.88, ""confidence"": 0.72, ""confidence_dampened"": 0.832, ""raw"": 1.757, ""source_url"": ""https://ted.europa.eu/en/notice/-/detail/580972-2026""}]}"
"optimal systems vertriebsgesellschaft dortmund","16","{""formula"": ""min(best(weight x recency x fit_d x conf_d) + stacking, cap) / cap x 100"", ""tier"": ""B"", ""icp_fit"": 0.8, ""dampening"": ""fit und confidence wirken auf [0.4 .. 1.0]"", ""signal_count"": 2, ""distinct_signal_types"": [""zuschlag_gewonnen""], ""stacking_bonus"": 0.0, ""driver"": {""signal_type"": ""zuschlag_gewonnen"", ""event_date"": ""2026-08-21"", ""weight"": 6, ""recency"": 0.4, ""icp_fit_dampened"": 0.88, ""confidence"": 0.85, ""confidence_dampened"": 0.91, ""raw"": 1.922, ""source_url"": ""https://oeffentlichevergabe.de/api/notices/01b2ac82-e1d4-4d59-853a-110df523ae91?format=pdf""}, ""all_signals"": [{""signal_type"": ""zuschlag_gewonnen"", ""event_date"": ""2026-08-21"", ""weight"": 6, ""recency"": 0.4, ""icp_fit_dampened"": 0.88, ""confidence"": 0.85, ""confidence_dampened"": 0.91, ""raw"": 1.922, ""source_url"": ""https://oeffentlichevergabe.de/api/notices/01b2ac82-e1d4-4d59-853a-110df523ae91?format=pdf""}, {""signal_type"": ""zuschlag_gewonnen"", ""event_date"": ""2026-08-21"", ""weight"": 6, ""recency"": 0.4, ""icp_fit_dampened"": 0.88, ""confidence"": 0.72, ""confidence_dampened"": 0.832, ""raw"": 1.757, ""source_url"": ""https://ted.europa.eu/en/notice/-/detail/580925-2026""}]}"
"group24","16","{""formula"": ""min(best(weight x recency x fit_d x conf_d) + stacking, cap) / cap x 100"", ""tier"": ""B"", ""icp_fit"": 0.8, ""dampening"": ""fit und confidence wirken auf [0.4 .. 1.0]"", ""signal_count"": 2, ""distinct_signal_types"": [""zuschlag_gewonnen""], ""stacking_bonus"": 0.0, ""driver"": {""signal_type"": ""zuschlag_gewonnen"", ""event_date"": ""2026-08-21"", ""weight"": 6, ""recency"": 0.4, ""icp_fit_dampened"": 0.88, ""confidence"": 0.85, ""confidence_dampened"": 0.91, ""raw"": 1.922, ""source_url"": ""https://oeffentlichevergabe.de/api/notices/77f44c4e-07fa-4877-8390-b3c2db059a1f?format=pdf""}, ""all_signals"": [{""signal_type"": ""zuschlag_gewonnen"", ""event_date"": ""2026-08-21"", ""weight"": 6, ""recency"": 0.4, ""icp_fit_dampened"": 0.88, ""confidence"": 0.85, ""confidence_dampened"": 0.91, ""raw"": 1.922, ""source_url"": ""https://oeffentlichevergabe.de/api/notices/77f44c4e-07fa-4877-8390-b3c2db059a1f?format=pdf""}, {""signal_type"": ""zuschlag_gewonnen"", ""event_date"": ""2026-08-21"", ""weight"": 6, ""recency"": 0.4, ""icp_fit_dampened"": 0.88, ""confidence"": 0.72, ""confidence_dampened"": 0.832, ""raw"": 1.757, ""source_url"": ""https://ted.europa.eu/en/notice/-/detail/580617-2026""}]}"
"microsoft ireland operations limited","16","{""formula"": ""min(best(weight x recency x fit_d x conf_d) + stacking, cap) / cap x 100"", ""tier"": ""B"", ""icp_fit"": 0.8, ""dampening"": ""fit und confidence wirken auf [0.4 .. 1.0]"", ""signal_count"": 2, ""distinct_signal_types"": [""zuschlag_gewonnen""], ""stacking_bonus"": 0.0, ""driver"": {""signal_type"": ""zuschlag_gewonnen"", ""event_date"": ""2026-08-21"", ""weight"": 6, ""recency"": 0.4, ""icp_fit_dampened"": 0.88, ""confidence"": 0.85, ""confidence_dampened"": 0.91, ""raw"": 1.922, ""source_url"": ""https://oeffentlichevergabe.de/api/notices/0462eb66-ffbb-4a6a-bfb3-1a7b9f015174?format=pdf""}, ""all_signals"": [{""signal_type"": ""zuschlag_gewonnen"", ""event_date"": ""2026-08-21"", ""weight"": 6, ""recency"": 0.4, ""icp_fit_dampened"": 0.88, ""confidence"": 0.85, ""confidence_dampened"": 0.91, ""raw"": 1.922, ""source_url"": ""https://oeffentlichevergabe.de/api/notices/0462eb66-ffbb-4a6a-bfb3-1a7b9f015174?format=pdf""}, {""signal_type"": ""zuschlag_gewonnen"", ""event_date"": ""2026-08-21"", ""weight"": 6, ""recency"": 0.4, ""icp_fit_dampened"": 0.88, ""confidence"": 0.72, ""confidence_dampened"": 0.832, ""raw"": 1.757, ""source_url"": ""https://ted.europa.eu/en/notice/-/detail/580607-2026""}]}"
"bechtle gmbh und co kg it-systemhaus chemnitz","16","{""formula"": ""min(best(weight x recency x fit_d x conf_d) + stacking, cap) / cap x 100"", ""tier"": ""B"", ""icp_fit"": 0.8, ""dampening"": ""fit und confidence wirken auf [0.4 .. 1.0]"", ""signal_count"": 2, ""distinct_signal_types"": [""zuschlag_gewonnen""], ""stacking_bonus"": 0.0, ""driver"": {""signal_type"": ""zuschlag_gewonnen"", ""event_date"": ""2026-08-21"", ""weight"": 6, ""recency"": 0.4, ""icp_fit_dampened"": 0.88, ""confidence"": 0.85, ""confidence_dampened"": 0.91, ""raw"": 1.922, ""source_url"": ""https://oeffentlichevergabe.de/api/notices/22e3530e-f6cb-4b0f-8c21-1a75d1cb9424?format=pdf""}, ""all_signals"": [{""signal_type"": ""zuschlag_gewonnen"", ""event_date"": ""2026-08-21"", ""weight"": 6, ""recency"": 0.4, ""icp_fit_dampened"": 0.88, ""confidence"": 0.85, ""confidence_dampened"": 0.91, ""raw"": 1.922, ""source_url"": ""https://oeffentlichevergabe.de/api/notices/22e3530e-f6cb-4b0f-8c21-1a75d1cb9424?format=pdf""}, {""signal_type"": ""zuschlag_gewonnen"", ""event_date"": ""2026-08-21"", ""weight"": 6, ""recency"": 0.4, ""icp_fit_dampened"": 0.88, ""confidence"": 0.72, ""confidence_dampened"": 0.832, ""raw"": 1.757, ""source_url"": ""https://ted.europa.eu/en/notice/-/detail/580483-2026""}]}"
"keysight technologies","16","{""formula"": ""min(best(weight x recency x fit_d x conf_d) + stacking, cap) / cap x 100"", ""tier"": ""B"", ""icp_fit"": 0.8, ""dampening"": ""fit und confidence wirken auf [0.4 .. 1.0]"", ""signal_count"": 2, ""distinct_signal_types"": [""zuschlag_gewonnen""], ""stacking_bonus"": 0.0, ""driver"": {""signal_type"": ""zuschlag_gewonnen"", ""event_date"": ""2026-08-21"", ""weight"": 6, ""recency"": 0.4, ""icp_fit_dampened"": 0.88, ""confidence"": 0.85, ""confidence_dampened"": 0.91, ""raw"": 1.922, ""source_url"": ""https://oeffentlichevergabe.de/api/notices/688c897f-47d9-4127-a79b-3118dcec7cff?format=pdf""}, ""all_signals"": [{""signal_type"": ""zuschlag_gewonnen"", ""event_date"": ""2026-08-21"", ""weight"": 6, ""recency"": 0.4, ""icp_fit_dampened"": 0.88, ""confidence"": 0.85, ""confidence_dampened"": 0.91, ""raw"": 1.922, ""source_url"": ""https://oeffentlichevergabe.de/api/notices/688c897f-47d9-4127-a79b-3118dcec7cff?format=pdf""}, {""signal_type"": ""zuschlag_gewonnen"", ""event_date"": ""2026-08-21"", ""weight"": 6, ""recency"": 0.4, ""icp_fit_dampened"": 0.88, ""confidence"": 0.72, ""confidence_dampened"": 0.832, ""raw"": 1.757, ""source_url"": ""https://ted.europa.eu/en/notice/-/detail/580436-2026""}]}"
"impressum gecko gesellschaft fuer computer-und kommunikationssysteme","16","{""formula"": ""min(best(weight x recency x fit_d x conf_d) + stacking, cap) / cap x 100"", ""tier"": ""B"", ""icp_fit"": 0.8, ""dampening"": ""fit und confidence wirken auf [0.4 .. 1.0]"", ""signal_count"": 2, ""distinct_signal_types"": [""zuschlag_gewonnen""], ""stacking_bonus"": 0.0, ""driver"": {""signal_type"": ""zuschlag_gewonnen"", ""event_date"": ""2026-08-21"", ""weight"": 6, ""recency"": 0.4, ""icp_fit_dampened"": 0.88, ""confidence"": 0.85, ""confidence_dampened"": 0.91, ""raw"": 1.922, ""source_url"": ""https://oeffentlichevergabe.de/api/notices/ae27e4a1-417d-4b7e-b5aa-cc4da9859bde?format=pdf""}, ""all_signals"": [{""signal_type"": ""zuschlag_gewonnen"", ""event_date"": ""2026-08-21"", ""weight"": 6, ""recency"": 0.4, ""icp_fit_dampened"": 0.88, ""confidence"": 0.85, ""confidence_dampened"": 0.91, ""raw"": 1.922, ""source_url"": ""https://oeffentlichevergabe.de/api/notices/ae27e4a1-417d-4b7e-b5aa-cc4da9859bde?format=pdf""}, {""signal_type"": ""zuschlag_gewonnen"", ""event_date"": ""2026-08-21"", ""weight"": 6, ""recency"": 0.4, ""icp_fit_dampened"": 0.88, ""confidence"": 0.72, ""confidence_dampened"": 0.832, ""raw"": 1.757, ""source_url"": ""https://ted.europa.eu/en/notice/-/detail/579311-2026""}]}"
"chunkx b v","16","{""formula"": ""min(best(weight x recency x fit_d x conf_d) + stacking, cap) / cap x 100"", ""tier"": ""B"", ""icp_fit"": 0.8, ""dampening"": ""fit und confidence wirken auf [0.4 .. 1.0]"", ""signal_count"": 2, ""distinct_signal_types"": [""zuschlag_gewonnen""], ""stacking_bonus"": 0.0, ""driver"": {""signal_type"": ""zuschlag_gewonnen"", ""event_date"": ""2026-08-21"", ""weight"": 6, ""recency"": 0.4, ""icp_fit_dampened"": 0.88, ""confidence"": 0.85, ""confidence_dampened"": 0.91, ""raw"": 1.922, ""source_url"": ""https://oeffentlichevergabe.de/api/notices/a4c25fa3-6093-4a2e-9047-72e6a2551404?format=pdf""}, ""all_signals"": [{""signal_type"": ""zuschlag_gewonnen"", ""event_date"": ""2026-08-21"", ""weight"": 6, ""recency"": 0.4, ""icp_fit_dampened"": 0.88, ""confidence"": 0.85, ""confidence_dampened"": 0.91, ""raw"": 1.922, ""source_url"": ""https://oeffentlichevergabe.de/api/notices/a4c25fa3-6093-4a2e-9047-72e6a2551404?format=pdf""}, {""signal_type"": ""zuschlag_gewonnen"", ""event_date"": ""2026-08-21"", ""weight"": 6, ""recency"": 0.4, ""icp_fit_dampened"": 0.88, ""confidence"": 0.72, ""confidence_dampened"": 0.832, ""raw"": 1.757, ""source_url"": ""https://ted.europa.eu/en/notice/-/detail/578398-2026""}]}"
"iav","16","{""formula"": ""min(best(weight x recency x fit_d x conf_d) + stacking, cap) / cap x 100"", ""tier"": ""B"", ""icp_fit"": 0.8, ""dampening"": ""fit und confidence wirken auf [0.4 .. 1.0]"", ""signal_count"": 2, ""distinct_signal_types"": [""zuschlag_gewonnen""], ""stacking_bonus"": 0.0, ""driver"": {""signal_type"": ""zuschlag_gewonnen"", ""event_date"": ""2026-08-20"", ""weight"": 6, ""recency"": 0.4, ""icp_fit_dampened"": 0.88, ""confidence"": 0.85, ""confidence_dampened"": 0.91, ""raw"": 1.922, ""source_url"": ""https://oeffentlichevergabe.de/api/notices/1f144727-3196-4559-8aab-aabbf3ec7bc2?format=pdf""}, ""all_signals"": [{""signal_type"": ""zuschlag_gewonnen"", ""event_date"": ""2026-08-20"", ""weight"": 6, ""recency"": 0.4, ""icp_fit_dampened"": 0.88, ""confidence"": 0.85, ""confidence_dampened"": 0.91, ""raw"": 1.922, ""source_url"": ""https://oeffentlichevergabe.de/api/notices/1f144727-3196-4559-8aab-aabbf3ec7bc2?format=pdf""}, {""signal_type"": ""zuschlag_gewonnen"", ""event_date"": ""2026-08-20"", ""weight"": 6, ""recency"": 0.4, ""icp_fit_dampened"": 0.88, ""confidence"": 0.72, ""confidence_dampened"": 0.832, ""raw"": 1.757, ""source_url"": ""https://ted.europa.eu/en/notice/-/detail/578108-2026""}]}"
"yellowmonkey werbeagentur","16","{""formula"": ""min(best(weight x recency x fit_d x conf_d) + stacking, cap) / cap x 100"", ""tier"": ""B"", ""icp_fit"": 0.8, ""dampening"": ""fit und confidence wirken auf [0.4 .. 1.0]"", ""signal_count"": 2, ""distinct_signal_types"": [""zuschlag_gewonnen""], ""stacking_bonus"": 0.0, ""driver"": {""signal_type"": ""zuschlag_gewonnen"", ""event_date"": ""2026-08-20"", ""weight"": 6, ""recency"": 0.4, ""icp_fit_dampened"": 0.88, ""confidence"": 0.85, ""confidence_dampened"": 0.91, ""raw"": 1.922, ""source_url"": ""https://oeffentlichevergabe.de/api/notices/e362bfcf-10d5-48c5-9521-10311e000518?format=pdf""}, ""all_signals"": [{""signal_type"": ""zuschlag_gewonnen"", ""event_date"": ""2026-08-20"", ""weight"": 6, ""recency"": 0.4, ""icp_fit_dampened"": 0.88, ""confidence"": 0.85, ""confidence_dampened"": 0.91, ""raw"": 1.922, ""source_url"": ""https://oeffentlichevergabe.de/api/notices/e362bfcf-10d5-48c5-9521-10311e000518?format=pdf""}, {""signal_type"": ""zuschlag_gewonnen"", ""event_date"": ""2026-08-20"", ""weight"": 6, ""recency"": 0.4, ""icp_fit_dampened"": 0.88, ""confidence"": 0.72, ""confidence_dampened"": 0.832, ""raw"": 1.757, ""source_url"": ""https://ted.europa.eu/en/notice/-/detail/578046-2026""}]}"
"tedsoft","16","{""formula"": ""min(best(weight x recency x fit_d x conf_d) + stacking, cap) / cap x 100"", ""tier"": ""B"", ""icp_fit"": 0.8, ""dampening"": ""fit und confidence wirken auf [0.4 .. 1.0]"", ""signal_count"": 2, ""distinct_signal_types"": [""zuschlag_gewonnen""], ""stacking_bonus"": 0.0, ""driver"": {""signal_type"": ""zuschlag_gewonnen"", ""event_date"": ""2026-08-20"", ""weight"": 6, ""recency"": 0.4, ""icp_fit_dampened"": 0.88, ""confidence"": 0.85, ""confidence_dampened"": 0.91, ""raw"": 1.922, ""source_url"": ""https://oeffentlichevergabe.de/api/notices/b8dc05ce-3720-43d5-97a2-7f934167c097?format=pdf""}, ""all_signals"": [{""signal_type"": ""zuschlag_gewonnen"", ""event_date"": ""2026-08-20"", ""weight"": 6, ""recency"": 0.4, ""icp_fit_dampened"": 0.88, ""confidence"": 0.85, ""confidence_dampened"": 0.91, ""raw"": 1.922, ""source_url"": ""https://oeffentlichevergabe.de/api/notices/b8dc05ce-3720-43d5-97a2-7f934167c097?format=pdf""}, {""signal_type"": ""zuschlag_gewonnen"", ""event_date"": ""2026-08-20"", ""weight"": 6, ""recency"": 0.4, ""icp_fit_dampened"": 0.88, ""confidence"": 0.72, ""confidence_dampened"": 0.832, ""raw"": 1.757, ""source_url"": ""https://ted.europa.eu/en/notice/-/detail/577324-2026""}]}"
"epostbox epb","16","{""formula"": ""min(best(weight x recency x fit_d x conf_d) + stacking, cap) / cap x 100"", ""tier"": ""B"", ""icp_fit"": 0.8, ""dampening"": ""fit und confidence wirken auf [0.4 .. 1.0]"", ""signal_count"": 2, ""distinct_signal_types"": [""zuschlag_gewonnen""], ""stacking_bonus"": 0.0, ""driver"": {""signal_type"": ""zuschlag_gewonnen"", ""event_date"": ""2026-08-20"", ""weight"": 6, ""recency"": 0.4, ""icp_fit_dampened"": 0.88, ""confidence"": 0.85, ""confidence_dampened"": 0.91, ""raw"": 1.922, ""source_url"": ""https://oeffentlichevergabe.de/api/notices/a4f1dd20-d50d-4b20-8a90-40e5c371fc74?format=pdf""}, ""all_signals"": [{""signal_type"": ""zuschlag_gewonnen"", ""event_date"": ""2026-08-20"", ""weight"": 6, ""recency"": 0.4, ""icp_fit_dampened"": 0.88, ""confidence"": 0.85, ""confidence_dampened"": 0.91, ""raw"": 1.922, ""source_url"": ""https://oeffentlichevergabe.de/api/notices/a4f1dd20-d50d-4b20-8a90-40e5c371fc74?format=pdf""}, {""signal_type"": ""zuschlag_gewonnen"", ""event_date"": ""2026-08-20"", ""weight"": 6, ""recency"": 0.4, ""icp_fit_dampened"": 0.88, ""confidence"": 0.72, ""confidence_dampened"": 0.832, ""raw"": 1.757, ""source_url"": ""https://ted.europa.eu/en/notice/-/detail/577263-2026""}]}"
"tweede golf","16","{""formula"": ""min(best(weight x recency x fit_d x conf_d) + stacking, cap) / cap x 100"", ""tier"": ""B"", ""icp_fit"": 0.8, ""dampening"": ""fit und confidence wirken auf [0.4 .. 1.0]"", ""signal_count"": 2, ""distinct_signal_types"": [""zuschlag_gewonnen""], ""stacking_bonus"": 0.0, ""driver"": {""signal_type"": ""zuschlag_gewonnen"", ""event_date"": ""2026-08-20"", ""weight"": 6, ""recency"": 0.4, ""icp_fit_dampened"": 0.88, ""confidence"": 0.85, ""confidence_dampened"": 0.91, ""raw"": 1.922, ""source_url"": ""https://oeffentlichevergabe.de/api/notices/f0330fb0-bcc0-4f57-95ba-367c6fb5c700?format=pdf""}, ""all_signals"": [{""signal_type"": ""zuschlag_gewonnen"", ""event_date"": ""2026-08-20"", ""weight"": 6, ""recency"": 0.4, ""icp_fit_dampened"": 0.88, ""confidence"": 0.85, ""confidence_dampened"": 0.91, ""raw"": 1.922, ""source_url"": ""https://oeffentlichevergabe.de/api/notices/f0330fb0-bcc0-4f57-95ba-367c6fb5c700?format=pdf""}, {""signal_type"": ""zuschlag_gewonnen"", ""event_date"": ""2026-08-20"", ""weight"": 6, ""recency"": 0.4, ""icp_fit_dampened"": 0.88, ""confidence"": 0.72, ""confidence_dampened"": 0.832, ""raw"": 1.757, ""source_url"": ""https://ted.europa.eu/en/notice/-/detail/577232-2026""}]}"
"almato ai","16","{""formula"": ""min(best(weight x recency x fit_d x conf_d) + stacking, cap) / cap x 100"", ""tier"": ""B"", ""icp_fit"": 0.8, ""dampening"": ""fit und confidence wirken auf [0.4 .. 1.0]"", ""signal_count"": 2, ""distinct_signal_types"": [""zuschlag_gewonnen""], ""stacking_bonus"": 0.0, ""driver"": {""signal_type"": ""zuschlag_gewonnen"", ""event_date"": ""2026-08-20"", ""weight"": 6, ""recency"": 0.4, ""icp_fit_dampened"": 0.88, ""confidence"": 0.85, ""confidence_dampened"": 0.91, ""raw"": 1.922, ""source_url"": ""https://oeffentlichevergabe.de/api/notices/5bb841e0-d87c-4ae3-898e-ca99e5e9200e?format=pdf""}, ""all_signals"": [{""signal_type"": ""zuschlag_gewonnen"", ""event_date"": ""2026-08-20"", ""weight"": 6, ""recency"": 0.4, ""icp_fit_dampened"": 0.88, ""confidence"": 0.85, ""confidence_dampened"": 0.91, ""raw"": 1.922, ""source_url"": ""https://oeffentlichevergabe.de/api/notices/5bb841e0-d87c-4ae3-898e-ca99e5e9200e?format=pdf""}, {""signal_type"": ""zuschlag_gewonnen"", ""event_date"": ""2026-08-20"", ""weight"": 6, ""recency"": 0.4, ""icp_fit_dampened"": 0.88, ""confidence"": 0.72, ""confidence_dampened"": 0.832, ""raw"": 1.757, ""source_url"": ""https://ted.europa.eu/en/notice/-/detail/576717-2026""}]}"
"planet labs germany","16","{""formula"": ""min(best(weight x recency x fit_d x conf_d) + stacking, cap) / cap x 100"", ""tier"": ""B"", ""icp_fit"": 0.8, ""dampening"": ""fit und confidence wirken auf [0.4 .. 1.0]"", ""signal_count"": 2, ""distinct_signal_types"": [""zuschlag_gewonnen""], ""stacking_bonus"": 0.0, ""driver"": {""signal_type"": ""zuschlag_gewonnen"", ""event_date"": ""2026-08-20"", ""weight"": 6, ""recency"": 0.4, ""icp_fit_dampened"": 0.88, ""confidence"": 0.85, ""confidence_dampened"": 0.91, ""raw"": 1.922, ""source_url"": ""https://oeffentlichevergabe.de/api/notices/053841bc-86c0-431a-b529-0d8a5cc7ae42?format=pdf""}, ""all_signals"": [{""signal_type"": ""zuschlag_gewonnen"", ""event_date"": ""2026-08-20"", ""weight"": 6, ""recency"": 0.4, ""icp_fit_dampened"": 0.88, ""confidence"": 0.85, ""confidence_dampened"": 0.91, ""raw"": 1.922, ""source_url"": ""https://oeffentlichevergabe.de/api/notices/053841bc-86c0-431a-b529-0d8a5cc7ae42?format=pdf""}, {""signal_type"": ""zuschlag_gewonnen"", ""event_date"": ""2026-08-20"", ""weight"": 6, ""recency"": 0.4, ""icp_fit_dampened"": 0.88, ""confidence"": 0.72, ""confidence_dampened"": 0.832, ""raw"": 1.757, ""source_url"": ""https://ted.europa.eu/en/notice/-/detail/576400-2026""}]}"
"mightycare solutions","16","{""formula"": ""min(best(weight x recency x fit_d x conf_d) + stacking, cap) / cap x 100"", ""tier"": ""B"", ""icp_fit"": 0.8, ""dampening"": ""fit und confidence wirken auf [0.4 .. 1.0]"", ""signal_count"": 2, ""distinct_signal_types"": [""zuschlag_gewonnen""], ""stacking_bonus"": 0.0, ""driver"": {""signal_type"": ""zuschlag_gewonnen"", ""event_date"": ""2026-08-20"", ""weight"": 6, ""recency"": 0.4, ""icp_fit_dampened"": 0.88, ""confidence"": 0.85, ""confidence_dampened"": 0.91, ""raw"": 1.922, ""source_url"": ""https://oeffentlichevergabe.de/api/notices/b70694a6-0318-432c-a989-29417e6b916e?format=pdf""}, ""all_signals"": [{""signal_type"": ""zuschlag_gewonnen"", ""event_date"": ""2026-08-20"", ""weight"": 6, ""recency"": 0.4, ""icp_fit_dampened"": 0.88, ""confidence"": 0.85, ""confidence_dampened"": 0.91, ""raw"": 1.922, ""source_url"": ""https://oeffentlichevergabe.de/api/notices/b70694a6-0318-432c-a989-29417e6b916e?format=pdf""}, {""signal_type"": ""zuschlag_gewonnen"", ""event_date"": ""2026-08-20"", ""weight"": 6, ""recency"": 0.4, ""icp_fit_dampened"": 0.88, ""confidence"": 0.72, ""confidence_dampened"": 0.832, ""raw"": 1.757, ""source_url"": ""https://ted.europa.eu/en/notice/-/detail/576268-2026""}]}"
"itesys de","16","{""formula"": ""min(best(weight x recency x fit_d x conf_d) + stacking, cap) / cap x 100"", ""tier"": ""B"", ""icp_fit"": 0.8, ""dampening"": ""fit und confidence wirken auf [0.4 .. 1.0]"", ""signal_count"": 2, ""distinct_signal_types"": [""zuschlag_gewonnen""], ""stacking_bonus"": 0.0, ""driver"": {""signal_type"": ""zuschlag_gewonnen"", ""event_date"": ""2026-08-20"", ""weight"": 6, ""recency"": 0.4, ""icp_fit_dampened"": 0.88, ""confidence"": 0.85, ""confidence_dampened"": 0.91, ""raw"": 1.922, ""source_url"": ""https://oeffentlichevergabe.de/api/notices/d5908f83-1b44-4527-8552-cab97e895cb6?format=pdf""}, ""all_signals"": [{""signal_type"": ""zuschlag_gewonnen"", ""event_date"": ""2026-08-20"", ""weight"": 6, ""recency"": 0.4, ""icp_fit_dampened"": 0.88, ""confidence"": 0.85, ""confidence_dampened"": 0.91, ""raw"": 1.922, ""source_url"": ""https://oeffentlichevergabe.de/api/notices/d5908f83-1b44-4527-8552-cab97e895cb6?format=pdf""}, {""signal_type"": ""zuschlag_gewonnen"", ""event_date"": ""2026-08-20"", ""weight"": 6, ""recency"": 0.4, ""icp_fit_dampened"": 0.88, ""confidence"": 0.72, ""confidence_dampened"": 0.832, ""raw"": 1.757, ""source_url"": ""https://ted.europa.eu/en/notice/-/detail/575979-2026""}]}"
"lufthansa technik","16","{""formula"": ""min(best(weight x recency x fit_d x conf_d) + stacking, cap) / cap x 100"", ""tier"": ""B"", ""icp_fit"": 0.8, ""dampening"": ""fit und confidence wirken auf [0.4 .. 1.0]"", ""signal_count"": 2, ""distinct_signal_types"": [""zuschlag_gewonnen""], ""stacking_bonus"": 0.0, ""driver"": {""signal_type"": ""zuschlag_gewonnen"", ""event_date"": ""2026-08-20"", ""weight"": 6, ""recency"": 0.4, ""icp_fit_dampened"": 0.88, ""confidence"": 0.85, ""confidence_dampened"": 0.91, ""raw"": 1.922, ""source_url"": ""https://oeffentlichevergabe.de/api/notices/aa098f78-2b2d-42f9-b1a6-bb77a045846c?format=pdf""}, ""all_signals"": [{""signal_type"": ""zuschlag_gewonnen"", ""event_date"": ""2026-08-20"", ""weight"": 6, ""recency"": 0.4, ""icp_fit_dampened"": 0.88, ""confidence"": 0.85, ""confidence_dampened"": 0.91, ""raw"": 1.922, ""source_url"": ""https://oeffentlichevergabe.de/api/notices/aa098f78-2b2d-42f9-b1a6-bb77a045846c?format=pdf""}, {""signal_type"": ""zuschlag_gewonnen"", ""event_date"": ""2026-08-20"", ""weight"": 6, ""recency"": 0.4, ""icp_fit_dampened"": 0.88, ""confidence"": 0.72, ""confidence_dampened"": 0.832, ""raw"": 1.757, ""source_url"": ""https://ted.europa.eu/en/notice/-/detail/575792-2026""}]}"
"geoinformatikbuero dassau","16","{""formula"": ""min(best(weight x recency x fit_d x conf_d) + stacking, cap) / cap x 100"", ""tier"": ""B"", ""icp_fit"": 0.8, ""dampening"": ""fit und confidence wirken auf [0.4 .. 1.0]"", ""signal_count"": 2, ""distinct_signal_types"": [""zuschlag_gewonnen""], ""stacking_bonus"": 0.0, ""driver"": {""signal_type"": ""zuschlag_gewonnen"", ""event_date"": ""2026-08-20"", ""weight"": 6, ""recency"": 0.4, ""icp_fit_dampened"": 0.88, ""confidence"": 0.85, ""confidence_dampened"": 0.91, ""raw"": 1.922, ""source_url"": ""https://oeffentlichevergabe.de/api/notices/dacdfbea-6b00-4225-bdf1-4e11dc456184?format=pdf""}, ""all_signals"": [{""signal_type"": ""zuschlag_gewonnen"", ""event_date"": ""2026-08-20"", ""weight"": 6, ""recency"": 0.4, ""icp_fit_dampened"": 0.88, ""confidence"": 0.85, ""confidence_dampened"": 0.91, ""raw"": 1.922, ""source_url"": ""https://oeffentlichevergabe.de/api/notices/dacdfbea-6b00-4225-bdf1-4e11dc456184?format=pdf""}, {""signal_type"": ""zuschlag_gewonnen"", ""event_date"": ""2026-08-20"", ""weight"": 6, ""recency"": 0.4, ""icp_fit_dampened"": 0.88, ""confidence"": 0.72, ""confidence_dampened"": 0.832, ""raw"": 1.757, ""source_url"": ""https://ted.europa.eu/en/notice/-/detail/575526-2026""}]}"
"explicatis","16","{""formula"": ""min(best(weight x recency x fit_d x conf_d) + stacking, cap) / cap x 100"", ""tier"": ""B"", ""icp_fit"": 0.8, ""dampening"": ""fit und confidence wirken auf [0.4 .. 1.0]"", ""signal_count"": 2, ""distinct_signal_types"": [""zuschlag_gewonnen""], ""stacking_bonus"": 0.0, ""driver"": {""signal_type"": ""zuschlag_gewonnen"", ""event_date"": ""2026-08-19"", ""weight"": 6, ""recency"": 0.4, ""icp_fit_dampened"": 0.88, ""confidence"": 0.85, ""confidence_dampened"": 0.91, ""raw"": 1.922, ""source_url"": ""https://oeffentlichevergabe.de/api/notices/26c10486-9c06-4a3c-a101-49b0da61690f?format=pdf""}, ""all_signals"": [{""signal_type"": ""zuschlag_gewonnen"", ""event_date"": ""2026-08-19"", ""weight"": 6, ""recency"": 0.4, ""icp_fit_dampened"": 0.88, ""confidence"": 0.85, ""confidence_dampened"": 0.91, ""raw"": 1.922, ""source_url"": ""https://oeffentlichevergabe.de/api/notices/26c10486-9c06-4a3c-a101-49b0da61690f?format=pdf""}, {""signal_type"": ""zuschlag_gewonnen"", ""event_date"": ""2026-08-19"", ""weight"": 6, ""recency"": 0.4, ""icp_fit_dampened"": 0.88, ""confidence"": 0.72, ""confidence_dampened"": 0.832, ""raw"": 1.757, ""source_url"": ""https://ted.europa.eu/en/notice/-/detail/575364-2026""}]}"
"boston server und storage solutions","16","{""formula"": ""min(best(weight x recency x fit_d x conf_d) + stacking, cap) / cap x 100"", ""tier"": ""B"", ""icp_fit"": 0.8, ""dampening"": ""fit und confidence wirken auf [0.4 .. 1.0]"", ""signal_count"": 2, ""distinct_signal_types"": [""zuschlag_gewonnen""], ""stacking_bonus"": 0.0, ""driver"": {""signal_type"": ""zuschlag_gewonnen"", ""event_date"": ""2026-08-19"", ""weight"": 6, ""recency"": 0.4, ""icp_fit_dampened"": 0.88, ""confidence"": 0.85, ""confidence_dampened"": 0.91, ""raw"": 1.922, ""source_url"": ""https://oeffentlichevergabe.de/api/notices/fc9660aa-33da-4140-a33d-4e2b9a961873?format=pdf""}, ""all_signals"": [{""signal_type"": ""zuschlag_gewonnen"", ""event_date"": ""2026-08-19"", ""weight"": 6, ""recency"": 0.4, ""icp_fit_dampened"": 0.88, ""confidence"": 0.85, ""confidence_dampened"": 0.91, ""raw"": 1.922, ""source_url"": ""https://oeffentlichevergabe.de/api/notices/fc9660aa-33da-4140-a33d-4e2b9a961873?format=pdf""}, {""signal_type"": ""zuschlag_gewonnen"", ""event_date"": ""2026-08-19"", ""weight"": 6, ""recency"": 0.4, ""icp_fit_dampened"": 0.88, ""confidence"": 0.72, ""confidence_dampened"": 0.832, ""raw"": 1.757, ""source_url"": ""https://ted.europa.eu/en/notice/-/detail/574933-2026""}]}"
"byte5","16","{""formula"": ""min(best(weight x recency x fit_d x conf_d) + stacking, cap) / cap x 100"", ""tier"": ""B"", ""icp_fit"": 0.8, ""dampening"": ""fit und confidence wirken auf [0.4 .. 1.0]"", ""signal_count"": 2, ""distinct_signal_types"": [""zuschlag_gewonnen""], ""stacking_bonus"": 0.0, ""driver"": {""signal_type"": ""zuschlag_gewonnen"", ""event_date"": ""2026-08-19"", ""weight"": 6, ""recency"": 0.4, ""icp_fit_dampened"": 0.88, ""confidence"": 0.85, ""confidence_dampened"": 0.91, ""raw"": 1.922, ""source_url"": ""https://oeffentlichevergabe.de/api/notices/45bcbf54-4b5b-4d53-a524-28c334061409?format=pdf""}, ""all_signals"": [{""signal_type"": ""zuschlag_gewonnen"", ""event_date"": ""2026-08-19"", ""weight"": 6, ""recency"": 0.4, ""icp_fit_dampened"": 0.88, ""confidence"": 0.85, ""confidence_dampened"": 0.91, ""raw"": 1.922, ""source_url"": ""https://oeffentlichevergabe.de/api/notices/45bcbf54-4b5b-4d53-a524-28c334061409?format=pdf""}, {""signal_type"": ""zuschlag_gewonnen"", ""event_date"": ""2026-08-19"", ""weight"": 6, ""recency"": 0.4, ""icp_fit_dampened"": 0.88, ""confidence"": 0.72, ""confidence_dampened"": 0.832, ""raw"": 1.757, ""source_url"": ""https://ted.europa.eu/en/notice/-/detail/574642-2026""}]}"
"act digital deutschland","16","{""formula"": ""min(best(weight x recency x fit_d x conf_d) + stacking, cap) / cap x 100"", ""tier"": ""B"", ""icp_fit"": 0.8, ""dampening"": ""fit und confidence wirken auf [0.4 .. 1.0]"", ""signal_count"": 2, ""distinct_signal_types"": [""zuschlag_gewonnen""], ""stacking_bonus"": 0.0, ""driver"": {""signal_type"": ""zuschlag_gewonnen"", ""event_date"": ""2026-08-19"", ""weight"": 6, ""recency"": 0.4, ""icp_fit_dampened"": 0.88, ""confidence"": 0.85, ""confidence_dampened"": 0.91, ""raw"": 1.922, ""source_url"": ""https://oeffentlichevergabe.de/api/notices/95e4ea08-c509-4916-b8cc-af37d3ed6784?format=pdf""}, ""all_signals"": [{""signal_type"": ""zuschlag_gewonnen"", ""event_date"": ""2026-08-19"", ""weight"": 6, ""recency"": 0.4, ""icp_fit_dampened"": 0.88, ""confidence"": 0.85, ""confidence_dampened"": 0.91, ""raw"": 1.922, ""source_url"": ""https://oeffentlichevergabe.de/api/notices/95e4ea08-c509-4916-b8cc-af37d3ed6784?format=pdf""}, {""signal_type"": ""zuschlag_gewonnen"", ""event_date"": ""2026-08-19"", ""weight"": 6, ""recency"": 0.4, ""icp_fit_dampened"": 0.88, ""confidence"": 0.72, ""confidence_dampened"": 0.832, ""raw"": 1.757, ""source_url"": ""https://ted.europa.eu/en/notice/-/detail/574636-2026""}]}"
"technische hochschule nuernberg georg simon ohm","16","{""formula"": ""min(best(weight x recency x fit_d x conf_d) + stacking, cap) / cap x 100"", ""tier"": ""B"", ""icp_fit"": 0.8, ""dampening"": ""fit und confidence wirken auf [0.4 .. 1.0]"", ""signal_count"": 2, ""distinct_signal_types"": [""zuschlag_gewonnen""], ""stacking_bonus"": 0.0, ""driver"": {""signal_type"": ""zuschlag_gewonnen"", ""event_date"": ""2026-08-19"", ""weight"": 6, ""recency"": 0.4, ""icp_fit_dampened"": 0.88, ""confidence"": 0.85, ""confidence_dampened"": 0.91, ""raw"": 1.922, ""source_url"": ""https://oeffentlichevergabe.de/api/notices/d1037946-8b86-42e3-9bbe-3ef56095d62f?format=pdf""}, ""all_signals"": [{""signal_type"": ""zuschlag_gewonnen"", ""event_date"": ""2026-08-19"", ""weight"": 6, ""recency"": 0.4, ""icp_fit_dampened"": 0.88, ""confidence"": 0.85, ""confidence_dampened"": 0.91, ""raw"": 1.922, ""source_url"": ""https://oeffentlichevergabe.de/api/notices/d1037946-8b86-42e3-9bbe-3ef56095d62f?format=pdf""}, {""signal_type"": ""zuschlag_gewonnen"", ""event_date"": ""2026-08-19"", ""weight"": 6, ""recency"": 0.4, ""icp_fit_dampened"": 0.88, ""confidence"": 0.72, ""confidence_dampened"": 0.832, ""raw"": 1.757, ""source_url"": ""https://ted.europa.eu/en/notice/-/detail/574572-2026""}]}"
"netlight consulting","16","{""formula"": ""min(best(weight x recency x fit_d x conf_d) + stacking, cap) / cap x 100"", ""tier"": ""B"", ""icp_fit"": 0.8, ""dampening"": ""fit und confidence wirken auf [0.4 .. 1.0]"", ""signal_count"": 2, ""distinct_signal_types"": [""zuschlag_gewonnen""], ""stacking_bonus"": 0.0, ""driver"": {""signal_type"": ""zuschlag_gewonnen"", ""event_date"": ""2026-08-19"", ""weight"": 6, ""recency"": 0.4, ""icp_fit_dampened"": 0.88, ""confidence"": 0.85, ""confidence_dampened"": 0.91, ""raw"": 1.922, ""source_url"": ""https://oeffentlichevergabe.de/api/notices/3d412ade-aa0e-4f66-a01b-3f4038657a6f?format=pdf""}, ""all_signals"": [{""signal_type"": ""zuschlag_gewonnen"", ""event_date"": ""2026-08-19"", ""weight"": 6, ""recency"": 0.4, ""icp_fit_dampened"": 0.88, ""confidence"": 0.85, ""confidence_dampened"": 0.91, ""raw"": 1.922, ""source_url"": ""https://oeffentlichevergabe.de/api/notices/3d412ade-aa0e-4f66-a01b-3f4038657a6f?format=pdf""}, {""signal_type"": ""zuschlag_gewonnen"", ""event_date"": ""2026-08-19"", ""weight"": 6, ""recency"": 0.4, ""icp_fit_dampened"": 0.88, ""confidence"": 0.72, ""confidence_dampened"": 0.832, ""raw"": 1.757, ""source_url"": ""https://ted.europa.eu/en/notice/-/detail/573872-2026""}]}"
"finanz-data","16","{""formula"": ""min(best(weight x recency x fit_d x conf_d) + stacking, cap) / cap x 100"", ""tier"": ""B"", ""icp_fit"": 0.8, ""dampening"": ""fit und confidence wirken auf [0.4 .. 1.0]"", ""signal_count"": 2, ""distinct_signal_types"": [""zuschlag_gewonnen""], ""stacking_bonus"": 0.0, ""driver"": {""signal_type"": ""zuschlag_gewonnen"", ""event_date"": ""2026-08-19"", ""weight"": 6, ""recency"": 0.4, ""icp_fit_dampened"": 0.88, ""confidence"": 0.85, ""confidence_dampened"": 0.91, ""raw"": 1.922, ""source_url"": ""https://oeffentlichevergabe.de/api/notices/a5071d5e-24e4-492c-8a6c-39a461723c0e?format=pdf""}, ""all_signals"": [{""signal_type"": ""zuschlag_gewonnen"", ""event_date"": ""2026-08-19"", ""weight"": 6, ""recency"": 0.4, ""icp_fit_dampened"": 0.88, ""confidence"": 0.85, ""confidence_dampened"": 0.91, ""raw"": 1.922, ""source_url"": ""https://oeffentlichevergabe.de/api/notices/a5071d5e-24e4-492c-8a6c-39a461723c0e?format=pdf""}, {""signal_type"": ""zuschlag_gewonnen"", ""event_date"": ""2026-08-19"", ""weight"": 6, ""recency"": 0.4, ""icp_fit_dampened"": 0.88, ""confidence"": 0.72, ""confidence_dampened"": 0.832, ""raw"": 1.757, ""source_url"": ""https://ted.europa.eu/en/notice/-/detail/573047-2026""}]}"
"gebaeudemanagement und systemtechnik knauft","16","{""formula"": ""min(best(weight x recency x fit_d x conf_d) + stacking, cap) / cap x 100"", ""tier"": ""B"", ""icp_fit"": 0.8, ""dampening"": ""fit und confidence wirken auf [0.4 .. 1.0]"", ""signal_count"": 2, ""distinct_signal_types"": [""zuschlag_gewonnen""], ""stacking_bonus"": 0.0, ""driver"": {""signal_type"": ""zuschlag_gewonnen"", ""event_date"": ""2026-08-19"", ""weight"": 6, ""recency"": 0.4, ""icp_fit_dampened"": 0.88, ""confidence"": 0.85, ""confidence_dampened"": 0.91, ""raw"": 1.922, ""source_url"": ""https://oeffentlichevergabe.de/api/notices/c93bde56-d8cb-4720-9c10-4f7230cb68cb?format=pdf""}, ""all_signals"": [{""signal_type"": ""zuschlag_gewonnen"", ""event_date"": ""2026-08-19"", ""weight"": 6, ""recency"": 0.4, ""icp_fit_dampened"": 0.88, ""confidence"": 0.85, ""confidence_dampened"": 0.91, ""raw"": 1.922, ""source_url"": ""https://oeffentlichevergabe.de/api/notices/c93bde56-d8cb-4720-9c10-4f7230cb68cb?format=pdf""}, {""signal_type"": ""zuschlag_gewonnen"", ""event_date"": ""2026-08-19"", ""weight"": 6, ""recency"": 0.4, ""icp_fit_dampened"": 0.88, ""confidence"": 0.72, ""confidence_dampened"": 0.832, ""raw"": 1.757, ""source_url"": ""https://ted.europa.eu/en/notice/-/detail/572894-2026""}]}"
"sixsentix deutschland","16","{""formula"": ""min(best(weight x recency x fit_d x conf_d) + stacking, cap) / cap x 100"", ""tier"": ""B"", ""icp_fit"": 0.8, ""dampening"": ""fit und confidence wirken auf [0.4 .. 1.0]"", ""signal_count"": 2, ""distinct_signal_types"": [""zuschlag_gewonnen""], ""stacking_bonus"": 0.0, ""driver"": {""signal_type"": ""zuschlag_gewonnen"", ""event_date"": ""2026-08-19"", ""weight"": 6, ""recency"": 0.4, ""icp_fit_dampened"": 0.88, ""confidence"": 0.85, ""confidence_dampened"": 0.91, ""raw"": 1.922, ""source_url"": ""https://oeffentlichevergabe.de/api/notices/2eb5ae0c-60df-452e-9932-3ed495a898df?format=pdf""}, ""all_signals"": [{""signal_type"": ""zuschlag_gewonnen"", ""event_date"": ""2026-08-19"", ""weight"": 6, ""recency"": 0.4, ""icp_fit_dampened"": 0.88, ""confidence"": 0.85, ""confidence_dampened"": 0.91, ""raw"": 1.922, ""source_url"": ""https://oeffentlichevergabe.de/api/notices/2eb5ae0c-60df-452e-9932-3ed495a898df?format=pdf""}, {""signal_type"": ""zuschlag_gewonnen"", ""event_date"": ""2026-08-19"", ""weight"": 6, ""recency"": 0.4, ""icp_fit_dampened"": 0.88, ""confidence"": 0.72, ""confidence_dampened"": 0.832, ""raw"": 1.757, ""source_url"": ""https://ted.europa.eu/en/notice/-/detail/572540-2026""}]}"
"wianco ott robotics","16","{""formula"": ""min(best(weight x recency x fit_d x conf_d) + stacking, cap) / cap x 100"", ""tier"": ""B"", ""icp_fit"": 0.8, ""dampening"": ""fit und confidence wirken auf [0.4 .. 1.0]"", ""signal_count"": 2, ""distinct_signal_types"": [""zuschlag_gewonnen""], ""stacking_bonus"": 0.0, ""driver"": {""signal_type"": ""zuschlag_gewonnen"", ""event_date"": ""2026-08-19"", ""weight"": 6, ""recency"": 0.4, ""icp_fit_dampened"": 0.88, ""confidence"": 0.85, ""confidence_dampened"": 0.91, ""raw"": 1.922, ""source_url"": ""https://oeffentlichevergabe.de/api/notices/cdbd2f78-39fb-478c-84b5-ca1054b59344?format=pdf""}, ""all_signals"": [{""signal_type"": ""zuschlag_gewonnen"", ""event_date"": ""2026-08-19"", ""weight"": 6, ""recency"": 0.4, ""icp_fit_dampened"": 0.88, ""confidence"": 0.85, ""confidence_dampened"": 0.91, ""raw"": 1.922, ""source_url"": ""https://oeffentlichevergabe.de/api/notices/cdbd2f78-39fb-478c-84b5-ca1054b59344?format=pdf""}, {""signal_type"": ""zuschlag_gewonnen"", ""event_date"": ""2026-08-19"", ""weight"": 6, ""recency"": 0.4, ""icp_fit_dampened"": 0.88, ""confidence"": 0.72, ""confidence_dampened"": 0.832, ""raw"": 1.757, ""source_url"": ""https://ted.europa.eu/en/notice/-/detail/572366-2026""}]}"
"atos secure digital gmbh ehemals eviden","16","{""formula"": ""min(best(weight x recency x fit_d x conf_d) + stacking, cap) / cap x 100"", ""tier"": ""B"", ""icp_fit"": 0.8, ""dampening"": ""fit und confidence wirken auf [0.4 .. 1.0]"", ""signal_count"": 1, ""distinct_signal_types"": [""zuschlag_gewonnen""], ""stacking_bonus"": 0.0, ""driver"": {""signal_type"": ""zuschlag_gewonnen"", ""event_date"": ""2026-08-19"", ""weight"": 6, ""recency"": 0.4, ""icp_fit_dampened"": 0.88, ""confidence"": 0.85, ""confidence_dampened"": 0.91, ""raw"": 1.922, ""source_url"": ""https://oeffentlichevergabe.de/api/notices/f70346ae-3749-4e80-9fb9-9c83512d8519?format=pdf""}, ""all_signals"": [{""signal_type"": ""zuschlag_gewonnen"", ""event_date"": ""2026-08-19"", ""weight"": 6, ""recency"": 0.4, ""icp_fit_dampened"": 0.88, ""confidence"": 0.85, ""confidence_dampened"": 0.91, ""raw"": 1.922, ""source_url"": ""https://oeffentlichevergabe.de/api/notices/f70346ae-3749-4e80-9fb9-9c83512d8519?format=pdf""}]}"
"inovi","16","{""formula"": ""min(best(weight x recency x fit_d x conf_d) + stacking, cap) / cap x 100"", ""tier"": ""B"", ""icp_fit"": 0.8, ""dampening"": ""fit und confidence wirken auf [0.4 .. 1.0]"", ""signal_count"": 2, ""distinct_signal_types"": [""zuschlag_gewonnen""], ""stacking_bonus"": 0.0, ""driver"": {""signal_type"": ""zuschlag_gewonnen"", ""event_date"": ""2026-08-18"", ""weight"": 6, ""recency"": 0.4, ""icp_fit_dampened"": 0.88, ""confidence"": 0.85, ""confidence_dampened"": 0.91, ""raw"": 1.922, ""source_url"": ""https://oeffentlichevergabe.de/api/notices/21eb6f13-0fa5-42c9-a10d-e3a69fd73ad6?format=pdf""}, ""all_signals"": [{""signal_type"": ""zuschlag_gewonnen"", ""event_date"": ""2026-08-18"", ""weight"": 6, ""recency"": 0.4, ""icp_fit_dampened"": 0.88, ""confidence"": 0.85, ""confidence_dampened"": 0.91, ""raw"": 1.922, ""source_url"": ""https://oeffentlichevergabe.de/api/notices/21eb6f13-0fa5-42c9-a10d-e3a69fd73ad6?format=pdf""}, {""signal_type"": ""zuschlag_gewonnen"", ""event_date"": ""2026-08-18"", ""weight"": 6, ""recency"": 0.4, ""icp_fit_dampened"": 0.88, ""confidence"": 0.72, ""confidence_dampened"": 0.832, ""raw"": 1.757, ""source_url"": ""https://ted.europa.eu/en/notice/-/detail/571996-2026""}]}"
"jacob elektronik","16","{""formula"": ""min(best(weight x recency x fit_d x conf_d) + stacking, cap) / cap x 100"", ""tier"": ""B"", ""icp_fit"": 0.8, ""dampening"": ""fit und confidence wirken auf [0.4 .. 1.0]"", ""signal_count"": 2, ""distinct_signal_types"": [""zuschlag_gewonnen""], ""stacking_bonus"": 0.0, ""driver"": {""signal_type"": ""zuschlag_gewonnen"", ""event_date"": ""2026-08-18"", ""weight"": 6, ""recency"": 0.4, ""icp_fit_dampened"": 0.88, ""confidence"": 0.85, ""confidence_dampened"": 0.91, ""raw"": 1.922, ""source_url"": ""https://oeffentlichevergabe.de/api/notices/fc649603-35f4-4626-a0e3-c0b4f5c4a0bc?format=pdf""}, ""all_signals"": [{""signal_type"": ""zuschlag_gewonnen"", ""event_date"": ""2026-08-18"", ""weight"": 6, ""recency"": 0.4, ""icp_fit_dampened"": 0.88, ""confidence"": 0.85, ""confidence_dampened"": 0.91, ""raw"": 1.922, ""source_url"": ""https://oeffentlichevergabe.de/api/notices/fc649603-35f4-4626-a0e3-c0b4f5c4a0bc?format=pdf""}, {""signal_type"": ""zuschlag_gewonnen"", ""event_date"": ""2026-08-18"", ""weight"": 6, ""recency"": 0.4, ""icp_fit_dampened"": 0.88, ""confidence"": 0.72, ""confidence_dampened"": 0.832, ""raw"": 1.757, ""source_url"": ""https://ted.europa.eu/en/notice/-/detail/571766-2026""}]}"
"mcs","16","{""formula"": ""min(best(weight x recency x fit_d x conf_d) + stacking, cap) / cap x 100"", ""tier"": ""B"", ""icp_fit"": 0.8, ""dampening"": ""fit und confidence wirken auf [0.4 .. 1.0]"", ""signal_count"": 2, ""distinct_signal_types"": [""zuschlag_gewonnen""], ""stacking_bonus"": 0.0, ""driver"": {""signal_type"": ""zuschlag_gewonnen"", ""event_date"": ""2026-08-18"", ""weight"": 6, ""recency"": 0.4, ""icp_fit_dampened"": 0.88, ""confidence"": 0.85, ""confidence_dampened"": 0.91, ""raw"": 1.922, ""source_url"": ""https://oeffentlichevergabe.de/api/notices/4c55c085-0a88-44df-a19a-ded50ac9e9d5?format=pdf""}, ""all_signals"": [{""signal_type"": ""zuschlag_gewonnen"", ""event_date"": ""2026-08-18"", ""weight"": 6, ""recency"": 0.4, ""icp_fit_dampened"": 0.88, ""confidence"": 0.85, ""confidence_dampened"": 0.91, ""raw"": 1.922, ""source_url"": ""https://oeffentlichevergabe.de/api/notices/4c55c085-0a88-44df-a19a-ded50ac9e9d5?format=pdf""}, {""signal_type"": ""zuschlag_gewonnen"", ""event_date"": ""2026-08-18"", ""weight"": 6, ""recency"": 0.4, ""icp_fit_dampened"": 0.88, ""confidence"": 0.72, ""confidence_dampened"": 0.832, ""raw"": 1.757, ""source_url"": ""https://ted.europa.eu/en/notice/-/detail/571243-2026""}]}"
"gid geoinformationsdienst","16","{""formula"": ""min(best(weight x recency x fit_d x conf_d) + stacking, cap) / cap x 100"", ""tier"": ""B"", ""icp_fit"": 0.8, ""dampening"": ""fit und confidence wirken auf [0.4 .. 1.0]"", ""signal_count"": 2, ""distinct_signal_types"": [""zuschlag_gewonnen""], ""stacking_bonus"": 0.0, ""driver"": {""signal_type"": ""zuschlag_gewonnen"", ""event_date"": ""2026-08-18"", ""weight"": 6, ""recency"": 0.4, ""icp_fit_dampened"": 0.88, ""confidence"": 0.85, ""confidence_dampened"": 0.91, ""raw"": 1.922, ""source_url"": ""https://oeffentlichevergabe.de/api/notices/dd5c4c92-e9e6-4306-88b1-d09e27737bc8?format=pdf""}, ""all_signals"": [{""signal_type"": ""zuschlag_gewonnen"", ""event_date"": ""2026-08-18"", ""weight"": 6, ""recency"": 0.4, ""icp_fit_dampened"": 0.88, ""confidence"": 0.85, ""confidence_dampened"": 0.91, ""raw"": 1.922, ""source_url"": ""https://oeffentlichevergabe.de/api/notices/dd5c4c92-e9e6-4306-88b1-d09e27737bc8?format=pdf""}, {""signal_type"": ""zuschlag_gewonnen"", ""event_date"": ""2026-08-18"", ""weight"": 6, ""recency"": 0.4, ""icp_fit_dampened"": 0.88, ""confidence"": 0.72, ""confidence_dampened"": 0.832, ""raw"": 1.757, ""source_url"": ""https://ted.europa.eu/en/notice/-/detail/570869-2026""}]}"
"extra computer","16","{""formula"": ""min(best(weight x recency x fit_d x conf_d) + stacking, cap) / cap x 100"", ""tier"": ""B"", ""icp_fit"": 0.8, ""dampening"": ""fit und confidence wirken auf [0.4 .. 1.0]"", ""signal_count"": 2, ""distinct_signal_types"": [""zuschlag_gewonnen""], ""stacking_bonus"": 0.0, ""driver"": {""signal_type"": ""zuschlag_gewonnen"", ""event_date"": ""2026-08-18"", ""weight"": 6, ""recency"": 0.4, ""icp_fit_dampened"": 0.88, ""confidence"": 0.85, ""confidence_dampened"": 0.91, ""raw"": 1.922, ""source_url"": ""https://oeffentlichevergabe.de/api/notices/d0ae44a6-f95f-4340-8662-21ef78ce39e5?format=pdf""}, ""all_signals"": [{""signal_type"": ""zuschlag_gewonnen"", ""event_date"": ""2026-08-18"", ""weight"": 6, ""recency"": 0.4, ""icp_fit_dampened"": 0.88, ""confidence"": 0.85, ""confidence_dampened"": 0.91, ""raw"": 1.922, ""source_url"": ""https://oeffentlichevergabe.de/api/notices/d0ae44a6-f95f-4340-8662-21ef78ce39e5?format=pdf""}, {""signal_type"": ""zuschlag_gewonnen"", ""event_date"": ""2026-08-18"", ""weight"": 6, ""recency"": 0.4, ""icp_fit_dampened"": 0.88, ""confidence"": 0.72, ""confidence_dampened"": 0.832, ""raw"": 1.757, ""source_url"": ""https://ted.europa.eu/en/notice/-/detail/570170-2026""}]}"
"hansecom ptts","16","{""formula"": ""min(best(weight x recency x fit_d x conf_d) + stacking, cap) / cap x 100"", ""tier"": ""B"", ""icp_fit"": 0.8, ""dampening"": ""fit und confidence wirken auf [0.4 .. 1.0]"", ""signal_count"": 2, ""distinct_signal_types"": [""zuschlag_gewonnen""], ""stacking_bonus"": 0.0, ""driver"": {""signal_type"": ""zuschlag_gewonnen"", ""event_date"": ""2026-08-18"", ""weight"": 6, ""recency"": 0.4, ""icp_fit_dampened"": 0.88, ""confidence"": 0.85, ""confidence_dampened"": 0.91, ""raw"": 1.922, ""source_url"": ""https://oeffentlichevergabe.de/api/notices/021bce03-3a4b-4d46-8e10-e3937e39909a?format=pdf""}, ""all_signals"": [{""signal_type"": ""zuschlag_gewonnen"", ""event_date"": ""2026-08-18"", ""weight"": 6, ""recency"": 0.4, ""icp_fit_dampened"": 0.88, ""confidence"": 0.85, ""confidence_dampened"": 0.91, ""raw"": 1.922, ""source_url"": ""https://oeffentlichevergabe.de/api/notices/021bce03-3a4b-4d46-8e10-e3937e39909a?format=pdf""}, {""signal_type"": ""zuschlag_gewonnen"", ""event_date"": ""2026-08-18"", ""weight"": 6, ""recency"": 0.4, ""icp_fit_dampened"": 0.88, ""confidence"": 0.72, ""confidence_dampened"": 0.832, ""raw"": 1.757, ""source_url"": ""https://ted.europa.eu/en/notice/-/detail/570072-2026""}]}"
"medienlb","16","{""formula"": ""min(best(weight x recency x fit_d x conf_d) + stacking, cap) / cap x 100"", ""tier"": ""B"", ""icp_fit"": 0.8, ""dampening"": ""fit und confidence wirken auf [0.4 .. 1.0]"", ""signal_count"": 2, ""distinct_signal_types"": [""zuschlag_gewonnen""], ""stacking_bonus"": 0.0, ""driver"": {""signal_type"": ""zuschlag_gewonnen"", ""event_date"": ""2026-08-18"", ""weight"": 6, ""recency"": 0.4, ""icp_fit_dampened"": 0.88, ""confidence"": 0.85, ""confidence_dampened"": 0.91, ""raw"": 1.922, ""source_url"": ""https://oeffentlichevergabe.de/api/notices/9ca60d4b-96a4-4d97-b3d4-26deeb72736d?format=pdf""}, ""all_signals"": [{""signal_type"": ""zuschlag_gewonnen"", ""event_date"": ""2026-08-18"", ""weight"": 6, ""recency"": 0.4, ""icp_fit_dampened"": 0.88, ""confidence"": 0.85, ""confidence_dampened"": 0.91, ""raw"": 1.922, ""source_url"": ""https://oeffentlichevergabe.de/api/notices/9ca60d4b-96a4-4d97-b3d4-26deeb72736d?format=pdf""}, {""signal_type"": ""zuschlag_gewonnen"", ""event_date"": ""2026-08-18"", ""weight"": 6, ""recency"": 0.4, ""icp_fit_dampened"": 0.88, ""confidence"": 0.72, ""confidence_dampened"": 0.832, ""raw"": 1.757, ""source_url"": ""https://ted.europa.eu/en/notice/-/detail/569765-2026""}]}"
"kita consulting","16","{""formula"": ""min(best(weight x recency x fit_d x conf_d) + stacking, cap) / cap x 100"", ""tier"": ""B"", ""icp_fit"": 0.8, ""dampening"": ""fit und confidence wirken auf [0.4 .. 1.0]"", ""signal_count"": 2, ""distinct_signal_types"": [""zuschlag_gewonnen""], ""stacking_bonus"": 0.0, ""driver"": {""signal_type"": ""zuschlag_gewonnen"", ""event_date"": ""2026-08-18"", ""weight"": 6, ""recency"": 0.4, ""icp_fit_dampened"": 0.88, ""confidence"": 0.85, ""confidence_dampened"": 0.91, ""raw"": 1.922, ""source_url"": ""https://oeffentlichevergabe.de/api/notices/76ce0c82-f46d-47ce-bd24-39989b6058a9?format=pdf""}, ""all_signals"": [{""signal_type"": ""zuschlag_gewonnen"", ""event_date"": ""2026-08-18"", ""weight"": 6, ""recency"": 0.4, ""icp_fit_dampened"": 0.88, ""confidence"": 0.85, ""confidence_dampened"": 0.91, ""raw"": 1.922, ""source_url"": ""https://oeffentlichevergabe.de/api/notices/76ce0c82-f46d-47ce-bd24-39989b6058a9?format=pdf""}, {""signal_type"": ""zuschlag_gewonnen"", ""event_date"": ""2026-08-18"", ""weight"": 6, ""recency"": 0.4, ""icp_fit_dampened"": 0.88, ""confidence"": 0.72, ""confidence_dampened"": 0.832, ""raw"": 1.757, ""source_url"": ""https://ted.europa.eu/en/notice/-/detail/569673-2026""}]}"
"rku it","16","{""formula"": ""min(best(weight x recency x fit_d x conf_d) + stacking, cap) / cap x 100"", ""tier"": ""B"", ""icp_fit"": 0.8, ""dampening"": ""fit und confidence wirken auf [0.4 .. 1.0]"", ""signal_count"": 2, ""distinct_signal_types"": [""zuschlag_gewonnen""], ""stacking_bonus"": 0.0, ""driver"": {""signal_type"": ""zuschlag_gewonnen"", ""event_date"": ""2026-08-15"", ""weight"": 6, ""recency"": 0.4, ""icp_fit_dampened"": 0.88, ""confidence"": 0.85, ""confidence_dampened"": 0.91, ""raw"": 1.922, ""source_url"": ""https://oeffentlichevergabe.de/api/notices/f7d9a8cc-3103-44fb-89da-fe05877dd39c?format=pdf""}, ""all_signals"": [{""signal_type"": ""zuschlag_gewonnen"", ""event_date"": ""2026-08-15"", ""weight"": 6, ""recency"": 0.4, ""icp_fit_dampened"": 0.88, ""confidence"": 0.85, ""confidence_dampened"": 0.91, ""raw"": 1.922, ""source_url"": ""https://oeffentlichevergabe.de/api/notices/f7d9a8cc-3103-44fb-89da-fe05877dd39c?format=pdf""}, {""signal_type"": ""zuschlag_gewonnen"", ""event_date"": ""2026-08-17"", ""weight"": 6, ""recency"": 0.4, ""icp_fit_dampened"": 0.88, ""confidence"": 0.72, ""confidence_dampened"": 0.832, ""raw"": 1.757, ""source_url"": ""https://ted.europa.eu/en/notice/-/detail/569210-2026""}]}"
"scienceos ug haftungsbeschraenkt","16","{""formula"": ""min(best(weight x recency x fit_d x conf_d) + stacking, cap) / cap x 100"", ""tier"": ""B"", ""icp_fit"": 0.8, ""dampening"": ""fit und confidence wirken auf [0.4 .. 1.0]"", ""signal_count"": 2, ""distinct_signal_types"": [""zuschlag_gewonnen""], ""stacking_bonus"": 0.0, ""driver"": {""signal_type"": ""zuschlag_gewonnen"", ""event_date"": ""2026-08-15"", ""weight"": 6, ""recency"": 0.4, ""icp_fit_dampened"": 0.88, ""confidence"": 0.85, ""confidence_dampened"": 0.91, ""raw"": 1.922, ""source_url"": ""https://oeffentlichevergabe.de/api/notices/848c15a7-1b9f-4842-81a5-66f55227b71c?format=pdf""}, ""all_signals"": [{""signal_type"": ""zuschlag_gewonnen"", ""event_date"": ""2026-08-15"", ""weight"": 6, ""recency"": 0.4, ""icp_fit_dampened"": 0.88, ""confidence"": 0.85, ""confidence_dampened"": 0.91, ""raw"": 1.922, ""source_url"": ""https://oeffentlichevergabe.de/api/notices/848c15a7-1b9f-4842-81a5-66f55227b71c?format=pdf""}, {""signal_type"": ""zuschlag_gewonnen"", ""event_date"": ""2026-08-17"", ""weight"": 6, ""recency"": 0.4, ""icp_fit_dampened"": 0.88, ""confidence"": 0.72, ""confidence_dampened"": 0.832, ""raw"": 1.757, ""source_url"": ""https://ted.europa.eu/en/notice/-/detail/568930-2026""}]}"
"bellgardt medientechnik vertriebs-gmbh","16","{""formula"": ""min(best(weight x recency x fit_d x conf_d) + stacking, cap) / cap x 100"", ""tier"": ""B"", ""icp_fit"": 0.8, ""dampening"": ""fit und confidence wirken auf [0.4 .. 1.0]"", ""signal_count"": 2, ""distinct_signal_types"": [""zuschlag_gewonnen""], ""stacking_bonus"": 0.0, ""driver"": {""signal_type"": ""zuschlag_gewonnen"", ""event_date"": ""2026-08-16"", ""weight"": 6, ""recency"": 0.4, ""icp_fit_dampened"": 0.88, ""confidence"": 0.85, ""confidence_dampened"": 0.91, ""raw"": 1.922, ""source_url"": ""https://oeffentlichevergabe.de/api/notices/d9a9f57b-3628-42ca-acd1-085b01889b28?format=pdf""}, ""all_signals"": [{""signal_type"": ""zuschlag_gewonnen"", ""event_date"": ""2026-08-16"", ""weight"": 6, ""recency"": 0.4, ""icp_fit_dampened"": 0.88, ""confidence"": 0.85, ""confidence_dampened"": 0.91, ""raw"": 1.922, ""source_url"": ""https://oeffentlichevergabe.de/api/notices/d9a9f57b-3628-42ca-acd1-085b01889b28?format=pdf""}, {""signal_type"": ""zuschlag_gewonnen"", ""event_date"": ""2026-08-17"", ""weight"": 6, ""recency"": 0.4, ""icp_fit_dampened"": 0.88, ""confidence"": 0.72, ""confidence_dampened"": 0.832, ""raw"": 1.757, ""source_url"": ""https://ted.europa.eu/en/notice/-/detail/568106-2026""}]}"
"muenet","16","{""formula"": ""min(best(weight x recency x fit_d x conf_d) + stacking, cap) / cap x 100"", ""tier"": ""B"", ""icp_fit"": 0.8, ""dampening"": ""fit und confidence wirken auf [0.4 .. 1.0]"", ""signal_count"": 2, ""distinct_signal_types"": [""zuschlag_gewonnen""], ""stacking_bonus"": 0.0, ""driver"": {""signal_type"": ""zuschlag_gewonnen"", ""event_date"": ""2026-08-16"", ""weight"": 6, ""recency"": 0.4, ""icp_fit_dampened"": 0.88, ""confidence"": 0.85, ""confidence_dampened"": 0.91, ""raw"": 1.922, ""source_url"": ""https://oeffentlichevergabe.de/api/notices/f1623dad-0a7c-4b71-a217-f07a874addf1?format=pdf""}, ""all_signals"": [{""signal_type"": ""zuschlag_gewonnen"", ""event_date"": ""2026-08-16"", ""weight"": 6, ""recency"": 0.4, ""icp_fit_dampened"": 0.88, ""confidence"": 0.85, ""confidence_dampened"": 0.91, ""raw"": 1.922, ""source_url"": ""https://oeffentlichevergabe.de/api/notices/f1623dad-0a7c-4b71-a217-f07a874addf1?format=pdf""}, {""signal_type"": ""zuschlag_gewonnen"", ""event_date"": ""2026-08-17"", ""weight"": 6, ""recency"": 0.4, ""icp_fit_dampened"": 0.88, ""confidence"": 0.72, ""confidence_dampened"": 0.832, ""raw"": 1.757, ""source_url"": ""https://ted.europa.eu/en/notice/-/detail/567932-2026""}]}"
"essemtec","16","{""formula"": ""min(best(weight x recency x fit_d x conf_d) + stacking, cap) / cap x 100"", ""tier"": ""B"", ""icp_fit"": 0.8, ""dampening"": ""fit und confidence wirken auf [0.4 .. 1.0]"", ""signal_count"": 2, ""distinct_signal_types"": [""zuschlag_gewonnen""], ""stacking_bonus"": 0.0, ""driver"": {""signal_type"": ""zuschlag_gewonnen"", ""event_date"": ""2026-08-16"", ""weight"": 6, ""recency"": 0.4, ""icp_fit_dampened"": 0.88, ""confidence"": 0.85, ""confidence_dampened"": 0.91, ""raw"": 1.922, ""source_url"": ""https://oeffentlichevergabe.de/api/notices/385c1033-928b-424b-8099-f9db284c39d6?format=pdf""}, ""all_signals"": [{""signal_type"": ""zuschlag_gewonnen"", ""event_date"": ""2026-08-16"", ""weight"": 6, ""recency"": 0.4, ""icp_fit_dampened"": 0.88, ""confidence"": 0.85, ""confidence_dampened"": 0.91, ""raw"": 1.922, ""source_url"": ""https://oeffentlichevergabe.de/api/notices/385c1033-928b-424b-8099-f9db284c39d6?format=pdf""}, {""signal_type"": ""zuschlag_gewonnen"", ""event_date"": ""2026-08-17"", ""weight"": 6, ""recency"": 0.4, ""icp_fit_dampened"": 0.88, ""confidence"": 0.72, ""confidence_dampened"": 0.832, ""raw"": 1.757, ""source_url"": ""https://ted.europa.eu/en/notice/-/detail/567463-2026""}]}"
"kcs it solutions","16","{""formula"": ""min(best(weight x recency x fit_d x conf_d) + stacking, cap) / cap x 100"", ""tier"": ""B"", ""icp_fit"": 0.8, ""dampening"": ""fit und confidence wirken auf [0.4 .. 1.0]"", ""signal_count"": 2, ""distinct_signal_types"": [""zuschlag_gewonnen""], ""stacking_bonus"": 0.0, ""driver"": {""signal_type"": ""zuschlag_gewonnen"", ""event_date"": ""2026-08-16"", ""weight"": 6, ""recency"": 0.4, ""icp_fit_dampened"": 0.88, ""confidence"": 0.85, ""confidence_dampened"": 0.91, ""raw"": 1.922, ""source_url"": ""https://oeffentlichevergabe.de/api/notices/4e0bab97-66d5-484c-8973-3277d742cdc7?format=pdf""}, ""all_signals"": [{""signal_type"": ""zuschlag_gewonnen"", ""event_date"": ""2026-08-16"", ""weight"": 6, ""recency"": 0.4, ""icp_fit_dampened"": 0.88, ""confidence"": 0.85, ""confidence_dampened"": 0.91, ""raw"": 1.922, ""source_url"": ""https://oeffentlichevergabe.de/api/notices/4e0bab97-66d5-484c-8973-3277d742cdc7?format=pdf""}, {""signal_type"": ""zuschlag_gewonnen"", ""event_date"": ""2026-08-17"", ""weight"": 6, ""recency"": 0.4, ""icp_fit_dampened"": 0.88, ""confidence"": 0.72, ""confidence_dampened"": 0.832, ""raw"": 1.757, ""source_url"": ""https://ted.europa.eu/en/notice/-/detail/567291-2026""}]}"
"zentrum fuer digitale souveraenitaet der oeffentlichen verwaltung gmbh zendis","16","{""formula"": ""min(best(weight x recency x fit_d x conf_d) + stacking, cap) / cap x 100"", ""tier"": ""B"", ""icp_fit"": 0.8, ""dampening"": ""fit und confidence wirken auf [0.4 .. 1.0]"", ""signal_count"": 2, ""distinct_signal_types"": [""zuschlag_gewonnen""], ""stacking_bonus"": 0.0, ""driver"": {""signal_type"": ""zuschlag_gewonnen"", ""event_date"": ""2026-08-16"", ""weight"": 6, ""recency"": 0.4, ""icp_fit_dampened"": 0.88, ""confidence"": 0.85, ""confidence_dampened"": 0.91, ""raw"": 1.922, ""source_url"": ""https://oeffentlichevergabe.de/api/notices/cd9a5a8f-1e72-4f75-bb3e-3591b3b3c6a9?format=pdf""}, ""all_signals"": [{""signal_type"": ""zuschlag_gewonnen"", ""event_date"": ""2026-08-16"", ""weight"": 6, ""recency"": 0.4, ""icp_fit_dampened"": 0.88, ""confidence"": 0.85, ""confidence_dampened"": 0.91, ""raw"": 1.922, ""source_url"": ""https://oeffentlichevergabe.de/api/notices/cd9a5a8f-1e72-4f75-bb3e-3591b3b3c6a9?format=pdf""}, {""signal_type"": ""zuschlag_gewonnen"", ""event_date"": ""2026-08-17"", ""weight"": 6, ""recency"": 0.4, ""icp_fit_dampened"": 0.88, ""confidence"": 0.72, ""confidence_dampened"": 0.832, ""raw"": 1.757, ""source_url"": ""https://ted.europa.eu/en/notice/-/detail/566551-2026""}]}"
"imtb consulting","16","{""formula"": ""min(best(weight x recency x fit_d x conf_d) + stacking, cap) / cap x 100"", ""tier"": ""B"", ""icp_fit"": 0.8, ""dampening"": ""fit und confidence wirken auf [0.4 .. 1.0]"", ""signal_count"": 2, ""distinct_signal_types"": [""zuschlag_gewonnen""], ""stacking_bonus"": 0.0, ""driver"": {""signal_type"": ""zuschlag_gewonnen"", ""event_date"": ""2026-08-15"", ""weight"": 6, ""recency"": 0.4, ""icp_fit_dampened"": 0.88, ""confidence"": 0.85, ""confidence_dampened"": 0.91, ""raw"": 1.922, ""source_url"": ""https://oeffentlichevergabe.de/api/notices/5ada8c8f-5578-4966-9630-9393066f170a?format=pdf""}, ""all_signals"": [{""signal_type"": ""zuschlag_gewonnen"", ""event_date"": ""2026-08-15"", ""weight"": 6, ""recency"": 0.4, ""icp_fit_dampened"": 0.88, ""confidence"": 0.85, ""confidence_dampened"": 0.91, ""raw"": 1.922, ""source_url"": ""https://oeffentlichevergabe.de/api/notices/5ada8c8f-5578-4966-9630-9393066f170a?format=pdf""}, {""signal_type"": ""zuschlag_gewonnen"", ""event_date"": ""2026-08-17"", ""weight"": 6, ""recency"": 0.4, ""icp_fit_dampened"": 0.88, ""confidence"": 0.72, ""confidence_dampened"": 0.832, ""raw"": 1.757, ""source_url"": ""https://ted.europa.eu/en/notice/-/detail/566509-2026""}]}"
"wizardtales","16","{""formula"": ""min(best(weight x recency x fit_d x conf_d) + stacking, cap) / cap x 100"", ""tier"": ""B"", ""icp_fit"": 0.8, ""dampening"": ""fit und confidence wirken auf [0.4 .. 1.0]"", ""signal_count"": 2, ""distinct_signal_types"": [""zuschlag_gewonnen""], ""stacking_bonus"": 0.0, ""driver"": {""signal_type"": ""zuschlag_gewonnen"", ""event_date"": ""2026-08-14"", ""weight"": 6, ""recency"": 0.4, ""icp_fit_dampened"": 0.88, ""confidence"": 0.85, ""confidence_dampened"": 0.91, ""raw"": 1.922, ""source_url"": ""https://oeffentlichevergabe.de/api/notices/93d65b48-beed-4a6a-98c6-75d69d4f1131?format=pdf""}, ""all_signals"": [{""signal_type"": ""zuschlag_gewonnen"", ""event_date"": ""2026-08-14"", ""weight"": 6, ""recency"": 0.4, ""icp_fit_dampened"": 0.88, ""confidence"": 0.85, ""confidence_dampened"": 0.91, ""raw"": 1.922, ""source_url"": ""https://oeffentlichevergabe.de/api/notices/93d65b48-beed-4a6a-98c6-75d69d4f1131?format=pdf""}, {""signal_type"": ""zuschlag_gewonnen"", ""event_date"": ""2026-08-14"", ""weight"": 6, ""recency"": 0.4, ""icp_fit_dampened"": 0.88, ""confidence"": 0.72, ""confidence_dampened"": 0.832, ""raw"": 1.757, ""source_url"": ""https://ted.europa.eu/en/notice/-/detail/565201-2026""}]}"
"cts eventim ag und co","16","{""formula"": ""min(best(weight x recency x fit_d x conf_d) + stacking, cap) / cap x 100"", ""tier"": ""B"", ""icp_fit"": 0.8, ""dampening"": ""fit und confidence wirken auf [0.4 .. 1.0]"", ""signal_count"": 2, ""distinct_signal_types"": [""zuschlag_gewonnen""], ""stacking_bonus"": 0.0, ""driver"": {""signal_type"": ""zuschlag_gewonnen"", ""event_date"": ""2026-08-14"", ""weight"": 6, ""recency"": 0.4, ""icp_fit_dampened"": 0.88, ""confidence"": 0.85, ""confidence_dampened"": 0.91, ""raw"": 1.922, ""source_url"": ""https://oeffentlichevergabe.de/api/notices/e7efe08c-a321-4745-b74b-385c452eea08?format=pdf""}, ""all_signals"": [{""signal_type"": ""zuschlag_gewonnen"", ""event_date"": ""2026-08-14"", ""weight"": 6, ""recency"": 0.4, ""icp_fit_dampened"": 0.88, ""confidence"": 0.85, ""confidence_dampened"": 0.91, ""raw"": 1.922, ""source_url"": ""https://oeffentlichevergabe.de/api/notices/e7efe08c-a321-4745-b74b-385c452eea08?format=pdf""}, {""signal_type"": ""zuschlag_gewonnen"", ""event_date"": ""2026-08-14"", ""weight"": 6, ""recency"": 0.4, ""icp_fit_dampened"": 0.88, ""confidence"": 0.72, ""confidence_dampened"": 0.832, ""raw"": 1.757, ""source_url"": ""https://ted.europa.eu/en/notice/-/detail/565053-2026""}]}"
"guntermann und drunck","16","{""formula"": ""min(best(weight x recency x fit_d x conf_d) + stacking, cap) / cap x 100"", ""tier"": ""B"", ""icp_fit"": 0.8, ""dampening"": ""fit und confidence wirken auf [0.4 .. 1.0]"", ""signal_count"": 2, ""distinct_signal_types"": [""zuschlag_gewonnen""], ""stacking_bonus"": 0.0, ""driver"": {""signal_type"": ""zuschlag_gewonnen"", ""event_date"": ""2026-08-14"", ""weight"": 6, ""recency"": 0.4, ""icp_fit_dampened"": 0.88, ""confidence"": 0.85, ""confidence_dampened"": 0.91, ""raw"": 1.922, ""source_url"": ""https://oeffentlichevergabe.de/api/notices/044fa8df-3508-4a0c-a24f-4a2e0bbed8e4?format=pdf""}, ""all_signals"": [{""signal_type"": ""zuschlag_gewonnen"", ""event_date"": ""2026-08-14"", ""weight"": 6, ""recency"": 0.4, ""icp_fit_dampened"": 0.88, ""confidence"": 0.85, ""confidence_dampened"": 0.91, ""raw"": 1.922, ""source_url"": ""https://oeffentlichevergabe.de/api/notices/044fa8df-3508-4a0c-a24f-4a2e0bbed8e4?format=pdf""}, {""signal_type"": ""zuschlag_gewonnen"", ""event_date"": ""2026-08-14"", ""weight"": 6, ""recency"": 0.4, ""icp_fit_dampened"": 0.88, ""confidence"": 0.72, ""confidence_dampened"": 0.832, ""raw"": 1.757, ""source_url"": ""https://ted.europa.eu/en/notice/-/detail/564016-2026""}]}"
"inscopus","16","{""formula"": ""min(best(weight x recency x fit_d x conf_d) + stacking, cap) / cap x 100"", ""tier"": ""B"", ""icp_fit"": 0.8, ""dampening"": ""fit und confidence wirken auf [0.4 .. 1.0]"", ""signal_count"": 1, ""distinct_signal_types"": [""zuschlag_gewonnen""], ""stacking_bonus"": 0.0, ""driver"": {""signal_type"": ""zuschlag_gewonnen"", ""event_date"": ""2026-08-14"", ""weight"": 6, ""recency"": 0.4, ""icp_fit_dampened"": 0.88, ""confidence"": 0.85, ""confidence_dampened"": 0.91, ""raw"": 1.922, ""source_url"": ""https://oeffentlichevergabe.de/api/notices/3c73d8ae-b056-4658-9dd5-8886d7cc8fe4?format=pdf""}, ""all_signals"": [{""signal_type"": ""zuschlag_gewonnen"", ""event_date"": ""2026-08-14"", ""weight"": 6, ""recency"": 0.4, ""icp_fit_dampened"": 0.88, ""confidence"": 0.85, ""confidence_dampened"": 0.91, ""raw"": 1.922, ""source_url"": ""https://oeffentlichevergabe.de/api/notices/3c73d8ae-b056-4658-9dd5-8886d7cc8fe4?format=pdf""}]}"
"limbus medical technologies","16","{""formula"": ""min(best(weight x recency x fit_d x conf_d) + stacking, cap) / cap x 100"", ""tier"": ""B"", ""icp_fit"": 0.8, ""dampening"": ""fit und confidence wirken auf [0.4 .. 1.0]"", ""signal_count"": 1, ""distinct_signal_types"": [""zuschlag_gewonnen""], ""stacking_bonus"": 0.0, ""driver"": {""signal_type"": ""zuschlag_gewonnen"", ""event_date"": ""2026-08-14"", ""weight"": 6, ""recency"": 0.4, ""icp_fit_dampened"": 0.88, ""confidence"": 0.85, ""confidence_dampened"": 0.91, ""raw"": 1.922, ""source_url"": ""https://oeffentlichevergabe.de/api/notices/37abe22e-078f-4f08-867e-751ae612f06c?format=pdf""}, ""all_signals"": [{""signal_type"": ""zuschlag_gewonnen"", ""event_date"": ""2026-08-14"", ""weight"": 6, ""recency"": 0.4, ""icp_fit_dampened"": 0.88, ""confidence"": 0.85, ""confidence_dampened"": 0.91, ""raw"": 1.922, ""source_url"": ""https://oeffentlichevergabe.de/api/notices/37abe22e-078f-4f08-867e-751ae612f06c?format=pdf""}]}"
"sirup","16","{""formula"": ""min(best(weight x recency x fit_d x conf_d) + stacking, cap) / cap x 100"", ""tier"": ""B"", ""icp_fit"": 0.8, ""dampening"": ""fit und confidence wirken auf [0.4 .. 1.0]"", ""signal_count"": 4, ""distinct_signal_types"": [""zuschlag_gewonnen""], ""stacking_bonus"": 0.0, ""driver"": {""signal_type"": ""zuschlag_gewonnen"", ""event_date"": ""2026-08-13"", ""weight"": 6, ""recency"": 0.4, ""icp_fit_dampened"": 0.88, ""confidence"": 0.85, ""confidence_dampened"": 0.91, ""raw"": 1.922, ""source_url"": ""https://oeffentlichevergabe.de/api/notices/6363bd45-c92c-4943-bbcc-75c440779347?format=pdf""}, ""all_signals"": [{""signal_type"": ""zuschlag_gewonnen"", ""event_date"": ""2026-08-13"", ""weight"": 6, ""recency"": 0.4, ""icp_fit_dampened"": 0.88, ""confidence"": 0.85, ""confidence_dampened"": 0.91, ""raw"": 1.922, ""source_url"": ""https://oeffentlichevergabe.de/api/notices/6363bd45-c92c-4943-bbcc-75c440779347?format=pdf""}, {""signal_type"": ""zuschlag_gewonnen"", ""event_date"": ""2026-08-12"", ""weight"": 6, ""recency"": 0.4, ""icp_fit_dampened"": 0.88, ""confidence"": 0.85, ""confidence_dampened"": 0.91, ""raw"": 1.922, ""source_url"": ""https://oeffentlichevergabe.de/api/notices/d6578315-b3aa-4186-aeee-bb2f7440a103?format=pdf""}, {""signal_type"": ""zuschlag_gewonnen"", ""event_date"": ""2026-08-13"", ""weight"": 6, ""recency"": 0.4, ""icp_fit_dampened"": 0.88, ""confidence"": 0.72, ""confidence_dampened"": 0.832, ""raw"": 1.757, ""source_url"": ""https://ted.europa.eu/en/notice/-/detail/563258-2026""}, {""signal_type"": ""zuschlag_gewonnen"", ""event_date"": ""2026-08-12"", ""weight"": 6, ""recency"": 0.4, ""icp_fit_dampened"": 0.88, ""confidence"": 0.72, ""confidence_dampened"": 0.832, ""raw"": 1.757, ""source_url"": ""https://ted.europa.eu/en/notice/-/detail/559171-2026""}]}"
"amcon","16","{""formula"": ""min(best(weight x recency x fit_d x conf_d) + stacking, cap) / cap x 100"", ""tier"": ""B"", ""icp_fit"": 0.8, ""dampening"": ""fit und confidence wirken auf [0.4 .. 1.0]"", ""signal_count"": 2, ""distinct_signal_types"": [""zuschlag_gewonnen""], ""stacking_bonus"": 0.0, ""driver"": {""signal_type"": ""zuschlag_gewonnen"", ""event_date"": ""2026-08-13"", ""weight"": 6, ""recency"": 0.4, ""icp_fit_dampened"": 0.88, ""confidence"": 0.85, ""confidence_dampened"": 0.91, ""raw"": 1.922, ""source_url"": ""https://oeffentlichevergabe.de/api/notices/9f54a8fa-9feb-4406-91ec-c8b8ca937146?format=pdf""}, ""all_signals"": [{""signal_type"": ""zuschlag_gewonnen"", ""event_date"": ""2026-08-13"", ""weight"": 6, ""recency"": 0.4, ""icp_fit_dampened"": 0.88, ""confidence"": 0.85, ""confidence_dampened"": 0.91, ""raw"": 1.922, ""source_url"": ""https://oeffentlichevergabe.de/api/notices/9f54a8fa-9feb-4406-91ec-c8b8ca937146?format=pdf""}, {""signal_type"": ""zuschlag_gewonnen"", ""event_date"": ""2026-08-13"", ""weight"": 6, ""recency"": 0.4, ""icp_fit_dampened"": 0.88, ""confidence"": 0.72, ""confidence_dampened"": 0.832, ""raw"": 1.757, ""source_url"": ""https://ted.europa.eu/en/notice/-/detail/562625-2026""}]}"
"genesis cloud limited","16","{""formula"": ""min(best(weight x recency x fit_d x conf_d) + stacking, cap) / cap x 100"", ""tier"": ""B"", ""icp_fit"": 0.8, ""dampening"": ""fit und confidence wirken auf [0.4 .. 1.0]"", ""signal_count"": 2, ""distinct_signal_types"": [""zuschlag_gewonnen""], ""stacking_bonus"": 0.0, ""driver"": {""signal_type"": ""zuschlag_gewonnen"", ""event_date"": ""2026-08-13"", ""weight"": 6, ""recency"": 0.4, ""icp_fit_dampened"": 0.88, ""confidence"": 0.85, ""confidence_dampened"": 0.91, ""raw"": 1.922, ""source_url"": ""https://oeffentlichevergabe.de/api/notices/ce92e51d-ff36-4686-a875-ecddd8de8415?format=pdf""}, ""all_signals"": [{""signal_type"": ""zuschlag_gewonnen"", ""event_date"": ""2026-08-13"", ""weight"": 6, ""recency"": 0.4, ""icp_fit_dampened"": 0.88, ""confidence"": 0.85, ""confidence_dampened"": 0.91, ""raw"": 1.922, ""source_url"": ""https://oeffentlichevergabe.de/api/notices/ce92e51d-ff36-4686-a875-ecddd8de8415?format=pdf""}, {""signal_type"": ""zuschlag_gewonnen"", ""event_date"": ""2026-08-13"", ""weight"": 6, ""recency"": 0.4, ""icp_fit_dampened"": 0.88, ""confidence"": 0.72, ""confidence_dampened"": 0.832, ""raw"": 1.757, ""source_url"": ""https://ted.europa.eu/en/notice/-/detail/562115-2026""}]}"
"abs team","16","{""formula"": ""min(best(weight x recency x fit_d x conf_d) + stacking, cap) / cap x 100"", ""tier"": ""B"", ""icp_fit"": 0.8, ""dampening"": ""fit und confidence wirken auf [0.4 .. 1.0]"", ""signal_count"": 2, ""distinct_signal_types"": [""zuschlag_gewonnen""], ""stacking_bonus"": 0.0, ""driver"": {""signal_type"": ""zuschlag_gewonnen"", ""event_date"": ""2026-08-13"", ""weight"": 6, ""recency"": 0.4, ""icp_fit_dampened"": 0.88, ""confidence"": 0.85, ""confidence_dampened"": 0.91, ""raw"": 1.922, ""source_url"": ""https://oeffentlichevergabe.de/api/notices/33e0d6ce-a49b-44e9-999f-6eb1f03014af?format=pdf""}, ""all_signals"": [{""signal_type"": ""zuschlag_gewonnen"", ""event_date"": ""2026-08-13"", ""weight"": 6, ""recency"": 0.4, ""icp_fit_dampened"": 0.88, ""confidence"": 0.85, ""confidence_dampened"": 0.91, ""raw"": 1.922, ""source_url"": ""https://oeffentlichevergabe.de/api/notices/33e0d6ce-a49b-44e9-999f-6eb1f03014af?format=pdf""}, {""signal_type"": ""zuschlag_gewonnen"", ""event_date"": ""2026-08-13"", ""weight"": 6, ""recency"": 0.4, ""icp_fit_dampened"": 0.88, ""confidence"": 0.72, ""confidence_dampened"": 0.832, ""raw"": 1.757, ""source_url"": ""https://ted.europa.eu/en/notice/-/detail/561525-2026""}]}"
"alpha-test","16","{""formula"": ""min(best(weight x recency x fit_d x conf_d) + stacking, cap) / cap x 100"", ""tier"": ""B"", ""icp_fit"": 0.8, ""dampening"": ""fit und confidence wirken auf [0.4 .. 1.0]"", ""signal_count"": 2, ""distinct_signal_types"": [""zuschlag_gewonnen""], ""stacking_bonus"": 0.0, ""driver"": {""signal_type"": ""zuschlag_gewonnen"", ""event_date"": ""2026-08-13"", ""weight"": 6, ""recency"": 0.4, ""icp_fit_dampened"": 0.88, ""confidence"": 0.85, ""confidence_dampened"": 0.91, ""raw"": 1.922, ""source_url"": ""https://oeffentlichevergabe.de/api/notices/caf31a51-ee26-4576-a8a3-325097eb90b7?format=pdf""}, ""all_signals"": [{""signal_type"": ""zuschlag_gewonnen"", ""event_date"": ""2026-08-13"", ""weight"": 6, ""recency"": 0.4, ""icp_fit_dampened"": 0.88, ""confidence"": 0.85, ""confidence_dampened"": 0.91, ""raw"": 1.922, ""source_url"": ""https://oeffentlichevergabe.de/api/notices/caf31a51-ee26-4576-a8a3-325097eb90b7?format=pdf""}, {""signal_type"": ""zuschlag_gewonnen"", ""event_date"": ""2026-08-13"", ""weight"": 6, ""recency"": 0.4, ""icp_fit_dampened"": 0.88, ""confidence"": 0.72, ""confidence_dampened"": 0.832, ""raw"": 1.757, ""source_url"": ""https://ted.europa.eu/en/notice/-/detail/561463-2026""}]}"
"dynatrace","16","{""formula"": ""min(best(weight x recency x fit_d x conf_d) + stacking, cap) / cap x 100"", ""tier"": ""B"", ""icp_fit"": 0.8, ""dampening"": ""fit und confidence wirken auf [0.4 .. 1.0]"", ""signal_count"": 2, ""distinct_signal_types"": [""zuschlag_gewonnen""], ""stacking_bonus"": 0.0, ""driver"": {""signal_type"": ""zuschlag_gewonnen"", ""event_date"": ""2026-08-13"", ""weight"": 6, ""recency"": 0.4, ""icp_fit_dampened"": 0.88, ""confidence"": 0.85, ""confidence_dampened"": 0.91, ""raw"": 1.922, ""source_url"": ""https://oeffentlichevergabe.de/api/notices/6cced385-3ce8-4f23-b6d8-bc194afdf108?format=pdf""}, ""all_signals"": [{""signal_type"": ""zuschlag_gewonnen"", ""event_date"": ""2026-08-13"", ""weight"": 6, ""recency"": 0.4, ""icp_fit_dampened"": 0.88, ""confidence"": 0.85, ""confidence_dampened"": 0.91, ""raw"": 1.922, ""source_url"": ""https://oeffentlichevergabe.de/api/notices/6cced385-3ce8-4f23-b6d8-bc194afdf108?format=pdf""}, {""signal_type"": ""zuschlag_gewonnen"", ""event_date"": ""2026-08-13"", ""weight"": 6, ""recency"": 0.4, ""icp_fit_dampened"": 0.88, ""confidence"": 0.72, ""confidence_dampened"": 0.832, ""raw"": 1.757, ""source_url"": ""https://ted.europa.eu/en/notice/-/detail/560568-2026""}]}"
"rubicon it","16","{""formula"": ""min(best(weight x recency x fit_d x conf_d) + stacking, cap) / cap x 100"", ""tier"": ""B"", ""icp_fit"": 0.8, ""dampening"": ""fit und confidence wirken auf [0.4 .. 1.0]"", ""signal_count"": 2, ""distinct_signal_types"": [""zuschlag_gewonnen""], ""stacking_bonus"": 0.0, ""driver"": {""signal_type"": ""zuschlag_gewonnen"", ""event_date"": ""2026-08-13"", ""weight"": 6, ""recency"": 0.4, ""icp_fit_dampened"": 0.88, ""confidence"": 0.85, ""confidence_dampened"": 0.91, ""raw"": 1.922, ""source_url"": ""https://oeffentlichevergabe.de/api/notices/e9b8e74e-d59c-48dc-92e9-3ea49c748a12?format=pdf""}, ""all_signals"": [{""signal_type"": ""zuschlag_gewonnen"", ""event_date"": ""2026-08-13"", ""weight"": 6, ""recency"": 0.4, ""icp_fit_dampened"": 0.88, ""confidence"": 0.85, ""confidence_dampened"": 0.91, ""raw"": 1.922, ""source_url"": ""https://oeffentlichevergabe.de/api/notices/e9b8e74e-d59c-48dc-92e9-3ea49c748a12?format=pdf""}, {""signal_type"": ""zuschlag_gewonnen"", ""event_date"": ""2026-08-13"", ""weight"": 6, ""recency"": 0.4, ""icp_fit_dampened"": 0.88, ""confidence"": 0.72, ""confidence_dampened"": 0.832, ""raw"": 1.757, ""source_url"": ""https://ted.europa.eu/en/notice/-/detail/560549-2026""}]}"
"xapio","16","{""formula"": ""min(best(weight x recency x fit_d x conf_d) + stacking, cap) / cap x 100"", ""tier"": ""B"", ""icp_fit"": 0.8, ""dampening"": ""fit und confidence wirken auf [0.4 .. 1.0]"", ""signal_count"": 1, ""distinct_signal_types"": [""zuschlag_gewonnen""], ""stacking_bonus"": 0.0, ""driver"": {""signal_type"": ""zuschlag_gewonnen"", ""event_date"": ""2026-08-13"", ""weight"": 6, ""recency"": 0.4, ""icp_fit_dampened"": 0.88, ""confidence"": 0.85, ""confidence_dampened"": 0.91, ""raw"": 1.922, ""source_url"": ""https://oeffentlichevergabe.de/api/notices/34c6b45f-908a-4bdb-b927-c007fd8ef45e?format=pdf""}, ""all_signals"": [{""signal_type"": ""zuschlag_gewonnen"", ""event_date"": ""2026-08-13"", ""weight"": 6, ""recency"": 0.4, ""icp_fit_dampened"": 0.88, ""confidence"": 0.85, ""confidence_dampened"": 0.91, ""raw"": 1.922, ""source_url"": ""https://oeffentlichevergabe.de/api/notices/34c6b45f-908a-4bdb-b927-c007fd8ef45e?format=pdf""}]}"
"axes4 deutschland","16","{""formula"": ""min(best(weight x recency x fit_d x conf_d) + stacking, cap) / cap x 100"", ""tier"": ""B"", ""icp_fit"": 0.8, ""dampening"": ""fit und confidence wirken auf [0.4 .. 1.0]"", ""signal_count"": 2, ""distinct_signal_types"": [""zuschlag_gewonnen""], ""stacking_bonus"": 0.0, ""driver"": {""signal_type"": ""zuschlag_gewonnen"", ""event_date"": ""2026-08-12"", ""weight"": 6, ""recency"": 0.4, ""icp_fit_dampened"": 0.88, ""confidence"": 0.85, ""confidence_dampened"": 0.91, ""raw"": 1.922, ""source_url"": ""https://oeffentlichevergabe.de/api/notices/8939cdaf-7c18-4826-80de-804006f4c455?format=pdf""}, ""all_signals"": [{""signal_type"": ""zuschlag_gewonnen"", ""event_date"": ""2026-08-12"", ""weight"": 6, ""recency"": 0.4, ""icp_fit_dampened"": 0.88, ""confidence"": 0.85, ""confidence_dampened"": 0.91, ""raw"": 1.922, ""source_url"": ""https://oeffentlichevergabe.de/api/notices/8939cdaf-7c18-4826-80de-804006f4c455?format=pdf""}, {""signal_type"": ""zuschlag_gewonnen"", ""event_date"": ""2026-08-12"", ""weight"": 6, ""recency"": 0.4, ""icp_fit_dampened"": 0.88, ""confidence"": 0.72, ""confidence_dampened"": 0.832, ""raw"": 1.757, ""source_url"": ""https://ted.europa.eu/en/notice/-/detail/560119-2026""}]}"
"lerngut-bildungsmedien","16","{""formula"": ""min(best(weight x recency x fit_d x conf_d) + stacking, cap) / cap x 100"", ""tier"": ""B"", ""icp_fit"": 0.8, ""dampening"": ""fit und confidence wirken auf [0.4 .. 1.0]"", ""signal_count"": 2, ""distinct_signal_types"": [""zuschlag_gewonnen""], ""stacking_bonus"": 0.0, ""driver"": {""signal_type"": ""zuschlag_gewonnen"", ""event_date"": ""2026-08-12"", ""weight"": 6, ""recency"": 0.4, ""icp_fit_dampened"": 0.88, ""confidence"": 0.85, ""confidence_dampened"": 0.91, ""raw"": 1.922, ""source_url"": ""https://oeffentlichevergabe.de/api/notices/6bb3d3a3-a9c4-47a3-a4cd-ac39bc0293ed?format=pdf""}, ""all_signals"": [{""signal_type"": ""zuschlag_gewonnen"", ""event_date"": ""2026-08-12"", ""weight"": 6, ""recency"": 0.4, ""icp_fit_dampened"": 0.88, ""confidence"": 0.85, ""confidence_dampened"": 0.91, ""raw"": 1.922, ""source_url"": ""https://oeffentlichevergabe.de/api/notices/6bb3d3a3-a9c4-47a3-a4cd-ac39bc0293ed?format=pdf""}, {""signal_type"": ""zuschlag_gewonnen"", ""event_date"": ""2026-08-12"", ""weight"": 6, ""recency"": 0.4, ""icp_fit_dampened"": 0.88, ""confidence"": 0.72, ""confidence_dampened"": 0.832, ""raw"": 1.757, ""source_url"": ""https://ted.europa.eu/en/notice/-/detail/560046-2026""}]}"
"focusnet","16","{""formula"": ""min(best(weight x recency x fit_d x conf_d) + stacking, cap) / cap x 100"", ""tier"": ""B"", ""icp_fit"": 0.8, ""dampening"": ""fit und confidence wirken auf [0.4 .. 1.0]"", ""signal_count"": 2, ""distinct_signal_types"": [""zuschlag_gewonnen""], ""stacking_bonus"": 0.0, ""driver"": {""signal_type"": ""zuschlag_gewonnen"", ""event_date"": ""2026-08-12"", ""weight"": 6, ""recency"": 0.4, ""icp_fit_dampened"": 0.88, ""confidence"": 0.85, ""confidence_dampened"": 0.91, ""raw"": 1.922, ""source_url"": ""https://oeffentlichevergabe.de/api/notices/3e7ba1a8-1395-4869-bb95-f474a0dc7784?format=pdf""}, ""all_signals"": [{""signal_type"": ""zuschlag_gewonnen"", ""event_date"": ""2026-08-12"", ""weight"": 6, ""recency"": 0.4, ""icp_fit_dampened"": 0.88, ""confidence"": 0.85, ""confidence_dampened"": 0.91, ""raw"": 1.922, ""source_url"": ""https://oeffentlichevergabe.de/api/notices/3e7ba1a8-1395-4869-bb95-f474a0dc7784?format=pdf""}, {""signal_type"": ""zuschlag_gewonnen"", ""event_date"": ""2026-08-12"", ""weight"": 6, ""recency"": 0.4, ""icp_fit_dampened"": 0.88, ""confidence"": 0.72, ""confidence_dampened"": 0.832, ""raw"": 1.757, ""source_url"": ""https://ted.europa.eu/en/notice/-/detail/559915-2026""}]}"
"avn audio video network solution","16","{""formula"": ""min(best(weight x recency x fit_d x conf_d) + stacking, cap) / cap x 100"", ""tier"": ""B"", ""icp_fit"": 0.8, ""dampening"": ""fit und confidence wirken auf [0.4 .. 1.0]"", ""signal_count"": 2, ""distinct_signal_types"": [""zuschlag_gewonnen""], ""stacking_bonus"": 0.0, ""driver"": {""signal_type"": ""zuschlag_gewonnen"", ""event_date"": ""2026-08-12"", ""weight"": 6, ""recency"": 0.4, ""icp_fit_dampened"": 0.88, ""confidence"": 0.85, ""confidence_dampened"": 0.91, ""raw"": 1.922, ""source_url"": ""https://oeffentlichevergabe.de/api/notices/48001959-f83a-4849-ac05-772c17bf63b6?format=pdf""}, ""all_signals"": [{""signal_type"": ""zuschlag_gewonnen"", ""event_date"": ""2026-08-12"", ""weight"": 6, ""recency"": 0.4, ""icp_fit_dampened"": 0.88, ""confidence"": 0.85, ""confidence_dampened"": 0.91, ""raw"": 1.922, ""source_url"": ""https://oeffentlichevergabe.de/api/notices/48001959-f83a-4849-ac05-772c17bf63b6?format=pdf""}, {""signal_type"": ""zuschlag_gewonnen"", ""event_date"": ""2026-08-12"", ""weight"": 6, ""recency"": 0.4, ""icp_fit_dampened"": 0.88, ""confidence"": 0.72, ""confidence_dampened"": 0.832, ""raw"": 1.757, ""source_url"": ""https://ted.europa.eu/en/notice/-/detail/559321-2026""}]}"
"medienprojekt wuppertal","16","{""formula"": ""min(best(weight x recency x fit_d x conf_d) + stacking, cap) / cap x 100"", ""tier"": ""B"", ""icp_fit"": 0.8, ""dampening"": ""fit und confidence wirken auf [0.4 .. 1.0]"", ""signal_count"": 2, ""distinct_signal_types"": [""zuschlag_gewonnen""], ""stacking_bonus"": 0.0, ""driver"": {""signal_type"": ""zuschlag_gewonnen"", ""event_date"": ""2026-08-12"", ""weight"": 6, ""recency"": 0.4, ""icp_fit_dampened"": 0.88, ""confidence"": 0.85, ""confidence_dampened"": 0.91, ""raw"": 1.922, ""source_url"": ""https://oeffentlichevergabe.de/api/notices/70ec76ff-d5e5-49a0-b7a5-c5d37fd1fd3a?format=pdf""}, ""all_signals"": [{""signal_type"": ""zuschlag_gewonnen"", ""event_date"": ""2026-08-12"", ""weight"": 6, ""recency"": 0.4, ""icp_fit_dampened"": 0.88, ""confidence"": 0.85, ""confidence_dampened"": 0.91, ""raw"": 1.922, ""source_url"": ""https://oeffentlichevergabe.de/api/notices/70ec76ff-d5e5-49a0-b7a5-c5d37fd1fd3a?format=pdf""}, {""signal_type"": ""zuschlag_gewonnen"", ""event_date"": ""2026-08-12"", ""weight"": 6, ""recency"": 0.4, ""icp_fit_dampened"": 0.88, ""confidence"": 0.72, ""confidence_dampened"": 0.832, ""raw"": 1.757, ""source_url"": ""https://ted.europa.eu/en/notice/-/detail/559167-2026""}]}"
"matthias-film","16","{""formula"": ""min(best(weight x recency x fit_d x conf_d) + stacking, cap) / cap x 100"", ""tier"": ""B"", ""icp_fit"": 0.8, ""dampening"": ""fit und confidence wirken auf [0.4 .. 1.0]"", ""signal_count"": 2, ""distinct_signal_types"": [""zuschlag_gewonnen""], ""stacking_bonus"": 0.0, ""driver"": {""signal_type"": ""zuschlag_gewonnen"", ""event_date"": ""2026-08-12"", ""weight"": 6, ""recency"": 0.4, ""icp_fit_dampened"": 0.88, ""confidence"": 0.85, ""confidence_dampened"": 0.91, ""raw"": 1.922, ""source_url"": ""https://oeffentlichevergabe.de/api/notices/94188c29-26ad-4eb0-bf8b-1dfa06f25fe1?format=pdf""}, ""all_signals"": [{""signal_type"": ""zuschlag_gewonnen"", ""event_date"": ""2026-08-12"", ""weight"": 6, ""recency"": 0.4, ""icp_fit_dampened"": 0.88, ""confidence"": 0.85, ""confidence_dampened"": 0.91, ""raw"": 1.922, ""source_url"": ""https://oeffentlichevergabe.de/api/notices/94188c29-26ad-4eb0-bf8b-1dfa06f25fe1?format=pdf""}, {""signal_type"": ""zuschlag_gewonnen"", ""event_date"": ""2026-08-12"", ""weight"": 6, ""recency"": 0.4, ""icp_fit_dampened"": 0.88, ""confidence"": 0.72, ""confidence_dampened"": 0.832, ""raw"": 1.757, ""source_url"": ""https://ted.europa.eu/en/notice/-/detail/558590-2026""}]}"
"fwu institut fuer film und bild in wissenschaft und unterricht","16","{""formula"": ""min(best(weight x recency x fit_d x conf_d) + stacking, cap) / cap x 100"", ""tier"": ""B"", ""icp_fit"": 0.8, ""dampening"": ""fit und confidence wirken auf [0.4 .. 1.0]"", ""signal_count"": 2, ""distinct_signal_types"": [""zuschlag_gewonnen""], ""stacking_bonus"": 0.0, ""driver"": {""signal_type"": ""zuschlag_gewonnen"", ""event_date"": ""2026-08-12"", ""weight"": 6, ""recency"": 0.4, ""icp_fit_dampened"": 0.88, ""confidence"": 0.85, ""confidence_dampened"": 0.91, ""raw"": 1.922, ""source_url"": ""https://oeffentlichevergabe.de/api/notices/1c6183c7-5222-4872-9ea5-83116a3dcd19?format=pdf""}, ""all_signals"": [{""signal_type"": ""zuschlag_gewonnen"", ""event_date"": ""2026-08-12"", ""weight"": 6, ""recency"": 0.4, ""icp_fit_dampened"": 0.88, ""confidence"": 0.85, ""confidence_dampened"": 0.91, ""raw"": 1.922, ""source_url"": ""https://oeffentlichevergabe.de/api/notices/1c6183c7-5222-4872-9ea5-83116a3dcd19?format=pdf""}, {""signal_type"": ""zuschlag_gewonnen"", ""event_date"": ""2026-08-12"", ""weight"": 6, ""recency"": 0.4, ""icp_fit_dampened"": 0.88, ""confidence"": 0.72, ""confidence_dampened"": 0.832, ""raw"": 1.757, ""source_url"": ""https://ted.europa.eu/en/notice/-/detail/558310-2026""}]}"
"railslove","16","{""formula"": ""min(best(weight x recency x fit_d x conf_d) + stacking, cap) / cap x 100"", ""tier"": ""B"", ""icp_fit"": 0.8, ""dampening"": ""fit und confidence wirken auf [0.4 .. 1.0]"", ""signal_count"": 2, ""distinct_signal_types"": [""zuschlag_gewonnen""], ""stacking_bonus"": 0.0, ""driver"": {""signal_type"": ""zuschlag_gewonnen"", ""event_date"": ""2026-08-12"", ""weight"": 6, ""recency"": 0.4, ""icp_fit_dampened"": 0.88, ""confidence"": 0.85, ""confidence_dampened"": 0.91, ""raw"": 1.922, ""source_url"": ""https://oeffentlichevergabe.de/api/notices/dfa984fb-a166-455a-8b72-dbe59879bd0c?format=pdf""}, ""all_signals"": [{""signal_type"": ""zuschlag_gewonnen"", ""event_date"": ""2026-08-12"", ""weight"": 6, ""recency"": 0.4, ""icp_fit_dampened"": 0.88, ""confidence"": 0.85, ""confidence_dampened"": 0.91, ""raw"": 1.922, ""source_url"": ""https://oeffentlichevergabe.de/api/notices/dfa984fb-a166-455a-8b72-dbe59879bd0c?format=pdf""}, {""signal_type"": ""zuschlag_gewonnen"", ""event_date"": ""2026-08-12"", ""weight"": 6, ""recency"": 0.4, ""icp_fit_dampened"": 0.88, ""confidence"": 0.72, ""confidence_dampened"": 0.832, ""raw"": 1.757, ""source_url"": ""https://ted.europa.eu/en/notice/-/detail/558155-2026""}]}"
"medianetics","16","{""formula"": ""min(best(weight x recency x fit_d x conf_d) + stacking, cap) / cap x 100"", ""tier"": ""B"", ""icp_fit"": 0.8, ""dampening"": ""fit und confidence wirken auf [0.4 .. 1.0]"", ""signal_count"": 2, ""distinct_signal_types"": [""zuschlag_gewonnen""], ""stacking_bonus"": 0.0, ""driver"": {""signal_type"": ""zuschlag_gewonnen"", ""event_date"": ""2026-08-12"", ""weight"": 6, ""recency"": 0.4, ""icp_fit_dampened"": 0.88, ""confidence"": 0.85, ""confidence_dampened"": 0.91, ""raw"": 1.922, ""source_url"": ""https://oeffentlichevergabe.de/api/notices/52e005b5-ec52-47e1-bd7c-ba6190b5fcbc?format=pdf""}, ""all_signals"": [{""signal_type"": ""zuschlag_gewonnen"", ""event_date"": ""2026-08-12"", ""weight"": 6, ""recency"": 0.4, ""icp_fit_dampened"": 0.88, ""confidence"": 0.85, ""confidence_dampened"": 0.91, ""raw"": 1.922, ""source_url"": ""https://oeffentlichevergabe.de/api/notices/52e005b5-ec52-47e1-bd7c-ba6190b5fcbc?format=pdf""}, {""signal_type"": ""zuschlag_gewonnen"", ""event_date"": ""2026-08-12"", ""weight"": 6, ""recency"": 0.4, ""icp_fit_dampened"": 0.88, ""confidence"": 0.72, ""confidence_dampened"": 0.832, ""raw"": 1.757, ""source_url"": ""https://ted.europa.eu/en/notice/-/detail/558026-2026""}]}"
"ellamind","16","{""formula"": ""min(best(weight x recency x fit_d x conf_d) + stacking, cap) / cap x 100"", ""tier"": ""B"", ""icp_fit"": 0.8, ""dampening"": ""fit und confidence wirken auf [0.4 .. 1.0]"", ""signal_count"": 2, ""distinct_signal_types"": [""zuschlag_gewonnen""], ""stacking_bonus"": 0.0, ""driver"": {""signal_type"": ""zuschlag_gewonnen"", ""event_date"": ""2026-08-12"", ""weight"": 6, ""recency"": 0.4, ""icp_fit_dampened"": 0.88, ""confidence"": 0.85, ""confidence_dampened"": 0.91, ""raw"": 1.922, ""source_url"": ""https://oeffentlichevergabe.de/api/notices/6645e97c-e706-4346-ba5e-b99a7f4a1512?format=pdf""}, ""all_signals"": [{""signal_type"": ""zuschlag_gewonnen"", ""event_date"": ""2026-08-12"", ""weight"": 6, ""recency"": 0.4, ""icp_fit_dampened"": 0.88, ""confidence"": 0.85, ""confidence_dampened"": 0.91, ""raw"": 1.922, ""source_url"": ""https://oeffentlichevergabe.de/api/notices/6645e97c-e706-4346-ba5e-b99a7f4a1512?format=pdf""}, {""signal_type"": ""zuschlag_gewonnen"", ""event_date"": ""2026-08-12"", ""weight"": 6, ""recency"": 0.4, ""icp_fit_dampened"": 0.88, ""confidence"": 0.72, ""confidence_dampened"": 0.832, ""raw"": 1.757, ""source_url"": ""https://ted.europa.eu/en/notice/-/detail/557546-2026""}]}"
"gebit muenster","16","{""formula"": ""min(best(weight x recency x fit_d x conf_d) + stacking, cap) / cap x 100"", ""tier"": ""B"", ""icp_fit"": 0.8, ""dampening"": ""fit und confidence wirken auf [0.4 .. 1.0]"", ""signal_count"": 2, ""distinct_signal_types"": [""zuschlag_gewonnen""], ""stacking_bonus"": 0.0, ""driver"": {""signal_type"": ""zuschlag_gewonnen"", ""event_date"": ""2026-08-12"", ""weight"": 6, ""recency"": 0.4, ""icp_fit_dampened"": 0.88, ""confidence"": 0.85, ""confidence_dampened"": 0.91, ""raw"": 1.922, ""source_url"": ""https://oeffentlichevergabe.de/api/notices/cbc4a1b0-7697-4f80-b873-7e3e2b3d2f53?format=pdf""}, ""all_signals"": [{""signal_type"": ""zuschlag_gewonnen"", ""event_date"": ""2026-08-12"", ""weight"": 6, ""recency"": 0.4, ""icp_fit_dampened"": 0.88, ""confidence"": 0.85, ""confidence_dampened"": 0.91, ""raw"": 1.922, ""source_url"": ""https://oeffentlichevergabe.de/api/notices/cbc4a1b0-7697-4f80-b873-7e3e2b3d2f53?format=pdf""}, {""signal_type"": ""zuschlag_gewonnen"", ""event_date"": ""2026-08-12"", ""weight"": 6, ""recency"": 0.4, ""icp_fit_dampened"": 0.88, ""confidence"": 0.72, ""confidence_dampened"": 0.832, ""raw"": 1.757, ""source_url"": ""https://ted.europa.eu/en/notice/-/detail/557380-2026""}]}"
"plano solutions","16","{""formula"": ""min(best(weight x recency x fit_d x conf_d) + stacking, cap) / cap x 100"", ""tier"": ""B"", ""icp_fit"": 0.8, ""dampening"": ""fit und confidence wirken auf [0.4 .. 1.0]"", ""signal_count"": 2, ""distinct_signal_types"": [""zuschlag_gewonnen""], ""stacking_bonus"": 0.0, ""driver"": {""signal_type"": ""zuschlag_gewonnen"", ""event_date"": ""2026-08-12"", ""weight"": 6, ""recency"": 0.4, ""icp_fit_dampened"": 0.88, ""confidence"": 0.85, ""confidence_dampened"": 0.91, ""raw"": 1.922, ""source_url"": ""https://oeffentlichevergabe.de/api/notices/f4046120-f1ad-4db5-9b23-165bf61d6387?format=pdf""}, ""all_signals"": [{""signal_type"": ""zuschlag_gewonnen"", ""event_date"": ""2026-08-12"", ""weight"": 6, ""recency"": 0.4, ""icp_fit_dampened"": 0.88, ""confidence"": 0.85, ""confidence_dampened"": 0.91, ""raw"": 1.922, ""source_url"": ""https://oeffentlichevergabe.de/api/notices/f4046120-f1ad-4db5-9b23-165bf61d6387?format=pdf""}, {""signal_type"": ""zuschlag_gewonnen"", ""event_date"": ""2026-08-12"", ""weight"": 6, ""recency"": 0.4, ""icp_fit_dampened"": 0.88, ""confidence"": 0.72, ""confidence_dampened"": 0.832, ""raw"": 1.757, ""source_url"": ""https://ted.europa.eu/en/notice/-/detail/557244-2026""}]}"
"deutsche telekom","16","{""formula"": ""min(best(weight x recency x fit_d x conf_d) + stacking, cap) / cap x 100"", ""tier"": ""B"", ""icp_fit"": 0.8, ""dampening"": ""fit und confidence wirken auf [0.4 .. 1.0]"", ""signal_count"": 1, ""distinct_signal_types"": [""zuschlag_gewonnen""], ""stacking_bonus"": 0.0, ""driver"": {""signal_type"": ""zuschlag_gewonnen"", ""event_date"": ""2026-08-12"", ""weight"": 6, ""recency"": 0.4, ""icp_fit_dampened"": 0.88, ""confidence"": 0.85, ""confidence_dampened"": 0.91, ""raw"": 1.922, ""source_url"": ""https://oeffentlichevergabe.de/api/notices/c5f8ebd4-c4f2-418f-95ac-2f561e89dd6a?format=pdf""}, ""all_signals"": [{""signal_type"": ""zuschlag_gewonnen"", ""event_date"": ""2026-08-12"", ""weight"": 6, ""recency"": 0.4, ""icp_fit_dampened"": 0.88, ""confidence"": 0.85, ""confidence_dampened"": 0.91, ""raw"": 1.922, ""source_url"": ""https://oeffentlichevergabe.de/api/notices/c5f8ebd4-c4f2-418f-95ac-2f561e89dd6a?format=pdf""}]}"
"comramo","16","{""formula"": ""min(best(weight x recency x fit_d x conf_d) + stacking, cap) / cap x 100"", ""tier"": ""B"", ""icp_fit"": 0.8, ""dampening"": ""fit und confidence wirken auf [0.4 .. 1.0]"", ""signal_count"": 2, ""distinct_signal_types"": [""zuschlag_gewonnen""], ""stacking_bonus"": 0.0, ""driver"": {""signal_type"": ""zuschlag_gewonnen"", ""event_date"": ""2026-08-11"", ""weight"": 6, ""recency"": 0.4, ""icp_fit_dampened"": 0.88, ""confidence"": 0.85, ""confidence_dampened"": 0.91, ""raw"": 1.922, ""source_url"": ""https://oeffentlichevergabe.de/api/notices/9f3d257a-706b-4fc6-ac80-a739b4b06ced?format=pdf""}, ""all_signals"": [{""signal_type"": ""zuschlag_gewonnen"", ""event_date"": ""2026-08-11"", ""weight"": 6, ""recency"": 0.4, ""icp_fit_dampened"": 0.88, ""confidence"": 0.85, ""confidence_dampened"": 0.91, ""raw"": 1.922, ""source_url"": ""https://oeffentlichevergabe.de/api/notices/9f3d257a-706b-4fc6-ac80-a739b4b06ced?format=pdf""}, {""signal_type"": ""zuschlag_gewonnen"", ""event_date"": ""2026-08-11"", ""weight"": 6, ""recency"": 0.4, ""icp_fit_dampened"": 0.88, ""confidence"": 0.72, ""confidence_dampened"": 0.832, ""raw"": 1.757, ""source_url"": ""https://ted.europa.eu/en/notice/-/detail/556765-2026""}]}"
"b telligent deutschland","16","{""formula"": ""min(best(weight x recency x fit_d x conf_d) + stacking, cap) / cap x 100"", ""tier"": ""B"", ""icp_fit"": 0.8, ""dampening"": ""fit und confidence wirken auf [0.4 .. 1.0]"", ""signal_count"": 2, ""distinct_signal_types"": [""zuschlag_gewonnen""], ""stacking_bonus"": 0.0, ""driver"": {""signal_type"": ""zuschlag_gewonnen"", ""event_date"": ""2026-08-09"", ""weight"": 6, ""recency"": 0.4, ""icp_fit_dampened"": 0.88, ""confidence"": 0.85, ""confidence_dampened"": 0.91, ""raw"": 1.922, ""source_url"": ""https://oeffentlichevergabe.de/api/notices/42eb6866-f301-4f6c-9ec3-15685ec11d5c?format=pdf""}, ""all_signals"": [{""signal_type"": ""zuschlag_gewonnen"", ""event_date"": ""2026-08-09"", ""weight"": 6, ""recency"": 0.4, ""icp_fit_dampened"": 0.88, ""confidence"": 0.85, ""confidence_dampened"": 0.91, ""raw"": 1.922, ""source_url"": ""https://oeffentlichevergabe.de/api/notices/42eb6866-f301-4f6c-9ec3-15685ec11d5c?format=pdf""}, {""signal_type"": ""zuschlag_gewonnen"", ""event_date"": ""2026-08-11"", ""weight"": 6, ""recency"": 0.4, ""icp_fit_dampened"": 0.88, ""confidence"": 0.72, ""confidence_dampened"": 0.832, ""raw"": 1.757, ""source_url"": ""https://ted.europa.eu/en/notice/-/detail/556763-2026""}]}"
"global network","16","{""formula"": ""min(best(weight x recency x fit_d x conf_d) + stacking, cap) / cap x 100"", ""tier"": ""B"", ""icp_fit"": 0.8, ""dampening"": ""fit und confidence wirken auf [0.4 .. 1.0]"", ""signal_count"": 2, ""distinct_signal_types"": [""zuschlag_gewonnen""], ""stacking_bonus"": 0.0, ""driver"": {""signal_type"": ""zuschlag_gewonnen"", ""event_date"": ""2026-08-11"", ""weight"": 6, ""recency"": 0.4, ""icp_fit_dampened"": 0.88, ""confidence"": 0.85, ""confidence_dampened"": 0.91, ""raw"": 1.922, ""source_url"": ""https://oeffentlichevergabe.de/api/notices/0607a892-8772-447e-9cfc-d89300a0911c?format=pdf""}, ""all_signals"": [{""signal_type"": ""zuschlag_gewonnen"", ""event_date"": ""2026-08-11"", ""weight"": 6, ""recency"": 0.4, ""icp_fit_dampened"": 0.88, ""confidence"": 0.85, ""confidence_dampened"": 0.91, ""raw"": 1.922, ""source_url"": ""https://oeffentlichevergabe.de/api/notices/0607a892-8772-447e-9cfc-d89300a0911c?format=pdf""}, {""signal_type"": ""zuschlag_gewonnen"", ""event_date"": ""2026-08-11"", ""weight"": 6, ""recency"": 0.4, ""icp_fit_dampened"": 0.88, ""confidence"": 0.72, ""confidence_dampened"": 0.832, ""raw"": 1.757, ""source_url"": ""https://ted.europa.eu/en/notice/-/detail/555144-2026""}]}"
"rpdoc solutions","16","{""formula"": ""min(best(weight x recency x fit_d x conf_d) + stacking, cap) / cap x 100"", ""tier"": ""B"", ""icp_fit"": 0.8, ""dampening"": ""fit und confidence wirken auf [0.4 .. 1.0]"", ""signal_count"": 4, ""distinct_signal_types"": [""zuschlag_gewonnen""], ""stacking_bonus"": 0.0, ""driver"": {""signal_type"": ""zuschlag_gewonnen"", ""event_date"": ""2026-08-09"", ""weight"": 6, ""recency"": 0.4, ""icp_fit_dampened"": 0.88, ""confidence"": 0.85, ""confidence_dampened"": 0.91, ""raw"": 1.922, ""source_url"": ""https://oeffentlichevergabe.de/api/notices/75e23eee-b582-4908-a528-0d35349e2094?format=pdf""}, ""all_signals"": [{""signal_type"": ""zuschlag_gewonnen"", ""event_date"": ""2026-08-09"", ""weight"": 6, ""recency"": 0.4, ""icp_fit_dampened"": 0.88, ""confidence"": 0.85, ""confidence_dampened"": 0.91, ""raw"": 1.922, ""source_url"": ""https://oeffentlichevergabe.de/api/notices/75e23eee-b582-4908-a528-0d35349e2094?format=pdf""}, {""signal_type"": ""zuschlag_gewonnen"", ""event_date"": ""2026-08-09"", ""weight"": 6, ""recency"": 0.4, ""icp_fit_dampened"": 0.88, ""confidence"": 0.85, ""confidence_dampened"": 0.91, ""raw"": 1.922, ""source_url"": ""https://oeffentlichevergabe.de/api/notices/313456b8-7d30-4fc2-83cc-66d6d552019c?format=pdf""}, {""signal_type"": ""zuschlag_gewonnen"", ""event_date"": ""2026-08-11"", ""weight"": 6, ""recency"": 0.4, ""icp_fit_dampened"": 0.88, ""confidence"": 0.72, ""confidence_dampened"": 0.832, ""raw"": 1.757, ""source_url"": ""https://ted.europa.eu/en/notice/-/detail/555064-2026""}, {""signal_type"": ""zuschlag_gewonnen"", ""event_date"": ""2026-08-11"", ""weight"": 6, ""recency"": 0.4, ""icp_fit_dampened"": 0.88, ""confidence"": 0.72, ""confidence_dampened"": 0.832, ""raw"": 1.757, ""source_url"": ""https://ted.europa.eu/en/notice/-/detail/554255-2026""}]}"
"linux systems consulting","16","{""formula"": ""min(best(weight x recency x fit_d x conf_d) + stacking, cap) / cap x 100"", ""tier"": ""B"", ""icp_fit"": 0.8, ""dampening"": ""fit und confidence wirken auf [0.4 .. 1.0]"", ""signal_count"": 2, ""distinct_signal_types"": [""zuschlag_gewonnen""], ""stacking_bonus"": 0.0, ""driver"": {""signal_type"": ""zuschlag_gewonnen"", ""event_date"": ""2026-08-11"", ""weight"": 6, ""recency"": 0.4, ""icp_fit_dampened"": 0.88, ""confidence"": 0.85, ""confidence_dampened"": 0.91, ""raw"": 1.922, ""source_url"": ""https://oeffentlichevergabe.de/api/notices/6ee3a1c2-cf7c-4a94-ad24-ff4cd7d8e56a?format=pdf""}, ""all_signals"": [{""signal_type"": ""zuschlag_gewonnen"", ""event_date"": ""2026-08-11"", ""weight"": 6, ""recency"": 0.4, ""icp_fit_dampened"": 0.88, ""confidence"": 0.85, ""confidence_dampened"": 0.91, ""raw"": 1.922, ""source_url"": ""https://oeffentlichevergabe.de/api/notices/6ee3a1c2-cf7c-4a94-ad24-ff4cd7d8e56a?format=pdf""}, {""signal_type"": ""zuschlag_gewonnen"", ""event_date"": ""2026-08-11"", ""weight"": 6, ""recency"": 0.4, ""icp_fit_dampened"": 0.88, ""confidence"": 0.72, ""confidence_dampened"": 0.832, ""raw"": 1.757, ""source_url"": ""https://ted.europa.eu/en/notice/-/detail/555014-2026""}]}"
"didactmedia","16","{""formula"": ""min(best(weight x recency x fit_d x conf_d) + stacking, cap) / cap x 100"", ""tier"": ""B"", ""icp_fit"": 0.8, ""dampening"": ""fit und confidence wirken auf [0.4 .. 1.0]"", ""signal_count"": 2, ""distinct_signal_types"": [""zuschlag_gewonnen""], ""stacking_bonus"": 0.0, ""driver"": {""signal_type"": ""zuschlag_gewonnen"", ""event_date"": ""2026-08-11"", ""weight"": 6, ""recency"": 0.4, ""icp_fit_dampened"": 0.88, ""confidence"": 0.85, ""confidence_dampened"": 0.91, ""raw"": 1.922, ""source_url"": ""https://oeffentlichevergabe.de/api/notices/d496f292-c40a-47ce-8459-306116e6ac20?format=pdf""}, ""all_signals"": [{""signal_type"": ""zuschlag_gewonnen"", ""event_date"": ""2026-08-11"", ""weight"": 6, ""recency"": 0.4, ""icp_fit_dampened"": 0.88, ""confidence"": 0.85, ""confidence_dampened"": 0.91, ""raw"": 1.922, ""source_url"": ""https://oeffentlichevergabe.de/api/notices/d496f292-c40a-47ce-8459-306116e6ac20?format=pdf""}, {""signal_type"": ""zuschlag_gewonnen"", ""event_date"": ""2026-08-11"", ""weight"": 6, ""recency"": 0.4, ""icp_fit_dampened"": 0.88, ""confidence"": 0.72, ""confidence_dampened"": 0.832, ""raw"": 1.757, ""source_url"": ""https://ted.europa.eu/en/notice/-/detail/554968-2026""}]}"
"cops ges m b h","16","{""formula"": ""min(best(weight x recency x fit_d x conf_d) + stacking, cap) / cap x 100"", ""tier"": ""B"", ""icp_fit"": 0.8, ""dampening"": ""fit und confidence wirken auf [0.4 .. 1.0]"", ""signal_count"": 2, ""distinct_signal_types"": [""zuschlag_gewonnen""], ""stacking_bonus"": 0.0, ""driver"": {""signal_type"": ""zuschlag_gewonnen"", ""event_date"": ""2026-08-11"", ""weight"": 6, ""recency"": 0.4, ""icp_fit_dampened"": 0.88, ""confidence"": 0.85, ""confidence_dampened"": 0.91, ""raw"": 1.922, ""source_url"": ""https://oeffentlichevergabe.de/api/notices/e9074b93-7181-425e-ac20-1cabb39d5d8d?format=pdf""}, ""all_signals"": [{""signal_type"": ""zuschlag_gewonnen"", ""event_date"": ""2026-08-11"", ""weight"": 6, ""recency"": 0.4, ""icp_fit_dampened"": 0.88, ""confidence"": 0.85, ""confidence_dampened"": 0.91, ""raw"": 1.922, ""source_url"": ""https://oeffentlichevergabe.de/api/notices/e9074b93-7181-425e-ac20-1cabb39d5d8d?format=pdf""}, {""signal_type"": ""zuschlag_gewonnen"", ""event_date"": ""2026-08-11"", ""weight"": 6, ""recency"": 0.4, ""icp_fit_dampened"": 0.88, ""confidence"": 0.72, ""confidence_dampened"": 0.832, ""raw"": 1.757, ""source_url"": ""https://ted.europa.eu/en/notice/-/detail/554266-2026""}]}"
"paul it-service","16","{""formula"": ""min(best(weight x recency x fit_d x conf_d) + stacking, cap) / cap x 100"", ""tier"": ""B"", ""icp_fit"": 0.8, ""dampening"": ""fit und confidence wirken auf [0.4 .. 1.0]"", ""signal_count"": 2, ""distinct_signal_types"": [""zuschlag_gewonnen""], ""stacking_bonus"": 0.0, ""driver"": {""signal_type"": ""zuschlag_gewonnen"", ""event_date"": ""2026-08-11"", ""weight"": 6, ""recency"": 0.4, ""icp_fit_dampened"": 0.88, ""confidence"": 0.85, ""confidence_dampened"": 0.91, ""raw"": 1.922, ""source_url"": ""https://oeffentlichevergabe.de/api/notices/a4702017-e8b0-441a-989d-f761fbd70e08?format=pdf""}, ""all_signals"": [{""signal_type"": ""zuschlag_gewonnen"", ""event_date"": ""2026-08-11"", ""weight"": 6, ""recency"": 0.4, ""icp_fit_dampened"": 0.88, ""confidence"": 0.85, ""confidence_dampened"": 0.91, ""raw"": 1.922, ""source_url"": ""https://oeffentlichevergabe.de/api/notices/a4702017-e8b0-441a-989d-f761fbd70e08?format=pdf""}, {""signal_type"": ""zuschlag_gewonnen"", ""event_date"": ""2026-08-11"", ""weight"": 6, ""recency"": 0.4, ""icp_fit_dampened"": 0.88, ""confidence"": 0.72, ""confidence_dampened"": 0.832, ""raw"": 1.757, ""source_url"": ""https://ted.europa.eu/en/notice/-/detail/554202-2026""}]}"
"b-connect","16","{""formula"": ""min(best(weight x recency x fit_d x conf_d) + stacking, cap) / cap x 100"", ""tier"": ""B"", ""icp_fit"": 0.8, ""dampening"": ""fit und confidence wirken auf [0.4 .. 1.0]"", ""signal_count"": 2, ""distinct_signal_types"": [""zuschlag_gewonnen""], ""stacking_bonus"": 0.0, ""driver"": {""signal_type"": ""zuschlag_gewonnen"", ""event_date"": ""2026-08-11"", ""weight"": 6, ""recency"": 0.4, ""icp_fit_dampened"": 0.88, ""confidence"": 0.85, ""confidence_dampened"": 0.91, ""raw"": 1.922, ""source_url"": ""https://oeffentlichevergabe.de/api/notices/843a4c21-cfcb-4c09-a605-05f40fd2466e?format=pdf""}, ""all_signals"": [{""signal_type"": ""zuschlag_gewonnen"", ""event_date"": ""2026-08-11"", ""weight"": 6, ""recency"": 0.4, ""icp_fit_dampened"": 0.88, ""confidence"": 0.85, ""confidence_dampened"": 0.91, ""raw"": 1.922, ""source_url"": ""https://oeffentlichevergabe.de/api/notices/843a4c21-cfcb-4c09-a605-05f40fd2466e?format=pdf""}, {""signal_type"": ""zuschlag_gewonnen"", ""event_date"": ""2026-08-11"", ""weight"": 6, ""recency"": 0.4, ""icp_fit_dampened"": 0.88, ""confidence"": 0.72, ""confidence_dampened"": 0.832, ""raw"": 1.757, ""source_url"": ""https://ted.europa.eu/en/notice/-/detail/554080-2026""}]}"
"medienhandel kay gollhardt","16","{""formula"": ""min(best(weight x recency x fit_d x conf_d) + stacking, cap) / cap x 100"", ""tier"": ""B"", ""icp_fit"": 0.8, ""dampening"": ""fit und confidence wirken auf [0.4 .. 1.0]"", ""signal_count"": 2, ""distinct_signal_types"": [""zuschlag_gewonnen""], ""stacking_bonus"": 0.0, ""driver"": {""signal_type"": ""zuschlag_gewonnen"", ""event_date"": ""2026-08-11"", ""weight"": 6, ""recency"": 0.4, ""icp_fit_dampened"": 0.88, ""confidence"": 0.85, ""confidence_dampened"": 0.91, ""raw"": 1.922, ""source_url"": ""https://oeffentlichevergabe.de/api/notices/566a264d-555e-4ab9-86ae-b67a42fdcffb?format=pdf""}, ""all_signals"": [{""signal_type"": ""zuschlag_gewonnen"", ""event_date"": ""2026-08-11"", ""weight"": 6, ""recency"": 0.4, ""icp_fit_dampened"": 0.88, ""confidence"": 0.85, ""confidence_dampened"": 0.91, ""raw"": 1.922, ""source_url"": ""https://oeffentlichevergabe.de/api/notices/566a264d-555e-4ab9-86ae-b67a42fdcffb?format=pdf""}, {""signal_type"": ""zuschlag_gewonnen"", ""event_date"": ""2026-08-11"", ""weight"": 6, ""recency"": 0.4, ""icp_fit_dampened"": 0.88, ""confidence"": 0.72, ""confidence_dampened"": 0.832, ""raw"": 1.757, ""source_url"": ""https://ted.europa.eu/en/notice/-/detail/553854-2026""}]}"
"telemark rostock kommunikations-und marketinggesellschaft","16","{""formula"": ""min(best(weight x recency x fit_d x conf_d) + stacking, cap) / cap x 100"", ""tier"": ""B"", ""icp_fit"": 0.8, ""dampening"": ""fit und confidence wirken auf [0.4 .. 1.0]"", ""signal_count"": 2, ""distinct_signal_types"": [""zuschlag_gewonnen""], ""stacking_bonus"": 0.0, ""driver"": {""signal_type"": ""zuschlag_gewonnen"", ""event_date"": ""2026-08-09"", ""weight"": 6, ""recency"": 0.4, ""icp_fit_dampened"": 0.88, ""confidence"": 0.85, ""confidence_dampened"": 0.91, ""raw"": 1.922, ""source_url"": ""https://oeffentlichevergabe.de/api/notices/61dbba6a-ca6d-4285-88e2-8dc081b7e045?format=pdf""}, ""all_signals"": [{""signal_type"": ""zuschlag_gewonnen"", ""event_date"": ""2026-08-09"", ""weight"": 6, ""recency"": 0.4, ""icp_fit_dampened"": 0.88, ""confidence"": 0.85, ""confidence_dampened"": 0.91, ""raw"": 1.922, ""source_url"": ""https://oeffentlichevergabe.de/api/notices/61dbba6a-ca6d-4285-88e2-8dc081b7e045?format=pdf""}, {""signal_type"": ""zuschlag_gewonnen"", ""event_date"": ""2026-08-10"", ""weight"": 6, ""recency"": 0.4, ""icp_fit_dampened"": 0.88, ""confidence"": 0.72, ""confidence_dampened"": 0.832, ""raw"": 1.757, ""source_url"": ""https://ted.europa.eu/en/notice/-/detail/553515-2026""}]}"
"iso public services","16","{""formula"": ""min(best(weight x recency x fit_d x conf_d) + stacking, cap) / cap x 100"", ""tier"": ""B"", ""icp_fit"": 0.8, ""dampening"": ""fit und confidence wirken auf [0.4 .. 1.0]"", ""signal_count"": 2, ""distinct_signal_types"": [""zuschlag_gewonnen""], ""stacking_bonus"": 0.0, ""driver"": {""signal_type"": ""zuschlag_gewonnen"", ""event_date"": ""2026-08-08"", ""weight"": 6, ""recency"": 0.4, ""icp_fit_dampened"": 0.88, ""confidence"": 0.85, ""confidence_dampened"": 0.91, ""raw"": 1.922, ""source_url"": ""https://oeffentlichevergabe.de/api/notices/5ad0f4b6-665b-457d-bcd0-a9f6fd729d80?format=pdf""}, ""all_signals"": [{""signal_type"": ""zuschlag_gewonnen"", ""event_date"": ""2026-08-08"", ""weight"": 6, ""recency"": 0.4, ""icp_fit_dampened"": 0.88, ""confidence"": 0.85, ""confidence_dampened"": 0.91, ""raw"": 1.922, ""source_url"": ""https://oeffentlichevergabe.de/api/notices/5ad0f4b6-665b-457d-bcd0-a9f6fd729d80?format=pdf""}, {""signal_type"": ""zuschlag_gewonnen"", ""event_date"": ""2026-08-10"", ""weight"": 6, ""recency"": 0.4, ""icp_fit_dampened"": 0.88, ""confidence"": 0.72, ""confidence_dampened"": 0.832, ""raw"": 1.757, ""source_url"": ""https://ted.europa.eu/en/notice/-/detail/553509-2026""}]}"
"untis bayern","16","{""formula"": ""min(best(weight x recency x fit_d x conf_d) + stacking, cap) / cap x 100"", ""tier"": ""B"", ""icp_fit"": 0.8, ""dampening"": ""fit und confidence wirken auf [0.4 .. 1.0]"", ""signal_count"": 2, ""distinct_signal_types"": [""zuschlag_gewonnen""], ""stacking_bonus"": 0.0, ""driver"": {""signal_type"": ""zuschlag_gewonnen"", ""event_date"": ""2026-08-09"", ""weight"": 6, ""recency"": 0.4, ""icp_fit_dampened"": 0.88, ""confidence"": 0.85, ""confidence_dampened"": 0.91, ""raw"": 1.922, ""source_url"": ""https://oeffentlichevergabe.de/api/notices/8677d90b-7f33-4d26-83cd-e7b892022fa8?format=pdf""}, ""all_signals"": [{""signal_type"": ""zuschlag_gewonnen"", ""event_date"": ""2026-08-09"", ""weight"": 6, ""recency"": 0.4, ""icp_fit_dampened"": 0.88, ""confidence"": 0.85, ""confidence_dampened"": 0.91, ""raw"": 1.922, ""source_url"": ""https://oeffentlichevergabe.de/api/notices/8677d90b-7f33-4d26-83cd-e7b892022fa8?format=pdf""}, {""signal_type"": ""zuschlag_gewonnen"", ""event_date"": ""2026-08-10"", ""weight"": 6, ""recency"": 0.4, ""icp_fit_dampened"": 0.88, ""confidence"": 0.72, ""confidence_dampened"": 0.832, ""raw"": 1.757, ""source_url"": ""https://ted.europa.eu/en/notice/-/detail/553147-2026""}]}"
"coremedia","16","{""formula"": ""min(best(weight x recency x fit_d x conf_d) + stacking, cap) / cap x 100"", ""tier"": ""B"", ""icp_fit"": 0.8, ""dampening"": ""fit und confidence wirken auf [0.4 .. 1.0]"", ""signal_count"": 2, ""distinct_signal_types"": [""zuschlag_gewonnen""], ""stacking_bonus"": 0.0, ""driver"": {""signal_type"": ""zuschlag_gewonnen"", ""event_date"": ""2026-08-08"", ""weight"": 6, ""recency"": 0.4, ""icp_fit_dampened"": 0.88, ""confidence"": 0.85, ""confidence_dampened"": 0.91, ""raw"": 1.922, ""source_url"": ""https://oeffentlichevergabe.de/api/notices/40cf89e1-2748-4b39-979c-71efc4103034?format=pdf""}, ""all_signals"": [{""signal_type"": ""zuschlag_gewonnen"", ""event_date"": ""2026-08-08"", ""weight"": 6, ""recency"": 0.4, ""icp_fit_dampened"": 0.88, ""confidence"": 0.85, ""confidence_dampened"": 0.91, ""raw"": 1.922, ""source_url"": ""https://oeffentlichevergabe.de/api/notices/40cf89e1-2748-4b39-979c-71efc4103034?format=pdf""}, {""signal_type"": ""zuschlag_gewonnen"", ""event_date"": ""2026-08-10"", ""weight"": 6, ""recency"": 0.4, ""icp_fit_dampened"": 0.88, ""confidence"": 0.72, ""confidence_dampened"": 0.832, ""raw"": 1.757, ""source_url"": ""https://ted.europa.eu/en/notice/-/detail/552895-2026""}]}"
"tiplu","16","{""formula"": ""min(best(weight x recency x fit_d x conf_d) + stacking, cap) / cap x 100"", ""tier"": ""B"", ""icp_fit"": 0.8, ""dampening"": ""fit und confidence wirken auf [0.4 .. 1.0]"", ""signal_count"": 2, ""distinct_signal_types"": [""zuschlag_gewonnen""], ""stacking_bonus"": 0.0, ""driver"": {""signal_type"": ""zuschlag_gewonnen"", ""event_date"": ""2026-08-08"", ""weight"": 6, ""recency"": 0.4, ""icp_fit_dampened"": 0.88, ""confidence"": 0.85, ""confidence_dampened"": 0.91, ""raw"": 1.922, ""source_url"": ""https://oeffentlichevergabe.de/api/notices/8b40c94f-553f-47c7-b79a-0441e5e97b79?format=pdf""}, ""all_signals"": [{""signal_type"": ""zuschlag_gewonnen"", ""event_date"": ""2026-08-08"", ""weight"": 6, ""recency"": 0.4, ""icp_fit_dampened"": 0.88, ""confidence"": 0.85, ""confidence_dampened"": 0.91, ""raw"": 1.922, ""source_url"": ""https://oeffentlichevergabe.de/api/notices/8b40c94f-553f-47c7-b79a-0441e5e97b79?format=pdf""}, {""signal_type"": ""zuschlag_gewonnen"", ""event_date"": ""2026-08-10"", ""weight"": 6, ""recency"": 0.4, ""icp_fit_dampened"": 0.88, ""confidence"": 0.72, ""confidence_dampened"": 0.832, ""raw"": 1.757, ""source_url"": ""https://ted.europa.eu/en/notice/-/detail/552501-2026""}]}"
"esri deutschland","16","{""formula"": ""min(best(weight x recency x fit_d x conf_d) + stacking, cap) / cap x 100"", ""tier"": ""B"", ""icp_fit"": 0.8, ""dampening"": ""fit und confidence wirken auf [0.4 .. 1.0]"", ""signal_count"": 2, ""distinct_signal_types"": [""zuschlag_gewonnen""], ""stacking_bonus"": 0.0, ""driver"": {""signal_type"": ""zuschlag_gewonnen"", ""event_date"": ""2026-08-09"", ""weight"": 6, ""recency"": 0.4, ""icp_fit_dampened"": 0.88, ""confidence"": 0.85, ""confidence_dampened"": 0.91, ""raw"": 1.922, ""source_url"": ""https://oeffentlichevergabe.de/api/notices/7e949ee3-f907-4a0c-a838-d30c47c59157?format=pdf""}, ""all_signals"": [{""signal_type"": ""zuschlag_gewonnen"", ""event_date"": ""2026-08-09"", ""weight"": 6, ""recency"": 0.4, ""icp_fit_dampened"": 0.88, ""confidence"": 0.85, ""confidence_dampened"": 0.91, ""raw"": 1.922, ""source_url"": ""https://oeffentlichevergabe.de/api/notices/7e949ee3-f907-4a0c-a838-d30c47c59157?format=pdf""}, {""signal_type"": ""zuschlag_gewonnen"", ""event_date"": ""2026-08-10"", ""weight"": 6, ""recency"": 0.4, ""icp_fit_dampened"": 0.88, ""confidence"": 0.72, ""confidence_dampened"": 0.832, ""raw"": 1.757, ""source_url"": ""https://ted.europa.eu/en/notice/-/detail/552382-2026""}]}"
"awesome technologies innovationslabor","16","{""formula"": ""min(best(weight x recency x fit_d x conf_d) + stacking, cap) / cap x 100"", ""tier"": ""B"", ""icp_fit"": 0.8, ""dampening"": ""fit und confidence wirken auf [0.4 .. 1.0]"", ""signal_count"": 2, ""distinct_signal_types"": [""zuschlag_gewonnen""], ""stacking_bonus"": 0.0, ""driver"": {""signal_type"": ""zuschlag_gewonnen"", ""event_date"": ""2026-08-09"", ""weight"": 6, ""recency"": 0.4, ""icp_fit_dampened"": 0.88, ""confidence"": 0.85, ""confidence_dampened"": 0.91, ""raw"": 1.922, ""source_url"": ""https://oeffentlichevergabe.de/api/notices/c72e12a4-1392-429b-b4b2-d3e409b0963a?format=pdf""}, ""all_signals"": [{""signal_type"": ""zuschlag_gewonnen"", ""event_date"": ""2026-08-09"", ""weight"": 6, ""recency"": 0.4, ""icp_fit_dampened"": 0.88, ""confidence"": 0.85, ""confidence_dampened"": 0.91, ""raw"": 1.922, ""source_url"": ""https://oeffentlichevergabe.de/api/notices/c72e12a4-1392-429b-b4b2-d3e409b0963a?format=pdf""}, {""signal_type"": ""zuschlag_gewonnen"", ""event_date"": ""2026-08-10"", ""weight"": 6, ""recency"": 0.4, ""icp_fit_dampened"": 0.88, ""confidence"": 0.72, ""confidence_dampened"": 0.832, ""raw"": 1.757, ""source_url"": ""https://ted.europa.eu/en/notice/-/detail/552174-2026""}]}"
"damovo deutschland","16","{""formula"": ""min(best(weight x recency x fit_d x conf_d) + stacking, cap) / cap x 100"", ""tier"": ""B"", ""icp_fit"": 0.8, ""dampening"": ""fit und confidence wirken auf [0.4 .. 1.0]"", ""signal_count"": 2, ""distinct_signal_types"": [""zuschlag_gewonnen""], ""stacking_bonus"": 0.0, ""driver"": {""signal_type"": ""zuschlag_gewonnen"", ""event_date"": ""2026-08-09"", ""weight"": 6, ""recency"": 0.4, ""icp_fit_dampened"": 0.88, ""confidence"": 0.85, ""confidence_dampened"": 0.91, ""raw"": 1.922, ""source_url"": ""https://oeffentlichevergabe.de/api/notices/cfe2077c-7599-4ac8-b226-698a58c0ea4c?format=pdf""}, ""all_signals"": [{""signal_type"": ""zuschlag_gewonnen"", ""event_date"": ""2026-08-09"", ""weight"": 6, ""recency"": 0.4, ""icp_fit_dampened"": 0.88, ""confidence"": 0.85, ""confidence_dampened"": 0.91, ""raw"": 1.922, ""source_url"": ""https://oeffentlichevergabe.de/api/notices/cfe2077c-7599-4ac8-b226-698a58c0ea4c?format=pdf""}, {""signal_type"": ""zuschlag_gewonnen"", ""event_date"": ""2026-08-10"", ""weight"": 6, ""recency"": 0.4, ""icp_fit_dampened"": 0.88, ""confidence"": 0.72, ""confidence_dampened"": 0.832, ""raw"": 1.757, ""source_url"": ""https://ted.europa.eu/en/notice/-/detail/551641-2026""}]}"
"pretix","16","{""formula"": ""min(best(weight x recency x fit_d x conf_d) + stacking, cap) / cap x 100"", ""tier"": ""B"", ""icp_fit"": 0.8, ""dampening"": ""fit und confidence wirken auf [0.4 .. 1.0]"", ""signal_count"": 2, ""distinct_signal_types"": [""zuschlag_gewonnen""], ""stacking_bonus"": 0.0, ""driver"": {""signal_type"": ""zuschlag_gewonnen"", ""event_date"": ""2026-08-09"", ""weight"": 6, ""recency"": 0.4, ""icp_fit_dampened"": 0.88, ""confidence"": 0.85, ""confidence_dampened"": 0.91, ""raw"": 1.922, ""source_url"": ""https://oeffentlichevergabe.de/api/notices/ad7680ce-71a1-485b-8180-bada7ddb4020?format=pdf""}, ""all_signals"": [{""signal_type"": ""zuschlag_gewonnen"", ""event_date"": ""2026-08-09"", ""weight"": 6, ""recency"": 0.4, ""icp_fit_dampened"": 0.88, ""confidence"": 0.85, ""confidence_dampened"": 0.91, ""raw"": 1.922, ""source_url"": ""https://oeffentlichevergabe.de/api/notices/ad7680ce-71a1-485b-8180-bada7ddb4020?format=pdf""}, {""signal_type"": ""zuschlag_gewonnen"", ""event_date"": ""2026-08-10"", ""weight"": 6, ""recency"": 0.4, ""icp_fit_dampened"": 0.88, ""confidence"": 0.72, ""confidence_dampened"": 0.832, ""raw"": 1.757, ""source_url"": ""https://ted.europa.eu/en/notice/-/detail/551358-2026""}]}"
"ta triumph-adler deutschland","16","{""formula"": ""min(best(weight x recency x fit_d x conf_d) + stacking, cap) / cap x 100"", ""tier"": ""B"", ""icp_fit"": 0.8, ""dampening"": ""fit und confidence wirken auf [0.4 .. 1.0]"", ""signal_count"": 2, ""distinct_signal_types"": [""zuschlag_gewonnen""], ""stacking_bonus"": 0.0, ""driver"": {""signal_type"": ""zuschlag_gewonnen"", ""event_date"": ""2026-08-09"", ""weight"": 6, ""recency"": 0.4, ""icp_fit_dampened"": 0.88, ""confidence"": 0.85, ""confidence_dampened"": 0.91, ""raw"": 1.922, ""source_url"": ""https://oeffentlichevergabe.de/api/notices/30d034ce-0ac2-4c58-be6a-fb42642ffc94?format=pdf""}, ""all_signals"": [{""signal_type"": ""zuschlag_gewonnen"", ""event_date"": ""2026-08-09"", ""weight"": 6, ""recency"": 0.4, ""icp_fit_dampened"": 0.88, ""confidence"": 0.85, ""confidence_dampened"": 0.91, ""raw"": 1.922, ""source_url"": ""https://oeffentlichevergabe.de/api/notices/30d034ce-0ac2-4c58-be6a-fb42642ffc94?format=pdf""}, {""signal_type"": ""zuschlag_gewonnen"", ""event_date"": ""2026-08-10"", ""weight"": 6, ""recency"": 0.4, ""icp_fit_dampened"": 0.88, ""confidence"": 0.72, ""confidence_dampened"": 0.832, ""raw"": 1.757, ""source_url"": ""https://ted.europa.eu/en/notice/-/detail/550986-2026""}]}"
"epic","16","{""formula"": ""min(best(weight x recency x fit_d x conf_d) + stacking, cap) / cap x 100"", ""tier"": ""B"", ""icp_fit"": 0.8, ""dampening"": ""fit und confidence wirken auf [0.4 .. 1.0]"", ""signal_count"": 2, ""distinct_signal_types"": [""zuschlag_gewonnen""], ""stacking_bonus"": 0.0, ""driver"": {""signal_type"": ""zuschlag_gewonnen"", ""event_date"": ""2026-08-09"", ""weight"": 6, ""recency"": 0.4, ""icp_fit_dampened"": 0.88, ""confidence"": 0.85, ""confidence_dampened"": 0.91, ""raw"": 1.922, ""source_url"": ""https://oeffentlichevergabe.de/api/notices/f9801885-9979-47c6-a00d-a3912a19e250?format=pdf""}, ""all_signals"": [{""signal_type"": ""zuschlag_gewonnen"", ""event_date"": ""2026-08-09"", ""weight"": 6, ""recency"": 0.4, ""icp_fit_dampened"": 0.88, ""confidence"": 0.85, ""confidence_dampened"": 0.91, ""raw"": 1.922, ""source_url"": ""https://oeffentlichevergabe.de/api/notices/f9801885-9979-47c6-a00d-a3912a19e250?format=pdf""}, {""signal_type"": ""zuschlag_gewonnen"", ""event_date"": ""2026-08-10"", ""weight"": 6, ""recency"": 0.4, ""icp_fit_dampened"": 0.88, ""confidence"": 0.72, ""confidence_dampened"": 0.832, ""raw"": 1.757, ""source_url"": ""https://ted.europa.eu/en/notice/-/detail/550761-2026""}]}"
"meddv","16","{""formula"": ""min(best(weight x recency x fit_d x conf_d) + stacking, cap) / cap x 100"", ""tier"": ""B"", ""icp_fit"": 0.8, ""dampening"": ""fit und confidence wirken auf [0.4 .. 1.0]"", ""signal_count"": 2, ""distinct_signal_types"": [""zuschlag_gewonnen""], ""stacking_bonus"": 0.0, ""driver"": {""signal_type"": ""zuschlag_gewonnen"", ""event_date"": ""2026-08-09"", ""weight"": 6, ""recency"": 0.4, ""icp_fit_dampened"": 0.88, ""confidence"": 0.85, ""confidence_dampened"": 0.91, ""raw"": 1.922, ""source_url"": ""https://oeffentlichevergabe.de/api/notices/fbb99d80-77b2-46aa-9d28-df72926ec24b?format=pdf""}, ""all_signals"": [{""signal_type"": ""zuschlag_gewonnen"", ""event_date"": ""2026-08-09"", ""weight"": 6, ""recency"": 0.4, ""icp_fit_dampened"": 0.88, ""confidence"": 0.85, ""confidence_dampened"": 0.91, ""raw"": 1.922, ""source_url"": ""https://oeffentlichevergabe.de/api/notices/fbb99d80-77b2-46aa-9d28-df72926ec24b?format=pdf""}, {""signal_type"": ""zuschlag_gewonnen"", ""event_date"": ""2026-08-10"", ""weight"": 6, ""recency"": 0.4, ""icp_fit_dampened"": 0.88, ""confidence"": 0.72, ""confidence_dampened"": 0.832, ""raw"": 1.757, ""source_url"": ""https://ted.europa.eu/en/notice/-/detail/550429-2026""}]}"
"new work","16","{""formula"": ""min(best(weight x recency x fit_d x conf_d) + stacking, cap) / cap x 100"", ""tier"": ""B"", ""icp_fit"": 0.8, ""dampening"": ""fit und confidence wirken auf [0.4 .. 1.0]"", ""signal_count"": 2, ""distinct_signal_types"": [""zuschlag_gewonnen""], ""stacking_bonus"": 0.0, ""driver"": {""signal_type"": ""zuschlag_gewonnen"", ""event_date"": ""2026-08-08"", ""weight"": 6, ""recency"": 0.4, ""icp_fit_dampened"": 0.88, ""confidence"": 0.85, ""confidence_dampened"": 0.91, ""raw"": 1.922, ""source_url"": ""https://oeffentlichevergabe.de/api/notices/6c51386e-3f1f-4a4b-a630-9c7e337323a9?format=pdf""}, ""all_signals"": [{""signal_type"": ""zuschlag_gewonnen"", ""event_date"": ""2026-08-08"", ""weight"": 6, ""recency"": 0.4, ""icp_fit_dampened"": 0.88, ""confidence"": 0.85, ""confidence_dampened"": 0.91, ""raw"": 1.922, ""source_url"": ""https://oeffentlichevergabe.de/api/notices/6c51386e-3f1f-4a4b-a630-9c7e337323a9?format=pdf""}, {""signal_type"": ""zuschlag_gewonnen"", ""event_date"": ""2026-08-10"", ""weight"": 6, ""recency"": 0.4, ""icp_fit_dampened"": 0.88, ""confidence"": 0.72, ""confidence_dampened"": 0.832, ""raw"": 1.757, ""source_url"": ""https://ted.europa.eu/en/notice/-/detail/550379-2026""}]}"
"t-systems information services","15","{""formula"": ""min(best(weight x recency x fit_d x conf_d) + stacking, cap) / cap x 100"", ""tier"": ""B"", ""icp_fit"": 0.8, ""dampening"": ""fit und confidence wirken auf [0.4 .. 1.0]"", ""signal_count"": 1, ""distinct_signal_types"": [""zuschlag_gewonnen""], ""stacking_bonus"": 0.0, ""driver"": {""signal_type"": ""zuschlag_gewonnen"", ""event_date"": ""2026-08-21"", ""weight"": 6, ""recency"": 0.4, ""icp_fit_dampened"": 0.88, ""confidence"": 0.72, ""confidence_dampened"": 0.832, ""raw"": 1.757, ""source_url"": ""https://ted.europa.eu/en/notice/-/detail/580635-2026""}, ""all_signals"": [{""signal_type"": ""zuschlag_gewonnen"", ""event_date"": ""2026-08-21"", ""weight"": 6, ""recency"": 0.4, ""icp_fit_dampened"": 0.88, ""confidence"": 0.72, ""confidence_dampened"": 0.832, ""raw"": 1.757, ""source_url"": ""https://ted.europa.eu/en/notice/-/detail/580635-2026""}]}"
"usu","15","{""formula"": ""min(best(weight x recency x fit_d x conf_d) + stacking, cap) / cap x 100"", ""tier"": ""B"", ""icp_fit"": 0.8, ""dampening"": ""fit und confidence wirken auf [0.4 .. 1.0]"", ""signal_count"": 1, ""distinct_signal_types"": [""zuschlag_gewonnen""], ""stacking_bonus"": 0.0, ""driver"": {""signal_type"": ""zuschlag_gewonnen"", ""event_date"": ""2026-08-21"", ""weight"": 6, ""recency"": 0.4, ""icp_fit_dampened"": 0.88, ""confidence"": 0.72, ""confidence_dampened"": 0.832, ""raw"": 1.757, ""source_url"": ""https://ted.europa.eu/en/notice/-/detail/578539-2026""}, ""all_signals"": [{""signal_type"": ""zuschlag_gewonnen"", ""event_date"": ""2026-08-21"", ""weight"": 6, ""recency"": 0.4, ""icp_fit_dampened"": 0.88, ""confidence"": 0.72, ""confidence_dampened"": 0.832, ""raw"": 1.757, ""source_url"": ""https://ted.europa.eu/en/notice/-/detail/578539-2026""}]}"
"teletech","15","{""formula"": ""min(best(weight x recency x fit_d x conf_d) + stacking, cap) / cap x 100"", ""tier"": ""B"", ""icp_fit"": 0.8, ""dampening"": ""fit und confidence wirken auf [0.4 .. 1.0]"", ""signal_count"": 1, ""distinct_signal_types"": [""zuschlag_gewonnen""], ""stacking_bonus"": 0.0, ""driver"": {""signal_type"": ""zuschlag_gewonnen"", ""event_date"": ""2026-08-18"", ""weight"": 6, ""recency"": 0.4, ""icp_fit_dampened"": 0.88, ""confidence"": 0.72, ""confidence_dampened"": 0.832, ""raw"": 1.757, ""source_url"": ""https://ted.europa.eu/en/notice/-/detail/571861-2026""}, ""all_signals"": [{""signal_type"": ""zuschlag_gewonnen"", ""event_date"": ""2026-08-18"", ""weight"": 6, ""recency"": 0.4, ""icp_fit_dampened"": 0.88, ""confidence"": 0.72, ""confidence_dampened"": 0.832, ""raw"": 1.757, ""source_url"": ""https://ted.europa.eu/en/notice/-/detail/571861-2026""}]}"
"und effect data solutions","15","{""formula"": ""min(best(weight x recency x fit_d x conf_d) + stacking, cap) / cap x 100"", ""tier"": ""B"", ""icp_fit"": 0.8, ""dampening"": ""fit und confidence wirken auf [0.4 .. 1.0]"", ""signal_count"": 1, ""distinct_signal_types"": [""zuschlag_gewonnen""], ""stacking_bonus"": 0.0, ""driver"": {""signal_type"": ""zuschlag_gewonnen"", ""event_date"": ""2026-08-18"", ""weight"": 6, ""recency"": 0.4, ""icp_fit_dampened"": 0.88, ""confidence"": 0.75, ""confidence_dampened"": 0.85, ""raw"": 1.795, ""source_url"": ""https://oeffentlichevergabe.de/api/notices/f8d8a3fe-eeab-4f8a-8dfd-074f12569066?format=pdf""}, ""all_signals"": [{""signal_type"": ""zuschlag_gewonnen"", ""event_date"": ""2026-08-18"", ""weight"": 6, ""recency"": 0.4, ""icp_fit_dampened"": 0.88, ""confidence"": 0.75, ""confidence_dampened"": 0.85, ""raw"": 1.795, ""source_url"": ""https://oeffentlichevergabe.de/api/notices/f8d8a3fe-eeab-4f8a-8dfd-074f12569066?format=pdf""}]}"
"sauter-cumulus","15","{""formula"": ""min(best(weight x recency x fit_d x conf_d) + stacking, cap) / cap x 100"", ""tier"": ""B"", ""icp_fit"": 0.8, ""dampening"": ""fit und confidence wirken auf [0.4 .. 1.0]"", ""signal_count"": 1, ""distinct_signal_types"": [""zuschlag_gewonnen""], ""stacking_bonus"": 0.0, ""driver"": {""signal_type"": ""zuschlag_gewonnen"", ""event_date"": ""2026-08-14"", ""weight"": 6, ""recency"": 0.4, ""icp_fit_dampened"": 0.88, ""confidence"": 0.72, ""confidence_dampened"": 0.832, ""raw"": 1.757, ""source_url"": ""https://ted.europa.eu/en/notice/-/detail/565580-2026""}, ""all_signals"": [{""signal_type"": ""zuschlag_gewonnen"", ""event_date"": ""2026-08-14"", ""weight"": 6, ""recency"": 0.4, ""icp_fit_dampened"": 0.88, ""confidence"": 0.72, ""confidence_dampened"": 0.832, ""raw"": 1.757, ""source_url"": ""https://ted.europa.eu/en/notice/-/detail/565580-2026""}]}"
"josef gottlieb handel und vertrieb","15","{""formula"": ""min(best(weight x recency x fit_d x conf_d) + stacking, cap) / cap x 100"", ""tier"": ""B"", ""icp_fit"": 0.8, ""dampening"": ""fit und confidence wirken auf [0.4 .. 1.0]"", ""signal_count"": 1, ""distinct_signal_types"": [""zuschlag_gewonnen""], ""stacking_bonus"": 0.0, ""driver"": {""signal_type"": ""zuschlag_gewonnen"", ""event_date"": ""2026-08-14"", ""weight"": 6, ""recency"": 0.4, ""icp_fit_dampened"": 0.88, ""confidence"": 0.72, ""confidence_dampened"": 0.832, ""raw"": 1.757, ""source_url"": ""https://ted.europa.eu/en/notice/-/detail/564411-2026""}, ""all_signals"": [{""signal_type"": ""zuschlag_gewonnen"", ""event_date"": ""2026-08-14"", ""weight"": 6, ""recency"": 0.4, ""icp_fit_dampened"": 0.88, ""confidence"": 0.72, ""confidence_dampened"": 0.832, ""raw"": 1.757, ""source_url"": ""https://ted.europa.eu/en/notice/-/detail/564411-2026""}]}"
"mg industrieelektronik","15","{""formula"": ""min(best(weight x recency x fit_d x conf_d) + stacking, cap) / cap x 100"", ""tier"": ""B"", ""icp_fit"": 0.8, ""dampening"": ""fit und confidence wirken auf [0.4 .. 1.0]"", ""signal_count"": 1, ""distinct_signal_types"": [""zuschlag_gewonnen""], ""stacking_bonus"": 0.0, ""driver"": {""signal_type"": ""zuschlag_gewonnen"", ""event_date"": ""2026-08-13"", ""weight"": 6, ""recency"": 0.4, ""icp_fit_dampened"": 0.88, ""confidence"": 0.72, ""confidence_dampened"": 0.832, ""raw"": 1.757, ""source_url"": ""https://ted.europa.eu/en/notice/-/detail/560285-2026""}, ""all_signals"": [{""signal_type"": ""zuschlag_gewonnen"", ""event_date"": ""2026-08-13"", ""weight"": 6, ""recency"": 0.4, ""icp_fit_dampened"": 0.88, ""confidence"": 0.72, ""confidence_dampened"": 0.832, ""raw"": 1.757, ""source_url"": ""https://ted.europa.eu/en/notice/-/detail/560285-2026""}]}"
"tuev trust it gmbh unternehmensgruppe tuev austria","15","{""formula"": ""min(best(weight x recency x fit_d x conf_d) + stacking, cap) / cap x 100"", ""tier"": ""B"", ""icp_fit"": 0.8, ""dampening"": ""fit und confidence wirken auf [0.4 .. 1.0]"", ""signal_count"": 1, ""distinct_signal_types"": [""zuschlag_gewonnen""], ""stacking_bonus"": 0.0, ""driver"": {""signal_type"": ""zuschlag_gewonnen"", ""event_date"": ""2026-08-12"", ""weight"": 6, ""recency"": 0.4, ""icp_fit_dampened"": 0.88, ""confidence"": 0.72, ""confidence_dampened"": 0.832, ""raw"": 1.757, ""source_url"": ""https://ted.europa.eu/en/notice/-/detail/557824-2026""}, ""all_signals"": [{""signal_type"": ""zuschlag_gewonnen"", ""event_date"": ""2026-08-12"", ""weight"": 6, ""recency"": 0.4, ""icp_fit_dampened"": 0.88, ""confidence"": 0.72, ""confidence_dampened"": 0.832, ""raw"": 1.757, ""source_url"": ""https://ted.europa.eu/en/notice/-/detail/557824-2026""}]}"
"orgeldinger media group","13","{""formula"": ""min(best(weight x recency x fit_d x conf_d) + stacking, cap) / cap x 100"", ""tier"": ""C"", ""icp_fit"": 0.6, ""dampening"": ""fit und confidence wirken auf [0.4 .. 1.0]"", ""signal_count"": 1, ""distinct_signal_types"": [""zuschlag_gewonnen""], ""stacking_bonus"": 0.0, ""driver"": {""signal_type"": ""zuschlag_gewonnen"", ""event_date"": ""2026-08-20"", ""weight"": 6, ""recency"": 0.4, ""icp_fit_dampened"": 0.76, ""confidence"": 0.72, ""confidence_dampened"": 0.832, ""raw"": 1.518, ""source_url"": ""https://ted.europa.eu/en/notice/-/detail/576194-2026""}, ""all_signals"": [{""signal_type"": ""zuschlag_gewonnen"", ""event_date"": ""2026-08-20"", ""weight"": 6, ""recency"": 0.4, ""icp_fit_dampened"": 0.76, ""confidence"": 0.72, ""confidence_dampened"": 0.832, ""raw"": 1.518, ""source_url"": ""https://ted.europa.eu/en/notice/-/detail/576194-2026""}]}"
"rocket x","13","{""formula"": ""min(best(weight x recency x fit_d x conf_d) + stacking, cap) / cap x 100"", ""tier"": ""C"", ""icp_fit"": 0.6, ""dampening"": ""fit und confidence wirken auf [0.4 .. 1.0]"", ""signal_count"": 1, ""distinct_signal_types"": [""zuschlag_gewonnen""], ""stacking_bonus"": 0.0, ""driver"": {""signal_type"": ""zuschlag_gewonnen"", ""event_date"": ""2026-08-20"", ""weight"": 6, ""recency"": 0.4, ""icp_fit_dampened"": 0.76, ""confidence"": 0.72, ""confidence_dampened"": 0.832, ""raw"": 1.518, ""source_url"": ""https://ted.europa.eu/en/notice/-/detail/576194-2026""}, ""all_signals"": [{""signal_type"": ""zuschlag_gewonnen"", ""event_date"": ""2026-08-20"", ""weight"": 6, ""recency"": 0.4, ""icp_fit_dampened"": 0.76, ""confidence"": 0.72, ""confidence_dampened"": 0.832, ""raw"": 1.518, ""source_url"": ""https://ted.europa.eu/en/notice/-/detail/576194-2026""}]}"
"elektroanlagen j sperling","13","{""formula"": ""min(best(weight x recency x fit_d x conf_d) + stacking, cap) / cap x 100"", ""tier"": ""C"", ""icp_fit"": 0.6, ""dampening"": ""fit und confidence wirken auf [0.4 .. 1.0]"", ""signal_count"": 1, ""distinct_signal_types"": [""zuschlag_gewonnen""], ""stacking_bonus"": 0.0, ""driver"": {""signal_type"": ""zuschlag_gewonnen"", ""event_date"": ""2026-08-19"", ""weight"": 6, ""recency"": 0.4, ""icp_fit_dampened"": 0.76, ""confidence"": 0.72, ""confidence_dampened"": 0.832, ""raw"": 1.518, ""source_url"": ""https://ted.europa.eu/en/notice/-/detail/573339-2026""}, ""all_signals"": [{""signal_type"": ""zuschlag_gewonnen"", ""event_date"": ""2026-08-19"", ""weight"": 6, ""recency"": 0.4, ""icp_fit_dampened"": 0.76, ""confidence"": 0.72, ""confidence_dampened"": 0.832, ""raw"": 1.518, ""source_url"": ""https://ted.europa.eu/en/notice/-/detail/573339-2026""}]}"
"eco counter","13","{""formula"": ""min(best(weight x recency x fit_d x conf_d) + stacking, cap) / cap x 100"", ""tier"": ""C"", ""icp_fit"": 0.6, ""dampening"": ""fit und confidence wirken auf [0.4 .. 1.0]"", ""signal_count"": 1, ""distinct_signal_types"": [""zuschlag_gewonnen""], ""stacking_bonus"": 0.0, ""driver"": {""signal_type"": ""zuschlag_gewonnen"", ""event_date"": ""2026-08-14"", ""weight"": 6, ""recency"": 0.4, ""icp_fit_dampened"": 0.76, ""confidence"": 0.72, ""confidence_dampened"": 0.832, ""raw"": 1.518, ""source_url"": ""https://ted.europa.eu/en/notice/-/detail/565176-2026""}, ""all_signals"": [{""signal_type"": ""zuschlag_gewonnen"", ""event_date"": ""2026-08-14"", ""weight"": 6, ""recency"": 0.4, ""icp_fit_dampened"": 0.76, ""confidence"": 0.72, ""confidence_dampened"": 0.832, ""raw"": 1.518, ""source_url"": ""https://ted.europa.eu/en/notice/-/detail/565176-2026""}]}"
"ficonet systems","13","{""formula"": ""min(best(weight x recency x fit_d x conf_d) + stacking, cap) / cap x 100"", ""tier"": ""C"", ""icp_fit"": 0.6, ""dampening"": ""fit und confidence wirken auf [0.4 .. 1.0]"", ""signal_count"": 1, ""distinct_signal_types"": [""zuschlag_gewonnen""], ""stacking_bonus"": 0.0, ""driver"": {""signal_type"": ""zuschlag_gewonnen"", ""event_date"": ""2026-08-14"", ""weight"": 6, ""recency"": 0.4, ""icp_fit_dampened"": 0.76, ""confidence"": 0.72, ""confidence_dampened"": 0.832, ""raw"": 1.518, ""source_url"": ""https://ted.europa.eu/en/notice/-/detail/564411-2026""}, ""all_signals"": [{""signal_type"": ""zuschlag_gewonnen"", ""event_date"": ""2026-08-14"", ""weight"": 6, ""recency"": 0.4, ""icp_fit_dampened"": 0.76, ""confidence"": 0.72, ""confidence_dampened"": 0.832, ""raw"": 1.518, ""source_url"": ""https://ted.europa.eu/en/notice/-/detail/564411-2026""}]}"
"dr-ing paul christiani","13","{""formula"": ""min(best(weight x recency x fit_d x conf_d) + stacking, cap) / cap x 100"", ""tier"": ""C"", ""icp_fit"": 0.6, ""dampening"": ""fit und confidence wirken auf [0.4 .. 1.0]"", ""signal_count"": 1, ""distinct_signal_types"": [""zuschlag_gewonnen""], ""stacking_bonus"": 0.0, ""driver"": {""signal_type"": ""zuschlag_gewonnen"", ""event_date"": ""2026-08-14"", ""weight"": 6, ""recency"": 0.4, ""icp_fit_dampened"": 0.76, ""confidence"": 0.72, ""confidence_dampened"": 0.832, ""raw"": 1.518, ""source_url"": ""https://ted.europa.eu/en/notice/-/detail/564411-2026""}, ""all_signals"": [{""signal_type"": ""zuschlag_gewonnen"", ""event_date"": ""2026-08-14"", ""weight"": 6, ""recency"": 0.4, ""icp_fit_dampened"": 0.76, ""confidence"": 0.72, ""confidence_dampened"": 0.832, ""raw"": 1.518, ""source_url"": ""https://ted.europa.eu/en/notice/-/detail/564411-2026""}]}"
"netzwerk systeme","13","{""formula"": ""min(best(weight x recency x fit_d x conf_d) + stacking, cap) / cap x 100"", ""tier"": ""C"", ""icp_fit"": 0.6, ""dampening"": ""fit und confidence wirken auf [0.4 .. 1.0]"", ""signal_count"": 1, ""distinct_signal_types"": [""zuschlag_gewonnen""], ""stacking_bonus"": 0.0, ""driver"": {""signal_type"": ""zuschlag_gewonnen"", ""event_date"": ""2026-08-14"", ""weight"": 6, ""recency"": 0.4, ""icp_fit_dampened"": 0.76, ""confidence"": 0.72, ""confidence_dampened"": 0.832, ""raw"": 1.518, ""source_url"": ""https://ted.europa.eu/en/notice/-/detail/564411-2026""}, ""all_signals"": [{""signal_type"": ""zuschlag_gewonnen"", ""event_date"": ""2026-08-14"", ""weight"": 6, ""recency"": 0.4, ""icp_fit_dampened"": 0.76, ""confidence"": 0.72, ""confidence_dampened"": 0.832, ""raw"": 1.518, ""source_url"": ""https://ted.europa.eu/en/notice/-/detail/564411-2026""}]}"
"netssu bionique","13","{""formula"": ""min(best(weight x recency x fit_d x conf_d) + stacking, cap) / cap x 100"", ""tier"": ""C"", ""icp_fit"": 0.6, ""dampening"": ""fit und confidence wirken auf [0.4 .. 1.0]"", ""signal_count"": 1, ""distinct_signal_types"": [""zuschlag_gewonnen""], ""stacking_bonus"": 0.0, ""driver"": {""signal_type"": ""zuschlag_gewonnen"", ""event_date"": ""2026-08-14"", ""weight"": 6, ""recency"": 0.4, ""icp_fit_dampened"": 0.76, ""confidence"": 0.72, ""confidence_dampened"": 0.832, ""raw"": 1.518, ""source_url"": ""https://ted.europa.eu/en/notice/-/detail/564411-2026""}, ""all_signals"": [{""signal_type"": ""zuschlag_gewonnen"", ""event_date"": ""2026-08-14"", ""weight"": 6, ""recency"": 0.4, ""icp_fit_dampened"": 0.76, ""confidence"": 0.72, ""confidence_dampened"": 0.832, ""raw"": 1.518, ""source_url"": ""https://ted.europa.eu/en/notice/-/detail/564411-2026""}]}"
"acp it solutions ag vormals sws computersysteme","13","{""formula"": ""min(best(weight x recency x fit_d x conf_d) + stacking, cap) / cap x 100"", ""tier"": ""C"", ""icp_fit"": 0.6, ""dampening"": ""fit und confidence wirken auf [0.4 .. 1.0]"", ""signal_count"": 1, ""distinct_signal_types"": [""zuschlag_gewonnen""], ""stacking_bonus"": 0.0, ""driver"": {""signal_type"": ""zuschlag_gewonnen"", ""event_date"": ""2026-08-14"", ""weight"": 6, ""recency"": 0.4, ""icp_fit_dampened"": 0.76, ""confidence"": 0.72, ""confidence_dampened"": 0.832, ""raw"": 1.518, ""source_url"": ""https://ted.europa.eu/en/notice/-/detail/564411-2026""}, ""all_signals"": [{""signal_type"": ""zuschlag_gewonnen"", ""event_date"": ""2026-08-14"", ""weight"": 6, ""recency"": 0.4, ""icp_fit_dampened"": 0.76, ""confidence"": 0.72, ""confidence_dampened"": 0.832, ""raw"": 1.518, ""source_url"": ""https://ted.europa.eu/en/notice/-/detail/564411-2026""}]}"
"inscopus gmbh bahnhofplatz 4b 85540 haar bei muenchen","13","{""formula"": ""min(best(weight x recency x fit_d x conf_d) + stacking, cap) / cap x 100"", ""tier"": ""C"", ""icp_fit"": 0.6, ""dampening"": ""fit und confidence wirken auf [0.4 .. 1.0]"", ""signal_count"": 1, ""distinct_signal_types"": [""zuschlag_gewonnen""], ""stacking_bonus"": 0.0, ""driver"": {""signal_type"": ""zuschlag_gewonnen"", ""event_date"": ""2026-08-14"", ""weight"": 6, ""recency"": 0.4, ""icp_fit_dampened"": 0.76, ""confidence"": 0.72, ""confidence_dampened"": 0.832, ""raw"": 1.518, ""source_url"": ""https://ted.europa.eu/en/notice/-/detail/563792-2026""}, ""all_signals"": [{""signal_type"": ""zuschlag_gewonnen"", ""event_date"": ""2026-08-14"", ""weight"": 6, ""recency"": 0.4, ""icp_fit_dampened"": 0.76, ""confidence"": 0.72, ""confidence_dampened"": 0.832, ""raw"": 1.518, ""source_url"": ""https://ted.europa.eu/en/notice/-/detail/563792-2026""}]}"
"dalco ag industriestr 28 8604 volketswil","13","{""formula"": ""min(best(weight x recency x fit_d x conf_d) + stacking, cap) / cap x 100"", ""tier"": ""C"", ""icp_fit"": 0.6, ""dampening"": ""fit und confidence wirken auf [0.4 .. 1.0]"", ""signal_count"": 1, ""distinct_signal_types"": [""zuschlag_gewonnen""], ""stacking_bonus"": 0.0, ""driver"": {""signal_type"": ""zuschlag_gewonnen"", ""event_date"": ""2026-08-12"", ""weight"": 6, ""recency"": 0.4, ""icp_fit_dampened"": 0.76, ""confidence"": 0.72, ""confidence_dampened"": 0.832, ""raw"": 1.518, ""source_url"": ""https://ted.europa.eu/en/notice/-/detail/559545-2026""}, ""all_signals"": [{""signal_type"": ""zuschlag_gewonnen"", ""event_date"": ""2026-08-12"", ""weight"": 6, ""recency"": 0.4, ""icp_fit_dampened"": 0.76, ""confidence"": 0.72, ""confidence_dampened"": 0.832, ""raw"": 1.518, ""source_url"": ""https://ted.europa.eu/en/notice/-/detail/559545-2026""}]}"
"norwegian meteorological institute-met norway","13","{""formula"": ""min(best(weight x recency x fit_d x conf_d) + stacking, cap) / cap x 100"", ""tier"": ""C"", ""icp_fit"": 0.6, ""dampening"": ""fit und confidence wirken auf [0.4 .. 1.0]"", ""signal_count"": 1, ""distinct_signal_types"": [""zuschlag_gewonnen""], ""stacking_bonus"": 0.0, ""driver"": {""signal_type"": ""zuschlag_gewonnen"", ""event_date"": ""2026-08-12"", ""weight"": 6, ""recency"": 0.4, ""icp_fit_dampened"": 0.76, ""confidence"": 0.72, ""confidence_dampened"": 0.832, ""raw"": 1.518, ""source_url"": ""https://ted.europa.eu/en/notice/-/detail/558065-2026""}, ""all_signals"": [{""signal_type"": ""zuschlag_gewonnen"", ""event_date"": ""2026-08-12"", ""weight"": 6, ""recency"": 0.4, ""icp_fit_dampened"": 0.76, ""confidence"": 0.72, ""confidence_dampened"": 0.832, ""raw"": 1.518, ""source_url"": ""https://ted.europa.eu/en/notice/-/detail/558065-2026""}]}"
